subscription_id,customer_id,plan,billing_cycle,monthly_price,start_date,end_date,status,cancellation_date,cancellation_reason
SUB00001,CUST00001,business,Monthly,9000,2025-01-31,,Active,,
SUB00002,CUST00002,Starter,Monthly,1500,2026-05-12,,Active,,
SUB00003,CUST00003,Professional,Annual,4500,2024-07-14,,Active,,
SUB00004,CUST00004,Business,Monthly,9000,2023/11/05,,Active,,
SUB00005,CUST00005,Starter,Monthly,1500,2024-10-19,,Active,,
SUB00006,CUST00006,Starter,Monthly,1500,2026-04-24,,Active,,
SUB00007,CUST00007,Starter,Monthly,1500,2024-01-31,2024-04-05,Cancelled,2024-04-05,Missing features
SUB00008,CUST00008,Professional,Monthly,4500,2025-03-27,,Active,,
SUB00009,CUST00009,Professional,Monthly,4500,2024-06-15,,Active,,
SUB00010,CUST00010,Business,Monthly,9000,2026-08-06,,Active,,
SUB00011,CUST00011,Starter,monthly,1500,2024-11-10,2026-02-14,Cancelled,2026-02-14,Business downsized
SUB00012,CUST00012,Starter,Annual,1500,2025-04-30,,Active,,
SUB00013,CUST00013,Professional,Monthly,4500,2026-03-24,,Active,,
SUB00014,CUST00014,Professional,Monthly,4500,2025-09-28,,Active,,
SUB00015,CUST00015,Starter,Monthly,1500,2025-06-02,,Active,,
SUB00016,CUST00016,Starter,Monthly,1500,2024-06-23,,Active,,
SUB00017,CUST00017,Enterprise,Monthly,20000,2024-07-03,,Active,,
SUB00018,CUST00018,Starter,Monthly,1500,2024-06-27,,Active,,
SUB00019,CUST00019,Starter,Monthly,1500,2024-11-14,,Active,,
SUB00020,CUST00020,Starter,Monthly,1500,2025-05-31,,Active,,
SUB00021,CUST00021,Professional,Monthly,4500,2025-12-05,,Active,,
SUB00022,CUST00022,Professional,Monthly,4500,2025-03-20,,Active,,
SUB00023,CUST00023,Professional,Monthly,4500,29/06/2026,,Active,,
SUB00024,CUST00024,Starter,Monthly,1500,2024-08-15,,Active,,
SUB00025,CUST00025,Professional,Monthly,4500,2024-06-08,,Active,,
SUB00026,CUST00026,Professional,Annual,4500,2025-06-05,,Active,,
SUB00027,CUST00027,Business,Monthly,9000,2024-06-03,,Active,,
SUB00028,CUST00028,Starter,Monthly,1500,2025-06-07,,Active,,
SUB00029,CUST00029,Professional,Monthly,4500,2025-07-09,,Active,,
SUB00030,CUST00030,Starter,Monthly,1500,2024-10-06,2024-12-09,Cancelled,2024-12-09,Business downsized
SUB00031,CUST00031,Starter,Monthly,1500,2025-04-02,,Active,,
SUB00032,CUST00032,Starter,Monthly,1500,2023-10-09,2024-07-24,Cancelled,2024-07-24,Business downsized
SUB00033,CUST00033,Professional,Monthly,4500,2024-07-19,2025-07-08,Cancelled,2025-07-08,Too expensive
SUB00034,CUST00034,Professional,Annual,4500,2025/11/01,,Active,,
SUB00035,CUST00035,Professional,Annual,4500,2025-12-02,,Active,,
SUB00036,CUST00036,Professional,Monthly,4500,2025-11-26,,Active,,
SUB00037,CUST00037,Business,Annual,9000,2024-05-02,,Active,,
SUB00038,CUST00038,Business,Monthly,9000,2024-05-19,2026-07-06,Cancelled,2026-07-06,Switched to competitor
SUB00039,CUST00039,Professional,Annual,4500,2025-05-10,,Active,,
SUB00040,CUST00040,Business,Monthly,9000,2025-07-05,,Active,,
SUB00041,CUST00041,starter,Monthly,1500,2026-07-24,,Active,,
SUB00042,CUST00042,Starter,Monthly,1500,2025-03-06,,Active,,
SUB00043,CUST00043,Business,Annual,9000,2023-11-07,2024-01-07,Cancelled,2024-01-07,Not using the product enough
SUB00044,CUST00044,Enterprise,Monthly,20000,2025-07-12,, Active ,,
SUB00045,CUST00045,Professional,Monthly,4500,2024-02-29,,Active,,
SUB00046,CUST00046,Professional,Monthly,4500,2024-06-03,,Active,,
SUB00047,CUST00047,Starter,Monthly,1500,2025-09-14,,Active,,
SUB00048,CUST00048,Enterprise,Monthly,20000,2024-12-12,,Active,,
SUB00049,CUST00049,Professional,Monthly,4500,2026-04-11,,Active,,
SUB00050,CUST00050,Professional,Monthly,4500,2025-09-28,,Active,,
SUB00051,CUST00051,Starter,Monthly,1500,2024-12-11,,Active,,
SUB00052,CUST00052,Business,Monthly,9000,2025-10-08,,Active,,
SUB00053,CUST00053,Professional,Monthly,4500,2025-06-18,,Active,,
SUB00054,CUST00054,Professional,Monthly,4500,2024-05-27,,Active,,
SUB00055,CUST00055,Starter,Monthly,1500,2025-08-18,,Active,,
SUB00056,CUST00056,Professional,Monthly,4500,2025-07-06,,Active,,
SUB00057,CUST00057,Starter,Monthly,1500,"Mar 05, 2026",15/06/2026,Cancelled,2026-06-15,Business downsized
SUB00058,CUST00058,Starter,Monthly,1500,2025-06-01,,Active,,
SUB00059,CUST00059,Starter,Monthly,1500,2024-08-01,2025-11-21,Cancelled,2025-11-21,Business downsized
SUB00060,CUST00060,Starter,Monthly,1500,2026-05-25,,Active,,
SUB00061,CUST00061,Enterprise,Monthly,20000,2025-04-17,,Active,,
SUB00062,CUST00062,Professional,Monthly,4500,2025-09-26,,Active,,
SUB00063,CUST00063,Starter,Monthly,1500,2024-06-17,,Active,,
SUB00064,CUST00064,Starter,Monthly,1500,2025-12-04,,Active,,
SUB00065,CUST00065,Enterprise,Monthly,20000,2025-09-30,,Active,,
SUB00066,CUST00066,starter,Monthly,1500,2024-01-25,,Active,,
SUB00067,CUST00067,Business,Monthly,9000,2024-01-31,2025-07-01,Cancelled,2025-07-01,Too expensive
SUB00068,CUST00068,Starter,Monthly,1500,2024-08-07,,Active,,
SUB00069,CUST00069,Enterprise,Monthly,20000,2026-08-01,,Active,,
SUB00070,CUST00070,Starter,Monthly,1500,2024-10-08,,Active,,
SUB00071,CUST00071,Business,Monthly,9000,2025-09-08,,Active,,
SUB00072,CUST00072,Business,Monthly,9000,2025-09-27,2026-03-17,Cancelled,2026-03-17,Switched to competitor
SUB00073,CUST00073,Starter,Monthly,1500,2026-03-16,2026-08-13,Cancelled,2026-08-13,Business downsized
SUB00074,CUST00074,Business,Annual,9000,2024-12-29,,Active,,
SUB00075,CUST00075,Starter,Monthly,1500,2024-08-18,,Active,,
SUB00076,CUST00076,business,Monthly,9000,2025-03-09,,Active,,
SUB00077,CUST00077,Professional,Monthly,4500,2023-09-28,,Active,,
SUB00078,CUST00078,Business,Monthly,9000,2026-02-10,07/07/2026,Cancelled,2026-07-07,Not using the product enough
SUB00079,CUST00079,Starter,Monthly,1500,2023-12-19,,Active,,
SUB00080,CUST00080,PROFESSIONAL,Annual,4500,2026-05-11,2026-09-02,Cancelled,2026-09-02,Switched to competitor
SUB00081,CUST00081,Professional,Monthly,4500,2025-05-20,,Active,,
SUB00082,CUST00082,Starter,Monthly,1500,2026-04-07,,Active,,
SUB00083,CUST00083,Professional,Monthly,4500,2024-07-06,,Active,,
SUB00084,CUST00084,Professional,Monthly,4500,2024-03-03,2025-08-21,Cancelled,2025-08-21,Business downsized
SUB00085,CUST00085,Professional,Monthly,4500,2025-06-21,"Aug 27, 2026",Cancelled,2026-08-27,Not using the product enough
SUB00086,CUST00086,Professional,Monthly,4500,2025-02-17,,Active,,
SUB00087,CUST00087,Starter,Monthly,1500,2026-03-13,,Active,,
SUB00088,CUST00088,Professional,Monthly,4500,2023-10-28,,Active,,
SUB00089,CUST00089,Professional,Monthly,4500,2025/06/15,, Active ,,
SUB00090,CUST00090,Starter,Monthly,1500,2024-09-11,,Active,,
SUB00091,CUST00091,Starter,Monthly,1500,2025-09-25,2026-08-19,Cancelled,2026-08-19,Too expensive
SUB00092,CUST00092,Professional,Monthly,4500,2025-11-09,,Active,,
SUB00093,CUST00093,Professional,Monthly,4500,2026-04-07,,Active,,
SUB00094,CUST00094,Starter,Monthly,1500,2025-09-03,,Active,,
SUB00095,CUST00095,Professional,Monthly,4500,2025-12-05,, Active ,,
SUB00096,CUST00096,Professional,Monthly,4500,2026-01-29,,Active,,
SUB00097,CUST00097,Starter,Monthly,1500,2024-03-04,,Active,,
SUB00098,CUST00098,Starter,Monthly,1500,2025-08-08,,Active,,
SUB00099,CUST00099,Starter,Monthly,1500,2024-12-04,2026-07-10,Cancelled,2026-07-10,Too expensive
SUB00100,CUST00100,Starter,Monthly,1500,2025-07-21,2026-08-22,Cancelled,2026-08-22,Not using the product enough
SUB00101,CUST00101,Starter,Monthly,1500,2025-03-16,2025-12-16,Cancelled,2025-12-16,Too expensive
SUB00102,CUST00102,Starter,Monthly,1500,2026-04-19,,Active,,
SUB00103,CUST00103,Professional,Monthly,4500,2024-10-16,,Active,,
SUB00104,CUST00104,Professional,Annual,4500,2025-09-22,,Active,,
SUB00105,CUST00105,Business,Monthly,9000,2023-11-03,,Active,,
SUB00106,CUST00106,Starter,Monthly,1500,2025-06-27,2026-06-30,Cancelled,2026-06-30,Not using the product enough
SUB00107,CUST00107,Starter,Annual,1500,2025-08-12,,Active,,
SUB00108,CUST00108,Business,Monthly,9000,2024-08-17,,Active,,
SUB00109,CUST00109,Professional,Monthly,4500,2026-06-04,2026-09-19,Cancelled,2026-09-19,Switched to competitor
SUB00110,CUST00110,Professional,Annual,4500,2025-12-07,2026-03-24,Cancelled,2026-03-24,Poor customer support
SUB00111,CUST00111,Professional,Monthly,4500,2026-03-08,,Active,,
SUB00112,CUST00112,Professional,Annual,4500,2023-12-22,2024-10-03,Cancelled,2024-10-03,Business downsized
SUB00113,CUST00113,Starter,Annual,1500,2024-09-06,,Active,,
SUB00114,CUST00114,Professional,Monthly,4500,2026-01-07,,Active,,
SUB00115,CUST00115,Starter,Annual,1500,2025-08-24,,Active,,
SUB00116,CUST00116,Business,Monthly,9000,2023-10-26,,Active,,
SUB00117,CUST00117,Professional,Monthly,4500,2026-07-22,,Active,,
SUB00118,CUST00118,Starter,Monthly,1500,2024-10-24,,Active,,
SUB00119,CUST00119,Starter,Annual,1500,2025-04-16,,Active,,
SUB00120,CUST00120,Professional,Monthly,4500,2025-02-24,,Active,,
SUB00121,CUST00121,Business,Monthly,9000,2024-02-16,,Active,,
SUB00122,CUST00122,Enterprise,Annual,20000,2026-04-17,,Active,,
SUB00123,CUST00123,Business,Monthly,9000,2023-12-17,,Active,,
SUB00124,CUST00124,Starter,Monthly,1500,2026-06-07,2026-09-03,Cancelled,2026-09-03,Switched to competitor
SUB00125,CUST00125,Starter,Monthly,1500,2024-06-28,,Active,,
SUB00126,CUST00126,Professional,Annual,4500,2025-01-03,,Active,,
SUB00127,CUST00127,Professional,Monthly,4500,2025-04-02,,Active,,
SUB00128,CUST00128,Professional,Annual,4500,2024-01-02,,Active,,
SUB00129,CUST00129,Business,Annual,9000,2024-08-22,22/01/2025,Cancelled,2025-01-22,Business downsized
SUB00130,CUST00130,Starter,Annual,1500,2024-02-27,,Active,,
SUB00131,CUST00131,Business,Annual,9000,2024-11-26,,Active,,
SUB00132,CUST00132,Starter,Monthly,1500,2024-02-27,,Active,,
SUB00133,CUST00133,Business,Monthly,9000,2024-03-09,"Feb 05, 2025",Cancelled,05/02/2025,Poor customer support
SUB00134,CUST00134,Enterprise,Monthly,20000,2025-09-17,,Active,,
SUB00135,CUST00135,Starter,Monthly,1500,2026-08-18,,Active,,
SUB00136,CUST00136,Enterprise,Monthly,20000,2025-04-19,,Active,,
SUB00137,CUST00137,Business,Monthly,9000,2026-03-03,,Active,,
SUB00138,CUST00138,Professional,Annual,4500,2025-11-19,,Active,,
SUB00139,CUST00139,Enterprise,Monthly,20000,2026-04-09,,Active,,
SUB00140,CUST00140,Starter,Monthly,1500,2024-09-18,,Active,,
SUB00141,CUST00141,Starter,Monthly,1500,2024-12-06,,Active,,
SUB00142,CUST00142,Enterprise,Monthly,20000,2024-03-25,,Active,,
SUB00143,CUST00143,Business,Monthly,9000,2024-03-13,,Active,,
SUB00144,CUST00144,Professional,Monthly,4500,2024-08-04,,Active,,
SUB00145,CUST00145,Professional,Annual,4500,2024-10-07,,Active,,
SUB00146,CUST00146,Enterprise,ANNUAL,20000,2024-07-26,,Active,,
SUB00147,CUST00147,Business,Monthly,9000,2023-12-01,,Active,,
SUB00148,CUST00148,Starter,Monthly,1500,2026-06-21,,Active,,
SUB00149,CUST00149,Starter,Monthly,1500,2025-05-13,2025-08-27,Cancelled,2025-08-27,Poor customer support
SUB00150,CUST00150,Starter,Annual,1500,2025-10-11,,Active,,
SUB00151,CUST00151,Starter,Monthly,1500,2026-04-27,,Active,,
SUB00152,CUST00152,Starter,Monthly,1500,"Apr 29, 2024",,Active,,
SUB00153,CUST00153,Business,monthly,9000,2025-04-25,,Active,,
SUB00154,CUST00154,Starter,Monthly,1500,2024-11-27,,Active,,
SUB00155,CUST00155,Starter,Monthly,1500,2026-01-16,,Active,,
SUB00156,CUST00156,Starter,Annual,1500,2026-08-07,,Active,,
SUB00157,CUST00157,Starter,Monthly,1500,2024-09-20,,Active,,
SUB00158,CUST00158,Professional,Monthly,4500,2024-12-08,,Active,,
SUB00159,CUST00159,Starter,Monthly,1500,2025-12-26,2026-05-28,Cancelled,28/05/2026,Missing features
SUB00160,CUST00160,Starter,Monthly,1500,2026-01-28,,Active,,
SUB00161,CUST00161,Professional,Monthly,4500,2024-09-27,,Active,,
SUB00162,CUST00162,Professional,Monthly,4500,2023-12-10,,Active,,
SUB00163,CUST00163,Professional,Monthly,4500,2025-10-16,,Active,,
SUB00164,CUST00164,Business,Monthly,9000,2024-11-02,,Active,,
SUB00165,CUST00165,Business,Monthly,9000,2024-09-24,2026-02-11,Cancelled,2026-02-11,
SUB00166,CUST00166,Professional,Monthly,4500,2026-05-01,,Active,,
SUB00167,CUST00167,Professional,Monthly,4500,2024-01-13,2025-09-20,Cancelled,2025-09-20,Switched to competitor
SUB00168,CUST00168,Starter,Monthly,1500,2026-04-28,2026-07-14,Cancelled,2026-07-14,Switched to competitor
SUB00169,CUST00169,Professional,Annual,4500,2024-09-10,2025-01-20,Cancelled,2025-01-20,Poor customer support
SUB00170,CUST00170,Starter,Annual,1500,2026-07-07,,Active,,
SUB00171,CUST00171,Business,Monthly,9000,2025-03-04,,Active,,
SUB00172,CUST00172,Enterprise,Monthly,20000,2024-07-20,2026-04-04,Cancelled,2026-04-04,Not using the product enough
SUB00173,CUST00173,Starter,Annual,1500,2024-03-01,,Active,,
SUB00174,CUST00174,Business,Annual,9000,2026-05-01,,Active,,
SUB00175,CUST00175,Professional,Monthly,4500,2025-03-28,,Active,,
SUB00176,CUST00176,starter,Monthly,1500,2025-08-08,,Active,,
SUB00177,CUST00177,Business,Monthly,9000,2026-02-07,,Active,,
SUB00178,CUST00178,Professional,Monthly,4500,2024-12-22,,Active,,
SUB00179,CUST00179,Professional,Monthly,4500,2025-06-02,,Active,,
SUB00180,CUST00180,Professional,Monthly,4500,2025-02-09,,Active,,
SUB00181,CUST00181,Professional,Annual,4500,2025-12-14,,Active,,
SUB00182,CUST00182,Professional,Monthly,4500,2024-01-07,,Active,,
SUB00183,CUST00183,Starter,Monthly,1500,2026-07-02,,Active,,
SUB00184,CUST00184,Business,Annual,9000,2026-02-01,,Active,,
SUB00185,CUST00185,Starter,Monthly,1500,2024-06-22,,Active,,
SUB00186,CUST00186,Starter,Monthly,1500,2026-04-28,,Active,,
SUB00187,CUST00187,Enterprise,Monthly,20000,2026-06-13,,Active,,
SUB00188,CUST00188,Starter,Monthly,1500,2025-02-12,,Active,,
SUB00189,CUST00189,Starter,Monthly,1500,2025-05-06,,Active,,
SUB00190,CUST00190,Professional,Annual,4500,2024-05-31,,Active,,
SUB00191,CUST00191,Enterprise,Monthly,20000,2025-04-17,,Active,,
SUB00192,CUST00192,Starter,Monthly,1500,2025-01-16,,Active,,
SUB00193,CUST00193,Professional,Monthly,4500,2026-06-12,,Active,,
SUB00194,CUST00194,Starter,Monthly,1500,2023-11-23,,Active,,
SUB00195,CUST00195,Starter,Monthly,1500,2025-08-09,,Active,,
SUB00196,CUST00196,Professional,Annual,4500,2025-12-10,,Active,,
SUB00197,CUST00197,Professional,Monthly,4500,2025-10-27,,Active,,
SUB00198,CUST00198,Professional,Monthly,4500,2025-06-10,,Active,,
SUB00199,CUST00199,Starter,Monthly,1500,2023-10-15,,Active,,
SUB00200,CUST00200,Starter,Monthly,1500,2025-11-28,,Active,,
SUB00201,CUST00201,Starter,Monthly,1500,2025-03-20,,Active,,
SUB00202,CUST00202,Business,Annual,9000,2025-01-21,2025/04/02,Cancelled,2025-04-02,Business downsized
SUB00203,CUST00203,Professional,Monthly,4500,2024-01-16,04/08/2025,Cancelled,2025-08-04,Poor customer support
SUB00204,CUST00204,Professional,Monthly,4500,2024-01-18,,Active,,
SUB00205,CUST00205,Professional,Monthly,4500,2024-03-03,,Active,,
SUB00206,CUST00206,Starter,Monthly,1500,2024-05-12,2025-12-15,Cancelled,2025-12-15,Business downsized
SUB00207,CUST00207,Professional,Monthly,4500,2025-04-10,,Active,,
SUB00208,CUST00208,Enterprise,Monthly,20000,2026-06-23,,Active,,
SUB00209,CUST00209,Starter,Monthly,1500,11/04/2024,2024-08-28,Cancelled,2024-08-28,Switched to competitor
SUB00210,CUST00210,Business,Monthly,9000,2023-11-24,,Active,,
SUB00211,CUST00211,Enterprise,Monthly,20000,2024-06-30,,Active,,
SUB00212,CUST00212,Enterprise,Annual,20000,2025-06-24,,Active,,
SUB00213,CUST00213,Starter,Monthly,1500,2025-05-01,,Active,,
SUB00214,CUST00214,Starter,Monthly,1500,2025-03-30,,Active,,
SUB00215,CUST00215,Professional,Monthly,4500,2023-12-11,,Active,,
SUB00216,CUST00216,Professional,Monthly,4500,2024-10-16,2026-09-07,Cancelled,2026-09-07,Missing features
SUB00217,CUST00217,Starter,Monthly,1500,2024-06-27,,Active,,
SUB00218,CUST00218,Starter,Monthly,1500,2024-07-31,,Active,,
SUB00219,CUST00219,Starter,Annual,1500,2023-12-01,,Active,,
SUB00220,CUST00220,Starter,Monthly,1500,2025-02-12,,Active,,
SUB00221,CUST00221,Professional,Annual,4500,2025-09-11,,Active,,
SUB00222,CUST00222,Professional,Annual,4500,2024-10-31,,Active,,
SUB00223,CUST00223,Starter,Monthly,1500,2023-12-29,2024-11-28,Cancelled,2024-11-28,Poor customer support
SUB00224,CUST00224,Starter,Monthly,1500,2025-12-25,,Active,,
SUB00225,CUST00225,Enterprise,Monthly,20000,2025-12-10,,Active,,
SUB00226,CUST00226,Starter,Annual,1500,2026-06-07,2026-08-26,Cancelled,2026-08-26,Not using the product enough
SUB00227,CUST00227,Business,Annual,9000,2026-04-05,,Active,,
SUB00228,CUST00228,Business,Annual,9000,2025-07-01,,Active,,
SUB00229,CUST00229,Professional,Monthly,4500,2025-04-08,,Active,,
SUB00230,CUST00230,Starter,Annual,1500,2024-07-25,,Active,,
SUB00231,CUST00231,Starter,Monthly,1500,2024-11-15,,Active,,
SUB00232,CUST00232,Business,Monthly,9000,2025-12-12,,Active,,
SUB00233,CUST00233,Professional,Monthly,4500,2024-11-06,,Active,,
SUB00234,CUST00234,Professional,Monthly,4500,2025-11-02,,Active,,
SUB00235,CUST00235,Starter,Monthly,1500,2025-03-22,,Active,,
SUB00236,CUST00236,Starter,Annual,1500,2025-09-10,,Active,,
SUB00237,CUST00237,Professional,Annual,4500,2023-10-06,,Active,,
SUB00238,CUST00238,Starter,Monthly,1500,2026-04-01,2026-08-20,Cancelled,2026/08/20,Missing features
SUB00239,CUST00239,Enterprise,Monthly,20000,2024-07-05,,Active,,
SUB00240,CUST00240,Starter,Monthly,1500,2024-10-20,2025-02-11,Cancelled,2025/02/11,Poor customer support
SUB00241,CUST00241,Starter,Annual,1500,2025-10-08,,Active,,
SUB00242,CUST00242,Professional,Annual,4500,2025-12-15,,Active,,
SUB00243,CUST00243,Starter,Monthly,1500,2024-11-22,,Active,,
SUB00244,CUST00244,Professional,Monthly,4500,2025-01-17,,Active,,
SUB00245,CUST00245,Business,Annual,9000,2025-01-12,2026-08-04,Cancelled,2026-08-04,Business downsized
SUB00246,CUST00246,PROFESSIONAL,Monthly,4500,2023-11-30,,Active,,
SUB00247,CUST00247,Business,Monthly,9000,2024-05-11,,Active,,
SUB00248,CUST00248,Starter,Monthly,1500,2025-06-03,,Active,,
SUB00249,CUST00249,Starter,Monthly,1500,2023-12-13,,Active,,
SUB00250,CUST00250,Professional,Annual,4500,2025-06-18,,Active,,
SUB00251,CUST00251,Business,Monthly,9000,2024-05-24,,Active,,
SUB00252,CUST00252,Professional,Monthly,4500,2026-02-13,,Active,,
SUB00253,CUST00253,Professional,Monthly,4500,2024-01-02,,Active,,
SUB00254,CUST00254,Starter,Monthly,1500,2024-01-17,,Active,,
SUB00255,CUST00255,Professional,Monthly,4500,2025-12-02,,Active,,
SUB00256,CUST00256,Business,Annual,9000,2026-04-03,,Active,,
SUB00257,CUST00257,Professional,Monthly,4500,2024-05-28,,Active,,
SUB00258,CUST00258,Business,Monthly,9000,2025-10-20,,Active,,
SUB00259,CUST00259,Starter,Monthly,1500,2025-12-10,,Active,,
SUB00260,CUST00260,Starter,Monthly,1500,2024-10-27,2026-06-28,Cancelled,28/06/2026,Poor customer support
SUB00261,CUST00261,Starter,Monthly,1500,2024-01-09,,Active,,
SUB00262,CUST00262,Starter,Annual,1500,2026-04-13,,Active,,
SUB00263,CUST00263,Professional,Monthly,4500,2026-06-04,2026-08-11,Cancelled,2026-08-11,Switched to competitor
SUB00264,CUST00264,Professional,Annual,4500,2023-12-27,,Active,,
SUB00265,CUST00265,Professional,Monthly,4500,2025-12-25,,Active,,
SUB00266,CUST00266,Professional,Monthly,4500,2025-09-09,,Active,,
SUB00267,CUST00267,Enterprise,Monthly,20000,2024-02-03,,Active,,
SUB00268,CUST00268,Business,Monthly,9000,2024-09-07,,Active,,
SUB00269,CUST00269,Enterprise,Monthly,20000,2026-02-25,,Active,,
SUB00270,CUST00270,Professional,Annual,4500,2026-04-14,,Active,,
SUB00271,CUST00271,Professional,Monthly,4500,2026-04-16,,Active,,
SUB00272,CUST00272,Starter,Monthly,1500,2026-07-02,,Active,,
SUB00273,CUST00273,Starter,Monthly,1500,2026-08-23,,Active,,
SUB00274,CUST00274,Business,Monthly,9000,2025-07-22,,Active,,
SUB00275,CUST00275,Professional,Monthly,4500,2025-09-17,,Active,,
SUB00276,CUST00276,Starter,Monthly,1500,2025-02-24,,Active,,
SUB00277,CUST00277,Professional,Monthly,4500,2026-03-24,, Active ,,
SUB00278,CUST00278,Professional,Annual,4500,2024-04-04,,Active,,
SUB00279,CUST00279,Starter,Monthly,1500,2025-09-19,,Active,,
SUB00280,CUST00280,Professional,Monthly,4500,2024-02-03,,Active,,
SUB00281,CUST00281,Professional,Monthly,4500,2026-06-30,,Active,,
SUB00282,CUST00282,Enterprise,Monthly,20000,2025-03-30,,Active,,
SUB00283,CUST00283,Professional,Monthly,4500,2024-05-12,,Active,,
SUB00284,CUST00284,Business,Monthly,9000,2025-01-30,2025-09-25,Cancelled,2025-09-25,Switched to competitor
SUB00285,CUST00285,Professional,Monthly,4500,03/10/2024,,Active,,
SUB00286,CUST00286,Starter,Monthly,1500,2023-09-30,2026-06-20,Cancelled,2026-06-20,Business closed
SUB00287,CUST00287,Starter,Monthly,1500,2024-04-20,,Active,,
SUB00288,CUST00288,Professional,Monthly,4500,2024-06-19,,Active,,
SUB00289,CUST00289,Starter,Monthly,1500,2024-05-07,2024-07-13,Cancelled,2024-07-13,Business downsized
SUB00290,CUST00290,Starter,Monthly,1500,2024-09-21,,Active,,
SUB00291,CUST00291,Business,Monthly,9000,2024-01-15,2025-05-10,Cancelled,2025-05-10,Not using the product enough
SUB00292,CUST00292,Starter,Monthly,1500,2024-02-05,2024-06-24,Cancelled,2024-06-24,Missing features
SUB00293,CUST00293,Starter,Monthly,1500,2025-09-24,,Active,,
SUB00294,CUST00294,Business,Annual,9000,2024-04-12,,Active,,
SUB00295,CUST00295,Starter,monthly,1500,2024-10-09,2025-06-05,Cancelled,"Jun 05, 2025",Switched to competitor
SUB00296,CUST00296,Professional,Monthly,4500,2024-06-25,,Active,,
SUB00297,CUST00297,Business,Monthly,9000,2026-06-29,,Active,,
SUB00298,CUST00298,Professional,Monthly,4500,2025-11-05,2026-08-31,Cancelled,2026-08-31,Too expensive
SUB00299,CUST00299,Starter,Monthly,1500,2025-04-02,,Active,,
SUB00300,CUST00300,Starter,Monthly,1500,2024-11-15,2026-08-05,Cancelled,2026-08-05,Not using the product enough
SUB00301,CUST00301,Professional,Monthly,4500,2023-10-23,2026-08-21,Cancelled,2026-08-21,Business downsized
SUB00302,CUST00302,Professional,Monthly,4500,2023-12-16,,Active,,
SUB00303,CUST00303,Enterprise,Annual,20000,2024-08-08,,Active,,
SUB00304,CUST00304,Business,Annual,9000,2026-03-15,,Active,,
SUB00305,CUST00305,Starter,Monthly,1500,2026-02-19,,Active,,
SUB00306,CUST00306,Starter,Monthly,1500,2025-04-01,,Active,,
SUB00307,CUST00307,Starter,Annual,1500,2024-04-05,,Active,,
SUB00308,CUST00308,Starter,monthly,1500,2024-08-31,,Active,,
SUB00309,CUST00309,Professional,Monthly,4500,2025-10-24,,Active,,
SUB00310,CUST00310,Business,Monthly,9000,2026-01-25,, Active ,,
SUB00311,CUST00311,Enterprise,Monthly,20000,2024-03-24,,Active,,
SUB00312,CUST00312,Business,Monthly,9000,"Oct 15, 2023",2025-08-07,Cancelled,2025-08-07,Switched to competitor
SUB00313,CUST00313,Professional,Monthly,4500,2025-07-21,2026-05-02,Cancelled,2026-05-02,Too expensive
SUB00314,CUST00314,Professional,Annual,4500,2023-11-26,,Active,,
SUB00315,CUST00315,Starter,ANNUAL,1500,2025-03-10,,Active,,
SUB00316,CUST00316,Professional,Monthly,4500,2024-02-15,,Active,,
SUB00317,CUST00317,Professional,Annual,4500,2024-09-23,,Active,,
SUB00318,CUST00318,Professional,Monthly,4500,2026-02-17,2026-07-21,Cancelled,2026-07-21,Poor customer support
SUB00319,CUST00319,Starter,Monthly,1500,2026-06-09,2026-09-19,Cancelled,2026-09-19,Not using the product enough
SUB00320,CUST00320,Starter,Monthly,1500,2024-05-29,,Active,,
SUB00321,CUST00321,Business,Monthly,9000,2024-01-23,,Active,,
SUB00322,CUST00322,Starter,Monthly,1500,2025-04-16,,Active,,
SUB00323,CUST00323,Starter,Monthly,1500,2026-02-18,,Active,,
SUB00324,CUST00324,Enterprise,Monthly,20000,2023-11-24,,Active,,
SUB00325,CUST00325,Professional,Annual,4500,2025-01-10,,Active,,
SUB00326,CUST00326,Starter,Monthly,1500,2024-07-28,,Active,,
SUB00327,CUST00327,Professional,Monthly,4500,2025-07-30,,Active,,
SUB00328,CUST00328,Starter,Annual,1500,2026-03-10,,Active,,
SUB00329,CUST00329,Starter,Monthly,1500,2025/09/17,,Active,,
SUB00330,CUST00330,Business,Monthly,9000,2025-05-09,,Active,,
SUB00331,CUST00331,Business,Monthly,9000,2026-02-04,,Active,,
SUB00332,CUST00332,Starter,Monthly,1500,2026-06-03,,Active,,
SUB00333,CUST00333,Professional,Monthly,4500,2024-11-23,2025-09-03,Cancelled,2025-09-03,Business closed
SUB00334,CUST00334,Professional,Monthly,4500,2025-06-22,,Active,,
SUB00335,CUST00335,Starter,Monthly,1500,2025-02-13,2026-03-30,Cancelled,"Mar 30, 2026",Switched to competitor
SUB00336,CUST00336,Starter,Monthly,1500,2025-11-10,2026-05-01,Cancelled,2026-05-01,Switched to competitor
SUB00337,CUST00337,Professional,Monthly,4500,2024-03-24,,Active,,
SUB00338,CUST00338,Starter,Monthly,1500,2024-09-15,,Active,,
SUB00339,CUST00339,Professional,Monthly,4500,2025-02-03,,Active,,
SUB00340,CUST00340,Business,Annual,9000,2024-08-10,10/07/2025,Cancelled,2025-07-10,Business downsized
SUB00341,CUST00341,Starter,Monthly,1500,2024-05-25,,Active,,
SUB00342,CUST00342,Professional,Monthly,4500,2024-11-18,,Active,,
SUB00343,CUST00343,Starter,Monthly,1500,2026/06/13,,Active,,
SUB00344,CUST00344,Professional,Monthly,4500,2025-10-01,,Active,,
SUB00345,CUST00345,Starter,Monthly,1500,2025-05-31,,Active,,
SUB00346,CUST00346,Professional,Monthly,4500,2023-10-13,,Active,,
SUB00347,CUST00347,Business,Monthly,9000,2026-03-13,,Active,,
SUB00348,CUST00348,Starter,Monthly,1500,2025-12-06,2026-08-19,Cancelled,2026-08-19,Not using the product enough
SUB00349,CUST00349,Professional,Monthly,4500,2023-12-15,,Active,,
SUB00350,CUST00350,Professional,Monthly,4500,2023-09-27,,Active,,
SUB00351,CUST00351,Professional,Monthly,4500,2023-11-27,,Active,,
SUB00352,CUST00352,Business,Monthly,9000,2024-04-05,,Active,,
SUB00353,CUST00353,Professional,Monthly,4500,2023-10-21,,Active,,
SUB00354,CUST00354,Professional,Monthly,4500,2024-08-17,,Active,,
SUB00355,CUST00355,Business,Monthly,9000,2024-09-22,2025-12-08,Cancelled,2025-12-08,
SUB00356,CUST00356,Professional,Monthly,4500,2026-07-26,,Active,,
SUB00357,CUST00357,Starter,Monthly,1500,2025-09-27,2026-02-24,Cancelled,2026-02-24,Poor customer support
SUB00358,CUST00358,Professional,Monthly,4500,2025-10-07,,Active,,
SUB00359,CUST00359,Enterprise,Monthly,20000,2024-11-03,,Active,,
SUB00360,CUST00360,Professional,Monthly,4500,2025-02-16,,Active,,
SUB00361,CUST00361,Starter,Monthly,1500,2025-07-15,,Active,,
SUB00362,CUST00362,Professional,Annual,4500,2024-04-21,,Active,,
SUB00363,CUST00363,Professional,Annual,4500,2024-12-19,,Active,,
SUB00364,CUST00364,Starter,Monthly,1500,2024-12-09,,Active,,
SUB00365,CUST00365,Business,Monthly,9000,2025-04-18,,Active,,
SUB00366,CUST00366,Enterprise,Monthly,20000,2024-06-22,,Active,,
SUB00367,CUST00367,starter,Monthly,1500,2024/06/27,,Active,,
SUB00368,CUST00368,Starter,Monthly,1500,2026-03-28,,Active,,
SUB00369,CUST00369,Professional,Annual,4500,2025-09-13,,Active,,
SUB00370,CUST00370,Professional,Monthly,4500,2025-02-21,2025-09-16,Cancelled,2025-09-16,Business closed
SUB00371,CUST00371,Professional,Monthly,4500,2024-09-29,2026-01-14,Cancelled,2026-01-14,Too expensive
SUB00372,CUST00372,Business,Monthly,9000,2025-04-25,2026-01-10,Cancelled,2026-01-10,Switched to competitor
SUB00373,CUST00373,Starter,Monthly,1500,2026-04-26,2026-08-28,Cancelled,2026-08-28,Missing features
SUB00374,CUST00374,Professional,Monthly,4500,2023-10-07,,Active,,
SUB00375,CUST00375,Starter,Annual,1500,2025-03-03,,Active,,
SUB00376,CUST00376,Professional,Monthly,4500,2024-01-22,,Active,,
SUB00377,CUST00377,Professional,Monthly,4500,2024-05-22,,Active,,
SUB00378,CUST00378,Starter,Monthly,1500,2025-02-25,2026-07-28,Cancelled,2026-07-28,Switched to competitor
SUB00379,CUST00379,Starter,Monthly,1500,2025-07-25,,Active,,
SUB00380,CUST00380,Starter,Monthly,1500,2024-01-17,,Active,,
SUB00381,CUST00381,Professional,Monthly,4500,2026-01-11,,Active,,
SUB00382,CUST00382,Starter,Monthly,1500,2024-08-07,,Active,,
SUB00383,CUST00383,Starter,Monthly,1500,2024-08-28,,Active,,
SUB00384,CUST00384,Starter,Monthly,1500,2025-03-14,,Active,,
SUB00385,CUST00385,business,Monthly,9000,2025-04-05,,Active,,
SUB00386,CUST00386,Professional,Annual,4500,2024-11-20,,Active,,
SUB00387,CUST00387,Starter,Monthly,1500,2026-01-20,,Active,,
SUB00388,CUST00388,Starter,Monthly,1500,2024-11-03,,Active,,
SUB00389,CUST00389,Business,Monthly,9000,2024-05-21,,Active,,
SUB00390,CUST00390,Professional,Monthly,4500,2026-04-27,,Active,,
SUB00391,CUST00391,Business,Annual,9000,2025-03-04,,Active,,
SUB00392,CUST00392,Business,Monthly,9000,2024-12-06,,Active,,
SUB00393,CUST00393,Professional,Monthly,4500,2024-04-03,,Active,,
SUB00394,CUST00394,Professional,Monthly,4500,2024-07-04,,Active,,
SUB00395,CUST00395,Professional,Monthly,4500,2024-10-05,,Active,,
SUB00396,CUST00396,Enterprise,Monthly,20000,2026-04-02,,Active,,
SUB00397,CUST00397,Starter,Monthly,1500,2023-12-08,,Active,,
SUB00398,CUST00398,Starter,Monthly,1500,2024-02-09,,Active,,
SUB00399,CUST00399,Professional,Annual,4500,2024-12-18,,Active,,
SUB00400,CUST00400,Professional,Monthly,4500,2023-10-19,,Active,,
SUB00401,CUST00401,Professional,Monthly,4500,2025-02-21,,Active,,
SUB00402,CUST00402,Professional,Monthly,4500,2025-01-26,,Active,,
SUB00403,CUST00403,Business,Monthly,9000,2024-06-17,, Active ,,
SUB00404,CUST00404,Enterprise,Monthly,20000,2026-05-04,,Active,,
SUB00405,CUST00405,Starter,Monthly,1500,2025-09-29,,Active,,
SUB00406,CUST00406,Starter,Monthly,1500,2024-04-14,,Active,,
SUB00407,CUST00407,Professional,Monthly,4500,2024-03-04,,Active,,
SUB00408,CUST00408,Starter,Monthly,1500,2026-05-25,2026-08-11,Cancelled,2026-08-11,Business downsized
SUB00409,CUST00409,Starter,Monthly,1500,2023-12-03,,Active,,
SUB00410,CUST00410,Starter,Annual,1500,2024-08-10,2025/11/01,Cancelled,2025-11-01,Poor customer support
SUB00411,CUST00411,Starter,Monthly,1500,2025-07-16,,Active,,
SUB00412,CUST00412,Professional,Monthly,4500,2023-10-02,,Active,,
SUB00413,CUST00413,Business,Monthly,9000,2024-07-25,,Active,,
SUB00414,CUST00414,Professional,Monthly,4500,2024-03-20,,Active,,
SUB00415,CUST00415,Starter,Monthly,1500,2024-07-11,,Active,,
SUB00416,CUST00416,Professional,Monthly,4500,2024-11-25,,Active,,
SUB00417,CUST00417,Professional,Monthly,4500,2025-08-27,2025-12-06,Cancelled,2025-12-06,Not using the product enough
SUB00418,CUST00418,Enterprise,Monthly,20000,2025-12-29,,Active,,
SUB00419,CUST00419,Professional,Monthly,4500,2025-10-11,,Active,,
SUB00420,CUST00420,Professional,Monthly,4500,2024-01-04,,Active,,
SUB00421,CUST00421,Business,Monthly,9000,2025-05-24,,Active,,
SUB00422,CUST00422,Business,Monthly,9000,2024-06-15,,Active,,
SUB00423,CUST00423,Business,Annual,9000,2023-12-18,,Active,,
SUB00424,CUST00424,Professional,Monthly,4500,2025-06-16,,Active,,
SUB00425,CUST00425,Starter,Annual,1500,2026-03-06,2026-09-23,Cancelled,2026-09-23,Switched to competitor
SUB00426,CUST00426,Professional,Monthly,4500,2024-06-30,,Active,,
SUB00427,CUST00427,Business,Monthly,9000,2023-11-20,,Active,,
SUB00428,CUST00428,Professional,Monthly,4500,2024-07-07,,Active,,
SUB00429,CUST00429,Starter,Monthly,1500,2026-05-22,,Active,,
SUB00430,CUST00430,Starter,Monthly,1500,2025-12-02,,Active,,
SUB00431,CUST00431,Starter,Monthly,1500,2025-12-25,,Active,,
SUB00432,CUST00432,Enterprise,Monthly,20000,2026-05-15,,Active,,
SUB00433,CUST00433,Starter,Monthly,1500,2025-10-09,,Active,,
SUB00434,CUST00434,Starter,Monthly,1500,2026-01-24,,Active,,
SUB00435,CUST00435,Starter,Monthly,1500,2024-09-01,2025-03-26,Cancelled,2025-03-26,Payment issues
SUB00436,CUST00436,Business,Monthly,9000,2025-01-04,,Active,,
SUB00437,CUST00437,Professional,Monthly,4500,2023-12-13,2026-05-01,Cancelled,2026-05-01,Poor customer support
SUB00438,CUST00438,Professional,Annual,4500,2026-01-21,,Active,,
SUB00439,CUST00439,Business,Monthly,9000,2024-12-30,,Active,,
SUB00440,CUST00440,Professional,Monthly,4500,2024-03-19,2026-07-24,Cancelled,2026-07-24,
SUB00441,CUST00441,Professional,Annual,4500,2023-10-07,2025-01-05,Cancelled,2025/01/05,Too expensive
SUB00442,CUST00442,Enterprise,Monthly,20000,2025-11-02,,Active,,
SUB00443,CUST00443,Enterprise,Monthly,20000,2024-01-04,,Active,,
SUB00444,CUST00444,Business,Annual,9000,2024-02-19,,Active,,
SUB00445,CUST00445,Professional,Monthly,4500,2026-01-28,,Active,,
SUB00446,CUST00446,Business,Monthly,9000,2025-10-13,,Active,,
SUB00447,CUST00447,Starter,Monthly,1500,2026-04-14,,Active,,
SUB00448,CUST00448,Professional,Annual,4500,2024-01-23,,Active,,
SUB00449,CUST00449,Professional,Monthly,4500,2026-08-16,,Active,,
SUB00450,CUST00450,Business,Monthly,9000,2024-10-08,"May 02, 2025",Cancelled,2025-05-02,Missing features
SUB00451,CUST00451,Starter,Annual,1500,2025-11-29,,Active,,
SUB00452,CUST00452,Professional,Annual,4500,2026-05-24,,Active,,
SUB00453,CUST00453,Professional,Monthly,4500,2025-08-31,,Active,,
SUB00454,CUST00454,Starter,Monthly,1500,2026-05-16,,Active,,
SUB00455,CUST00455,Starter,Annual,1500,2024-11-10,,Active,,
SUB00456,CUST00456,Business,Monthly,9000,2026-07-16,,Active,,
SUB00457,CUST00457,Professional,Monthly,4500,2024-12-13,2026-02-18,Cancelled,2026-02-18,Too expensive
SUB00458,CUST00458,Business,Monthly,9000,2025-03-31,,Active,,
SUB00459,CUST00459,Enterprise,Monthly,20000,2024-01-19,,Active,,
SUB00460,CUST00460,Starter,Monthly,1500,2024-08-28,2025-06-11,Cancelled,2025-06-11,Not using the product enough
SUB00461,CUST00461,Starter,Monthly,1500,2026-08-13,,Active,,
SUB00462,CUST00462,Starter,Annual,1500,2024-03-07,,Active,,
SUB00463,CUST00463,Professional,Monthly,4500,2024-02-21,,Active,,
SUB00464,CUST00464,Professional,Annual,4500,2026-04-05,,Active,,
SUB00465,CUST00465,Starter,Monthly,1500,2024-09-05,,Active,,
SUB00466,CUST00466,Professional,Monthly,4500,2026-08-20,,Active,,
SUB00467,CUST00467,Enterprise,Monthly,20000,2025-07-24,,Active,,
SUB00468,CUST00468,Professional,Monthly,4500,2025-11-29,,Active,,
SUB00469,CUST00469,Professional,Monthly,4500,2025-01-05,2025-04-16,Cancelled,2025-04-16,Switched to competitor
SUB00470,CUST00470,Professional,Monthly,4500,2025-08-27,,Active,,
SUB00471,CUST00471,Professional,Monthly,4500,2025-05-18,2025-10-06,Cancelled,2025-10-06,Switched to competitor
SUB00472,CUST00472,Business,Monthly,9000,2024-05-25,,Active,,
SUB00473,CUST00473,Starter,Monthly,1500,2025-02-15,31/05/2025,Cancelled,2025/05/31,Missing features
SUB00474,CUST00474,Starter,Monthly,1500,2025-07-11,,Active,,
SUB00475,CUST00475,Professional,Monthly,4500,2026-08-01,,Active,,
SUB00476,CUST00476,Starter,Monthly,1500,2025-12-23,,Active,,
SUB00477,CUST00477,Starter,Monthly,1500,2025-10-18,05/05/2026,Cancelled,2026-05-05,Not using the product enough
SUB00478,CUST00478,Professional,Monthly,4500,2025-05-12,,Active,,
SUB00479,CUST00479,Business,Monthly,9000,2024-08-25,,Active,,
SUB00480,CUST00480,Professional,Monthly,4500,2024-08-30,,Active,,
SUB00481,CUST00481,Professional,Annual,4500,2025-08-17,,Active,,
SUB00482,CUST00482,Business,Annual,9000,2025-03-19,,Active,,
SUB00483,CUST00483,Starter,Monthly,1500,2026-04-14,,Active,,
SUB00484,CUST00484,Starter,Annual,1500,2024-08-11,,Active,,
SUB00485,CUST00485,Starter,Monthly,1500,2025-12-19,,Active,,
SUB00486,CUST00486,Starter,Monthly,1500,2025-09-18,,Active,,
SUB00487,CUST00487,Enterprise,Annual,20000,2026-03-30,,Active,,
SUB00488,CUST00488,Starter,Monthly,1500,2026-03-17,2026/07/23,Cancelled,2026-07-23,Not using the product enough
SUB00489,CUST00489,Business,monthly,9000,2025-04-10,,Active,,
SUB00490,CUST00490,Starter,Monthly,1500,2025-05-29,,Active,,
SUB00491,CUST00491,Business,Annual,9000,2024-02-21,,Active,,
SUB00492,CUST00492,Professional,Monthly,4500,2025-08-31,,Active,,
SUB00493,CUST00493,Professional,Monthly,4500,"Apr 24, 2026",,Active,,
SUB00494,CUST00494,Professional,Monthly,4500,2024-09-29,"Dec 18, 2024",Cancelled,2024-12-18,Missing features
SUB00495,CUST00495,Starter,Monthly,1500,2024-05-24,,Active,,
SUB00496,CUST00496,Business,Monthly,9000,2025-04-22,, Active ,,
SUB00497,CUST00497,Professional,Monthly,4500,2025-08-18,,Active,,
SUB00498,CUST00498,Professional,Monthly,4500,2025-06-07,2026/04/30,Cancelled,2026-04-30,Not using the product enough
SUB00499,CUST00499,Professional,Monthly,4500,2024-03-31,,Active,,
SUB00500,CUST00500,Starter,Monthly,1500,2025-09-18,,Active,,
SUB00501,CUST00501,Starter,Monthly,1500,2026-01-13,,Active,,
SUB00502,CUST00502,Professional,Monthly,4500,2025-04-22,,Active,,
SUB00503,CUST00503,Professional,Monthly,4500,2026-02-08,,Active,,
SUB00504,CUST00504,Starter,Monthly,1500,2025-11-23,,Active,,
SUB00505,CUST00505,Starter,Annual,1500,2026-03-15,,Active,,
SUB00506,CUST00506,Professional,Monthly,4500,2023-10-18,,Active,,
SUB00507,CUST00507,Starter,Monthly,1500,2026-02-13,,Active,,
SUB00508,CUST00508,Professional,Monthly,4500,2024-10-09,,Active,,
SUB00509,CUST00509,Professional,Monthly,4500,2025-07-13,,Active,,
SUB00510,CUST00510,Professional,Monthly,4500,2024-07-18,,Active,,
SUB00511,CUST00511,Starter,Annual,1500,2025-11-10,,Active,,
SUB00512,CUST00512,Business,Monthly,9000,2025-01-23,,Active,,
SUB00513,CUST00513,Starter,Monthly,1500,2026-04-25,,Active,,
SUB00514,CUST00514,Starter,Monthly,1500,2025-07-28,,Active,,
SUB00515,CUST00515,Starter,Monthly,1500,2024-07-05,2025-10-19,Cancelled,2025-10-19,Business downsized
SUB00516,CUST00516,Professional,Monthly,4500,2025-02-12,2025-12-17,Cancelled,2025-12-17,Missing features
SUB00517,CUST00517,Starter,Monthly,1500,2026-08-09,,Active,,
SUB00518,CUST00518,Starter,Annual,1500,2025-05-28,,Active,,
SUB00519,CUST00519,Professional,Monthly,4500,2026-07-27,,Active,,
SUB00520,CUST00520,Professional,Monthly,4500,2025-11-25,,Active,,
SUB00521,CUST00521,Starter,Monthly,1500,2025-12-24,,Active,,
SUB00522,CUST00522,Starter,Annual,1500,2026-07-27,,Active,,
SUB00523,CUST00523,Starter,Monthly,1500,2026-04-27,,Active,,
SUB00524,CUST00524,Enterprise,Monthly,20000,2025-02-19,,Active,,
SUB00525,CUST00525,Starter,Annual,1500,2025-07-07,,Active,,
SUB00526,CUST00526,Business,Monthly,9000,2024-11-22,,Active,,
SUB00527,CUST00527,Starter,Annual,1500,2026-07-21,,Active,,
SUB00528,CUST00528,Professional,Monthly,4500,2026-04-30,,Active,,
SUB00529,CUST00529,Starter,Monthly,1500,2025-11-17,02/02/2026,Cancelled,2026-02-02,
SUB00530,CUST00530,Starter,Monthly,1500,2025-05-07,,Active,,
SUB00531,CUST00531,Professional,Annual,4500,2024-12-08,,Active,,
SUB00532,CUST00532,Starter,Monthly,1500,2025-04-24,,Active,,
SUB00533,CUST00533,Professional,Monthly,4500,2025-04-28,,Active,,
SUB00534,CUST00534,Professional,Monthly,4500,2025-06-06,,Active,,
SUB00535,CUST00535,Business,Monthly,9000,2025-04-15,,Active,,
SUB00536,CUST00536,Starter,Annual,1500,2024-07-03,,Active,,
SUB00537,CUST00537,Professional,Monthly,4500,2023-10-06,,Active,,
SUB00538,CUST00538,Business,Monthly,9000,2024-12-24,,Active,,
SUB00539,CUST00539,Business,Monthly,9000,2024-03-21,,Active,,
SUB00540,CUST00540,Starter,Monthly,1500,2026-04-14,,Active,,
SUB00541,CUST00541,Starter,Annual,1500,2024-07-30,,Active,,
SUB00542,CUST00542,Business,Monthly,9000,2026-07-12,,Active,,
SUB00543,CUST00543,starter,Monthly,1500,2023-12-08,2025-11-19,Cancelled,2025-11-19,Poor customer support
SUB00544,CUST00544,Business,Monthly,9000,2026-07-11,,Active,,
SUB00545,CUST00545,Starter,Annual,1500,2024-06-02,,Active,,
SUB00546,CUST00546,Professional,Monthly,4500,2023-11-08,,Active,,
SUB00547,CUST00547,Business,Monthly,9000,2025-11-18,,Active,,
SUB00548,CUST00548,Starter,Monthly,1500,2024-03-27,,Active,,
SUB00549,CUST00549,Starter,Monthly,1500,2026-03-04,,Active,,
SUB00550,CUST00550,Starter,Annual,1500,26/09/2023,,Active,,
SUB00551,CUST00551,Professional,Monthly,4500,2025-01-17,,Active,,
SUB00552,CUST00552,Professional,Annual,4500,2025-08-27,,Active,,
SUB00553,CUST00553,Starter,Monthly,1500,2026-07-08,,Active,,
SUB00554,CUST00554,Professional,Monthly,4500,2025-03-30,,Active,,
SUB00555,CUST00555,Business,Monthly,9000,2026-05-22,,Active,,
SUB00556,CUST00556,Professional,Monthly,4500,2025-08-04,,Active,,
SUB00557,CUST00557,Starter,Monthly,1500,2025-04-04,2025-12-28,Cancelled,2025-12-28,
SUB00558,CUST00558,Business,Annual,9000,2024-12-29,2025-07-23,Cancelled,2025-07-23,Switched to competitor
SUB00559,CUST00559,Starter,Monthly,1500,2023-11-12,,Active,,
SUB00560,CUST00560,Enterprise,Monthly,20000,2026-01-17,,Active,,
SUB00561,CUST00561,Starter,Annual,1500,2026-02-18,,Active,,
SUB00562,CUST00562,Starter,Annual,1500,2025-05-21,2026-02-21,Cancelled,2026-02-21,Missing features
SUB00563,CUST00563,Starter,Monthly,1500,2024-03-29,2026-03-16,Cancelled,2026-03-16,Switched to competitor
SUB00564,CUST00564,Starter,Monthly,1500,2024-07-08,2026-02-04,Cancelled,2026-02-04,Business downsized
SUB00565,CUST00565,Professional,Annual,4500,2025-01-20,,Active,,
SUB00566,CUST00566,Professional,Monthly,4500,2025-05-07,,Active,,
SUB00567,CUST00567,Starter,Monthly,1500,02/07/2025,,Active,,
SUB00568,CUST00568,Starter,Annual,1500,2024-10-19,,Active,,
SUB00569,CUST00569,Business,Annual,9000,2023-11-19,,Active,,
SUB00570,CUST00570,Business,Monthly,9000,2025-05-15,,Active,,
SUB00571,CUST00571,Professional,Annual,4500,2025-03-07,,Active,,
SUB00572,CUST00572,Business,Monthly,9000,2026-08-04,,Active,,
SUB00573,CUST00573,Professional,Monthly,4500,2024-08-31,,Active,,
SUB00574,CUST00574,Starter,Monthly,1500,2025-02-19,,Active,,
SUB00575,CUST00575,Professional,Monthly,4500,2024-01-04,,Active,,
SUB00576,CUST00576,Business,Monthly,9000,2026-05-14,,Active,,
SUB00577,CUST00577,Starter,Monthly,1500,2024-11-12,2025-05-20,Cancelled,2025-05-20,Switched to competitor
SUB00578,CUST00578,Business,Monthly,9000,2025-01-14,,Active,,
SUB00579,CUST00579,Business,Monthly,9000,2026-04-14,,Active,,
SUB00580,CUST00580,Starter,Monthly,1500,2025-03-17,,Active,,
SUB00581,CUST00581,Business,Annual,9000,2026-03-22,,Active,,
SUB00582,CUST00582,Professional,Monthly,4500,2023-11-01,,Active,,
SUB00583,CUST00583,Enterprise,Monthly,20000,2025-03-29,,Active,,
SUB00584,CUST00584,Starter,Monthly,1500,2024-05-29,,Active,,
SUB00585,CUST00585,Starter,Monthly,1500,2024-10-20,,Active,,
SUB00586,CUST00586,Starter,Monthly,1500,2025-04-10,2026-06-21,Cancelled,2026-06-21,Missing features
SUB00587,CUST00587,Starter,Monthly,1500,2023-12-17,2024-08-14,Cancelled,2024-08-14,Switched to competitor
SUB00588,CUST00588,Business,Monthly,9000,2025-06-20,2025-10-20,Cancelled,2025-10-20,Missing features
SUB00589,CUST00589,Business,Monthly,9000,2025-01-20,,Active,,
SUB00590,CUST00590,Starter,Monthly,1500,2024-03-02,2025-04-20,Cancelled,"Apr 20, 2025",Switched to competitor
SUB00591,CUST00591,Enterprise,Monthly,20000,2025-12-13,,Active,,
SUB00592,CUST00592,Starter,Annual,1500,2024-02-06,,Active,,
SUB00593,CUST00593,Starter,Monthly,1500,2024-06-15,,Active,,
SUB00594,CUST00594,Starter,Monthly,1500,2024-08-14,,Active,,
SUB00595,CUST00595,Starter,Monthly,1500,2025-03-12,,Active,,
SUB00596,CUST00596,Professional,Monthly,4500,2023-12-23,,Active,,
SUB00597,CUST00597,Professional,Monthly,4500,2025-02-18,,Active,,
SUB00598,CUST00598,Professional,Monthly,4500,2025-12-18,,Active,,
SUB00599,CUST00599,Enterprise,monthly,20000,17/11/2025,2026-04-02,Cancelled,2026/04/02,Too expensive
SUB00600,CUST00600,PROFESSIONAL,Monthly,4500,2026-02-11,2026-08-13,Cancelled,2026-08-13,Switched to competitor
SUB00601,CUST00601,Enterprise,Monthly,20000,2024-06-04,,Active,,
SUB00602,CUST00602,Business,Monthly,9000,"Jan 14, 2026",2026-04-10,Cancelled,2026-04-10,Too expensive
SUB00603,CUST00603,Business,Monthly,9000,2024-08-14,,Active,,
SUB00604,CUST00604,Professional,Monthly,4500,2025-10-18,2026-07-24,Cancelled,2026-07-24,Business downsized
SUB00605,CUST00605,Starter,Monthly,1500,2023-10-30,,Active,,
SUB00606,CUST00606,Enterprise,Monthly,20000,2025-12-22,,Active,,
SUB00607,CUST00607,Professional,Monthly,4500,2024-05-25,, Active ,,
SUB00608,CUST00608,Business,Annual,9000,"Sep 28, 2024",,Active,,
SUB00609,CUST00609,Business,Monthly,9000,2025-03-31,,Active,,
SUB00610,CUST00610,Starter,Monthly,1500,2025-10-20,,Active,,
SUB00611,CUST00611,Professional,Monthly,4500,2025-11-01,2026-06-23,Cancelled,2026-06-23,Business downsized
SUB00612,CUST00612,Starter,Monthly,1500,2026-02-12,,Active,,
SUB00613,CUST00613,Professional,Monthly,4500,2026-03-03,,Active,,
SUB00614,CUST00614,Professional,Monthly,4500,2025-07-31,2026-02-05,Cancelled,2026-02-05,Payment issues
SUB00615,CUST00615,Starter,Monthly,1500,2023-12-21,,Active,,
SUB00616,CUST00616,Starter,Monthly,1500,2025-05-31,,Active,,
SUB00617,CUST00617,Starter,Monthly,1500,2025-01-25,2025-10-18,Cancelled,2025-10-18,Missing features
SUB00618,CUST00618,Professional,Monthly,4500,2025-06-25,,Active,,
SUB00619,CUST00619,Starter,Monthly,1500,2026-01-16,,Active,,
SUB00620,CUST00620,Professional,Annual,4500,2026-05-28,,Active,,
SUB00621,CUST00621,Professional,Monthly,4500,2025-01-05,,Active,,
SUB00622,CUST00622,Starter,Monthly,1500,2023-10-20,2025-05-28,Cancelled,2025-05-28,Poor customer support
SUB00623,CUST00623,Starter,Monthly,1500,2025-08-17,,Active,,
SUB00624,CUST00624,Professional,Annual,4500,2025-01-09,,Active,,
SUB00625,CUST00625,Starter,Monthly,1500,2026-05-24,,Active,,
SUB00626,CUST00626,Business,Annual,9000,2024-03-29,,Active,,
SUB00627,CUST00627,Business,Annual,9000,2024-04-05,,Active,,
SUB00628,CUST00628,Enterprise,Monthly,20000,2024-10-16,,Active,,
SUB00629,CUST00629,Enterprise,Monthly,20000,2024-03-22,2026-08-21,Cancelled,2026-08-21,Poor customer support
SUB00630,CUST00630,Professional,Monthly,4500,2025-01-26,,Active,,
SUB00631,CUST00631,Professional,Monthly,4500,2024-03-04,, Active ,,
SUB00632,CUST00632,Starter,Monthly,1500,2025-01-17,,Active,,
SUB00633,CUST00633,Business,Monthly,9000,2025-06-27,,Active,,
SUB00634,CUST00634,Starter,Monthly,1500,2025-08-19,,Active,,
SUB00635,CUST00635,Starter,Monthly,1500,2024-10-12,2025-07-20,Cancelled,2025/07/20,Switched to competitor
SUB00636,CUST00636,Professional,Monthly,4500,2024-11-03,,Active,,
SUB00637,CUST00637,Business,Annual,9000,2024-06-26,,Active,,
SUB00638,CUST00638,Starter,Monthly,1500,2026-05-07,2026-08-26,Cancelled,2026-08-26,Missing features
SUB00639,CUST00639,Starter,Monthly,1500,2025-08-06,,Active,,
SUB00640,CUST00640,Enterprise,Monthly,20000,2024-06-15,,Active,,
SUB00641,CUST00641,Starter,Monthly,1500,2023-09-26,2025-01-10,Cancelled,2025-01-10,Poor customer support
SUB00642,CUST00642,Starter,Monthly,1500,2025/05/16,,Active,,
SUB00643,CUST00643,Enterprise,Annual,20000,2024-03-06,,Active,,
SUB00644,CUST00644,Professional,Monthly,4500,2026-04-23,,Active,,
SUB00645,CUST00645,Starter,Monthly,1500,2024-02-05,2025-08-23,Cancelled,2025-08-23,Missing features
SUB00646,CUST00646,Enterprise,Monthly,20000,22/08/2025,,Active,,
SUB00647,CUST00647,Business,Monthly,9000,2025-04-07,, Active ,,
SUB00648,CUST00648,Business,Annual,9000,2024-04-11,,Active,,
SUB00649,CUST00649,Professional,Monthly,4500,2025-01-13,,Active,,
SUB00650,CUST00650,Professional,Monthly,4500,2024-12-08,,Active,,
SUB00651,CUST00651,Professional,Monthly,4500,2024-04-24,2025-02-11,Cancelled,2025-02-11,Missing features
SUB00652,CUST00652,Starter,Monthly,1500,2025-08-02,,Active,,
SUB00653,CUST00653,Starter,Monthly,1500,2024-03-06,,Active,,
SUB00654,CUST00654,Business,Monthly,9000,2025-04-30,,Active,,
SUB00655,CUST00655,Enterprise,Annual,20000,2023-11-28,,Active,,
SUB00656,CUST00656,Professional,Annual,4500,2023-09-28,,Active,,
SUB00657,CUST00657,Business,Annual,9000,2025-08-12,,Active,,
SUB00658,CUST00658,Business,monthly,9000,2026-07-22,,Active,,
SUB00659,CUST00659,Professional,Monthly,4500,2026-08-03,,Active,,
SUB00660,CUST00660,Professional,Monthly,4500,2023-09-25,,Active,,
SUB00661,CUST00661,Business,Monthly,9000,2024-10-05,,Active,,
SUB00662,CUST00662,Starter,Monthly,1500,2024-03-04,,Active,,
SUB00663,CUST00663,Starter,Annual,1500,2024-04-29,,Active,,
SUB00664,CUST00664,Business,Monthly,9000,2025-03-09,2025-07-26,Cancelled,2025/07/26,Missing features
SUB00665,CUST00665,Starter,Annual,1500,2023-12-10,2025-10-17,Cancelled,2025-10-17,
SUB00666,CUST00666,Business,Monthly,9000,2024-06-20,2026-08-04,Cancelled,2026-08-04,Switched to competitor
SUB00667,CUST00667,Starter,Monthly,1500,2024-06-13,,Active,,
SUB00668,CUST00668,Starter,Monthly,1500,2024-09-18,,Active,,
SUB00669,CUST00669,Professional,Monthly,4500,2026-01-03,2026-08-20,Cancelled,2026-08-20,Switched to competitor
SUB00670,CUST00670,Starter,Monthly,1500,2024-12-27,,Active,,
SUB00671,CUST00671,Professional,Monthly,4500,2024-08-23,,Active,,
SUB00672,CUST00672,Professional,Monthly,4500,2025-03-13,,Active,,
SUB00673,CUST00673,Starter,Annual,1500,2026-01-09,19/06/2026,Cancelled,2026-06-19,Poor customer support
SUB00674,CUST00674,Professional,Monthly,4500,2024-08-17,,Active,,
SUB00675,CUST00675,Professional,Monthly,4500,2025-01-08,,Active,,
SUB00676,CUST00676,Professional,Monthly,4500,2024-06-26,,Active,,
SUB00677,CUST00677,Starter,Annual,1500,2026-08-20,,Active,,
SUB00678,CUST00678,Starter,Monthly,1500,2025-06-16,,Active,,
SUB00679,CUST00679,Professional,Monthly,4500,2026-05-15,,Active,,
SUB00680,CUST00680,Business,Monthly,9000,2026-02-08,,Active,,
SUB00681,CUST00681,Business,Monthly,9000,2025-06-12,,Active,,
SUB00682,CUST00682,Professional,Annual,4500,2025-10-27,,Active,,
SUB00683,CUST00683,Starter,Monthly,1500,2025-07-27,2026-03-20,Cancelled,2026-03-20,Poor customer support
SUB00684,CUST00684,Starter,Monthly,1500,2025-10-15,,Active,,
SUB00685,CUST00685,Professional,monthly,4500,2025-04-18,,Active,,
SUB00686,CUST00686,Starter,Annual,1500,2024-05-31,,Active,,
SUB00687,CUST00687,Starter,Monthly,1500,2025-02-20,,Active,,
SUB00688,CUST00688,Starter,Monthly,1500,2024-07-12,2024-11-21,Cancelled,2024-11-21,Business downsized
SUB00689,CUST00689,Starter,Monthly,1500,2024-08-12,,Active,,
SUB00690,CUST00690,Enterprise,Monthly,20000,2023-11-16,,Active,,
SUB00691,CUST00691,Starter,Annual,1500,2023-12-17,,Active,,
SUB00692,CUST00692,Professional,Monthly,4500,2024-05-06,,Active,,
SUB00693,CUST00693,Business,Monthly,9000,2024-03-08,,Active,,
SUB00694,CUST00694,Starter,Monthly,1500,2025-06-06,,Active,,
SUB00695,CUST00695,Professional,Monthly,4500,2025-02-24,2025-05-26,Cancelled,2025-05-26,Poor customer support
SUB00696,CUST00696,Business,Monthly,9000,2023-12-24,,Active,,
SUB00697,CUST00697,Enterprise,Monthly,20000,2024-01-01,,Active,,
SUB00698,CUST00698,starter,Monthly,1500,2024-06-17,,Active,,
SUB00699,CUST00699,Starter,Monthly,1500,2025-02-19,,Active,,
SUB00700,CUST00700,Starter,Monthly,1500,2026-06-22,,Active,,
SUB00701,CUST00701,Professional,Monthly,4500,2024-01-02,,Active,,
SUB00702,CUST00702,Starter,Monthly,1500,2026-08-10,,Active,,
SUB00703,CUST00703,Starter,Monthly,1500,2025-10-31,,Active,,
SUB00704,CUST00704,Professional,Annual,4500,2025-07-26,"Dec 13, 2025",Cancelled,2025-12-13,Missing features
SUB00705,CUST00705,Professional,Monthly,4500,2023-12-20,2026-06-06,Cancelled,2026-06-06,Missing features
SUB00706,CUST00706,Starter,Monthly,1500,2025-06-16,,Active,,
SUB00707,CUST00707,Starter,Annual,1500,2024-11-05,,Active,,
SUB00708,CUST00708,Starter,Monthly,1500,2024-03-11,,Active,,
SUB00709,CUST00709,Starter,Monthly,1500,2024-08-31,,Active,,
SUB00710,CUST00710,Professional,Annual,4500,2024-04-16,,Active,,
SUB00711,CUST00711,Professional,Monthly,4500,2023-11-22,,Active,,
SUB00712,CUST00712,Starter,Monthly,1500,2024-11-26,,Active,,
SUB00713,CUST00713,Starter,Monthly,1500,2024-11-28,,Active,,
SUB00714,CUST00714,Starter,Monthly,1500,2025-03-03,,Active,,
SUB00715,CUST00715,Business,Monthly,9000,2024-07-25,,Active,,
SUB00716,CUST00716,Enterprise,Monthly,20000,2025-02-15,,Active,,
SUB00717,CUST00717,Starter,Monthly,1500,2025-11-30,,Active,,
SUB00718,CUST00718,Starter,Monthly,1500,2024-03-15,,Active,,
SUB00719,CUST00719,Starter,Monthly,1500,2023-11-11,2025-10-17,Cancelled,2025-10-17,Missing features
SUB00720,CUST00720,Starter,Monthly,1500,2024-02-07,,Active,,
SUB00721,CUST00721,Enterprise,Annual,20000,2024-06-02,,Active,,
SUB00722,CUST00722,Professional,Annual,4500,2026-08-12,,Active,,
SUB00723,CUST00723,Professional,Monthly,4500,2025-10-13,2026-04-05,Cancelled,2026-04-05,Too expensive
SUB00724,CUST00724,Enterprise,Annual,20000,2025-04-29,,Active,,
SUB00725,CUST00725,Business,Monthly,9000,2024-06-20,,Active,,
SUB00726,CUST00726,Business,Annual,9000,2026-02-21,,Active,,
SUB00727,CUST00727,Professional,Monthly,4500,2024-12-22,,Active,,
SUB00728,CUST00728,Starter,Monthly,1500,2024-03-08,,Active,,
SUB00729,CUST00729,Professional,Monthly,4500,2025-03-27,,Active,,
SUB00730,CUST00730,Professional,Monthly,4500,2024-04-18,,Active,,
SUB00731,CUST00731,Professional,Annual,4500,2025-04-24,,Active,,
SUB00732,CUST00732,Enterprise,Annual,20000,2025-01-06,,Active,,
SUB00733,CUST00733,Professional,Monthly,4500,2025-02-03,,Active,,
SUB00734,CUST00734,Business,Monthly,9000,2025-06-21,,Active,,
SUB00735,CUST00735,Business,Monthly,9000,2026-07-01,,Active,,
SUB00736,CUST00736,Business,Monthly,9000,2024-03-03,,Active,,
SUB00737,CUST00737,Starter,Monthly,1500,2025-04-08,,Active,,
SUB00738,CUST00738,Professional,Monthly,4500,2023-11-02,,Active,,
SUB00739,CUST00739,Starter,Annual,1500,2024-05-17,,Active,,
SUB00740,CUST00740,Professional,Monthly,4500,2025-02-22,,Active,,
SUB00741,CUST00741,Enterprise,Monthly,20000,2025-04-02,,Active,,
SUB00742,CUST00742,Professional,Monthly,4500,2023-10-28,,Active,,
SUB00743,CUST00743,Professional,Monthly,4500,2024-12-31,,Active,,
SUB00744,CUST00744,Starter,Annual,1500,2026-05-13,,Active,,
SUB00745,CUST00745,Business,monthly,9000,2024-11-06,2025-04-23,Cancelled,"Apr 23, 2025",Not using the product enough
SUB00746,CUST00746,Professional,Monthly,4500,2024-07-14,,Active,,
SUB00747,CUST00747,Business,Monthly,9000,2024-10-18,,Active,,
SUB00748,CUST00748,Business,Monthly,9000,2026-03-07,,Active,,
SUB00749,CUST00749,Professional,Monthly,4500,2024-07-04,,Active,,
SUB00750,CUST00750,Professional,Annual,4500,2026-02-28,,Active,,
SUB00751,CUST00751,Enterprise,Monthly,20000,2025-08-31,2026-02-21,Cancelled,2026-02-21,Poor customer support
SUB00752,CUST00752,Professional,Monthly,4500,2024-11-02,,Active,,
SUB00753,CUST00753,Starter,Monthly,1500,2025-03-06,,Active,,
SUB00754,CUST00754,Professional,Monthly,4500,2025-11-21,,Active,,
SUB00755,CUST00755,Starter,Annual,1500,2023-11-04,,Active,,
SUB00756,CUST00756,Professional,Monthly,4500,2024-09-04,,Active,,
SUB00757,CUST00757,Enterprise,Annual,20000,2024-09-12,,Active,,
SUB00758,CUST00758,Starter,Monthly,1500,2025-06-24,,Active,,
SUB00759,CUST00759,Starter,Monthly,1500,2024-09-26,,Active,,
SUB00760,CUST00760,Professional,Monthly,4500,2025-01-19,,Active,,
SUB00761,CUST00761,Starter,Monthly,1500,2024-04-13,,Active,,
SUB00762,CUST00762,Professional,Monthly,4500,2024-05-07,2026-03-16,Cancelled,2026-03-16,Not using the product enough
SUB00763,CUST00763,Business,Monthly,9000,2026-08-22,,Active,,
SUB00764,CUST00764,Starter,Monthly,1500,2024-06-25,,Active,,
SUB00765,CUST00765,Enterprise,Monthly,20000,2025-03-30,,Active,,
SUB00766,CUST00766,Professional,Annual,4500,2023-11-20,,Active,,
SUB00767,CUST00767,starter,Annual,1500,2024-07-25,,Active,,
SUB00768,CUST00768,Starter,Annual,1500,2026-07-15,,Active,,
SUB00769,CUST00769,Starter,Monthly,1500,2024-11-01,,Active,,
SUB00770,CUST00770,Business,Annual,9000,2026-03-19,,Active,,
SUB00771,CUST00771,Professional,Monthly,4500,2024-11-03,2026-05-27,Cancelled,2026-05-27,
SUB00772,CUST00772,Business,Monthly,9000,2026-03-28,,Active,,
SUB00773,CUST00773,Starter,Monthly,1500,2025-02-28,2025-12-07,Cancelled,2025-12-07,Switched to competitor
SUB00774,CUST00774,Professional,Monthly,4500,2025-09-23,,Active,,
SUB00775,CUST00775,Starter,Monthly,1500,2026-08-18,,Active,,
SUB00776,CUST00776,Starter,Monthly,1500,2024-08-07,2025-12-06,Cancelled,2025-12-06,Business downsized
SUB00777,CUST00777,Professional,Monthly,4500,2026-04-05,,Active,,
SUB00778,CUST00778,Business,Monthly,9000,2023-11-24,,Active,,
SUB00779,CUST00779,Professional,Annual,4500,2024-04-01,,Active,,
SUB00780,CUST00780,Enterprise,Monthly,20000,2024-12-25,,Active,,
SUB00781,CUST00781,Professional,Monthly,4500,2023-12-07,,Active,,
SUB00782,CUST00782,Starter,Monthly,1500,2026-08-06,,Active,,
SUB00783,CUST00783,Starter,Monthly,1500,2025-09-29,2025-12-30,Cancelled,2025-12-30,Not using the product enough
SUB00784,CUST00784,Professional,Monthly,4500,2024-05-01,,Active,,
SUB00785,CUST00785,Professional,Monthly,4500,2026/07/02,2026-09-13,Cancelled,2026-09-13,Too expensive
SUB00786,CUST00786,Professional,Monthly,4500,2024-01-17,,Active,,
SUB00787,CUST00787,Professional,Monthly,4500,2025-10-18,,Active,,
SUB00788,CUST00788,Business,Monthly,9000,2023-11-06,,Active,,
SUB00789,CUST00789,Business,Monthly,9000,2024-04-14,,Active,,
SUB00790,CUST00790,Starter,Monthly,1500,2026-04-10,, Active ,,
SUB00791,CUST00791,Professional,Annual,4500,2024-10-01,,Active,,
SUB00792,CUST00792,Professional,Monthly,4500,2025-11-13,,Active,,
SUB00793,CUST00793,Professional,Monthly,4500,2026/07/30,,Active,,
SUB00794,CUST00794,Business,Monthly,9000,2024-07-31,,Active,,
SUB00795,CUST00795,Starter,Monthly,1500,2024-03-28,2025-10-29,Cancelled,2025-10-29,Payment issues
SUB00796,CUST00796,Professional,monthly,4500,2026-01-25,,Active,,
SUB00797,CUST00797,Professional,Monthly,4500,2024-01-29,,Active,,
SUB00798,CUST00798,Professional,Monthly,4500,2024-11-16,,Active,,
SUB00799,CUST00799,Business,Annual,9000,2025-09-21,,Active,,
SUB00800,CUST00800,Starter,Monthly,1500,2025-01-06,,Active,,
SUB00801,CUST00801,Enterprise,Monthly,20000,2026-01-27,,Active,,
SUB00802,CUST00802,PROFESSIONAL,Monthly,4500,2024-08-27,2025-05-07,Cancelled,2025-05-07,Business downsized
SUB00803,CUST00803,Business,Monthly,9000,2026-04-02,,Active,,
SUB00804,CUST00804,Professional,Annual,4500,2024-10-27,,Active,,
SUB00805,CUST00805,Business,Monthly,9000,2026-05-21,,Active,,
SUB00806,CUST00806,Starter,Monthly,1500,2024/06/19,,Active,,
SUB00807,CUST00807,Professional,Monthly,4500,2024-09-26,,Active,,
SUB00808,CUST00808,Starter,Annual,1500,2026-01-19,,Active,,
SUB00809,CUST00809,Business,Monthly,9000,2025-12-02,,Active,,
SUB00810,CUST00810,Starter,Monthly,1500,2025-01-30,2025-10-08,Cancelled,2025-10-08,Business downsized
SUB00811,CUST00811,Starter,Monthly,1500,2024-02-08,,Active,,
SUB00812,CUST00812,Professional,Annual,4500,2024-11-16,,Active,,
SUB00813,CUST00813,Starter,monthly,1500,2026-02-01,,Active,,
SUB00814,CUST00814,Starter,Monthly,1500,2023-11-25,,Active,,
SUB00815,CUST00815,Business,Monthly,9000,2024-07-20,,Active,,
SUB00816,CUST00816,Business,Annual,9000,2023-10-20,,Active,,
SUB00817,CUST00817,Starter,Monthly,1500,2026-06-16,,Active,,
SUB00818,CUST00818,Starter,Monthly,1500,2024-08-09,,Active,,
SUB00819,CUST00819,Professional,Monthly,4500,2026-03-06,2026-08-12,Cancelled,2026-08-12,Too expensive
SUB00820,CUST00820,Starter,Monthly,1500,2024-07-31,,Active,,
SUB00821,CUST00821,Starter,Monthly,1500,2024-10-09,,Active,,
SUB00822,CUST00822,Starter,Monthly,1500,2024-11-24,2026-09-03,Cancelled,2026-09-03,
SUB00823,CUST00823,Business,Monthly,9000,2024-12-07,,Active,,
SUB00824,CUST00824,Starter,ANNUAL,1500,2024-06-27,,Active,,
SUB00825,CUST00825,Starter,Annual,1500,2023-12-14,,Active,,
SUB00826,CUST00826,Starter,Monthly,1500,2024-03-27,,Active,,
SUB00827,CUST00827,Enterprise,Monthly,20000,2025-10-13,,Active,,
SUB00828,CUST00828,Professional,Monthly,4500,2025-09-16,,Active,,
SUB00829,CUST00829,Starter,Monthly,1500,2026-04-12,,Active,,
SUB00830,CUST00830,Professional,Monthly,4500,2025-11-24,,Active,,
SUB00831,CUST00831,Starter,Monthly,1500,2025-08-13,2026-08-19,Cancelled,2026-08-19,Poor customer support
SUB00832,CUST00832,Professional,Monthly,4500,2024-01-07,,Active,,
SUB00833,CUST00833,Business,Annual,9000,2025-08-20,,Active,,
SUB00834,CUST00834,Starter,Monthly,1500,2024-06-21,,Active,,
SUB00835,CUST00835,Business,Monthly,9000,2023-11-06,,Active,,
SUB00836,CUST00836,Professional,Monthly,4500,2026-05-22,,Active,,
SUB00837,CUST00837,Professional,Annual,4500,2026-02-07,,Active,,
SUB00838,CUST00838,Business,Monthly,9000,2026-05-30,,Active,,
SUB00839,CUST00839,Business,Annual,9000,2024-12-09,,Active,,
SUB00840,CUST00840,Starter,Monthly,1500,2026-02-04,,Active,,
SUB00841,CUST00841,Professional,Monthly,4500,2024-01-19,2025-03-05,Cancelled,05/03/2025,Switched to competitor
SUB00842,CUST00842,Enterprise,Annual,20000,2023-09-26,,Active,,
SUB00843,CUST00843,Professional,Annual,4500,2025-12-20,2026-02-26,Cancelled,2026-02-26,Not using the product enough
SUB00844,CUST00844,Starter,Monthly,1500,2023-09-28,,Active,,
SUB00845,CUST00845,Business,Monthly,9000,2024-03-22,,Active,,
SUB00846,CUST00846,Enterprise,Annual,20000,2026-05-19,,Active,,
SUB00847,CUST00847,Starter,Monthly,1500,2025-10-02,2026-01-16,Cancelled,"Jan 16, 2026",Too expensive
SUB00848,CUST00848,Enterprise,Monthly,20000,2025-02-20,,Active,,
SUB00849,CUST00849,Starter,Monthly,1500,2024-08-18,,Active,,
SUB00850,CUST00850,Starter,Annual,1500,2023-11-15,,Active,,
SUB00851,CUST00851,Professional,Monthly,4500,2025-04-27,2026-02-06,Cancelled,2026-02-06,Too expensive
SUB00852,CUST00852,Business,Monthly,9000,2025-08-28,,Active,,
SUB00853,CUST00853,Professional,Monthly,4500,2025-07-05,2026-06-17,Cancelled,2026-06-17,Switched to competitor
SUB00854,CUST00854,Business,Monthly,9000,2025-05-21,,Active,,
SUB00855,CUST00855,Starter,Monthly,1500,2024-01-05,,Active,,
SUB00856,CUST00856,Business,Monthly,9000,2025-04-25,2026-08-05,Cancelled,2026-08-05,Switched to competitor
SUB00857,CUST00857,Enterprise,Monthly,20000,2024-04-03,2024-08-17,Cancelled,2024-08-17,Switched to competitor
SUB00858,CUST00858,Starter,Monthly,1500,2025-07-04,,Active,,
SUB00859,CUST00859,Professional,Monthly,4500,2026-06-02,,Active,,
SUB00860,CUST00860,Business,Monthly,9000,2024-11-15,2026/01/27,Cancelled,2026-01-27,Business downsized
SUB00861,CUST00861,Professional,Monthly,4500,2024-10-21,,Active,,
SUB00862,CUST00862,Starter,Monthly,1500,2024-12-02,,Active,,
SUB00863,CUST00863,Starter,Annual,1500,2025-04-08,,Active,,
SUB00864,CUST00864,Starter,Annual,1500,2025-06-18,,Active,,
SUB00865,CUST00865,Starter,Monthly,1500,2026-04-01,,Active,,
SUB00866,CUST00866,Starter,Monthly,1500,2024-04-17,,Active,,
SUB00867,CUST00867,Business,Monthly,9000,2024-02-19,,Active,,
SUB00868,CUST00868,Professional,Monthly,4500,2024-06-02,22/05/2025,Cancelled,2025-05-22,Not using the product enough
SUB00869,CUST00869,Professional,Monthly,4500,2025-11-09,,Active,,
SUB00870,CUST00870,Professional,Monthly,4500,2025-01-19,,Active,,
SUB00871,CUST00871,Professional,Monthly,4500,2025-04-06,,Active,,
SUB00872,CUST00872,Professional,Monthly,4500,2025-11-02,,Active,,
SUB00873,CUST00873,Business,Annual,9000,2026-03-21,,Active,,
SUB00874,CUST00874,Professional,Monthly,4500,2025-10-17,,Active,,
SUB00875,CUST00875,Starter,Monthly,1500,2025-10-24,2026-02-04,Cancelled,2026-02-04,Business downsized
SUB00876,CUST00876,Enterprise,Monthly,20000,2025-05-19,,Active,,
SUB00877,CUST00877,Professional,Monthly,4500,2025-03-12,,Active,,
SUB00878,CUST00878,Professional,Monthly,4500,2025-05-17,,Active,,
SUB00879,CUST00879,Enterprise,Annual,20000,2024-01-14,2026-03-11,Cancelled,2026-03-11,Not using the product enough
SUB00880,CUST00880,Enterprise,Monthly,20000,2023-12-14,,Active,,
SUB00881,CUST00881,Professional,Monthly,4500,"Nov 02, 2023",,Active,,
SUB00882,CUST00882,Enterprise,Monthly,20000,2024-06-09,,Active,,
SUB00883,CUST00883,Professional,Monthly,4500,2026-02-09,2026-09-13,Cancelled,2026-09-13,Business downsized
SUB00884,CUST00884,Starter,Monthly,1500,2025-01-22,,Active,,
SUB00885,CUST00885,Professional,Monthly,4500,2026-08-17,,Active,,
SUB00886,CUST00886,Professional,Annual,4500,2024-08-03,2026-04-14,Cancelled,2026-04-14,Not using the product enough
SUB00887,CUST00887,Professional,Annual,4500,2023-10-15,,Active,,
SUB00888,CUST00888,Starter,Monthly,1500,2026-01-02,,Active,,
SUB00889,CUST00889,Starter,Monthly,1500,2024-08-28,2026-02-17,Cancelled,2026-02-17,Business downsized
SUB00890,CUST00890,Starter,Monthly,1500,2025-08-01,2026-01-16,Cancelled,2026-01-16,Poor customer support
SUB00891,CUST00891,Professional,Monthly,4500,2024-12-29,,Active,,
SUB00892,CUST00892,Starter,Monthly,1500,2025-11-30,,Active,,
SUB00893,CUST00893,Starter,Monthly,1500,25/09/2025,,Active,,
SUB00894,CUST00894,Professional,Annual,4500,2026-03-14,,Active,,
SUB00895,CUST00895,Business,Monthly,9000,2025-11-27,,Active,,
SUB00896,CUST00896,Enterprise,Monthly,20000,2025-04-29,2025-07-29,Cancelled,"Jul 29, 2025",Switched to competitor
SUB00897,CUST00897,Starter,Monthly,1500,2025-01-26,2025/06/15,Cancelled,2025-06-15,Not using the product enough
SUB00898,CUST00898,Professional,Annual,4500,2024-07-10,,Active,,
SUB00899,CUST00899,Starter,Monthly,1500,2025-10-07,2025-12-25,Cancelled,2025-12-25,Too expensive
SUB00900,CUST00900,Enterprise,Monthly,20000,2026-01-15,2026-08-28,Cancelled,2026-08-28,Business downsized
SUB00901,CUST00901,Professional,Monthly,4500,2025-10-29,,Active,,
SUB00902,CUST00902,Professional,Monthly,4500,2025-05-29,04/04/2026,Cancelled,2026-04-04,Not using the product enough
SUB00903,CUST00903,Starter,Monthly,1500,2025-03-08,,Active,,
SUB00904,CUST00904,Professional,Monthly,4500,2025-07-06,, Active ,,
SUB00905,CUST00905,Professional,Monthly,4500,2025-08-30,,Active,,
SUB00906,CUST00906,Professional,Annual,4500,2025-06-28,,Active,,
SUB00907,CUST00907,Starter,Monthly,1500,2025-01-04,,Active,,
SUB00908,CUST00908,Professional,Annual,4500,2025-07-02,,Active,,
SUB00909,CUST00909,Professional,Monthly,4500,2023-09-24,,Active,,
SUB00910,CUST00910,Enterprise,Monthly,20000,2026-04-20,,Active,,
SUB00911,CUST00911,Starter,Monthly,1500,2024-04-02,,Active,,
SUB00912,CUST00912,Business,Monthly,9000,2026-06-25,,Active,,
SUB00913,CUST00913,Starter,Monthly,1500,2024-07-29,,Active,,
SUB00914,CUST00914,Starter,Monthly,1500,2024-09-27,,Active,,
SUB00915,CUST00915,Professional,Monthly,4500,2024-01-19,,Active,,
SUB00916,CUST00916,Starter,Monthly,1500,2026-03-04,,Active,,
SUB00917,CUST00917,Starter,Monthly,1500,2024-05-25,,Active,,
SUB00918,CUST00918,Professional,Monthly,4500,2026-03-17,,Active,,
SUB00919,CUST00919,Starter,Monthly,1500,2026-05-16,,Active,,
SUB00920,CUST00920,Starter,Monthly,1500,2024-12-09,,Active,,
SUB00921,CUST00921,Professional,Monthly,4500,2025-06-08,,Active,,
SUB00922,CUST00922,Starter,Monthly,1500,2024-09-04,,Active,,
SUB00923,CUST00923,Starter,Annual,1500,2024-11-16,,Active,,
SUB00924,CUST00924,Enterprise,Monthly,20000,2024-03-13,,Active,,
SUB00925,CUST00925,Starter,Monthly,1500,2024-07-01,,Active,,
SUB00926,CUST00926,Enterprise,Monthly,20000,2026-07-05,2026-09-09,Cancelled,2026-09-09,Too expensive
SUB00927,CUST00927,Professional,Monthly,4500,2025-12-11,2026-04-16,Cancelled,2026-04-16,Too expensive
SUB00928,CUST00928,Professional,Monthly,4500,2026-06-05,,Active,,
SUB00929,CUST00929,Professional,Monthly,4500,2026-03-10,,Active,,
SUB00930,CUST00930,Business,Monthly,9000,2024-09-18,,Active,,
SUB00931,CUST00931,Professional,Monthly,4500,2026-03-16,2026-07-27,Cancelled,2026-07-27,Switched to competitor
SUB00932,CUST00932,Starter,Monthly,1500,2025-03-27,,Active,,
SUB00933,CUST00933,Starter,Monthly,1500,2026-01-21,,Active,,
SUB00934,CUST00934,Business,Monthly,9000,2026-02-22,,Active,,
SUB00935,CUST00935,Starter,Monthly,1500,2024-05-15,,Active,,
SUB00936,CUST00936,Professional,Monthly,4500,2026-04-29,,Active,,
SUB00937,CUST00937,Professional,Monthly,4500,2024-09-16,2025-10-27,Cancelled,2025-10-27,Missing features
SUB00938,CUST00938,Starter,Monthly,1500,2024-10-28,,Active,,
SUB00939,CUST00939,Enterprise,Annual,20000,2026-01-11,2026-07-29,Cancelled,2026-07-29,Switched to competitor
SUB00940,CUST00940,Professional,Monthly,4500,2024-10-30,,Active,,
SUB00941,CUST00941,Starter,Annual,1500,2025-10-02,,Active,,
SUB00942,CUST00942,Professional,Monthly,4500,2024-03-17,,Active,,
SUB00943,CUST00943,Starter,Monthly,1500,2026-08-20,,Active,,
SUB00944,CUST00944,Business,Monthly,9000,2024/06/07,,Active,,
SUB00945,CUST00945,Professional,Monthly,4500,2024-04-03,2024-12-25,Cancelled,2024-12-25,Business downsized
SUB00946,CUST00946,Starter,Monthly,1500,2024-10-26,2026-03-27,Cancelled,2026-03-27,Switched to competitor
SUB00947,CUST00947,Starter,Monthly,1500,2024-02-03,,Active,,
SUB00948,CUST00948,Professional,Monthly,4500,2025-09-21,,Active,,
SUB00949,CUST00949,Professional,Monthly,4500,2026-02-14,,Active,,
SUB00950,CUST00950,Starter,Monthly,1500,2026-04-27,,Active,,
SUB00951,CUST00951,Starter,Annual,1500,2024-09-07,,Active,,
SUB00952,CUST00952,Starter,Monthly,1500,2025-07-26,,Active,,
SUB00953,CUST00953,Professional,Annual,4500,2026-03-17,,Active,,
SUB00954,CUST00954,Enterprise,Monthly,20000,2026-03-20,,Active,,
SUB00955,CUST00955,Starter,Monthly,1500,2023-12-11,,Active,,
SUB00956,CUST00956,Professional,Monthly,4500,2024-09-17,,Active,,
SUB00957,CUST00957,Business,Monthly,9000,2025/09/16,,Active,,
SUB00958,CUST00958,Professional,Monthly,4500,2025-06-15,2026-02-20,Cancelled,20/02/2026,Too expensive
SUB00959,CUST00959,Starter,Monthly,1500,2025-12-20,,Active,,
SUB00960,CUST00960,Professional,Monthly,4500,2024-03-07,,Active,,
SUB00961,CUST00961,Business,Annual,9000,2025-02-26,2025-09-18,Cancelled,2025-09-18,Poor customer support
SUB00962,CUST00962,Professional,Monthly,4500,"Aug 10, 2024",,Active,,
SUB00963,CUST00963,Professional,Monthly,4500,2025-01-03,,Active,,
SUB00964,CUST00964,Professional,Monthly,4500,2026-04-27,,Active,,
SUB00965,CUST00965,Professional,Monthly,4500,2024-08-18,2025-08-01,Cancelled,2025-08-01,Not using the product enough
SUB00966,CUST00966,Professional,Monthly,4500,2026-01-26,,Active,,
SUB00967,CUST00967,Professional,Monthly,4500,2024-05-23,,Active,,
SUB00968,CUST00968,Business,Annual,9000,2024-12-12,,Active,,
SUB00969,CUST00969,Business,Monthly,9000,2024-01-30,,Active,,
SUB00970,CUST00970,Starter,Monthly,1500,"Feb 23, 2025",, Active ,,
SUB00971,CUST00971,Starter,Annual,1500,2026-01-09,,Active,,
SUB00972,CUST00972,Professional,Monthly,4500,2024-11-13,,Active,,
SUB00973,CUST00973,Professional,Annual,4500,2025-11-18,,Active,,
SUB00974,CUST00974,Starter,Monthly,1500,2024-10-07,"Sep 14, 2025",Cancelled,2025-09-14,Missing features
SUB00975,CUST00975,Starter,Monthly,1500,2026-01-31,2026-07-16,Cancelled,2026-07-16,Missing features
SUB00976,CUST00976,Starter,Annual,1500,2025-07-09,,Active,,
SUB00977,CUST00977,Business,Annual,9000,2025-11-18,,Active,,
SUB00978,CUST00978,Business,Monthly,9000,2025-08-08,2026-02-27,Cancelled,2026-02-27,Missing features
SUB00979,CUST00979,Starter,Monthly,1500,2025-04-28,,Active,,
SUB00980,CUST00980,Professional,Monthly,4500,2025-09-08,,Active,,
SUB00981,CUST00981,Starter,Monthly,1500,2023-10-12,,Active,,
SUB00982,CUST00982,Business,Monthly,9000,2024-06-10,,Active,,
SUB00983,CUST00983,Professional,Monthly,4500,2024-12-22,,Active,,
SUB00984,CUST00984,Starter,Monthly,1500,2024-11-18,2025-04-20,Cancelled,2025-04-20,Not using the product enough
SUB00985,CUST00985,Business,Monthly,9000,2025-06-19,,Active,,
SUB00986,CUST00986,Professional,Annual,4500,2026-01-25,,Active,,
SUB00987,CUST00987,Business,Annual,9000,2024-06-19,,Active,,
SUB00988,CUST00988,Professional,Monthly,4500,2025-03-04,,Active,,
SUB00989,CUST00989,Business,Monthly,9000,2026-02-12,,Active,,
SUB00990,CUST00990,Professional,Monthly,4500,2025-12-26,,Active,,
SUB00991,CUST00991,Business,Monthly,9000,2025-07-04,,Active,,
SUB00992,CUST00992,Professional,Monthly,4500,2025-10-20,,Active,,
SUB00993,CUST00993,Business,Monthly,9000,2025-05-28,,Active,,
SUB00994,CUST00994,Enterprise,Monthly,20000,2024-10-22,,Active,,
SUB00995,CUST00995,Starter,Monthly,1500,2024-02-26,,Active,,
SUB00996,CUST00996,Business,Monthly,9000,2026-06-02,2026-09-05,Cancelled,2026-09-05,Not using the product enough
SUB00997,CUST00997,Enterprise,Annual,20000,2026-04-09,,Active,,
SUB00998,CUST00998,Professional,Monthly,4500,2024-08-12,2025-03-08,Cancelled,2025-03-08,Too expensive
SUB00999,CUST00999,Enterprise,Monthly,20000,2026-04-29,,Active,,
SUB01000,CUST01000,Starter,Monthly,1500,2026-01-10,,Active,,
SUB01001,CUST01001,Starter,Monthly,1500,2026-03-22,,Active,,
SUB01002,CUST01002,Professional,Monthly,4500,2025-06-18,,Active,,
SUB01003,CUST01003,Starter,Monthly,1500,2023-12-04,,Active,,
SUB01004,CUST01004,Starter,Monthly,1500,2023-10-24,,Active,,
SUB01005,CUST01005,Starter,Monthly,1500,2024-03-02,,Active,,
SUB01006,CUST01006,Business,Annual,9000,2025-11-09,,Active,,
SUB01007,CUST01007,Business,Monthly,9000,2024-12-27,,Active,,
SUB01008,CUST01008,Starter,Annual,1500,2025-05-28,,Active,,
SUB01009,CUST01009,Professional,Monthly,4500,2026-02-09,,Active,,
SUB01010,CUST01010,Starter,Monthly,1500,2025-09-19,,Active,,
SUB01011,CUST01011,Business,Monthly,9000,2024-05-10,2025-09-05,Cancelled,2025-09-05,
SUB01012,CUST01012,Starter,Monthly,1500,2024-08-10,,Active,,
SUB01013,CUST01013,Enterprise,Monthly,20000,2025-06-04,,Active,,
SUB01014,CUST01014,Starter,Annual,1500,2026-02-14,2026-07-02,Cancelled,2026-07-02,Switched to competitor
SUB01015,CUST01015,Business,Monthly,9000,2024-04-03,,Active,,
SUB01016,CUST01016,Starter,Monthly,1500,2025-09-15,,Active,,
SUB01017,CUST01017,Business,Annual,9000,2025-11-19,,Active,,
SUB01018,CUST01018,Starter,Monthly,1500,2024-10-01,,Active,,
SUB01019,CUST01019,Professional,Annual,4500,2023-10-07,,Active,,
SUB01020,CUST01020,Professional,Monthly,4500,2024-08-31,2025-04-07,Cancelled,07/04/2025,Not using the product enough
SUB01021,CUST01021,Starter,Monthly,1500,2024-10-29,,Active,,
SUB01022,CUST01022,Starter,Monthly,1500,2024-02-12,2025-08-21,Cancelled,2025-08-21,Business downsized
SUB01023,CUST01023,Starter,Annual,1500,2025-03-21,,Active,,
SUB01024,CUST01024,Professional,Monthly,4500,2024-05-14,,Active,,
SUB01025,CUST01025,Starter,Monthly,1500,2026-06-02,,Active,,
SUB01026,CUST01026,Starter,Monthly,1500,2025-11-12,,Active,,
SUB01027,CUST01027,Business,Monthly,9000,2023-12-28,,Active,,
SUB01028,CUST01028,Enterprise,Monthly,20000,2025-02-27,,Active,,
SUB01029,CUST01029,Professional,Monthly,4500,2024-04-21,,Active,,
SUB01030,CUST01030,Business,Monthly,9000,2024-08-25,,Active,,
SUB01031,CUST01031,Starter,Annual,1500,2025-12-02,2026-06-21,Cancelled,2026-06-21,Too expensive
SUB01032,CUST01032,Starter,Monthly,1500,2026-08-20,,Active,,
SUB01033,CUST01033,Professional,Monthly,4500,2026-06-23,2026-09-02,Cancelled,2026-09-02,Missing features
SUB01034,CUST01034,Business,Monthly,9000,2026-04-23,2026-07-26,Cancelled,2026-07-26,Poor customer support
SUB01035,CUST01035,Starter,Monthly,1500,2024-01-12,2024-10-10,Cancelled,2024-10-10,Switched to competitor
SUB01036,CUST01036,Starter,Monthly,1500,2026-07-15,,Active,,
SUB01037,CUST01037,Starter,Monthly,1500,2024-08-26,,Active,,
SUB01038,CUST01038,Professional,Monthly,4500,2024-04-27,,Active,,
SUB01039,CUST01039,Professional,Monthly,4500,2026-05-16,2026-09-05,Cancelled,2026-09-05,Switched to competitor
SUB01040,CUST01040,Professional,Monthly,4500,2024-07-16,,Active,,
SUB01041,CUST01041,Professional,Annual,4500,2024-08-09,,Active,,
SUB01042,CUST01042,Starter,Annual,1500,2023-12-14,,Active,,
SUB01043,CUST01043,Starter,Monthly,1500,2025-05-15,,Active,,
SUB01044,CUST01044,Business,Monthly,9000,2026-08-02,,Active,,
SUB01045,CUST01045,Starter,Monthly,1500,2025-03-15,,Active,,
SUB01046,CUST01046,Professional,Annual,4500,2024-03-26,,Active,,
SUB01047,CUST01047,Business,Monthly,9000,2026-06-15,,Active,,
SUB01048,CUST01048,Starter,Annual,1500,2024-03-18,2026-09-01,Cancelled,2026-09-01,Poor customer support
SUB01049,CUST01049,Business,Annual,9000,2024-08-14,,Active,,
SUB01050,CUST01050,Enterprise,Monthly,20000,2024-05-14,2025/01/13,Cancelled,2025-01-13,Not using the product enough
SUB01051,CUST01051,Starter,Annual,1500,2026-08-16,,Active,,
SUB01052,CUST01052,Professional,Monthly,4500,2024-05-23,,Active,,
SUB01053,CUST01053,Business,Annual,9000,2025-04-05,,Active,,
SUB01054,CUST01054,Enterprise,Monthly,20000,2024-11-26,,Active,,
SUB01055,CUST01055,Starter,Annual,1500,2024-08-19,,Active,,
SUB01056,CUST01056,Starter,Monthly,1500,2026-08-15,,Active,,
SUB01057,CUST01057,Enterprise,Annual,20000,2025-11-07,,Active,,
SUB01058,CUST01058,Starter,Monthly,1500,2025-06-23,,Active,,
SUB01059,CUST01059,Professional,Monthly,4500,2026-04-15,, Active ,,
SUB01060,CUST01060,Starter,Monthly,1500,2025-12-01,,Active,,
SUB01061,CUST01061,Starter,Monthly,1500,2025-12-10,,Active,,
SUB01062,CUST01062,Professional,Monthly,4500,2026-01-10,,Active,,
SUB01063,CUST01063,Starter,Annual,1500,2025-12-31,,Active,,
SUB01064,CUST01064,Starter,Annual,1500,2025-05-13,,Active,,
SUB01065,CUST01065,Professional,Monthly,4500,2024-05-23,,Active,,
SUB01066,CUST01066,Business,Monthly,9000,2024-02-21,,Active,,
SUB01067,CUST01067,Starter,Annual,1500,2024-01-17,2024-05-18,Cancelled,2024-05-18,Too expensive
SUB01068,CUST01068,Starter,Monthly,1500,"Nov 19, 2024",,Active,,
SUB01069,CUST01069,Professional,Monthly,4500,2024-05-28,,Active,,
SUB01070,CUST01070,Professional,Annual,4500,2024-04-28,,Active,,
SUB01071,CUST01071,Starter,Monthly,1500,2024-09-09,,Active,,
SUB01072,CUST01072,Starter,monthly,1500,2025-09-08,2026-09-13,Cancelled,2026-09-13,Switched to competitor
SUB01073,CUST01073,Professional,Monthly,4500,2024-04-26,"Jun 19, 2026",Cancelled,2026-06-19,Not using the product enough
SUB01074,CUST01074,Enterprise,Monthly,20000,2026-03-01,2026-05-14,Cancelled,2026-05-14,Switched to competitor
SUB01075,CUST01075,Business,Monthly,9000,2025-01-20,,Active,,
SUB01076,CUST01076,Starter,Monthly,1500,2026-08-14,,Active,,
SUB01077,CUST01077,Professional,Monthly,4500,2024-03-25,,Active,,
SUB01078,CUST01078,Business,Monthly,9000,2025-06-05,,Active,,
SUB01079,CUST01079,Business,Annual,9000,2024-09-25,2026-05-16,Cancelled,2026-05-16,Switched to competitor
SUB01080,CUST01080,Business,Annual,9000,2024-12-19,,Active,,
SUB01081,CUST01081,Starter,Monthly,1500,2024-01-07,,Active,,
SUB01082,CUST01082,Business,Monthly,9000,2026-03-19,2026-09-22,Cancelled,2026-09-22,Business downsized
SUB01083,CUST01083,Professional,Monthly,4500,2024-03-13,,Active,,
SUB01084,CUST01084,Starter,Monthly,1500,2023-12-10,,Active,,
SUB01085,CUST01085,Business,Monthly,9000,2023-11-15,,Active,,
SUB01086,CUST01086,Professional,Monthly,4500,2026-02-28,,Active,,
SUB01087,CUST01087,Business,Monthly,9000,2025-05-13,,Active,,
SUB01088,CUST01088,Professional,Monthly,4500,2024-11-22,,Active,,
SUB01089,CUST01089,Starter,Monthly,1500,2024-06-14,,Active,,
SUB01090,CUST01090,Starter,Monthly,1500,2025-02-18,2026-04-09,Cancelled,2026-04-09,Business downsized
SUB01091,CUST01091,Business,ANNUAL,9000,2025-10-20,,Active,,
SUB01092,CUST01092,PROFESSIONAL,Monthly,4500,2025-07-16,,Active,,
SUB01093,CUST01093,Business,Monthly,9000,2026-02-28,,Active,,
SUB01094,CUST01094,Starter,Monthly,1500,2026-01-21,,Active,,
SUB01095,CUST01095,Professional,Monthly,4500,2026-06-15,2026-09-23,Cancelled,2026/09/23,Poor customer support
SUB01096,CUST01096,Enterprise,Monthly,20000,2025-10-30,2026-05-09,Cancelled,2026-05-09,Business downsized
SUB01097,CUST01097,Starter,Monthly,1500,2024-02-28,"Jun 19, 2025",Cancelled,2025-06-19,Business downsized
SUB01098,CUST01098,Starter,Annual,1500,2026-03-21,,Active,,
SUB01099,CUST01099,Professional,Monthly,4500,2026-06-20,,Active,,
SUB01100,CUST01100,Starter,Monthly,1500,2024-03-22,,Active,,
SUB01101,CUST01101,Business,Monthly,9000,2025-09-11,2026-08-09,Cancelled,2026-08-09,Poor customer support
SUB01102,CUST01102,Starter,Monthly,1500,2025-10-02,,Active,,
SUB01103,CUST01103,Professional,Annual,4500,2025-07-02,,Active,,
SUB01104,CUST01104,Professional,Annual,4500,2025-11-18,,Active,,
SUB01105,CUST01105,Starter,Monthly,1500,2025-11-15,,Active,,
SUB01106,CUST01106,Enterprise,Monthly,20000,2026-08-09,,Active,,
SUB01107,CUST01107,Starter,Annual,1500,2025/08/21,,Active,,
SUB01108,CUST01108,Professional,Monthly,4500,2026-08-04,,Active,,
SUB01109,CUST01109,Professional,Monthly,4500,2025-09-30,,Active,,
SUB01110,CUST01110,Enterprise,Monthly,20000,2026-08-23,,Active,,
SUB01111,CUST01111,Professional,Monthly,4500,2024-10-26,,Active,,
SUB01112,CUST01112,Business,Monthly,9000,2025-11-08,01/09/2026,Cancelled,2026-09-01,
SUB01113,CUST01113,Starter,Monthly,1500,2025-11-01,2026-04-21,Cancelled,2026-04-21,Too expensive
SUB01114,CUST01114,Professional,Annual,4500,2024-10-26,,Active,,
SUB01115,CUST01115,Professional,Monthly,4500,2024-03-20,,Active,,
SUB01116,CUST01116,business,Annual,9000,2026-06-14,,Active,,
SUB01117,CUST01117,Professional,Monthly,4500,2025-01-13,2026-08-24,Cancelled,2026-08-24,
SUB01118,CUST01118,Starter,Monthly,1500,2024-05-03,,Active,,
SUB01119,CUST01119,Starter,Monthly,1500,2026-07-24,,Active,,
SUB01120,CUST01120,Professional,Monthly,4500,2025-02-05,2025-12-21,Cancelled,2025-12-21,Not using the product enough
SUB01121,CUST01121,Professional,Monthly,4500,2024-01-18,,Active,,
SUB01122,CUST01122,Enterprise,Annual,20000,2025-03-03,,Active,,
SUB01123,CUST01123,Professional,Monthly,4500,2024-01-01,,Active,,
SUB01124,CUST01124,Professional,Annual,4500,2026-07-01,,Active,,
SUB01125,CUST01125,Professional,Monthly,4500,2025-03-20,,Active,,
SUB01126,CUST01126,Professional,Monthly,4500,2025-08-08,,Active,,
SUB01127,CUST01127,Professional,Monthly,4500,2024-07-27,06/04/2025,Cancelled,2025-04-06,Too expensive
SUB01128,CUST01128,Starter,Monthly,1500,2024-07-07,,Active,,
SUB01129,CUST01129,Starter,Monthly,1500,2023-11-16,,Active,,
SUB01130,CUST01130,Enterprise,Monthly,20000,2024-05-31,,Active,,
SUB01131,CUST01131,Professional,Monthly,4500,2025-02-14,,Active,,
SUB01132,CUST01132,Professional,Annual,4500,2024-03-27,,Active,,
SUB01133,CUST01133,Starter,Monthly,1500,2026-02-18,2026-06-30,Cancelled,2026-06-30,Switched to competitor
SUB01134,CUST01134,Starter,Monthly,1500,2025-07-16,,Active,,
SUB01135,CUST01135,Enterprise,Monthly,20000,2024-04-12,,Active,,
SUB01136,CUST01136,Professional,Monthly,4500,2024-06-10,2025-04-11,Cancelled,2025-04-11,Missing features
SUB01137,CUST01137,Starter,Monthly,1500,2025-01-19,,Active,,
SUB01138,CUST01138,Starter,Monthly,1500,2024-01-15,,Active,,
SUB01139,CUST01139,Starter,Monthly,1500,2025-09-13,,Active,,
SUB01140,CUST01140,Professional,Monthly,4500,2025-11-15,,Active,,
SUB01141,CUST01141,Professional,Annual,4500,2024-04-18,,Active,,
SUB01142,CUST01142,Starter,Monthly,1500,2025-09-23,,Active,,
SUB01143,CUST01143,starter,Monthly,1500,2024-11-21,,Active,,
SUB01144,CUST01144,Starter,Monthly,1500,2025-02-24,,Active,,
SUB01145,CUST01145,Professional,Monthly,4500,2026-08-03,,Active,,
SUB01146,CUST01146,Starter,Annual,1500,2025-12-20,,Active,,
SUB01147,CUST01147,Professional,Monthly,4500,2023-12-25,,Active,,
SUB01148,CUST01148,Business,Monthly,9000,2024-07-17,,Active,,
SUB01149,CUST01149,Starter,Monthly,1500,2025-05-13,,Active,,
SUB01150,CUST01150,Starter,Monthly,1500,2026-08-13,,Active,,
SUB01151,CUST01151,Starter,Monthly,1500,2024-07-03,,Active,,
SUB01152,CUST01152,starter,Monthly,1500,2026-02-20,,Active,,
SUB01153,CUST01153,Starter,Monthly,1500,2025-01-15,,Active,,
SUB01154,CUST01154,Professional,Annual,4500,2023-12-26,,Active,,
SUB01155,CUST01155,Professional,Monthly,4500,2025-12-24,,Active,,
SUB01156,CUST01156,Professional,Monthly,4500,2024-06-11,,Active,,
SUB01157,CUST01157,Starter,Monthly,1500,2026-02-08,,Active,,
SUB01158,CUST01158,Professional,Monthly,4500,2026-08-14,,Active,,
SUB01159,CUST01159,Business,Monthly,9000,2024-08-11,,Active,,
SUB01160,CUST01160,Business,Monthly,9000,2024-07-24,2025/06/17,Cancelled,2025-06-17,Not using the product enough
SUB01161,CUST01161,Starter,Annual,1500,2023-12-07,,Active,,
SUB01162,CUST01162,Professional,Monthly,4500,2025-05-11,,Active,,
SUB01163,CUST01163,Starter,Monthly,1500,2026-07-15,,Active,,
SUB01164,CUST01164,Business,Monthly,9000,2024-05-19,,Active,,
SUB01165,CUST01165,Business,Monthly,9000,2025-10-14,,Active,,
SUB01166,CUST01166,Business,Monthly,9000,2024-04-25,,Active,,
SUB01167,CUST01167,Professional,Monthly,4500,2024-04-20,,Active,,
SUB01168,CUST01168,Enterprise,Monthly,20000,2024-08-10,,Active,,
SUB01169,CUST01169,Starter,Annual,1500,2025-06-09,2026-03-05,Cancelled,2026-03-05,Poor customer support
SUB01170,CUST01170,Starter,Monthly,1500,2023-12-10,2025-07-24,Cancelled,2025-07-24,Too expensive
SUB01171,CUST01171,Starter,Monthly,1500,2025-05-11,,Active,,
SUB01172,CUST01172,Starter,Monthly,1500,2024-04-27,,Active,,
SUB01173,CUST01173,Professional,Monthly,4500,2024-07-12,,Active,,
SUB01174,CUST01174,Professional,Monthly,4500,2026-01-10,,Active,,
SUB01175,CUST01175,Business,Annual,9000,2025-12-06,,Active,,
SUB01176,CUST01176,PROFESSIONAL,Monthly,4500,2025-08-13,,Active,,
SUB01177,CUST01177,Professional,Monthly,4500,2024-02-13,,Active,,
SUB01178,CUST01178,Professional,Monthly,4500,2025-03-29,2025-10-03,Cancelled,2025-10-03,Missing features
SUB01179,CUST01179,Professional,Monthly,4500,2024-09-15,,Active,,
SUB01180,CUST01180,Starter,Monthly,1500,2023-11-29,,Active,,
SUB01181,CUST01181,Enterprise,Annual,20000,2025-05-16,,Active,,
SUB01182,CUST01182,Professional,Monthly,4500,2024-12-02,,Active,,
SUB01183,CUST01183,Starter,Monthly,1500,2023-12-29,,Active,,
SUB01184,CUST01184,Starter,Monthly,1500,2024-11-17,,Active,,
SUB01185,CUST01185,Starter,Monthly,1500,2026-04-02,,Active,,
SUB01186,CUST01186,Professional,Monthly,4500,2024-08-29,,Active,,
SUB01187,CUST01187,Business,Monthly,9000,2024-03-20,,Active,,
SUB01188,CUST01188,Starter,Monthly,1500,2026-01-07,2026-08-01,Cancelled,2026-08-01,Payment issues
SUB01189,CUST01189,Professional,Monthly,4500,2023-10-17,2024-05-02,Cancelled,"May 02, 2024",Switched to competitor
SUB01190,CUST01190,Enterprise,Monthly,20000,2026-04-29,,Active,,
SUB01191,CUST01191,Starter,ANNUAL,1500,2024-06-07,,Active,,
SUB01192,CUST01192,Enterprise,ANNUAL,20000,2025-01-31,,Active,,
SUB01193,CUST01193,Starter,Monthly,1500,2026-03-18,,Active,,
SUB01194,CUST01194,Professional,Monthly,4500,2026-04-12,,Active,,
SUB01195,CUST01195,Starter,Monthly,1500,2025-06-08,2025-09-09,Cancelled,2025-09-09,Missing features
SUB01196,CUST01196,Professional,Monthly,4500,2024-10-25,,Active,,
SUB01197,CUST01197,Professional,Monthly,4500,2026-07-15,,Active,,
SUB01198,CUST01198,Starter,Annual,1500,16/06/2026,,Active,,
SUB01199,CUST01199,Starter,Monthly,1500,2025-10-30,, Active ,,
SUB01200,CUST01200,Professional,Annual,4500,2025-12-19,,Active,,
SUB01201,CUST01201,Starter,Monthly,1500,2025-07-31,,Active,,
SUB01202,CUST01202,Business,Monthly,9000,2026-01-05,2026-09-08,Cancelled,2026-09-08,Not using the product enough
SUB01203,CUST01203,Starter,Monthly,1500,2026-03-13,"Jul 02, 2026",Cancelled,2026-07-02,Too expensive
SUB01204,CUST01204,Starter,Monthly,1500,2024-07-22,,Active,,
SUB01205,CUST01205,Starter,Monthly,1500,2026-04-10,,Active,,
SUB01206,CUST01206,starter,Monthly,1500,2025-03-07,,Active,,
SUB01207,CUST01207,Professional,Monthly,4500,2025-11-04,,Active,,
SUB01208,CUST01208,Starter,Annual,1500,2025-01-23,,Active,,
SUB01209,CUST01209,Professional,Annual,4500,2026-03-02,10/09/2026,Cancelled,2026/09/10,Not using the product enough
SUB01210,CUST01210,Professional,Monthly,4500,2025-05-25,,Active,,
SUB01211,CUST01211,Business,Annual,9000,2026-03-27,,Active,,
SUB01212,CUST01212,Business,Monthly,9000,2024-05-30,,Active,,
SUB01213,CUST01213,Professional,Monthly,4500,2026-03-11,,Active,,
SUB01214,CUST01214,Professional,Monthly,4500,2026-08-04,, Active ,,
SUB01215,CUST01215,Professional,Monthly,4500,2025-04-20,,Active,,
SUB01216,CUST01216,Professional,Monthly,4500,2025-03-26,,Active,,
SUB01217,CUST01217,Business,Monthly,9000,2024-07-02,2026-04-23,Cancelled,2026-04-23,Poor customer support
SUB01218,CUST01218,Starter,Monthly,1500,2025-12-24,,Active,,
SUB01219,CUST01219,Starter,Monthly,1500,2024-04-11,,Active,,
SUB01220,CUST01220,Business,Monthly,9000,2025-12-05,,Active,,
SUB01221,CUST01221,Starter,Monthly,1500,2026-06-01,,Active,,
SUB01222,CUST01222,Business,Monthly,9000,2024-05-10,2024-12-19,Cancelled,2024-12-19,Poor customer support
SUB01223,CUST01223,Professional,Monthly,4500,2023-11-17,,Active,,
SUB01224,CUST01224,Business,Monthly,9000,2024-11-07,,Active,,
SUB01225,CUST01225,Starter,Monthly,1500,2024-09-07,,Active,,
SUB01226,CUST01226,Professional,Monthly,4500,2024-09-22,,Active,,
SUB01227,CUST01227,Starter,Monthly,1500,2026-03-09,,Active,,
SUB01228,CUST01228,Professional,Monthly,4500,2025-08-25,,Active,,
SUB01229,CUST01229,Starter,Monthly,1500,2026-08-06,,Active,,
SUB01230,CUST01230,Professional,Monthly,4500,2025-07-23,,Active,,
SUB01231,CUST01231,Professional,Monthly,4500,2025-07-17,,Active,,
SUB01232,CUST01232,Professional,Monthly,4500,2024-07-30,,Active,,
SUB01233,CUST01233,Business,Monthly,9000,2024-06-26,2026-09-15,Cancelled,2026-09-15,Too expensive
SUB01234,CUST01234,Starter,Monthly,1500,2026-03-30,2026/09/06,Cancelled,2026-09-06,Missing features
SUB01235,CUST01235,Starter,Monthly,1500,2025-06-06,,Active,,
SUB01236,CUST01236,Starter,Monthly,1500,2025-08-06,,Active,,
SUB01237,CUST01237,Professional,Monthly,4500,2025-10-29,,Active,,
SUB01238,CUST01238,Business,Monthly,9000,2025-04-21,,Active,,
SUB01239,CUST01239,Professional,Annual,4500,2024-01-02,,Active,,
SUB01240,CUST01240,Professional,Monthly,4500,2024-08-19,2026-06-04,Cancelled,2026-06-04,Missing features
SUB01241,CUST01241,Starter,Monthly,1500,2024-03-13,,Active,,
SUB01242,CUST01242,Starter,Monthly,1500,2026-04-19,,Active,,
SUB01243,CUST01243,Professional,Annual,4500,2025-12-09,,Active,,
SUB01244,CUST01244,Professional,Annual,4500,2024-06-06,,Active,,
SUB01245,CUST01245,Starter,Monthly,1500,2025-09-28,,Active,,
SUB01246,CUST01246,Starter,monthly,1500,2026-06-02,,Active,,
SUB01247,CUST01247,Business,Monthly,9000,2026-01-31,2026-07-25,Cancelled,25/07/2026,Switched to competitor
SUB01248,CUST01248,Business,Monthly,9000,2024-06-15,2026-04-12,Cancelled,2026-04-12,Missing features
SUB01249,CUST01249,Starter,monthly,1500,2025-06-22,,Active,,
SUB01250,CUST01250,Starter,Monthly,1500,2026-02-05,,Active,,
SUB01251,CUST01251,Business,Monthly,9000,2025-03-07,,Active,,
SUB01252,CUST01252,Starter,Monthly,1500,2025-11-11,,Active,,
SUB01253,CUST01253,Starter,Monthly,1500,2026-06-14,2026-09-16,Cancelled,2026-09-16,Too expensive
SUB01254,CUST01254,Starter,Monthly,1500,2024-01-30,,Active,,
SUB01255,CUST01255,Starter,Monthly,1500,2026-07-19,,Active,,
SUB01256,CUST01256,Professional,Monthly,4500,2025-09-05,,Active,,
SUB01257,CUST01257,Professional,Monthly,4500,2026-07-13,2026-09-14,Cancelled,2026/09/14,Missing features
SUB01258,CUST01258,Starter,Monthly,1500,2026-01-21,,Active,,
SUB01259,CUST01259,Professional,Monthly,4500,2024-12-10,2026-08-07,Cancelled,07/08/2026,Too expensive
SUB01260,CUST01260,Professional,Monthly,4500,2026-03-23,,Active,,
SUB01261,CUST01261,Starter,Monthly,1500,2025-10-02,2026/05/18,Cancelled,2026-05-18,Too expensive
SUB01262,CUST01262,Professional,Annual,4500,2024-08-03,,Active,,
SUB01263,CUST01263,Professional,Monthly,4500,2026-06-19,,Active,,
SUB01264,CUST01264,Professional,Monthly,4500,2026-02-03,,Active,,
SUB01265,CUST01265,Professional,Monthly,4500,2024-04-19,2026-08-14,Cancelled,2026-08-14,Missing features
SUB01266,CUST01266,Business,Monthly,9000,2025-10-19,2026-04-10,Cancelled,2026-04-10,Business downsized
SUB01267,CUST01267,Starter,Monthly,1500,2023-10-10,,Active,,
SUB01268,CUST01268,Starter,Monthly,1500,2024-07-29,,Active,,
SUB01269,CUST01269,Enterprise,Annual,20000,2025-03-20,,Active,,
SUB01270,CUST01270,Starter,Annual,1500,2024-10-07,,Active,,
SUB01271,CUST01271,Starter,Monthly,1500,2025-10-20,,Active,,
SUB01272,CUST01272,Professional,Monthly,4500,2025-07-11,,Active,,
SUB01273,CUST01273,Starter,Monthly,1500,2024-04-02,,Active,,
SUB01274,CUST01274,Starter,Monthly,1500,2023-10-30,2025-01-13,Cancelled,2025-01-13,Switched to competitor
SUB01275,CUST01275,Professional,Monthly,4500,2025-05-19,,Active,,
SUB01276,CUST01276,Enterprise,Monthly,20000,2024-12-11,2026-07-27,Cancelled,2026-07-27,Too expensive
SUB01277,CUST01277,Professional,Monthly,4500,2025-05-23,2026-07-13,Cancelled,2026-07-13,Not using the product enough
SUB01278,CUST01278,Starter,Annual,1500,2024-10-06,,Active,,
SUB01279,CUST01279,Business,Annual,9000,2024-11-15,,Active,,
SUB01280,CUST01280,Starter,Monthly,1500,2023-10-12,,Active,,
SUB01281,CUST01281,Business,Monthly,9000,2025-12-19,,Active,,
SUB01282,CUST01282,Professional,Monthly,4500,2024-10-16,,Active,,
SUB01283,CUST01283,Starter,Monthly,1500,2025-05-12,,Active,,
SUB01284,CUST01284,Starter,Monthly,1500,2024-05-31,2024-11-10,Cancelled,10/11/2024,Too expensive
SUB01285,CUST01285,Enterprise,Monthly,20000,2024-05-11,,Active,,
SUB01286,CUST01286,Business,Monthly,9000,2024-09-03,,Active,,
SUB01287,CUST01287,Business,Annual,9000,2024-04-20,2026-06-07,Cancelled,2026-06-07,Not using the product enough
SUB01288,CUST01288,Professional,Monthly,4500,2026-01-17,,Active,,
SUB01289,CUST01289,starter,Monthly,1500,2024-03-21,2025-02-06,Cancelled,2025-02-06,Poor customer support
SUB01290,CUST01290,Business,Annual,9000,2025-03-04,2026-05-19,Cancelled,2026-05-19,Missing features
SUB01291,CUST01291,Business,Monthly,9000,2024-04-29,,Active,,
SUB01292,CUST01292,Professional,Annual,4500,2026-02-12,,Active,,
SUB01293,CUST01293,Starter,Monthly,1500,2024-01-24,,Active,,
SUB01294,CUST01294,Enterprise,Monthly,20000,2025-11-08,,Active,,
SUB01295,CUST01295,Professional,Monthly,4500,2025-05-06,,Active,,
SUB01296,CUST01296,business,Monthly,9000,2025-11-01,,Active,,
SUB01297,CUST01297,Professional,Monthly,4500,2024-10-21,,Active,,
SUB01298,CUST01298,Professional,Monthly,4500,2025-01-01,2026-01-01,Cancelled,2026-01-01,Switched to competitor
SUB01299,CUST01299,Professional,Annual,4500,2024-07-03,,Active,,
SUB01300,CUST01300,Starter,Monthly,1500,2023-10-04,,Active,,
SUB01301,CUST01301,Business,Annual,9000,2024-05-07,2025-01-17,Cancelled,2025-01-17,Too expensive
SUB01302,CUST01302,Starter,Monthly,1500,2025-02-05,,Active,,
SUB01303,CUST01303,Starter,Monthly,1500,2024-04-18,2026-08-15,Cancelled,2026-08-15,Poor customer support
SUB01304,CUST01304,Professional,Monthly,4500,2025-03-12,,Active,,
SUB01305,CUST01305,Business,Monthly,9000,2023-11-03,,Active,,
SUB01306,CUST01306,Starter,Monthly,1500,2024-06-27,,Active,,
SUB01307,CUST01307,Professional,Annual,4500,2026-03-22,,Active,,
SUB01308,CUST01308,Business,Annual,9000,2024-02-09,,Active,,
SUB01309,CUST01309,Professional,Annual,4500,2025-06-04,,Active,,
SUB01310,CUST01310,Starter,Monthly,1500,2025-12-25,,Active,,
SUB01311,CUST01311,Business,Monthly,9000,2024-01-05,2025-06-15,Cancelled,2025-06-15,Poor customer support
SUB01312,CUST01312,Starter,monthly,1500,2023-10-22,,Active,,
SUB01313,CUST01313,Starter,Monthly,1500,2024-01-03,,Active,,
SUB01314,CUST01314,Professional,Monthly,4500,2024-06-02,,Active,,
SUB01315,CUST01315,Starter,Monthly,1500,2025-10-09,,Active,,
SUB01316,CUST01316,Starter,Monthly,1500,2025-09-29,,Active,,
SUB01317,CUST01317,Professional,Monthly,4500,2025-02-04,,Active,,
SUB01318,CUST01318,Professional,Monthly,4500,2025-08-07,,Active,,
SUB01319,CUST01319,Professional,Monthly,4500,2024-03-23,2025-09-15,Cancelled,2025-09-15,Poor customer support
SUB01320,CUST01320,Starter,Annual,1500,2024-06-26,2026-08-22,Cancelled,2026-08-22,Business downsized
SUB01321,CUST01321,Starter,Annual,1500,2026-02-01,,Active,,
SUB01322,CUST01322,Professional,Monthly,4500,2026-01-18,2026-06-29,Cancelled,2026-06-29,Business downsized
SUB01323,CUST01323,Professional,Annual,4500,2024-08-30,,Active,,
SUB01324,CUST01324,Professional,Monthly,4500,2023-12-19,2025-10-25,Cancelled,2025-10-25,Switched to competitor
SUB01325,CUST01325,Professional,Annual,4500,2024-06-30,,Active,,
SUB01326,CUST01326,Business,Annual,9000,2026-04-15,,Active,,
SUB01327,CUST01327,Starter,Monthly,1500,2026-04-18,,Active,,
SUB01328,CUST01328,Professional,Monthly,4500,2026-02-20,,Active,,
SUB01329,CUST01329,Professional,Monthly,4500,2025-02-17,,Active,,
SUB01330,CUST01330,business,Monthly,9000,"Jul 06, 2025",,Active,,
SUB01331,CUST01331,Professional,Annual,4500,2024-09-25,,Active,,
SUB01332,CUST01332,Professional,Monthly,4500,2025-05-29,,Active,,
SUB01333,CUST01333,Starter,Monthly,1500,2025-05-31,2025-11-20,Cancelled,2025-11-20,Switched to competitor
SUB01334,CUST01334,Business,Annual,9000,2024-04-18,,Active,,
SUB01335,CUST01335,Professional,monthly,4500,2023-10-01,,Active,,
SUB01336,CUST01336,Starter,Annual,1500,2023-09-26,,Active,,
SUB01337,CUST01337,Professional,Monthly,4500,2026-01-08,2026-08-14,Cancelled,2026-08-14,Business downsized
SUB01338,CUST01338,Starter,Monthly,1500,2025-06-05,,Active,,
SUB01339,CUST01339,Professional,Annual,4500,2025-06-29,2026-01-09,Cancelled,2026-01-09,Switched to competitor
SUB01340,CUST01340,Business,Monthly,9000,2023-12-04,2024-12-09,Cancelled,2024-12-09,Business downsized
SUB01341,CUST01341,Business,Monthly,9000,2025-11-25,2026-08-05,Cancelled,2026-08-05,Too expensive
SUB01342,CUST01342,Business,Monthly,9000,2024-02-28,,Active,,
SUB01343,CUST01343,Professional,Annual,4500,2025-11-25,,Active,,
SUB01344,CUST01344,Starter,Monthly,1500,2026-01-12,,Active,,
SUB01345,CUST01345,Starter,Monthly,1500,2026-06-14,,Active,,
SUB01346,CUST01346,Starter,Monthly,1500,2025-10-20,,Active,,
SUB01347,CUST01347,Starter,Monthly,1500,2026-04-24,,Active,,
SUB01348,CUST01348,Starter,Monthly,1500,2023-10-29,,Active,,
SUB01349,CUST01349,Professional,Monthly,4500,2025-12-06,,Active,,
SUB01350,CUST01350,Business,Monthly,9000,2024-10-26,2026-07-29,Cancelled,2026-07-29,Business closed
SUB01351,CUST01351,Professional,Annual,4500,2026-06-17,,Active,,
SUB01352,CUST01352,Starter,Monthly,1500,2026-08-12,,Active,,
SUB01353,CUST01353,Starter,Monthly,1500,2025-01-08,,Active,,
SUB01354,CUST01354,Professional,Monthly,4500,2024-04-18,,Active,,
SUB01355,CUST01355,Starter,Annual,1500,2024-05-04,,Active,,
SUB01356,CUST01356,Professional,Monthly,4500,2025-11-17,,Active,,
SUB01357,CUST01357,Professional,Monthly,4500,2024-07-28,,Active,,
SUB01358,CUST01358,Starter,Monthly,1500,2024-01-19,,Active,,
SUB01359,CUST01359,Starter,Monthly,1500,2025-09-04,,Active,,
SUB01360,CUST01360,Starter,Monthly,1500,2024-10-15,,Active,,
SUB01361,CUST01361,Business,Monthly,9000,2024-09-07,,Active,,
SUB01362,CUST01362,Professional,Monthly,4500,2026-04-24,,Active,,
SUB01363,CUST01363,Business,Annual,9000,2024-01-22,,Active,,
SUB01364,CUST01364,Professional,Monthly,4500,2024-05-03,,Active,,
SUB01365,CUST01365,Enterprise,Monthly,20000,2025-08-09,,Active,,
SUB01366,CUST01366,Enterprise,Monthly,20000,2024-04-13,,Active,,
SUB01367,CUST01367,Starter,Monthly,1500,2025-07-15,,Active,,
SUB01368,CUST01368,Professional,Annual,4500,2026-04-30,,Active,,
SUB01369,CUST01369,Starter,Annual,1500,2023-10-20,,Active,,
SUB01370,CUST01370,Professional,Monthly,4500,2023-10-22,2025-10-30,Cancelled,2025-10-30,Poor customer support
SUB01371,CUST01371,Professional,Monthly,4500,2023-10-07,,Active,,
SUB01372,CUST01372,Professional,Monthly,4500,2025-08-08,,Active,,
SUB01373,CUST01373,Professional,Monthly,4500,2025-05-23,,Active,,
SUB01374,CUST01374,Starter,Monthly,1500,2026-02-02,,Active,,
SUB01375,CUST01375,Starter,Monthly,1500,2024-03-24,,Active,,
SUB01376,CUST01376,Business,Monthly,9000,2026-08-16,,Active,,
SUB01377,CUST01377,Professional,Monthly,4500,2025-07-08,,Active,,
SUB01378,CUST01378,Enterprise,Monthly,20000,2024-01-15,,Active,,
SUB01379,CUST01379,Business,Monthly,9000,2026-04-16,,Active,,
SUB01380,CUST01380,Starter,Monthly,1500,2024-10-02,,Active,,
SUB01381,CUST01381,Enterprise,Annual,20000,2025-03-09,,Active,,
SUB01382,CUST01382,Professional,Monthly,4500,2025-05-19,,Active,,
SUB01383,CUST01383,Starter,Monthly,1500,2024-09-29,,Active,,
SUB01384,CUST01384,Starter,Monthly,1500,2026-01-29,,Active,,
SUB01385,CUST01385,Starter,Monthly,1500,2024-09-16,,Active,,
SUB01386,CUST01386,Professional,Monthly,4500,2025-07-03,,Active,,
SUB01387,CUST01387,Professional,Monthly,4500,2025-11-07,,Active,,
SUB01388,CUST01388,Starter,Monthly,1500,2026-06-15,2026-08-27,Cancelled,2026-08-27,Missing features
SUB01389,CUST01389,Professional,monthly,4500,2025-01-13,,Active,,
SUB01390,CUST01390,Professional,Monthly,4500,2024-12-07,,Active,,
SUB01391,CUST01391,Business,Monthly,9000,2024-04-17,,Active,,
SUB01392,CUST01392,Professional,Monthly,4500,2023-10-15,2024-09-23,Cancelled,2024-09-23,Business closed
SUB01393,CUST01393,Professional,Annual,4500,2025-01-30,,Active,,
SUB01394,CUST01394,Starter,Annual,1500,2025-03-13,,Active,,
SUB01395,CUST01395,Starter,Monthly,1500,2024-11-29,,Active,,
SUB01396,CUST01396,Professional,Monthly,4500,2026-07-30,,Active,,
SUB01397,CUST01397,Professional,Monthly,4500,2023-10-02,,Active,,
SUB01398,CUST01398,Enterprise,Monthly,20000,2023-10-22,,Active,,
SUB01399,CUST01399,Professional,Monthly,4500,2024-07-06,,Active,,
SUB01400,CUST01400,Business,Monthly,9000,2025-12-18,,Active,,
SUB01401,CUST01401,Starter,monthly,1500,2026-02-04,,Active,,
SUB01402,CUST01402,Starter,Monthly,1500,2026-05-22,,Active,,
SUB01403,CUST01403,Starter,Monthly,1500,2025-01-29,2025-12-01,Cancelled,2025-12-01,Payment issues
SUB01404,CUST01404,Professional,Monthly,4500,2024-04-09,,Active,,
SUB01405,CUST01405,Starter,Monthly,1500,09/11/2023,,Active,,
SUB01406,CUST01406,Starter,Monthly,1500,2023-10-26,,Active,,
SUB01407,CUST01407,Starter,Monthly,1500,2025-05-16,,Active,,
SUB01408,CUST01408,Business,Annual,9000,2024-05-25,,Active,,
SUB01409,CUST01409,Professional,Monthly,4500,2025-06-13,,Active,,
SUB01410,CUST01410,Professional,Monthly,4500,2025-01-04,,Active,,
SUB01411,CUST01411,Starter,Monthly,1500,2025-02-24,2025-05-11,Cancelled,2025-05-11,Missing features
SUB01412,CUST01412,Starter,Monthly,1500,2023-10-24,2025-02-11,Cancelled,2025-02-11,Switched to competitor
SUB01413,CUST01413,Starter,Monthly,1500,2023-10-27,,Active,,
SUB01414,CUST01414,Enterprise,Monthly,20000,2024-01-19,2024-09-30,Cancelled,2024-09-30,Too expensive
SUB01415,CUST01415,Starter,Monthly,1500,2025-12-15,,Active,,
SUB01416,CUST01416,Professional,Monthly,4500,2026-04-18,,Active,,
SUB01417,CUST01417,Professional,Monthly,4500,2023-09-26,2026-05-19,Cancelled,2026-05-19,Switched to competitor
SUB01418,CUST01418,Business,Monthly,9000,2025-08-07,,Active,,
SUB01419,CUST01419,Professional,Monthly,4500,2026-01-16,,Active,,
SUB01420,CUST01420,Business,Monthly,9000,2025-04-22,,Active,,
SUB01421,CUST01421,Professional,Monthly,4500,2024-07-05,02/03/2025,Cancelled,2025-03-02,Switched to competitor
SUB01422,CUST01422,Starter,Monthly,1500,2026-01-19,,Active,,
SUB01423,CUST01423,Professional,Annual,4500,2025-01-06,2026-03-11,Cancelled,2026-03-11,Business downsized
SUB01424,CUST01424,Professional,Monthly,4500,2025-11-16,,Active,,
SUB01425,CUST01425,Enterprise,Annual,20000,2025-10-26,,Active,,
SUB01426,CUST01426,Enterprise,Monthly,20000,2025-11-05,,Active,,
SUB01427,CUST01427,business,Monthly,9000,2026-04-25,2026/09/04,Cancelled,2026-09-04,Missing features
SUB01428,CUST01428,Starter,Monthly,1500,2024-05-19,,Active,,
SUB01429,CUST01429,Starter,Monthly,1500,2026-04-10,,Active,,
SUB01430,CUST01430,Starter,Monthly,1500,2025-02-05,,Active,,
SUB01431,CUST01431,Business,Monthly,9000,2024-08-29,,Active,,
SUB01432,CUST01432,Professional,Annual,4500,2025-12-19,,Active,,
SUB01433,CUST01433,Starter,Monthly,1500,2024-11-02,,Active,,
SUB01434,CUST01434,Enterprise,Monthly,20000,2024-10-08,,Active,,
SUB01435,CUST01435,Starter,Monthly,1500,2024-01-13,2025-09-14,Cancelled,14/09/2025,Too expensive
SUB01436,CUST01436,Starter,Monthly,1500,2026-06-30,"Sep 17, 2026",Cancelled,2026-09-17,Business downsized
SUB01437,CUST01437,Professional,Monthly,4500,2024-09-02,,Active,,
SUB01438,CUST01438,Starter,Monthly,1500,2026-02-10,,Active,,
SUB01439,CUST01439,Starter,Monthly,1500,2024-06-30,,Active,,
SUB01440,CUST01440,Professional,Monthly,4500,2025-01-23,,Active,,
SUB01441,CUST01441,Business,Annual,9000,2026-05-04,,Active,,
SUB01442,CUST01442,PROFESSIONAL,Monthly,4500,2024-05-19,2026-08-14,Cancelled,2026-08-14,Not using the product enough
SUB01443,CUST01443,Professional,Monthly,4500,2024-10-11,,Active,,
SUB01444,CUST01444,Business,Monthly,9000,2023-11-14,,Active,,
SUB01445,CUST01445,Professional,Monthly,4500,2025-05-07,,Active,,
SUB01446,CUST01446,Business,Monthly,9000,2024-02-11,2024-07-24,Cancelled,2024-07-24,Switched to competitor
SUB01447,CUST01447,Starter,Monthly,1500,2025-01-27,,Active,,
SUB01448,CUST01448,Professional,Annual,4500,2024-05-02,,Active,,
SUB01449,CUST01449,Business,Monthly,9000,2024-11-09,,Active,,
SUB01450,CUST01450,Starter,Monthly,1500,2024-08-28,,Active,,
SUB01451,CUST01451,Professional,Monthly,4500,2024-06-22,,Active,,
SUB01452,CUST01452,Starter,Monthly,1500,2024-07-15,,Active,,
SUB01453,CUST01453,Starter,Monthly,1500,2023-10-04,,Active,,
SUB01454,CUST01454,Starter,Monthly,1500,2025-12-11,,Active,,
SUB01455,CUST01455,Professional,Monthly,4500,2024-09-11,2025-12-06,Cancelled,2025/12/06,Missing features
SUB01456,CUST01456,Business,Annual,9000,2024-10-28,,Active,,
SUB01457,CUST01457,Starter,Monthly,1500,2025-10-22,,Active,,
SUB01458,CUST01458,Starter,Monthly,1500,2023-11-17,,Active,,
SUB01459,CUST01459,Business,Monthly,9000,2024-06-25,,Active,,
SUB01460,CUST01460,Starter,Monthly,1500,2025-06-10,,Active,,
SUB01461,CUST01461,Enterprise,Monthly,20000,2024-01-12,,Active,,
SUB01462,CUST01462,PROFESSIONAL,Monthly,4500,2024-06-04,,Active,,
SUB01463,CUST01463,Starter,Monthly,1500,2025-10-25,,Active,,
SUB01464,CUST01464,Professional,Monthly,4500,2026-04-22,,Active,,
SUB01465,CUST01465,Starter,Monthly,1500,2025-10-13,,Active,,
SUB01466,CUST01466,Starter,Monthly,1500,2025-03-07,2025-05-17,Cancelled,2025-05-17,Missing features
SUB01467,CUST01467,Business,Annual,9000,2023-12-07,,Active,,
SUB01468,CUST01468,Professional,Annual,4500,2025-04-24,,Active,,
SUB01469,CUST01469,Enterprise,Monthly,20000,2025-05-12,,Active,,
SUB01470,CUST01470,Professional,Monthly,4500,2024-07-05,,Active,,
SUB01471,CUST01471,Business,Monthly,9000,2024-11-28,,Active,,
SUB01472,CUST01472,Starter,Monthly,1500,2024-05-16,,Active,,
SUB01473,CUST01473,Professional,Monthly,4500,2026-07-09,,Active,,
SUB01474,CUST01474,Professional,Monthly,4500,2024-07-25,,Active,,
SUB01475,CUST01475,Professional,Monthly,4500,2023-12-07,2025-11-04,Cancelled,2025-11-04,Not using the product enough
SUB01476,CUST01476,Business,Monthly,9000,2024-10-30,,Active,,
SUB01477,CUST01477,Starter,Monthly,1500,2024-04-06,,Active,,
SUB01478,CUST01478,Professional,Monthly,4500,2024-05-02,,Active,,
SUB01479,CUST01479,Starter,Monthly,1500,2026-05-13,,Active,,
SUB01480,CUST01480,Starter,Monthly,1500,2024-06-23,,Active,,
SUB01481,CUST01481,Professional,monthly,4500,2025-11-21,,Active,,
SUB01482,CUST01482,Business,Monthly,9000,2025-10-16,2026-02-23,Cancelled,2026/02/23,Poor customer support
SUB01483,CUST01483,Starter,Monthly,1500,2026-01-09,,Active,,
SUB01484,CUST01484,Professional,Monthly,4500,2026-03-07,2026-07-26,Cancelled,2026-07-26,Missing features
SUB01485,CUST01485,Business,Monthly,9000,2024-12-23,, Active ,,
SUB01486,CUST01486,Starter,Monthly,1500,2025-05-13,,Active,,
SUB01487,CUST01487,Starter,Monthly,1500,2025-01-30,,Active,,
SUB01488,CUST01488,Starter,Monthly,1500,2025-08-29,,Active,,
SUB01489,CUST01489,Business,Monthly,9000,2025-06-16,,Active,,
SUB01490,CUST01490,Professional,Monthly,4500,2026-02-09,,Active,,
SUB01491,CUST01491,Starter,Monthly,1500,2024-09-07,2026-01-20,Cancelled,2026-01-20,Business downsized
SUB01492,CUST01492,Professional,Monthly,4500,2023-11-29,,Active,,
SUB01493,CUST01493,Starter,Monthly,1500,2025-08-02,2026-01-12,Cancelled,2026-01-12,Business downsized
SUB01494,CUST01494,Starter,Annual,1500,2024-05-16,,Active,,
SUB01495,CUST01495,Enterprise,Monthly,20000,2024-05-17,,Active,,
SUB01496,CUST01496,Starter,Monthly,1500,2023-10-16,,Active,,
SUB01497,CUST01497,Professional,Monthly,4500,2024-02-10,,Active,,
SUB01498,CUST01498,Business,Annual,9000,2024-09-25,,Active,,
SUB01499,CUST01499,Business,Annual,9000,2024-10-06,,Active,,
SUB01500,CUST01500,Starter,Monthly,1500,2025-09-27,,Active,,
SUB01501,CUST01501,Starter,Monthly,1500,2026-01-09,,Active,,
SUB01502,CUST01502,Professional,Monthly,4500,2024-03-18,,Active,,
SUB01503,CUST01503,Starter,Monthly,1500,20/08/2026,,Active,,
SUB01504,CUST01504,Professional,Monthly,4500,2025-07-11,,Active,,
SUB01505,CUST01505,Professional,Monthly,4500,2026-04-04,,Active,,
SUB01506,CUST01506,Professional,Monthly,4500,2023-11-08,,Active,,
SUB01507,CUST01507,Starter,Monthly,1500,2023-09-26,,Active,,
SUB01508,CUST01508,Professional,Monthly,4500,2026-05-09,,Active,,
SUB01509,CUST01509,Business,Monthly,9000,2024-02-07,,Active,,
SUB01510,CUST01510,Professional,Annual,4500,2026-07-02,,Active,,
SUB01511,CUST01511,Starter,Monthly,1500,2024-01-12,,Active,,
SUB01512,CUST01512,Professional,Monthly,4500,2025-09-14,,Active,,
SUB01513,CUST01513,Enterprise,Monthly,20000,2026-04-07,,Active,,
SUB01514,CUST01514,Starter,Monthly,1500,2024-06-21,2026/07/24,Cancelled,2026/07/24,Poor customer support
SUB01515,CUST01515,Professional,Monthly,4500,2023-12-25,2025-05-24,Cancelled,2025-05-24,Missing features
SUB01516,CUST01516,Professional,Monthly,4500,2023-12-24,2024-11-02,Cancelled,2024-11-02,Business downsized
SUB01517,CUST01517,Professional,Monthly,4500,2025-03-06,,Active,,
SUB01518,CUST01518,Starter,Monthly,1500,2024-04-15,,Active,,
SUB01519,CUST01519,Starter,Annual,1500,2026-01-12,,Active,,
SUB01520,CUST01520,Starter,Annual,1500,2024-10-28,,Active,,
SUB01521,CUST01521,Professional,Monthly,4500,2024-02-19,2025-10-17,Cancelled,2025-10-17,Switched to competitor
SUB01522,CUST01522,Starter,Monthly,1500,2024-10-22,,Active,,
SUB01523,CUST01523,Professional,Monthly,4500,2023-10-11,,Active,,
SUB01524,CUST01524,Professional,Monthly,4500,2024-08-27,2025-08-19,Cancelled,2025-08-19,Too expensive
SUB01525,CUST01525,Starter,Monthly,1500,2025-11-09,,Active,,
SUB01526,CUST01526,Professional,Monthly,4500,2024-05-23,,Active,,
SUB01527,CUST01527,Business,Monthly,9000,2026-07-14,2026-09-23,Cancelled,2026-09-23,Not using the product enough
SUB01528,CUST01528,Starter,monthly,1500,2026-02-12,,Active,,
SUB01529,CUST01529,Professional,Monthly,4500,2025-10-06,,Active,,
SUB01530,CUST01530,Business,Monthly,9000,2025-09-09,,Active,,
SUB01531,CUST01531,Professional,Monthly,4500,2026-03-23,2026-09-23,Cancelled,2026-09-23,Switched to competitor
SUB01532,CUST01532,Professional,Monthly,4500,2024-01-21,,Active,,
SUB01533,CUST01533,Professional,Annual,4500,2026-02-28,,Active,,
SUB01534,CUST01534,Starter,Monthly,1500,2025-10-17,,Active,,
SUB01535,CUST01535,Professional,Monthly,4500,2026-07-31,,Active,,
SUB01536,CUST01536,Business,Annual,9000,2024-04-14,,Active,,
SUB01537,CUST01537,Professional,Monthly,4500,2023-11-14,,Active,,
SUB01538,CUST01538,Business,Monthly,9000,2025-12-31,,Active,,
SUB01539,CUST01539,Starter,Monthly,1500,2025-07-11,2026-04-21,Cancelled,2026-04-21,Missing features
SUB01540,CUST01540,Professional,Monthly,4500,2026-02-21,,Active,,
SUB01541,CUST01541,Starter,Monthly,1500,2024-01-29,,Active,,
SUB01542,CUST01542,Starter,Monthly,1500,2025-05-13,,Active,,
SUB01543,CUST01543,Starter,Monthly,1500,2026-03-29,,Active,,
SUB01544,CUST01544,Enterprise,Monthly,20000,2025-11-05,,Active,,
SUB01545,CUST01545,Business,Monthly,9000,2024-10-18,,Active,,
SUB01546,CUST01546,Business,Monthly,9000,2023-10-28,,Active,,
SUB01547,CUST01547,Professional,Monthly,4500,2023-10-28,,Active,,
SUB01548,CUST01548,Professional,Monthly,4500,2025-06-13,,Active,,
SUB01549,CUST01549,Professional,Monthly,4500,2025-05-16,"Nov 18, 2025",Cancelled,2025-11-18,Business downsized
SUB01550,CUST01550,Professional,Monthly,4500,2025-03-22,,Active,,
SUB01551,CUST01551,Professional,Monthly,4500,2026-06-04,,Active,,
SUB01552,CUST01552,Professional,Monthly,4500,2025-09-22,,Active,,
SUB01553,CUST01553,Business,Monthly,9000,2025-02-28,,Active,,
SUB01554,CUST01554,Starter,Monthly,1500,2023-11-10,,Active,,
SUB01555,CUST01555,Starter,Monthly,1500,2024-11-09,,Active,,
SUB01556,CUST01556,Business,Monthly,9000,2026-03-31,,Active,,
SUB01557,CUST01557,Professional,Monthly,4500,2023-11-19,,Active,,
SUB01558,CUST01558,Starter,Monthly,1500,2023-10-01,,Active,,
SUB01559,CUST01559,Professional,Monthly,4500,2024-02-26,,Active,,
SUB01560,CUST01560,Starter,Monthly,1500,2026-01-27,,Active,,
SUB01561,CUST01561,Professional,Monthly,4500,2024-06-01,,Active,,
SUB01562,CUST01562,Starter,Annual,1500,2025-08-18,,Active,,
SUB01563,CUST01563,Starter,Monthly,1500,2023-10-12,,Active,,
SUB01564,CUST01564,Starter,Monthly,1500,2024-08-20,,Active,,
SUB01565,CUST01565,Starter,Monthly,1500,2025-09-26,,Active,,
SUB01566,CUST01566,Starter,Monthly,1500,2024-03-06,,Active,,
SUB01567,CUST01567,Professional,Monthly,4500,2026-06-08,,Active,,
SUB01568,CUST01568,Starter,Monthly,1500,2026-07-14,2026-09-19,Cancelled,2026-09-19,Poor customer support
SUB01569,CUST01569,Starter,Annual,1500,2024-11-10,,Active,,
SUB01570,CUST01570,Professional,Monthly,4500,2024-02-24,,Active,,
SUB01571,CUST01571,Business,Monthly,9000,2024-10-22,,Active,,
SUB01572,CUST01572,Enterprise,Annual,20000,2024-08-04,,Active,,
SUB01573,CUST01573,Professional,Annual,4500,2025-05-11,,Active,,
SUB01574,CUST01574,business,Annual,9000,2026-06-20,,Active,,
SUB01575,CUST01575,Starter,Monthly,1500,2025-11-13,,Active,,
SUB01576,CUST01576,Business,Monthly,9000,2024-03-30,2026-01-13,Cancelled,2026-01-13,Business closed
SUB01577,CUST01577,Professional,Annual,4500,2024-05-31,2024-09-16,Cancelled,2024-09-16,Too expensive
SUB01578,CUST01578,Starter,Annual,1500,2024-10-31,,Active,,
SUB01579,CUST01579,Professional,Monthly,4500,2024-01-24,,Active,,
SUB01580,CUST01580,Starter,Annual,1500,2025-03-13,,Active,,
SUB01581,CUST01581,Professional,Monthly,4500,2025-06-14,,Active,,
SUB01582,CUST01582,Professional,monthly,4500,2026-01-31,,Active,,
SUB01583,CUST01583,Business,Monthly,9000,2026-05-21,, Active ,,
SUB01584,CUST01584,Business,Annual,9000,2026-06-29,,Active,,
SUB01585,CUST01585,Starter,Annual,1500,2024-12-27,,Active,,
SUB01586,CUST01586,Starter,Monthly,1500,2024-01-28,,Active,,
SUB01587,CUST01587,Enterprise,Monthly,20000,2026-04-23,,Active,,
SUB01588,CUST01588,Enterprise,Monthly,20000,2024-03-19,,Active,,
SUB01589,CUST01589,Business,Monthly,9000,2024-03-27,,Active,,
SUB01590,CUST01590,Business,Annual,9000,2023-12-27,,Active,,
SUB01591,CUST01591,Professional,Annual,4500,2026-05-15,,Active,,
SUB01592,CUST01592,Professional,Monthly,4500,2024-10-03,,Active,,
SUB01593,CUST01593,Business,Monthly,9000,2026-03-03,2026-06-12,Cancelled,2026-06-12,Too expensive
SUB01594,CUST01594,Enterprise,Annual,20000,2024-12-24,2026-09-16,Cancelled,2026-09-16,Missing features
SUB01595,CUST01595,Professional,Monthly,4500,2026-04-23,,Active,,
SUB01596,CUST01596,Professional,Monthly,4500,2024-03-31,,Active,,
SUB01597,CUST01597,Professional,Monthly,4500,2024-06-18,2026-01-15,Cancelled,2026-01-15,Switched to competitor
SUB01598,CUST01598,Starter,Monthly,1500,2024-07-13,11/10/2025,Cancelled,2025-10-11,Payment issues
SUB01599,CUST01599,Enterprise,Monthly,20000,2023-11-18,,Active,,
SUB01600,CUST01600,Professional,Monthly,4500,2023-10-30,,Active,,
SUB01601,CUST01601,Professional,Monthly,4500,2023-12-18,2025-08-21,Cancelled,2025-08-21,Not using the product enough
SUB01602,CUST01602,Starter,Monthly,1500,2025-08-02,,Active,,
SUB01603,CUST01603,Professional,monthly,4500,2025-04-17,2026-01-15,Cancelled,2026-01-15,Not using the product enough
SUB01604,CUST01604,Business,Monthly,9000,2024-07-15,,Active,,
SUB01605,CUST01605,Starter,Annual,1500,2024-12-05,2026-05-27,Cancelled,2026-05-27,Too expensive
SUB01606,CUST01606,Professional,Annual,4500,2025-11-11,,Active,,
SUB01607,CUST01607,Business,Monthly,9000,2023-10-20,2023-12-21,Cancelled,2023-12-21,Payment issues
SUB01608,CUST01608,Professional,Monthly,4500,2023-10-06,,Active,,
SUB01609,CUST01609,Professional,Monthly,4500,2025-09-25,,Active,,
SUB01610,CUST01610,Starter,Monthly,1500,2025-03-02,,Active,,
SUB01611,CUST01611,Starter,Monthly,1500,2026-03-19,,Active,,
SUB01612,CUST01612,Starter,Monthly,1500,2024-03-29,,Active,,
SUB01613,CUST01613,Starter,Monthly,1500,2025-09-15,,Active,,
SUB01614,CUST01614,Professional,Annual,4500,2024-06-20,,Active,,
SUB01615,CUST01615,Professional,Monthly,4500,2023-09-30,,Active,,
SUB01616,CUST01616,Professional,Monthly,4500,2023-10-02,,Active,,
SUB01617,CUST01617,Enterprise,Annual,20000,2024-11-07,,Active,,
SUB01618,CUST01618,Professional,Annual,4500,2026-05-26,,Active,,
SUB01619,CUST01619,Professional,Monthly,4500,2026-07-31,,Active,,
SUB01620,CUST01620,Starter,Annual,1500,2025-12-23,,Active,,
SUB01621,CUST01621,Enterprise,Monthly,20000,2026-02-05,,Active,,
SUB01622,CUST01622,Starter,Annual,1500,2025-12-25,,Active,,
SUB01623,CUST01623,Professional,Monthly,4500,2024-01-01,,Active,,
SUB01624,CUST01624,Starter,Monthly,1500,2026-01-11,,Active,,
SUB01625,CUST01625,Enterprise,Monthly,20000,2025-02-20,,Active,,
SUB01626,CUST01626,Starter,Monthly,1500,2023-10-01,,Active,,
SUB01627,CUST01627,Professional,Monthly,4500,2024-08-15,,Active,,
SUB01628,CUST01628,Starter,Monthly,1500,2025-07-03,,Active,,
SUB01629,CUST01629,business,Annual,9000,2024-05-07,2026-03-02,Cancelled,2026-03-02,Switched to competitor
SUB01630,CUST01630,Professional,Monthly,4500,2025-07-23,,Active,,
SUB01631,CUST01631,Professional,Monthly,4500,2025-12-07,,Active,,
SUB01632,CUST01632,Starter,Annual,1500,2024-11-19,,Active,,
SUB01633,CUST01633,Enterprise,Annual,20000,2023-12-29,,Active,,
SUB01634,CUST01634,Starter,Monthly,1500,2024-05-10,,Active,,
SUB01635,CUST01635,Professional,Monthly,4500,2025-07-21,,Active,,
SUB01636,CUST01636,Business,Annual,9000,2026-04-16,,Active,,
SUB01637,CUST01637,Starter,Monthly,1500,2024-07-30,,Active,,
SUB01638,CUST01638,Professional,Monthly,4500,2025-12-09,2026-07-03,Cancelled,2026-07-03,Missing features
SUB01639,CUST01639,Starter,Monthly,1500,2026-01-23,,Active,,
SUB01640,CUST01640,Business,Annual,9000,2026-06-21,,Active,,
SUB01641,CUST01641,Starter,Annual,1500,2025-02-26,,Active,,
SUB01642,CUST01642,Professional,Monthly,4500,2026-04-09,,Active,,
SUB01643,CUST01643,Professional,Monthly,4500,2023-11-17,,Active,,
SUB01644,CUST01644,Professional,Monthly,4500,2023-10-17,,Active,,
SUB01645,CUST01645,Starter,Annual,1500,2025-02-24,2025-12-10,Cancelled,2025-12-10,Missing features
SUB01646,CUST01646,Professional,ANNUAL,4500,2025-01-26,,Active,,
SUB01647,CUST01647,Business,Monthly,9000,2025-05-23,,Active,,
SUB01648,CUST01648,Professional,Monthly,4500,2026-04-24,,Active,,
SUB01649,CUST01649,Professional,Monthly,4500,2026-04-03,,Active,,
SUB01650,CUST01650,Business,Monthly,9000,2024-08-24,,Active,,
SUB01651,CUST01651,Professional,Monthly,4500,2026-02-17,2026-05-05,Cancelled,2026-05-05,Too expensive
SUB01652,CUST01652,Business,monthly,9000,2024-02-05,,Active,,
SUB01653,CUST01653,Starter,Annual,1500,2024-12-09,,Active,,
SUB01654,CUST01654,Starter,Annual,1500,2025-09-11,,Active,,
SUB01655,CUST01655,Starter,Monthly,1500,2026-06-01,2026-09-03,Cancelled,2026-09-03,Poor customer support
SUB01656,CUST01656,Starter,Monthly,1500,2026-03-20,,Active,,
SUB01657,CUST01657,Business,Monthly,9000,2025-04-29,,Active,,
SUB01658,CUST01658,Enterprise,Monthly,20000,2025-12-04,,Active,,
SUB01659,CUST01659,Business,Monthly,9000,2024-12-11,,Active,,
SUB01660,CUST01660,Starter,Monthly,1500,2025-12-08,,Active,,
SUB01661,CUST01661,Enterprise,Annual,20000,2024-09-11,,Active,,
SUB01662,CUST01662,Professional,Monthly,4500,2023-10-11,,Active,,
SUB01663,CUST01663,Professional,Monthly,4500,2026-03-19,,Active,,
SUB01664,CUST01664,Business,Annual,9000,2023-11-20,,Active,,
SUB01665,CUST01665,Professional,Monthly,4500,2024-05-03,,Active,,
SUB01666,CUST01666,Business,Monthly,9000,2024-02-16,,Active,,
SUB01667,CUST01667,Business,Monthly,9000,2025-04-01,,Active,,
SUB01668,CUST01668,Professional,Monthly,4500,2025-07-30,,Active,,
SUB01669,CUST01669,Professional,Monthly,4500,2024-11-05,2025-08-14,Cancelled,2025-08-14,Switched to competitor
SUB01670,CUST01670,Professional,Monthly,4500,2026-05-26,,Active,,
SUB01671,CUST01671,starter,Monthly,1500,2024-12-26,,Active,,
SUB01672,CUST01672,Professional,Annual,4500,2023-11-09,,Active,,
SUB01673,CUST01673,Starter,Monthly,1500,2026-01-30,,Active,,
SUB01674,CUST01674,Professional,Annual,4500,2026-04-14,,Active,,
SUB01675,CUST01675,Starter,Monthly,1500,2025-08-14,,Active,,
SUB01676,CUST01676,Business,Monthly,9000,2026-04-19,,Active,,
SUB01677,CUST01677,Starter,Monthly,1500,2026-06-21,2026-09-17,Cancelled,2026-09-17,Business downsized
SUB01678,CUST01678,Enterprise,Monthly,20000,2025-02-13,,Active,,
SUB01679,CUST01679,Enterprise,Monthly,20000,2025-07-19,,Active,,
SUB01680,CUST01680,Professional,Annual,4500,2025-06-12,,Active,,
SUB01681,CUST01681,Professional,Monthly,4500,2024-02-26,,Active,,
SUB01682,CUST01682,Professional,Monthly,4500,2025-12-27,,Active,,
SUB01683,CUST01683,Professional,Monthly,4500,2024-12-19,,Active,,
SUB01684,CUST01684,Professional,Monthly,4500,2024-05-16,,Active,,
SUB01685,CUST01685,Professional,Annual,4500,2026-01-21,2026-07-27,Cancelled,2026-07-27,Too expensive
SUB01686,CUST01686,Starter,Monthly,1500,2026-06-29,,Active,,
SUB01687,CUST01687,Business,Monthly,9000,2025-06-12,,Active,,
SUB01688,CUST01688,Starter,Monthly,1500,2026-02-19,,Active,,
SUB01689,CUST01689,Enterprise,Annual,20000,2024-04-23,,Active,,
SUB01690,CUST01690,Starter,Monthly,1500,2026-03-15,,Active,,
SUB01691,CUST01691,Professional,Annual,4500,2023-11-18,2024-02-21,Cancelled,2024-02-21,Switched to competitor
SUB01692,CUST01692,Professional,Monthly,4500,2025-05-02,,Active,,
SUB01693,CUST01693,Business,Monthly,9000,2024-11-04,,Active,,
SUB01694,CUST01694,enterprise,Monthly,20000,2026-07-02,2026-09-08,Cancelled,2026-09-08,Switched to competitor
SUB01695,CUST01695,Starter,Annual,1500,2024-04-15,,Active,,
SUB01696,CUST01696,Starter,Annual,1500,2025-01-21,,Active,,
SUB01697,CUST01697,Starter,Annual,1500,2024-11-15,2026-07-03,Cancelled,2026-07-03,Missing features
SUB01698,CUST01698,Professional,Monthly,4500,2025-01-25,2025-12-15,Cancelled,2025-12-15,Not using the product enough
SUB01699,CUST01699,Starter,Monthly,1500,2026-05-16,,Active,,
SUB01700,CUST01700,Starter,Monthly,1500,2025-06-12,,Active,,
SUB01701,CUST01701,Professional,Monthly,4500,2024-04-07,, Active ,,
SUB01702,CUST01702,Enterprise,Monthly,20000,2024-04-29,,Active,,
SUB01703,CUST01703,Starter,Monthly,1500,2024-07-24,,Active,,
SUB01704,CUST01704,Business,Monthly,9000,2025-05-21,,Active,,
SUB01705,CUST01705,Starter,Annual,1500,2024-05-13,,Active,,
SUB01706,CUST01706,Professional,Annual,4500,2025-10-14,2026-03-16,Cancelled,2026-03-16,Switched to competitor
SUB01707,CUST01707,Professional,Monthly,4500,2024-12-14,,Active,,
SUB01708,CUST01708,Starter,Monthly,1500,2025-07-05,,Active,,
SUB01709,CUST01709,Starter,Monthly,1500,2024-02-12,,Active,,
SUB01710,CUST01710,Starter,Monthly,1500,2026-03-30,,Active,,
SUB01711,CUST01711,Professional,Monthly,4500,2025-02-18,,Active,,
SUB01712,CUST01712,Professional,Annual,4500,2023-10-25,,Active,,
SUB01713,CUST01713,Business,Annual,9000,2025-03-13,,Active,,
SUB01714,CUST01714,Enterprise,Monthly,20000,2023-10-19,,Active,,
SUB01715,CUST01715,Starter,Monthly,1500,2025-05-29,2026-07-15,Cancelled,2026-07-15,Payment issues
SUB01716,CUST01716,Enterprise,Monthly,20000,2023-12-08,,Active,,
SUB01717,CUST01717,Enterprise,Monthly,20000,2025-02-20,2025-10-28,Cancelled,2025-10-28,Switched to competitor
SUB01718,CUST01718,Professional,Annual,4500,2023/12/14,,Active,,
SUB01719,CUST01719,Starter,Monthly,1500,2024-09-01,,Active,,
SUB01720,CUST01720,Starter,Monthly,1500,2026-01-26,"Sep 02, 2026",Cancelled,2026-09-02,Switched to competitor
SUB01721,CUST01721,Starter,Monthly,1500,2024-11-15,,Active,,
SUB01722,CUST01722,Enterprise,Monthly,20000,2025-03-15,2025-07-24,Cancelled,2025-07-24,
SUB01723,CUST01723,Professional,Monthly,4500,2026-07-30,,Active,,
SUB01724,CUST01724,Professional,Monthly,4500,2024-07-11,,Active,,
SUB01725,CUST01725,Professional,Monthly,4500,2025-09-24,,Active,,
SUB01726,CUST01726,Starter,Monthly,1500,2024-05-27,2025-06-15,Cancelled,2025-06-15,
SUB01727,CUST01727,Professional,Monthly,4500,2025-12-31,,Active,,
SUB01728,CUST01728,PROFESSIONAL,Annual,4500,2025-09-24,,Active,,
SUB01729,CUST01729,Professional,Monthly,4500,2025-05-22,,Active,,
SUB01730,CUST01730,Business,Annual,9000,2025-07-30,,Active,,
SUB01731,CUST01731,Starter,Monthly,1500,2026-01-27,2026-09-13,Cancelled,13/09/2026,Switched to competitor
SUB01732,CUST01732,Professional,Monthly,4500,2024-08-28,,Active,,
SUB01733,CUST01733,Business,Annual,9000,2025-08-15,,Active,,
SUB01734,CUST01734,Professional,Monthly,4500,"Jan 02, 2025",,Active,,
SUB01735,CUST01735,Professional,Monthly,4500,2026-05-14,2026-09-14,Cancelled,2026-09-14,Switched to competitor
SUB01736,CUST01736,starter,Monthly,1500,2024-01-06,,Active,,
SUB01737,CUST01737,Enterprise,Monthly,20000,2025-11-03,,Active,,
SUB01738,CUST01738,Business,Monthly,9000,2023-11-15,,Active,,
SUB01739,CUST01739,Professional,Monthly,4500,2024-06-08,,Active,,
SUB01740,CUST01740,Starter,ANNUAL,1500,2026-03-12,,Active,,
SUB01741,CUST01741,Professional,Annual,4500,24/12/2025,,Active,,
SUB01742,CUST01742,Starter,Monthly,1500,2026-01-15,,Active,,
SUB01743,CUST01743,Starter,Monthly,1500,2023-10-08,,Active,,
SUB01744,CUST01744,Professional,Monthly,4500,2026-04-22,08/09/2026,Cancelled,2026-09-08,Poor customer support
SUB01745,CUST01745,Starter,Monthly,1500,2024-03-02,,Active,,
SUB01746,CUST01746,Enterprise,Monthly,20000,2024-05-16,,Active,,
SUB01747,CUST01747,Starter,Monthly,1500,2024-06-12,08/04/2025,Cancelled,2025-04-08,Poor customer support
SUB01748,CUST01748,Starter,Monthly,1500,2026-02-26,,Active,,
SUB01749,CUST01749,Starter,Monthly,1500,2023-10-04,,Active,,
SUB01750,CUST01750,Professional,Monthly,4500,2025-01-22,2026-04-01,Cancelled,2026-04-01,Switched to competitor
SUB01751,CUST01751,Starter,Monthly,1500,2026-05-07,,Active,,
SUB01752,CUST01752,Starter,Monthly,1500,2025-12-23,,Active,,
SUB01753,CUST01753,Professional,Monthly,4500,2026-05-04,2026-07-18,Cancelled,"Jul 18, 2026",Switched to competitor
SUB01754,CUST01754,Starter,Monthly,1500,2025-12-03,,Active,,
SUB01755,CUST01755,Professional,Monthly,4500,2024-02-06,,Active,,
SUB01756,CUST01756,Starter,Monthly,1500,2025-01-06,,Active,,
SUB01757,CUST01757,Business,Monthly,9000,2023-10-24,,Active,,
SUB01758,CUST01758,Professional,Monthly,4500,2024-05-01,,Active,,
SUB01759,CUST01759,Starter,Monthly,1500,2023-12-31,,Active,,
SUB01760,CUST01760,Professional,Monthly,4500,2024-01-17,,Active,,
SUB01761,CUST01761,Starter,Monthly,1500,2025-01-29,,Active,,
SUB01762,CUST01762,Business,Annual,9000,2026-02-05,,Active,,
SUB01763,CUST01763,Business,Monthly,9000,2026-01-15,2026-04-15,Cancelled,2026-04-15,Business downsized
SUB01764,CUST01764,Enterprise,Monthly,20000,2024-09-14,,Active,,
SUB01765,CUST01765,Starter,Annual,1500,2025-07-10,2025-09-24,Cancelled,2025-09-24,Business downsized
SUB01766,CUST01766,Starter,Annual,1500,2025-03-07,,Active,,
SUB01767,CUST01767,Enterprise,Annual,20000,2026-07-13,,Active,,
SUB01768,CUST01768,Business,Monthly,9000,2025-02-17,,Active,,
SUB01769,CUST01769,Professional,Monthly,4500,2025-01-11,,Active,,
SUB01770,CUST01770,Starter,Monthly,1500,2023-11-13,,Active,,
SUB01771,CUST01771,Starter,Monthly,1500,2025-10-25,,Active,,
SUB01772,CUST01772,Professional,Monthly,4500,2024-11-19,,Active,,
SUB01773,CUST01773,Starter,Annual,1500,2024-06-06,,Active,,
SUB01774,CUST01774,Professional,Monthly,4500,2025-02-15,,Active,,
SUB01775,CUST01775,Starter,Monthly,1500,2026-04-29,,Active,,
SUB01776,CUST01776,Starter,Monthly,1500,2024-11-07,,Active,,
SUB01777,CUST01777,Professional,Monthly,4500,2024-08-26,,Active,,
SUB01778,CUST01778,Starter,Monthly,1500,2026-03-04,,Active,,
SUB01779,CUST01779,Starter,Monthly,1500,2024-12-30,,Active,,
SUB01780,CUST01780,Professional,Monthly,4500,2025-03-02,,Active,,
SUB01781,CUST01781,Starter,Annual,1500,2026-05-16,2026-08-29,Cancelled,"Aug 29, 2026",Poor customer support
SUB01782,CUST01782,Business,Monthly,9000,2026-08-02,,Active,,
SUB01783,CUST01783,Business,Monthly,9000,2025-03-22,,Active,,
SUB01784,CUST01784,Enterprise,Monthly,20000,2024-03-21,,Active,,
SUB01785,CUST01785,Professional,Monthly,4500,2024-10-07,,Active,,
SUB01786,CUST01786,Enterprise,Monthly,20000,2026-07-06,,Active,,
SUB01787,CUST01787,Professional,Monthly,4500,2023-12-24,,Active,,
SUB01788,CUST01788,Enterprise,Monthly,20000,2024-11-28,,Active,,
SUB01789,CUST01789,Starter,Annual,1500,2026-07-20,,Active,,
SUB01790,CUST01790,Business,Monthly,9000,2024-02-16,,Active,,
SUB01791,CUST01791,starter,Monthly,1500,2025-05-09,,Active,,
SUB01792,CUST01792,Starter,Monthly,1500,2024-11-10,,Active,,
SUB01793,CUST01793,Starter,Monthly,1500,2026-01-19,,Active,,
SUB01794,CUST01794,Professional,Monthly,4500,2024-07-15,,Active,,
SUB01795,CUST01795,Professional,Monthly,4500,2026-07-21,2026-09-22,Cancelled,2026-09-22,Too expensive
SUB01796,CUST01796,Professional,Monthly,4500,2024-06-14,2026-08-18,Cancelled,2026-08-18,Payment issues
SUB01797,CUST01797,Professional,Monthly,4500,2025-07-06,,Active,,
SUB01798,CUST01798,Starter,Annual,1500,2024-08-10,,Active,,
SUB01799,CUST01799,Starter,Monthly,1500,2023/10/21,2026-06-23,Cancelled,2026-06-23,Switched to competitor
SUB01800,CUST01800,Professional,Monthly,4500,2024-09-20,2026-07-18,Cancelled,2026-07-18,Not using the product enough
SUB01801,CUST01801,Enterprise,Monthly,20000,2025-11-07,,Active,,
SUB01802,CUST01802,Starter,Monthly,1500,2025-09-26,,Active,,
SUB01803,CUST01803,Enterprise,Annual,20000,2023-10-12,,Active,,
SUB01804,CUST01804,Starter,Monthly,1500,2024-03-13,,Active,,
SUB01805,CUST01805,Starter,Monthly,1500,2023-11-23,,Active,,
SUB01806,CUST01806,Starter,Monthly,1500,2026-06-08,,Active,,
SUB01807,CUST01807,Professional,Monthly,4500,2024-12-30,,Active,,
SUB01808,CUST01808,Business,Monthly,9000,2025-12-14,,Active,,
SUB01809,CUST01809,Professional,Monthly,4500,2026-07-22,2026-09-23,Cancelled,2026-09-23,Not using the product enough
SUB01810,CUST01810,Starter,Monthly,1500,2025-07-03,2026-03-10,Cancelled,2026-03-10,Not using the product enough
SUB01811,CUST01811,Starter,Monthly,1500,2024-02-23,,Active,,
SUB01812,CUST01812,PROFESSIONAL,Annual,4500,2025-04-13,,Active,,
SUB01813,CUST01813,Professional,Monthly,4500,2024-01-06,,Active,,
SUB01814,CUST01814,Enterprise,Monthly,20000,2024-10-03,2025-03-30,Cancelled,2025-03-30,Switched to competitor
SUB01815,CUST01815,Professional,Monthly,4500,2026-08-09,,Active,,
SUB01816,CUST01816,starter,Monthly,1500,2024-10-27,,Active,,
SUB01817,CUST01817,Enterprise,Monthly,20000,2026-08-15,,Active,,
SUB01818,CUST01818,Professional,Monthly,4500,2024-08-21,,Active,,
SUB01819,CUST01819,Starter,Monthly,1500,2025-04-26,,Active,,
SUB01820,CUST01820,Professional,Annual,4500,2024-12-17,,Active,,
SUB01821,CUST01821,Starter,Monthly,1500,2026-04-10,,Active,,
SUB01822,CUST01822,Professional,Monthly,4500,2026-02-08,,Active,,
SUB01823,CUST01823,Business,Monthly,9000,2025-04-23,,Active,,
SUB01824,CUST01824,Starter,Monthly,1500,2024-09-17,,Active,,
SUB01825,CUST01825,Starter,Monthly,1500,2025-09-20,,Active,,
SUB01826,CUST01826,Professional,Annual,4500,2024-11-04,,Active,,
SUB01827,CUST01827,Starter,monthly,1500,2026-05-13,2026-09-09,Cancelled,2026-09-09,Missing features
SUB01828,CUST01828,Starter,Monthly,1500,2024-02-22,,Active,,
SUB01829,CUST01829,Business,Monthly,9000,2025-04-30,,Active,,
SUB01830,CUST01830,Starter,Monthly,1500,2023-10-12,,Active,,
SUB01831,CUST01831,Business,Annual,9000,2025-07-24,,Active,,
SUB01832,CUST01832,Enterprise,ANNUAL,20000,2025-08-20,,Active,,
SUB01833,CUST01833,Starter,Annual,1500,2025-12-14,, Active ,,
SUB01834,CUST01834,Starter,Monthly,1500,2025-08-11,,Active,,
SUB01835,CUST01835,Professional,Monthly,4500,2024-03-27,,Active,,
SUB01836,CUST01836,Business,Monthly,9000,2025-10-09,,Active,,
SUB01837,CUST01837,Professional,Monthly,4500,2025-01-07,,Active,,
SUB01838,CUST01838,Business,Monthly,9000,2025-09-22,,Active,,
SUB01839,CUST01839,Starter,Monthly,1500,2025-06-28,,Active,,
SUB01840,CUST01840,Starter,Monthly,1500,2024-09-02,,Active,,
SUB01841,CUST01841,Enterprise,Monthly,20000,2024-02-23,,Active,,
SUB01842,CUST01842,Business,Monthly,9000,2024-02-12,,Active,,
SUB01843,CUST01843,Professional,Annual,4500,2024-02-11,,Active,,
SUB01844,CUST01844,Starter,Annual,1500,2024-04-07,,Active,,
SUB01845,CUST01845,Professional,Monthly,4500,2025-12-25,,Active,,
SUB01846,CUST01846,Starter,Monthly,1500,2024-10-31,,Active,,
SUB01847,CUST01847,Professional,Monthly,4500,2025-01-01,,Active,,
SUB01848,CUST01848,Starter,Monthly,1500,2025-01-21,,Active,,
SUB01849,CUST01849,Professional,Monthly,4500,2024-11-15,,Active,,
SUB01850,CUST01850,Starter,Monthly,1500,2024-06-13,,Active,,
SUB01851,CUST01851,Professional,Monthly,4500,2025-08-20,2025-12-19,Cancelled,"Dec 19, 2025",Not using the product enough
SUB01852,CUST01852,Business,Monthly,9000,2024-03-08,,Active,,
SUB01853,CUST01853,Enterprise,Monthly,20000,2024-04-07,,Active,,
SUB01854,CUST01854,Starter,Monthly,1500,2026-01-15,,Active,,
SUB01855,CUST01855,Business,Monthly,9000,06/11/2025,,Active,,
SUB01856,CUST01856,Business,Monthly,9000,2025-01-20,,Active,,
SUB01857,CUST01857,Business,Monthly,9000,2026-08-10,,Active,,
SUB01858,CUST01858,Enterprise,Annual,20000,2023-10-18,,Active,,
SUB01859,CUST01859,Enterprise,Monthly,20000,2023-10-21,,Active,,
SUB01860,CUST01860,Professional,Monthly,4500,2024-02-05,,Active,,
SUB01861,CUST01861,Business,Monthly,9000,2025-01-19,,Active,,
SUB01862,CUST01862,Starter,Monthly,1500,2025-12-28,,Active,,
SUB01863,CUST01863,Starter,Monthly,1500,2026-01-20,2026-06-21,Cancelled,2026-06-21,Missing features
SUB01864,CUST01864,Professional,Monthly,4500,2026-08-09,,Active,,
SUB01865,CUST01865,Business,Monthly,9000,2025-10-07,,Active,,
SUB01866,CUST01866,Professional,Monthly,4500,2024-11-11,,Active,,
SUB01867,CUST01867,Professional,Annual,4500,2026/08/13,,Active,,
SUB01868,CUST01868,Starter,Monthly,1500,2025-02-18,2026-01-08,Cancelled,2026-01-08,Too expensive
SUB01869,CUST01869,Starter,Monthly,1500,2024-11-01,,Active,,
SUB01870,CUST01870,Professional,Monthly,4500,2025-03-14,,Active,,
SUB01871,CUST01871,Starter,Monthly,1500,2025-07-12,,Active,,
SUB01872,CUST01872,Professional,Annual,4500,2024-08-01,2025-06-21,Cancelled,2025-06-21,Business downsized
SUB01873,CUST01873,Professional,Monthly,4500,2024-01-13,,Active,,
SUB01874,CUST01874,Starter,Monthly,1500,2025-10-08,,Active,,
SUB01875,CUST01875,Starter,Annual,1500,2026-08-21,,Active,,
SUB01876,CUST01876,Business,Monthly,9000,2025-07-11,,Active,,
SUB01877,CUST01877,Business,Monthly,9000,2026-02-13,,Active,,
SUB01878,CUST01878,Starter,Annual,1500,2023-11-18,,Active,,
SUB01879,CUST01879,Professional,Monthly,4500,2025-06-21,2026-08-11,Cancelled,2026-08-11,Not using the product enough
SUB01880,CUST01880,Professional,Monthly,4500,2023-12-02,,Active,,
SUB01881,CUST01881,Starter,Monthly,1500,2024-10-19,,Active,,
SUB01882,CUST01882,Professional,Annual,4500,2025-06-25,,Active,,
SUB01883,CUST01883,Professional,Monthly,4500,2024-05-22,,Active,,
SUB01884,CUST01884,Business,Monthly,9000,2024-06-28,,Active,,
SUB01885,CUST01885,Professional,Monthly,4500,2024-03-30,,Active,,
SUB01886,CUST01886,Professional,Monthly,4500,2024-12-29,,Active,,
SUB01887,CUST01887,Starter,Monthly,1500,2026-05-04,2026-08-27,Cancelled,2026-08-27,Business closed
SUB01888,CUST01888,Enterprise,Monthly,20000,2025-10-24,,Active,,
SUB01889,CUST01889,Professional,Monthly,4500,2026-06-10,,Active,,
SUB01890,CUST01890,Professional,Monthly,4500,2026-02-16,,Active,,
SUB01891,CUST01891,Starter,Monthly,1500,2026-04-26,2026-09-10,Cancelled,2026-09-10,Switched to competitor
SUB01892,CUST01892,Professional,Monthly,4500,2026-04-22,,Active,,
SUB01893,CUST01893,Business,Monthly,9000,2024-10-26,,Active,,
SUB01894,CUST01894,Professional,Annual,4500,2024-12-25,,Active,,
SUB01895,CUST01895,Professional,Monthly,4500,2024-11-16,,Active,,
SUB01896,CUST01896,Starter,Monthly,1500,2024-12-16,,Active,,
SUB01897,CUST01897,Professional,Monthly,4500,2025-12-18,,Active,,
SUB01898,CUST01898,Starter,Monthly,1500,2026-06-25,18/09/2026,Cancelled,2026-09-18,Business downsized
SUB01899,CUST01899,Professional,Monthly,4500,2025-05-11,,Active,,
SUB01900,CUST01900,Professional,Monthly,4500,2026-05-13,,Active,,
SUB01901,CUST01901,Professional,Annual,4500,2025-02-09,,Active,,
SUB01902,CUST01902,Starter,Monthly,1500,2026-07-01,2026-09-20,Cancelled,"Sep 20, 2026",Business downsized
SUB01903,CUST01903,Enterprise,Monthly,20000,2026-06-03,,Active,,
SUB01904,CUST01904,Starter,Monthly,1500,2023-12-24,2025-06-08,Cancelled,2025-06-08,Not using the product enough
SUB01905,CUST01905,Starter,Monthly,1500,2026-02-03,,Active,,
SUB01906,CUST01906,Starter,Monthly,1500,2024-05-10,,Active,,
SUB01907,CUST01907,Business,Monthly,9000,2024-11-30,,Active,,
SUB01908,CUST01908,Professional,Monthly,4500,2024-02-17,,Active,,
SUB01909,CUST01909,Starter,Monthly,1500,2025-03-29,,Active,,
SUB01910,CUST01910,Starter,Monthly,1500,2024-03-15,2026-04-03,Cancelled,03/04/2026,Switched to competitor
SUB01911,CUST01911,Starter,Monthly,1500,2024-07-24,2025-06-28,Cancelled,2025-06-28,Switched to competitor
SUB01912,CUST01912,Starter,Monthly,1500,2024-04-04,,Active,,
SUB01913,CUST01913,Starter,Monthly,1500,2024-07-28,,Active,,
SUB01914,CUST01914,Starter,monthly,1500,2025-08-30,,Active,,
SUB01915,CUST01915,Professional,Monthly,4500,2025-05-09,,Active,,
SUB01916,CUST01916,Starter,Monthly,1500,2024-05-26,,Active,,
SUB01917,CUST01917,Starter,Monthly,1500,2025-02-08,,Active,,
SUB01918,CUST01918,Starter,Monthly,1500,2024-07-26,,Active,,
SUB01919,CUST01919,Professional,Monthly,4500,2024-04-27,,Active,,
SUB01920,CUST01920,Professional,Monthly,4500,2024-03-25,,Active,,
SUB01921,CUST01921,Starter,Monthly,1500,2024-10-23,,Active,,
SUB01922,CUST01922,Starter,Annual,1500,2024-09-17,2026-09-07,Cancelled,2026-09-07,Missing features
SUB01923,CUST01923,Starter,Monthly,1500,2025-12-01,,Active,,
SUB01924,CUST01924,Enterprise,Monthly,20000,2024-09-15,,Active,,
SUB01925,CUST01925,Business,Annual,9000,2024-01-10,,Active,,
SUB01926,CUST01926,Enterprise,Annual,20000,2024-08-22,,Active,,
SUB01927,CUST01927,Enterprise,Monthly,20000,2026-06-07,,Active,,
SUB01928,CUST01928,Starter,Monthly,1500,2023-09-26,,Active,,
SUB01929,CUST01929,Starter,Monthly,1500,2024-03-13,,Active,,
SUB01930,CUST01930,Business,Monthly,9000,2023-11-17,2024-06-04,Cancelled,2024-06-04,Business closed
SUB01931,CUST01931,Starter,Monthly,1500,2025-06-17,,Active,,
SUB01932,CUST01932,Professional,Monthly,4500,2026-01-17,,Active,,
SUB01933,CUST01933,Business,Monthly,9000,2023-12-08,,Active,,
SUB01934,CUST01934,Starter,Monthly,1500,2024-10-18,,Active,,
SUB01935,CUST01935,Starter,Monthly,1500,2025-06-25,,Active,,
SUB01936,CUST01936,Professional,Annual,4500,2026-03-04,,Active,,
SUB01937,CUST01937,Starter,Monthly,1500,2025-02-13,2026-03-13,Cancelled,2026-03-13,Not using the product enough
SUB01938,CUST01938,Enterprise,Monthly,20000,2026-06-22,,Active,,
SUB01939,CUST01939,Professional,Annual,4500,2025-11-05,,Active,,
SUB01940,CUST01940,Professional,Monthly,4500,2024-10-26,2025-04-05,Cancelled,2025-04-05,Payment issues
SUB01941,CUST01941,PROFESSIONAL,Annual,4500,2025-04-05,,Active,,
SUB01942,CUST01942,Starter,Monthly,1500,2024-03-14,,Active,,
SUB01943,CUST01943,Professional,monthly,4500,2024-05-24,,Active,,
SUB01944,CUST01944,Business,Annual,9000,2026-06-25,,Active,,
SUB01945,CUST01945,Starter,Monthly,1500,2024-12-12,,Active,,
SUB01946,CUST01946,Professional,Annual,4500,2023-12-22,,Active,,
SUB01947,CUST01947,Professional,Monthly,4500,2025-11-19,,Active,,
SUB01948,CUST01948,Business,Monthly,9000,2023-12-26,,Active,,
SUB01949,CUST01949,Starter,Monthly,1500,2024-11-09,2026-01-16,Cancelled,2026-01-16,Switched to competitor
SUB01950,CUST01950,Starter,Monthly,1500,2024-03-17,,Active,,
SUB01951,CUST01951,Starter,Annual,1500,2024-06-23,,Active,,
SUB01952,CUST01952,Business,Annual,9000,2025-11-06,,Active,,
SUB01953,CUST01953,Business,Annual,9000,2024-11-17,,Active,,
SUB01954,CUST01954,Starter,Annual,1500,2024-02-03,,Active,,
SUB01955,CUST01955,Professional,Monthly,4500,2023-11-15,,Active,,
SUB01956,CUST01956,Starter,Monthly,1500,2024-09-16,, Active ,,
SUB01957,CUST01957,Professional,Monthly,4500,2025-09-15,,Active,,
SUB01958,CUST01958,Starter,monthly,1500,2025-12-22,,Active,,
SUB01959,CUST01959,Business,Annual,9000,2024-12-23,,Active,,
SUB01960,CUST01960,Starter,Monthly,1500,2025-02-02,,Active,,
SUB01961,CUST01961,Starter,Monthly,1500,2023-10-28,,Active,,
SUB01962,CUST01962,Starter,Monthly,1500,2024-10-13,,Active,,
SUB01963,CUST01963,Enterprise,Monthly,20000,2023-10-03,,Active,,
SUB01964,CUST01964,Professional,Monthly,4500,2024-06-30,,Active,,
SUB01965,CUST01965,PROFESSIONAL,Monthly,4500,2024-12-07,,Active,,
SUB01966,CUST01966,Business,Annual,9000,2024-08-22,,Active,,
SUB01967,CUST01967,Business,Monthly,9000,2025-06-27,2025-09-27,Cancelled,2025-09-27,Switched to competitor
SUB01968,CUST01968,Business,Monthly,9000,2023-11-17,,Active,,
SUB01969,CUST01969,Starter,Monthly,1500,2024-05-25,,Active,,
SUB01970,CUST01970,Enterprise,Monthly,20000,2024-07-30,2025-01-07,Cancelled,2025-01-07,Not using the product enough
SUB01971,CUST01971,Professional,Monthly,4500,2024-09-27,2026/04/30,Cancelled,2026-04-30,Missing features
SUB01972,CUST01972,Starter,Monthly,1500,2024-06-15,,Active,,
SUB01973,CUST01973,Business,Monthly,9000,2026-08-18,,Active,,
SUB01974,CUST01974,Starter,Monthly,1500,2023-11-04,, Active ,,
SUB01975,CUST01975,Starter,Monthly,1500,2024-02-01,,Active,,
SUB01976,CUST01976,PROFESSIONAL,Monthly,4500,2024-04-01,,Active,,
SUB01977,CUST01977,Starter,Monthly,1500,2024-12-31,2026-05-28,Cancelled,2026-05-28,Missing features
SUB01978,CUST01978,Business,Monthly,9000,2026-01-28,,Active,,
SUB01979,CUST01979,Professional,Monthly,4500,2025-12-28,,Active,,
SUB01980,CUST01980,Enterprise,Annual,20000,2026-07-14,,Active,,
SUB01981,CUST01981,Starter,Monthly,1500,2025-02-07,,Active,,
SUB01982,CUST01982,Professional,Annual,4500,2026-04-11,,Active,,
SUB01983,CUST01983,Starter,Monthly,1500,2024-03-10,,Active,,
SUB01984,CUST01984,Professional,Monthly,4500,2025-08-08,,Active,,
SUB01985,CUST01985,Starter,Monthly,1500,2025-09-09,2026-08-01,Cancelled,2026-08-01,Poor customer support
SUB01986,CUST01986,Professional,Monthly,4500,2026-05-12,2026-08-05,Cancelled,2026-08-05,Missing features
SUB01987,CUST01987,Business,Monthly,9000,2026-04-25,,Active,,
SUB01988,CUST01988,Enterprise,Monthly,20000,2025-09-10,,Active,,
SUB01989,CUST01989,Starter,Monthly,1500,2025-09-25,,Active,,
SUB01990,CUST01990,business,Monthly,9000,2026-01-02,,Active,,
SUB01991,CUST01991,Professional,Monthly,4500,2024-04-13,,Active,,
SUB01992,CUST01992,Business,Monthly,9000,2024-08-24,2024-12-05,Cancelled,2024-12-05,Switched to competitor
SUB01993,CUST01993,Business,Monthly,9000,2024-07-24,,Active,,
SUB01994,CUST01994,Business,Annual,9000,2026-03-15,,Active,,
SUB01995,CUST01995,Starter,Monthly,1500,2024-09-16,,Active,,
SUB01996,CUST01996,Starter,Monthly,1500,2025-05-05,,Active,,
SUB01997,CUST01997,Professional,Monthly,4500,2025-12-17,,Active,,
SUB01998,CUST01998,PROFESSIONAL,Monthly,4500,2023-10-17,2026-01-29,Cancelled,2026-01-29,Too expensive
SUB01999,CUST01999,Professional,Monthly,4500,2023-11-19,2026-04-08,Cancelled,2026/04/08,Not using the product enough
SUB02000,CUST02000,Professional,Monthly,4500,2024-11-07,,Active,,
SUB02001,CUST02001,Starter,Monthly,1500,2026-06-16,,Active,,
SUB02002,CUST02002,Professional,Monthly,4500,2026-08-18,,Active,,
SUB02003,CUST02003,Starter,Monthly,1500,2026-06-29,,Active,,
SUB02004,CUST02004,Starter,Monthly,1500,2024-10-25,2026-07-26,Cancelled,2026-07-26,Poor customer support
SUB02005,CUST02005,Business,Annual,9000,2026-06-27,,Active,,
SUB02006,CUST02006,Enterprise,Annual,20000,2024-04-18,,Active,,
SUB02007,CUST02007,Professional,Monthly,4500,2026-07-11,,Active,,
SUB02008,CUST02008,Professional,Monthly,4500,2024-11-27,,Active,,
SUB02009,CUST02009,Professional,Monthly,4500,2025-06-04,2026-02-17,Cancelled,2026-02-17,Not using the product enough
SUB02010,CUST02010,Starter,Monthly,1500,2026-07-15,,Active,,
SUB02011,CUST02011,Starter,Annual,1500,2024-10-11,2025-07-19,Cancelled,2025-07-19,Missing features
SUB02012,CUST02012,Starter,Monthly,1500,2024-10-16,2026-01-04,Cancelled,2026-01-04,Not using the product enough
SUB02013,CUST02013,Enterprise,Annual,20000,2024-01-08,, Active ,,
SUB02014,CUST02014,Business,Monthly,9000,2024-04-17,,Active,,
SUB02015,CUST02015,Business,Monthly,9000,2023-12-13,,Active,,
SUB02016,CUST02016,Business,Monthly,9000,2026-05-06,,Active,,
SUB02017,CUST02017,Business,Annual,9000,2025-06-28,,Active,,
SUB02018,CUST02018,Professional,Annual,4500,2025-07-15,,Active,,
SUB02019,CUST02019,Business,Monthly,9000,2023-12-21,2025-06-10,Cancelled,2025-06-10,Business closed
SUB02020,CUST02020,Enterprise,Monthly,20000,2026-01-25,,Active,,
SUB02021,CUST02021,Professional,Monthly,4500,2024-02-01,,Active,,
SUB02022,CUST02022,Professional,Monthly,4500,2024-05-21,,Active,,
SUB02023,CUST02023,Professional,Annual,4500,2023-11-02,,Active,,
SUB02024,CUST02024,Professional,Monthly,4500,2025-04-29,2026-07-24,Cancelled,2026-07-24,Payment issues
SUB02025,CUST02025,Professional,Annual,4500,2025-05-19,, Active ,,
SUB02026,CUST02026,Professional,Monthly,4500,2023-11-27,,Active,,
SUB02027,CUST02027,Starter,Annual,1500,2026-03-11,,Active,,
SUB02028,CUST02028,Starter,Monthly,1500,2026-01-15,,Active,,
SUB02029,CUST02029,Professional,Monthly,4500,2024-10-28,,Active,,
SUB02030,CUST02030,Starter,Annual,1500,2026-03-06,,Active,,
SUB02031,CUST02031,Business,Monthly,9000,2024-10-12,2026/01/26,Cancelled,2026-01-26,Poor customer support
SUB02032,CUST02032,PROFESSIONAL,Monthly,4500,2025-05-29,,Active,,
SUB02033,CUST02033,Professional,Monthly,4500,2026-04-06,,Active,,
SUB02034,CUST02034,Professional,Monthly,4500,2025-03-03,,Active,,
SUB02035,CUST02035,Professional,Monthly,4500,2023-11-24,,Active,,
SUB02036,CUST02036,Enterprise,Annual,20000,2025-09-28,,Active,,
SUB02037,CUST02037,Professional,Monthly,4500,2024-01-22,2025-04-26,Cancelled,2025-04-26,Too expensive
SUB02038,CUST02038,PROFESSIONAL,Monthly,4500,"Nov 04, 2024",2025-10-27,Cancelled,2025-10-27,Too expensive
SUB02039,CUST02039,Enterprise,Monthly,20000,2026-03-31,,Active,,
SUB02040,CUST02040,Starter,Monthly,1500,2025-02-22,,Active,,
SUB02041,CUST02041,Professional,Monthly,4500,2026-06-20,,Active,,
SUB02042,CUST02042,Starter,Monthly,1500,2026-04-07,,Active,,
SUB02043,CUST02043,PROFESSIONAL,Annual,4500,2025-05-09,,Active,,
SUB02044,CUST02044,Professional,Annual,4500,2025-07-29,,Active,,
SUB02045,CUST02045,Professional,Monthly,4500,2024-02-27,,Active,,
SUB02046,CUST02046,Professional,Monthly,4500,2024-12-26,,Active,,
SUB02047,CUST02047,Professional,Annual,4500,2025-09-21,2026-05-25,Cancelled,2026/05/25,Business downsized
SUB02048,CUST02048,Business,Annual,9000,2026-03-28,,Active,,
SUB02049,CUST02049,Starter,Monthly,1500,2026-05-17,,Active,,
SUB02050,CUST02050,Business,Monthly,9000,2025-07-11,2026-03-06,Cancelled,"Mar 06, 2026",Too expensive
SUB02051,CUST02051,Professional,Annual,4500,2025-04-24,,Active,,
SUB02052,CUST02052,Professional,Monthly,4500,2024-03-14,,Active,,
SUB02053,CUST02053,Starter,Monthly,1500,2024-07-14,,Active,,
SUB02054,CUST02054,Professional,Monthly,4500,2025-03-23,,Active,,
SUB02055,CUST02055,Professional,Monthly,4500,2023-10-08,,Active,,
SUB02056,CUST02056,Business,Annual,9000,2023-10-14,,Active,,
SUB02057,CUST02057,Starter,monthly,1500,2025-02-24,,Active,,
SUB02058,CUST02058,Starter,Monthly,1500,2026-05-25,,Active,,
SUB02059,CUST02059,Starter,Annual,1500,2024-09-09,,Active,,
SUB02060,CUST02060,Business,Monthly,9000,2025-01-07,,Active,,
SUB02061,CUST02061,Professional,Monthly,4500,2024-02-09,2025/08/01,Cancelled,2025-08-01,
SUB02062,CUST02062,Starter,Monthly,1500,2025-05-05,,Active,,
SUB02063,CUST02063,Business,Monthly,9000,2025-07-15,,Active,,
SUB02064,CUST02064,Professional,Monthly,4500,2024-01-18,,Active,,
SUB02065,CUST02065,Professional,Monthly,4500,2025-08-28,"Jul 01, 2026",Cancelled,2026-07-01,Missing features
SUB02066,CUST02066,Starter,Annual,1500,2026-05-01,,Active,,
SUB02067,CUST02067,starter,Monthly,1500,2024-12-24,2025-08-07,Cancelled,2025-08-07,Not using the product enough
SUB02068,CUST02068,Business,Monthly,9000,2026-07-17,2026-09-20,Cancelled,2026-09-20,
SUB02069,CUST02069,Enterprise,Monthly,20000,2024-08-12,,Active,,
SUB02070,CUST02070,Enterprise,Monthly,20000,2026-03-04,,Active,,
SUB02071,CUST02071,Starter,Annual,1500,2024-03-12,,Active,,
SUB02072,CUST02072,Starter,Annual,1500,2025/07/05,,Active,,
SUB02073,CUST02073,Starter,Monthly,1500,2026-08-14,,Active,,
SUB02074,CUST02074,Business,Annual,9000,2025-10-08,,Active,,
SUB02075,CUST02075,Starter,Monthly,1500,2025-01-10,,Active,,
SUB02076,CUST02076,Business,Monthly,9000,2026-01-24,,Active,,
SUB02077,CUST02077,Enterprise,Monthly,20000,2024-09-10,,Active,,
SUB02078,CUST02078,Business,Monthly,9000,2026-03-21,,Active,,
SUB02079,CUST02079,Business,Monthly,9000,2023-12-25,,Active,,
SUB02080,CUST02080,Starter,Monthly,1500,2024-12-27,,Active,,
SUB02081,CUST02081,Professional,Monthly,4500,2025-08-01,2026-02-27,Cancelled,2026-02-27,Poor customer support
SUB02082,CUST02082,Starter,Monthly,1500,2025-05-17,2025-08-22,Cancelled,2025-08-22,Business downsized
SUB02083,CUST02083,Starter,Monthly,1500,2024-08-09,,Active,,
SUB02084,CUST02084,Professional,Monthly,4500,2025-07-08,,Active,,
SUB02085,CUST02085,Business,Monthly,9000,2025-12-03,,Active,,
SUB02086,CUST02086,Enterprise,Monthly,20000,2024-06-03,,Active,,
SUB02087,CUST02087,Business,Annual,9000,2024-03-07,2025-07-31,Cancelled,2025-07-31,Poor customer support
SUB02088,CUST02088,Starter,Annual,1500,2024-09-21,,Active,,
SUB02089,CUST02089,Professional,Annual,4500,2024-05-28,,Active,,
SUB02090,CUST02090,Starter,Monthly,1500,2023-11-17,,Active,,
SUB02091,CUST02091,Starter,ANNUAL,1500,2025-02-11,,Active,,
SUB02092,CUST02092,Starter,Monthly,1500,2025-10-27,,Active,,
SUB02093,CUST02093,Starter,Monthly,1500,2024-01-17,2026-06-28,Cancelled,2026-06-28,Not using the product enough
SUB02094,CUST02094,Professional,Annual,4500,2025-08-21,,Active,,
SUB02095,CUST02095,Business,Annual,9000,2025-08-22,,Active,,
SUB02096,CUST02096,Professional,Monthly,4500,2024-07-19,,Active,,
SUB02097,CUST02097,Starter,Monthly,1500,2023-09-26,,Active,,
SUB02098,CUST02098,Starter,Monthly,1500,2026-06-24,,Active,,
SUB02099,CUST02099,Starter,Monthly,1500,2025-07-18,,Active,,
SUB02100,CUST02100,Business,Monthly,9000,2024-10-16,,Active,,
SUB02101,CUST02101,Business,Monthly,9000,2026-03-03,,Active,,
SUB02102,CUST02102,Professional,Monthly,4500,2023-12-31,,Active,,
SUB02103,CUST02103,Professional,Monthly,4500,2025-12-09,,Active,,
SUB02104,CUST02104,Business,Monthly,9000,2024-01-04,,Active,,
SUB02105,CUST02105,Professional,Monthly,4500,2025-07-07,,Active,,
SUB02106,CUST02106,Starter,Annual,1500,2024-10-19,,Active,,
SUB02107,CUST02107,Starter,Monthly,1500,2024/11/17,,Active,,
SUB02108,CUST02108,Professional,Annual,4500,2025-01-10,,Active,,
SUB02109,CUST02109,Professional,Monthly,4500,2026-04-04,2026-06-19,Cancelled,2026-06-19,Switched to competitor
SUB02110,CUST02110,Starter,Monthly,1500,2023-11-23,,Active,,
SUB02111,CUST02111,Starter,Monthly,1500,2024-10-14,2026-03-01,Cancelled,2026/03/01,Business downsized
SUB02112,CUST02112,Business,Monthly,9000,2026-01-05,,Active,,
SUB02113,CUST02113,Starter,Monthly,1500,2023-12-25,,Active,,
SUB02114,CUST02114,Professional,Monthly,4500,2023-09-27,,Active,,
SUB02115,CUST02115,Business,Monthly,9000,2024-09-25,,Active,,
SUB02116,CUST02116,Starter,Annual,1500,2026-07-03,,Active,,
SUB02117,CUST02117,Professional,Monthly,4500,2024-02-03,,Active,,
SUB02118,CUST02118,Professional,Monthly,4500,2025-05-06,,Active,,
SUB02119,CUST02119,Professional,Annual,4500,2025-12-16,,Active,,
SUB02120,CUST02120,Professional,Monthly,4500,2026-03-01,,Active,,
SUB02121,CUST02121,Starter,Monthly,1500,2024-08-10,,Active,,
SUB02122,CUST02122,Starter,Monthly,1500,2026-06-07,,Active,,
SUB02123,CUST02123,Professional,Monthly,4500,2025-02-01,,Active,,
SUB02124,CUST02124,Professional,Monthly,4500,2024-03-16,,Active,,
SUB02125,CUST02125,Business,Monthly,9000,2025-09-06,,Active,,
SUB02126,CUST02126,Professional,Monthly,4500,2025-10-13,, Active ,,
SUB02127,CUST02127,Starter,Monthly,1500,2024-10-29,,Active,,
SUB02128,CUST02128,Starter,Annual,1500,2024-02-01,,Active,,
SUB02129,CUST02129,Starter,Annual,1500,2024-06-11,,Active,,
SUB02130,CUST02130,Enterprise,Monthly,20000,2025-07-17,,Active,,
SUB02131,CUST02131,Professional,Monthly,4500,2024-12-14,2025-06-30,Cancelled,2025-06-30,Switched to competitor
SUB02132,CUST02132,Professional,Monthly,4500,2025-07-17,2026-07-12,Cancelled,2026-07-12,Poor customer support
SUB02133,CUST02133,Professional,Monthly,4500,2025-07-19,,Active,,
SUB02134,CUST02134,Starter,Monthly,1500,2023-11-20,,Active,,
SUB02135,CUST02135,Business,Monthly,9000,2024-07-08,,Active,,
SUB02136,CUST02136,Business,Monthly,9000,2025-08-31,,Active,,
SUB02137,CUST02137,Business,Monthly,9000,2025-12-28,2026-05-06,Cancelled,2026-05-06,Not using the product enough
SUB02138,CUST02138,Professional,Monthly,4500,2025-11-05,,Active,,
SUB02139,CUST02139,Starter,Monthly,1500,2023-10-04,,Active,,
SUB02140,CUST02140,Starter,Monthly,1500,2025-08-28,,Active,,
SUB02141,CUST02141,Professional,Annual,4500,2025-06-27,,Active,,
SUB02142,CUST02142,Business,Monthly,9000,2025-06-05,,Active,,
SUB02143,CUST02143,Professional,Monthly,4500,2025-03-23,,Active,,
SUB02144,CUST02144,Starter,Monthly,1500,2024-09-23,,Active,,
SUB02145,CUST02145,Professional,Annual,4500,2026-07-26,,Active,,
SUB02146,CUST02146,Professional,Monthly,4500,2025-10-14,,Active,,
SUB02147,CUST02147,Professional,Monthly,4500,2024-07-16,,Active,,
SUB02148,CUST02148,Professional,Monthly,4500,2024-01-01,,Active,,
SUB02149,CUST02149,Enterprise,Monthly,20000,2026-01-04,,Active,,
SUB02150,CUST02150,Professional,Annual,4500,2025-12-18,,Active,,
SUB02151,CUST02151,Business,Monthly,9000,2024-06-07,,Active,,
SUB02152,CUST02152,Professional,Monthly,4500,2025-12-12,,Active,,
SUB02153,CUST02153,Professional,Monthly,4500,2023/12/22,,Active,,
SUB02154,CUST02154,Professional,Annual,4500,2023-12-31,,Active,,
SUB02155,CUST02155,Starter,Monthly,1500,2024-04-06,2026-08-16,Cancelled,2026-08-16,Poor customer support
SUB02156,CUST02156,Starter,Annual,1500,2024-12-28,,Active,,
SUB02157,CUST02157,Starter,Monthly,1500,2025-01-09,2026-02-10,Cancelled,2026-02-10,Missing features
SUB02158,CUST02158,Starter,Monthly,1500,2026-06-04,,Active,,
SUB02159,CUST02159,Starter,Monthly,1500,2025-04-24,,Active,,
SUB02160,CUST02160,Starter,Monthly,1500,2023-11-29,,Active,,
SUB02161,CUST02161,Enterprise,Monthly,20000,2024-10-06,,Active,,
SUB02162,CUST02162,Professional,Monthly,4500,2025-11-18,,Active,,
SUB02163,CUST02163,Business,Monthly,9000,2024-04-12,,Active,,
SUB02164,CUST02164,starter,Monthly,1500,2024-08-03,,Active,,
SUB02165,CUST02165,Starter,Monthly,1500,2024-03-21,,Active,,
SUB02166,CUST02166,Professional,Monthly,4500,2024-08-11,,Active,,
SUB02167,CUST02167,Professional,Monthly,4500,2024-12-07,,Active,,
SUB02168,CUST02168,Starter,Monthly,1500,2026-01-12,,Active,,
SUB02169,CUST02169,Professional,Monthly,4500,2026-04-29,,Active,,
SUB02170,CUST02170,Starter,Annual,1500,2025-03-27,,Active,,
SUB02171,CUST02171,Starter,Monthly,1500,2024-01-16,,Active,,
SUB02172,CUST02172,Business,Monthly,9000,2025-08-16,2025-11-18,Cancelled,2025/11/18,Poor customer support
SUB02173,CUST02173,Starter,Monthly,1500,2024-05-31,,Active,,
SUB02174,CUST02174,Professional,Annual,4500,2024-12-13,,Active,,
SUB02175,CUST02175,Starter,Monthly,1500,2025-09-14,2026-05-18,Cancelled,2026-05-18,Missing features
SUB02176,CUST02176,Starter,Monthly,1500,2025-05-11,,Active,,
SUB02177,CUST02177,Starter,Annual,1500,2026-07-07,,Active,,
SUB02178,CUST02178,Starter,Annual,1500,2025-01-08,,Active,,
SUB02179,CUST02179,Professional,Monthly,4500,2023-10-23,,Active,,
SUB02180,CUST02180,Professional,Monthly,4500,2025-01-15,,Active,,
SUB02181,CUST02181,Professional,Monthly,4500,2026-06-25,,Active,,
SUB02182,CUST02182,Starter,Monthly,1500,2024-11-24,,Active,,
SUB02183,CUST02183,Professional,Monthly,4500,2025-01-10,2026-05-04,Cancelled,2026-05-04,Business downsized
SUB02184,CUST02184,Starter,Annual,1500,2024-09-28,,Active,,
SUB02185,CUST02185,Starter,Monthly,1500,2025-08-09,,Active,,
SUB02186,CUST02186,Enterprise,Monthly,20000,2025-10-10,,Active,,
SUB02187,CUST02187,Professional,Monthly,4500,2024-07-16,,Active,,
SUB02188,CUST02188,Business,Monthly,9000,2023-12-17,,Active,,
SUB02189,CUST02189,Professional,Monthly,4500,2026-08-09,,Active,,
SUB02190,CUST02190,Professional,Monthly,4500,2025-07-03,,Active,,
SUB02191,CUST02191,Professional,Monthly,4500,2025-09-16,,Active,,
SUB02192,CUST02192,Professional,Monthly,4500,2025-12-29,,Active,,
SUB02193,CUST02193,Professional,Monthly,4500,2026-04-29,,Active,,
SUB02194,CUST02194,Starter,Annual,1500,2024-03-23,,Active,,
SUB02195,CUST02195,Professional,Monthly,4500,2026-07-10,2026-09-15,Cancelled,2026-09-15,Switched to competitor
SUB02196,CUST02196,Starter,Monthly,1500,2025-01-09,,Active,,
SUB02197,CUST02197,Business,Monthly,9000,2025-03-22,,Active,,
SUB02198,CUST02198,Professional,Monthly,4500,2024-09-24,,Active,,
SUB02199,CUST02199,Enterprise,Monthly,20000,2025-12-29,,Active,,
SUB02200,CUST02200,Starter,Monthly,1500,2024-02-05,,Active,,
SUB02201,CUST02201,Business,Monthly,9000,2024-05-28,,Active,,
SUB02202,CUST02202,Professional,Annual,4500,2025-11-04,27/02/2026,Cancelled,27/02/2026,Business downsized
SUB02203,CUST02203,Starter,Monthly,1500,2024-12-14,,Active,,
SUB02204,CUST02204,Starter,Annual,1500,2025-10-26,2026-03-10,Cancelled,2026-03-10,Poor customer support
SUB02205,CUST02205,Professional,Monthly,4500,2025-05-22,,Active,,
SUB02206,CUST02206,Business,Monthly,9000,2025-12-22,,Active,,
SUB02207,CUST02207,Business,Annual,9000,2024-07-16,,Active,,
SUB02208,CUST02208,Starter,Monthly,1500,2024-06-06,,Active,,
SUB02209,CUST02209,Professional,Monthly,4500,2025-05-17,,Active,,
SUB02210,CUST02210,Starter,Monthly,1500,2024-10-23,,Active,,
SUB02211,CUST02211,Enterprise,Monthly,20000,2026-03-30,,Active,,
SUB02212,CUST02212,Professional,Monthly,4500,2025-03-01,,Active,,
SUB02213,CUST02213,Starter,Monthly,1500,2024-07-23,2026-07-31,Cancelled,2026-07-31,Not using the product enough
SUB02214,CUST02214,Professional,Annual,4500,2026-02-05,,Active,,
SUB02215,CUST02215,Professional,Monthly,4500,2024-06-02,,Active,,
SUB02216,CUST02216,Professional,Monthly,4500,2025-10-20,2026-06-07,Cancelled,2026-06-07,Switched to competitor
SUB02217,CUST02217,Starter,Monthly,1500,2024-06-30,,Active,,
SUB02218,CUST02218,Professional,Monthly,4500,2024-03-13,,Active,,
SUB02219,CUST02219,Starter,Monthly,1500,2025-12-12,,Active,,
SUB02220,CUST02220,Starter,Monthly,1500,2025-06-26,,Active,,
SUB02221,CUST02221,Starter,Monthly,1500,2026-07-26,,Active,,
SUB02222,CUST02222,Business,Monthly,9000,2025-07-16,,Active,,
SUB02223,CUST02223,Business,Monthly,9000,2024-06-07,2024-08-13,Cancelled,2024-08-13,Business downsized
SUB02224,CUST02224,Business,Annual,9000,2023-10-20,2024-05-23,Cancelled,2024-05-23,Not using the product enough
SUB02225,CUST02225,Starter,Monthly,1500,2025-04-28,2025-12-21,Cancelled,2025-12-21,Not using the product enough
SUB02226,CUST02226,Starter,Monthly,1500,2026-01-27,,Active,,
SUB02227,CUST02227,Professional,Monthly,4500,2026-04-27,,Active,,
SUB02228,CUST02228,Starter,Annual,1500,2024-04-14,,Active,,
SUB02229,CUST02229,PROFESSIONAL,Monthly,4500,2026-05-08,,Active,,
SUB02230,CUST02230,Business,Monthly,9000,2024-04-14,,Active,,
SUB02231,CUST02231,Starter,Monthly,1500,2025-08-17,,Active,,
SUB02232,CUST02232,Starter,Monthly,1500,2024-11-11,2025-10-28,Cancelled,2025-10-28,Switched to competitor
SUB02233,CUST02233,Professional,Monthly,4500,2024-03-12,,Active,,
SUB02234,CUST02234,Professional,Annual,4500,2025-08-03,,Active,,
SUB02235,CUST02235,Professional,Monthly,4500,2025-07-18,,Active,,
SUB02236,CUST02236,Professional,Monthly,4500,2025-12-03,,Active,,
SUB02237,CUST02237,Starter,Monthly,1500,2026-02-13,,Active,,
SUB02238,CUST02238,Business,Monthly,9000,2025-07-05,,Active,,
SUB02239,CUST02239,Professional,Monthly,4500,2024-04-25,2024-07-18,Cancelled,2024-07-18,Not using the product enough
SUB02240,CUST02240,Starter,Monthly,1500,2025-01-17,2025-11-26,Cancelled,26/11/2025,Switched to competitor
SUB02241,CUST02241,Starter,Monthly,1500,2025-03-23,,Active,,
SUB02242,CUST02242,Professional,Annual,4500,2024-09-24,12/07/2026,Cancelled,2026-07-12,Business downsized
SUB02243,CUST02243,Professional,Annual,4500,2024-05-05,,Active,,
SUB02244,CUST02244,Professional,Monthly,4500,2024-07-14,,Active,,
SUB02245,CUST02245,Professional,Annual,4500,2024-06-04,,Active,,
SUB02246,CUST02246,Starter,Monthly,1500,2024-04-02,,Active,,
SUB02247,CUST02247,Professional,Monthly,4500,2026-04-09,2026-07-09,Cancelled,2026-07-09,Switched to competitor
SUB02248,CUST02248,Starter,Monthly,1500,2024-03-11,,Active,,
SUB02249,CUST02249,Starter,Monthly,1500,2023-12-31,,Active,,
SUB02250,CUST02250,Starter,Monthly,1500,2024-11-15,,Active,,
SUB02251,CUST02251,Professional,Monthly,4500,2024-01-13,2025-10-07,Cancelled,2025-10-07,Poor customer support
SUB02252,CUST02252,Starter,Monthly,1500,2023-12-10,,Active,,
SUB02253,CUST02253,Starter,Monthly,1500,2024-03-30,,Active,,
SUB02254,CUST02254,Business,Monthly,9000,2025-12-25,,Active,,
SUB02255,CUST02255,Professional,Monthly,4500,2024-02-28,,Active,,
SUB02256,CUST02256,Professional,Monthly,4500,2025-07-04,,Active,,
SUB02257,CUST02257,Starter,Annual,1500,2023-11-23,,Active,,
SUB02258,CUST02258,Business,Monthly,9000,2024-05-19,,Active,,
SUB02259,CUST02259,Business,Annual,9000,24/07/2024,,Active,,
SUB02260,CUST02260,Business,Monthly,9000,2023-11-07,,Active,,
SUB02261,CUST02261,Professional,Annual,4500,2025-07-16,,Active,,
SUB02262,CUST02262,Professional,Monthly,4500,2024-12-07,,Active,,
SUB02263,CUST02263,Business,Annual,9000,2025-09-23,,Active,,
SUB02264,CUST02264,Professional,Monthly,4500,2025-01-23,,Active,,
SUB02265,CUST02265,Business,Monthly,9000,2023-11-16,,Active,,
SUB02266,CUST02266,Business,Monthly,9000,2024-04-11,,Active,,
SUB02267,CUST02267,Professional,Monthly,4500,2024-12-22,,Active,,
SUB02268,CUST02268,Starter,Monthly,1500,2026-03-30,,Active,,
SUB02269,CUST02269,Starter,Annual,1500,2023/11/22,2025-12-18,Cancelled,2025-12-18,Not using the product enough
SUB02270,CUST02270,Business,Monthly,9000,2023-10-10,,Active,,
SUB02271,CUST02271,Professional,Monthly,4500,2024-10-06,,Active,,
SUB02272,CUST02272,Professional,Monthly,4500,2024-08-10,,Active,,
SUB02273,CUST02273,Starter,Monthly,1500,2025-01-19,,Active,,
SUB02274,CUST02274,Starter,Monthly,1500,2025-01-21,,Active,,
SUB02275,CUST02275,Enterprise,Monthly,20000,2023-12-08,,Active,,
SUB02276,CUST02276,Starter,Monthly,1500,2025-07-09,,Active,,
SUB02277,CUST02277,Business,Annual,9000,2024-09-21,,Active,,
SUB02278,CUST02278,Professional,Monthly,4500,2025-07-18,,Active,,
SUB02279,CUST02279,Business,Annual,9000,2024-01-01,,Active,,
SUB02280,CUST02280,Starter,Monthly,1500,2025-03-04,2026-09-15,Cancelled,2026-09-15,Not using the product enough
SUB02281,CUST02281,Professional,Monthly,4500,2026-07-02,,Active,,
SUB02282,CUST02282,Enterprise,Monthly,20000,2026-02-08,,Active,,
SUB02283,CUST02283,Business,Monthly,9000,2025-03-22,,Active,,
SUB02284,CUST02284,Starter,Monthly,1500,2023-10-07,2025-03-04,Cancelled,2025-03-04,Poor customer support
SUB02285,CUST02285,Enterprise,Monthly,20000,2025-06-15,,Active,,
SUB02286,CUST02286,Business,Annual,9000,2025-02-01,,Active,,
SUB02287,CUST02287,Business,Monthly,9000,2026-04-21,,Active,,
SUB02288,CUST02288,Starter,Annual,1500,2024-03-31,,Active,,
SUB02289,CUST02289,Starter,Annual,1500,2023-12-13,,Active,,
SUB02290,CUST02290,starter,Annual,1500,2023-11-10,2025-11-03,Cancelled,"Nov 03, 2025",Business downsized
SUB02291,CUST02291,Starter,monthly,1500,2025-12-22,,Active,,
SUB02292,CUST02292,Starter,Monthly,1500,2023-09-24,,Active,,
SUB02293,CUST02293,Starter,Monthly,1500,2025-07-22,,Active,,
SUB02294,CUST02294,Starter,Monthly,1500,2026-04-17,,Active,,
SUB02295,CUST02295,Business,Annual,9000,2026-06-14,2026-09-19,Cancelled,2026-09-19,Missing features
SUB02296,CUST02296,Business,Monthly,9000,2025-12-03,2026-04-29,Cancelled,2026-04-29,Missing features
SUB02297,CUST02297,Professional,Monthly,4500,2025-08-09,,Active,,
SUB02298,CUST02298,Business,Annual,9000,2024-06-26,2024-09-20,Cancelled ,2024-09-20,Business closed
SUB02299,CUST02299,Enterprise,Monthly,20000,2025-05-29,,Active,,
SUB02300,CUST02300,Professional,Monthly,4500,2024-07-12,,Active,,
SUB02301,CUST02301,Starter,Monthly,1500,2025-01-07,,Active,,
SUB02302,CUST02302,Starter,Monthly,1500,2026-04-02,,Active,,
SUB02303,CUST02303,Professional,Annual,4500,2024-04-11,,Active,,
SUB02304,CUST02304,Professional,Monthly,4500,2023-10-24,,Active,,
SUB02305,CUST02305,Professional,Monthly,4500,2024-08-15,,Active,,
SUB02306,CUST02306,Starter,Monthly,1500,2023-11-30,, Active ,,
SUB02307,CUST02307,Business,Annual,9000,2025-08-28,2026-06-02,Cancelled,2026-06-02,Too expensive
SUB02308,CUST02308,Starter,Monthly,1500,2026-07-22,,Active,,
SUB02309,CUST02309,Professional,Monthly,4500,2024-11-23,,Active,,
SUB02310,CUST02310,Business,Monthly,9000,2025-08-03,,Active,,
SUB02311,CUST02311,Business,Monthly,9000,2026-05-27,,Active,,
SUB02312,CUST02312,Business,Monthly,9000,2024-12-23,,Active,,
SUB02313,CUST02313,Business,Annual,9000,2024-09-13,,Active,,
SUB02314,CUST02314,Starter,Monthly,1500,2025-01-31,,Active,,
SUB02315,CUST02315,Professional,Monthly,4500,2024-12-02,,Active,,
SUB02316,CUST02316,Professional,Annual,4500,2026-08-14,,Active,,
SUB02317,CUST02317,Starter,Monthly,1500,2024-09-10,,Active,,
SUB02318,CUST02318,Professional,Monthly,4500,2024-09-27,,Active,,
SUB02319,CUST02319,Starter,Monthly,1500,2025-10-20,,Active,,
SUB02320,CUST02320,Business,Monthly,9000,2026-01-11,,Active,,
SUB02321,CUST02321,Starter,Monthly,1500,2023-11-29,,Active,,
SUB02322,CUST02322,Starter,Monthly,1500,2026-07-14,,Active,,
SUB02323,CUST02323,Business,Annual,9000,2025-03-29,,Active,,
SUB02324,CUST02324,Business,Monthly,9000,2024-10-26,,Active,,
SUB02325,CUST02325,Starter,Monthly,1500,2025-12-20,,Active,,
SUB02326,CUST02326,Business,Annual,9000,2025-02-06,,Active,,
SUB02327,CUST02327,Business,Monthly,9000,2025-08-06,,Active,,
SUB02328,CUST02328,Starter,Monthly,1500,2024-09-10,2026-04-27,Cancelled,2026-04-27,Missing features
SUB02329,CUST02329,Business,Annual,9000,2024-07-22,,Active,,
SUB02330,CUST02330,Professional,Monthly,4500,2026-06-01,2026-09-19,Cancelled,2026-09-19,Payment issues
SUB02331,CUST02331,Business,Monthly,9000,2025-01-10,2025-11-11,Cancelled,2025-11-11,Not using the product enough
SUB02332,CUST02332,Starter,Monthly,1500,2024-03-16,2026-07-22,Cancelled,2026-07-22,Switched to competitor
SUB02333,CUST02333,Starter,Annual,1500,01/04/2026,,Active,,
SUB02334,CUST02334,Starter,Monthly,1500,2024-10-07,,Active,,
SUB02335,CUST02335,Professional,Annual,4500,2025-06-07,"Jul 05, 2026",Cancelled,05/07/2026,Switched to competitor
SUB02336,CUST02336,Business,Annual,9000,2026-02-27,,Active,,
SUB02337,CUST02337,Starter,Annual,1500,2024-01-06,,Active,,
SUB02338,CUST02338,Professional,Monthly,4500,2025-11-18,,Active,,
SUB02339,CUST02339,Starter,Monthly,1500,2024-07-05,,Active,,
SUB02340,CUST02340,Professional,Monthly,4500,2025-05-11,,Active,,
SUB02341,CUST02341,Professional,Annual,4500,2024-09-16,,Active,,
SUB02342,CUST02342,Starter,Monthly,1500,2026-07-21,2026-09-23,Cancelled,2026-09-23,Payment issues
SUB02343,CUST02343,Starter,Monthly,1500,2024-12-04,2025-03-26,Cancelled,26/03/2025,Business downsized
SUB02344,CUST02344,Starter,Monthly,1500,2024-02-09,,Active,,
SUB02345,CUST02345,Professional,Monthly,4500,2024-10-24,,Active,,
SUB02346,CUST02346,Professional,Monthly,4500,2025-03-27,,Active,,
SUB02347,CUST02347,Business,Monthly,9000,2026-06-30,,Active,,
SUB02348,CUST02348,Business,Monthly,9000,2023-12-29,,Active,,
SUB02349,CUST02349,Business,Monthly,9000,2024-11-27,,Active,,
SUB02350,CUST02350,Professional,Monthly,4500,2025-05-23,2025-10-17,Cancelled,2025-10-17,Missing features
SUB02351,CUST02351,Business,Monthly,9000,2024-11-05,,Active,,
SUB02352,CUST02352,Business,Annual,9000,2023-10-01,,Active,,
SUB02353,CUST02353,Starter,Monthly,1500,2024-05-21,,Active,,
SUB02354,CUST02354,Enterprise,Annual,20000,2025-08-06,,Active,,
SUB02355,CUST02355,Professional,Monthly,4500,2026-03-09,,Active,,
SUB02356,CUST02356,Professional,Monthly,4500,2026-01-09,,Active,,
SUB02357,CUST02357,Enterprise,Monthly,20000,2024-06-21,,Active,,
SUB02358,CUST02358,Starter,Monthly,1500,2024-08-21,"Aug 03, 2025",Cancelled,2025-08-03,Too expensive
SUB02359,CUST02359,Starter,Monthly,1500,2025-09-27,,Active,,
SUB02360,CUST02360,Professional,Monthly,4500,2024-03-03,2025-08-15,Cancelled,2025-08-15,Switched to competitor
SUB02361,CUST02361,Enterprise,Monthly,20000,2026-05-27,2026-08-21,Cancelled,2026-08-21,Switched to competitor
SUB02362,CUST02362,Starter,Monthly,1500,2024-05-04,,Active,,
SUB02363,CUST02363,Professional,Monthly,4500,2025-04-08,,Active,,
SUB02364,CUST02364,Business,Monthly,9000,2026-06-16,,Active,,
SUB02365,CUST02365,PROFESSIONAL,Monthly,4500,2024-06-07,,Active,,
SUB02366,CUST02366,Enterprise,Annual,20000,2024-01-12,,Active,,
SUB02367,CUST02367,Professional,Monthly,4500,2024-11-10,2025-09-09,Cancelled,2025-09-09,Missing features
SUB02368,CUST02368,Professional,Monthly,4500,2025-10-10,,Active,,
SUB02369,CUST02369,Starter,Monthly,1500,2024-06-14,,Active,,
SUB02370,CUST02370,Business,Monthly,9000,2023-11-17,,Active,,
SUB02371,CUST02371,Business,Monthly,9000,2024-02-08,,Active,,
SUB02372,CUST02372,Starter,Annual,1500,2024-03-18,,Active,,
SUB02373,CUST02373,Business,Monthly,9000,2024-04-12,,Active,,
SUB02374,CUST02374,Starter,Monthly,1500,2026-08-13,,Active,,
SUB02375,CUST02375,Enterprise,Monthly,20000,2023-11-14,,Active,,
SUB02376,CUST02376,Starter,Annual,1500,2025-05-27,,Active,,
SUB02377,CUST02377,Starter,Monthly,1500,2025-02-28,,Active,,
SUB02378,CUST02378,Professional,Annual,4500,2026-06-06,,Active,,
SUB02379,CUST02379,Starter,Monthly,1500,2024-10-19,, Active ,,
SUB02380,CUST02380,Business,Annual,9000,2026-02-22,,Active,,
SUB02381,CUST02381,Starter,Monthly,1500,2024-10-26,,Active,,
SUB02382,CUST02382,Starter,Monthly,1500,2025-01-02,,Active,,
SUB02383,CUST02383,Starter,Annual,1500,2024-06-14,,Active,,
SUB02384,CUST02384,Starter,Monthly,1500,2024-08-19,,Active,,
SUB02385,CUST02385,Professional,Annual,4500,2024-11-03,,Active,,
SUB02386,CUST02386,Business,Monthly,9000,2024-03-16,,Active,,
SUB02387,CUST02387,Business,Monthly,9000,2024-03-13,,Active,,
SUB02388,CUST02388,Starter,Monthly,1500,2025-06-08,,Active,,
SUB02389,CUST02389,Business,Monthly,9000,2026-06-06,,Active,,
SUB02390,CUST02390,Professional,Annual,4500,2025-03-08,,Active,,
SUB02391,CUST02391,Starter,Monthly,1500,2024-02-09,,Active,,
SUB02392,CUST02392,Starter,Monthly,1500,2026-05-09,,Active,,
SUB02393,CUST02393,Professional,Monthly,4500,2024-02-27,,Active,,
SUB02394,CUST02394,Professional,Annual,4500,"Sep 15, 2025",2026-07-10,Cancelled,2026-07-10,Business downsized
SUB02395,CUST02395,Business,Annual,9000,2025-08-17,,Active,,
SUB02396,CUST02396,Starter,Monthly,1500,2025-06-17,,Active,,
SUB02397,CUST02397,Business,Annual,9000,2025-12-14,,Active,,
SUB02398,CUST02398,Professional,Monthly,4500,2024-03-26,2026-06-20,Cancelled,"Jun 20, 2026",Poor customer support
SUB02399,CUST02399,Business,Monthly,9000,2024-10-06,,Active,,
SUB02400,CUST02400,Business,Monthly,9000,2025-04-26,,Active,,
SUB02401,CUST02401,Starter,Annual,1500,2024-04-09,,Active,,
SUB02402,CUST02402,Business,Monthly,9000,2026-04-19,2026-09-13,Cancelled,2026-09-13,Payment issues
SUB02403,CUST02403,Business,Monthly,9000,2024-06-20,,Active,,
SUB02404,CUST02404,Business,Monthly,9000,2025-11-20,,Active,,
SUB02405,CUST02405,Business,Monthly,9000,2025-08-16,,Active,,
SUB02406,CUST02406,Starter,Annual,1500,2025-02-20,,Active,,
SUB02407,CUST02407,Professional,Monthly,4500,2024-06-22,,Active,,
SUB02408,CUST02408,Starter,Monthly,1500,2026-03-16,,Active,,
SUB02409,CUST02409,Professional,Monthly,4500,2024-10-11,,Active,,
SUB02410,CUST02410,Professional,Monthly,4500,2024-03-20,,Active,,
SUB02411,CUST02411,Starter,Monthly,1500,2025-02-09,,Active,,
SUB02412,CUST02412,Starter,Monthly,1500,2025-11-18,,Active,,
SUB02413,CUST02413,Professional,Monthly,4500,2025-12-15,,Active,,
SUB02414,CUST02414,Business,Monthly,9000,2023-11-08,2024-01-18,Cancelled,2024-01-18,Business downsized
SUB02415,CUST02415,Starter,Monthly,1500,2024-06-21,,Active,,
SUB02416,CUST02416,Business,Monthly,9000,2024-01-11,,Active,,
SUB02417,CUST02417,Professional,Monthly,4500,2023-12-20,,Active,,
SUB02418,CUST02418,Starter,Monthly,1500,2024-06-27,2024-10-04,Cancelled,2024-10-04,Business downsized
SUB02419,CUST02419,Enterprise,Monthly,20000,2025-10-18,,Active,,
SUB02420,CUST02420,Business,Annual,9000,2025-04-23,,Active,,
SUB02421,CUST02421,Professional,Monthly,4500,2024-01-29,,Active,,
SUB02422,CUST02422,Starter,Monthly,1500,2025-05-26,"Aug 13, 2025",Cancelled,2025-08-13,Missing features
SUB02423,CUST02423,Starter,Monthly,1500,2025-09-15,,Active,,
SUB02424,CUST02424,Professional,Monthly,4500,2023-10-28,,Active,,
SUB02425,CUST02425,Starter,Monthly,1500,2026-05-29,,Active,,
SUB02426,CUST02426,Starter,Monthly,1500,2026-02-20,,Active,,
SUB02427,CUST02427,Starter,Monthly,1500,2026-02-18,,Active,,
SUB02428,CUST02428,Business,Annual,9000,2025-08-12,,Active,,
SUB02429,CUST02429,Professional,Monthly,4500,26/02/2026,,Active,,
SUB02430,CUST02430,Professional,Monthly,4500,2024-12-12,,Active,,
SUB02431,CUST02431,Enterprise,Monthly,20000,2026-07-17,,Active,,
SUB02432,CUST02432,Starter,monthly,1500,2024-09-11,,Active,,
SUB02433,CUST02433,Professional,Monthly,4500,2024-06-25,,Active,,
SUB02434,CUST02434,Professional,Monthly,4500,2024-07-23,,Active,,
SUB02435,CUST02435,Starter,Monthly,1500,2024-11-25,,Active,,
SUB02436,CUST02436,Professional,Annual,4500,2025-08-01,,Active,,
SUB02437,CUST02437,Professional,Monthly,4500,2026-02-13,,Active,,
SUB02438,CUST02438,Professional,Annual,4500,2026-03-30,,Active,,
SUB02439,CUST02439,Starter,Monthly,1500,2025-01-18,,Active,,
SUB02440,CUST02440,Business,Monthly,9000,2026-08-10,,Active,,
SUB02441,CUST02441,Professional,Monthly,4500,2024-07-02,,Active,,
SUB02442,CUST02442,Professional,Monthly,4500,2026-04-05,,Active,,
SUB02443,CUST02443,Starter,Annual,1500,2026-02-16,,Active,,
SUB02444,CUST02444,Starter,Annual,1500,2026-01-03,,Active,,
SUB02445,CUST02445,Professional,Monthly,4500,2024-12-02,,Active,,
SUB02446,CUST02446,Starter,Monthly,1500,2025-10-26,,Active,,
SUB02447,CUST02447,Professional,Monthly,4500,2026-03-11,,Active,,
SUB02448,CUST02448,Starter,Monthly,1500,2025-02-16,,Active,,
SUB02449,CUST02449,Professional,Monthly,4500,2024-06-17,04/10/2024,Cancelled,2024-10-04,Poor customer support
SUB02450,CUST02450,Starter,Annual,1500,2026-08-07,,Active,,
SUB02451,CUST02451,Starter,Monthly,1500,2025-06-11,,Active,,
SUB02452,CUST02452,Starter,Annual,1500,"Mar 07, 2025",,Active,,
SUB02453,CUST02453,Starter,Annual,1500,2025-11-27,,Active,,
SUB02454,CUST02454,Starter,Monthly,1500,2024-01-04,,Active,,
SUB02455,CUST02455,Business,Monthly,9000,2023-12-13,,Active,,
SUB02456,CUST02456,Starter,Monthly,1500,2024-10-29,2025-06-01,Cancelled,2025-06-01,Switched to competitor
SUB02457,CUST02457,Starter,monthly,1500,2026-01-22,,Active,,
SUB02458,CUST02458,Starter,Monthly,1500,2025-02-28,,Active,,
SUB02459,CUST02459,business,Monthly,9000,2024-06-26,,Active,,
SUB02460,CUST02460,Starter,Annual,1500,2026-01-22,,Active,,
SUB02461,CUST02461,Starter,Annual,1500,2025-11-05,,Active,,
SUB02462,CUST02462,Business,Monthly,9000,2023-12-20,,Active,,
SUB02463,CUST02463,Enterprise,Monthly,20000,2023-10-10,,Active,,
SUB02464,CUST02464,Professional,Monthly,4500,2024-09-27,,Active,,
SUB02465,CUST02465,Starter,Monthly,1500,2025-02-20,,Active,,
SUB02466,CUST02466,Starter,Monthly,1500,2023-12-11,,Active,,
SUB02467,CUST02467,Professional,Monthly,4500,2025-09-22,,Active,,
SUB02468,CUST02468,Starter,Monthly,1500,2026-01-29,2026-05-01,Cancelled,2026-05-01,Business closed
SUB02469,CUST02469,Professional,Monthly,4500,2023-10-18,,Active,,
SUB02470,CUST02470,Starter,Monthly,1500,2025-09-23,,Active,,
SUB02471,CUST02471,Professional,Monthly,4500,2024-08-15,,Active,,
SUB02472,CUST02472,Professional,Monthly,4500,2025-04-21,,Active,,
SUB02473,CUST02473,Business,Monthly,9000,2025-05-05,,Active,,
SUB02474,CUST02474,Professional,Annual,4500,2026-06-23,,Active,,
SUB02475,CUST02475,Enterprise,Annual,20000,2023-12-09,,Active,,
SUB02476,CUST02476,Starter,Monthly,1500,2025-05-31,,Active,,
SUB02477,CUST02477,Professional,Monthly,4500,2025-04-05,,Active,,
SUB02478,CUST02478,starter,Monthly,1500,2025-06-19,,Active,,
SUB02479,CUST02479,Enterprise,Monthly,20000,2026-08-16,,Active,,
SUB02480,CUST02480,Starter,Annual,1500,2026-03-17,,Active,,
SUB02481,CUST02481,Professional,Monthly,4500,2024-05-20,,Active,,
SUB02482,CUST02482,Business,Monthly,9000,2024-05-24,,Active,,
SUB02483,CUST02483,Starter,Monthly,1500,2026-03-20,,Active,,
SUB02484,CUST02484,Business,Monthly,9000,2024-03-06,,Active,,
SUB02485,CUST02485,Professional,Annual,4500,2025-01-14,,Active,,
SUB02486,CUST02486,Professional,Monthly,4500,2023-10-20,, Active ,,
SUB02487,CUST02487,Starter,Monthly,1500,2023-11-20,,Active,,
SUB02488,CUST02488,Starter,Annual,1500,2024-01-22,,Active,,
SUB02489,CUST02489,Professional,Annual,4500,2026-08-02,,Active,,
SUB02490,CUST02490,Starter,Monthly,1500,2024-05-27,,Active,,
SUB02491,CUST02491,Professional,Monthly,4500,2024-04-01,,Active,,
SUB02492,CUST02492,Professional,Monthly,4500,2024-02-14,,Active,,
SUB02493,CUST02493,Starter,Monthly,1500,2024-10-21,,Active,,
SUB02494,CUST02494,Professional,Monthly,4500,2024-02-24,,Active,,
SUB02495,CUST02495,Enterprise,Monthly,20000,2026-01-15,,Active,,
SUB02496,CUST02496,Professional,Monthly,4500,2025-04-25,,Active,,
SUB02497,CUST02497,Enterprise,Monthly,20000,2024-02-17,,Active,,
SUB02498,CUST02498,Professional,Monthly,4500,2025-03-27,,Active,,
SUB02499,CUST02499,Enterprise,Annual,20000,2024-04-27,,Active,,
SUB02500,CUST02500,Starter,Annual,1500,2025-04-15,,Active,,
SUB02501,CUST02501,Business,Monthly,9000,2025-12-16,,Active,,
SUB02502,CUST02502,Starter,Monthly,1500,2024-07-24,,Active,,
SUB02503,CUST02503,Business,Annual,9000,2026-08-08,,Active,,
SUB02504,CUST02504,Professional,Annual,4500,2024-04-19,,Active,,
SUB02505,CUST02505,Professional,Monthly,4500,2024-06-28,,Active,,
SUB02506,CUST02506,Business,Monthly,9000,2025-09-26,2026-09-06,Cancelled,2026-09-06,Not using the product enough
SUB02507,CUST02507,Professional,Monthly,4500,2025-01-30,,Active,,
SUB02508,CUST02508,Starter,Monthly,1500,2026-01-28,,Active,,
SUB02509,CUST02509,Business,Annual,9000,2024-02-05,,Active,,
SUB02510,CUST02510,Professional,Monthly,4500,2026-08-20,,Active,,
SUB02511,CUST02511,Professional,Annual,4500,"Apr 01, 2026",,Active,,
SUB02512,CUST02512,Professional,Monthly,4500,2024-11-23,,Active,,
SUB02513,CUST02513,Starter,Monthly,1500,2025-07-02,,Active,,
SUB02514,CUST02514,Professional,Monthly,4500,2024-01-20,,Active,,
SUB02515,CUST02515,Business,Monthly,9000,2026-01-02,,Active,,
SUB02516,CUST02516,Enterprise,Monthly,20000,2024-11-17,,Active,,
SUB02517,CUST02517,Starter,Monthly,1500,09/01/2025,2025-10-16,Cancelled,2025-10-16,Switched to competitor
SUB02518,CUST02518,Starter,Monthly,1500,2024-04-29,,Active,,
SUB02519,CUST02519,Business,Monthly,9000,2024-10-08,,Active,,
SUB02520,CUST02520,Business,Monthly,9000,2026-07-18,,Active,,
SUB02521,CUST02521,Starter,Monthly,1500,2024-05-28,,Active,,
SUB02522,CUST02522,Starter,ANNUAL,1500,2024-10-19,,Active,,
SUB02523,CUST02523,Professional,Monthly,4500,2026-08-08,,Active,,
SUB02524,CUST02524,Enterprise,Monthly,20000,2025-02-23,,Active,,
SUB02525,CUST02525,Starter,Monthly,1500,2025-10-16,, Active ,,
SUB02526,CUST02526,Starter,Monthly,1500,2024-12-18,,Active,,
SUB02527,CUST02527,Starter,Monthly,1500,2026-04-22,,Active,,
SUB02528,CUST02528,Starter,Monthly,1500,2024-06-06,,Active,,
SUB02529,CUST02529,Professional,Monthly,4500,2024-11-24,2026-04-06,Cancelled,2026-04-06,Switched to competitor
SUB02530,CUST02530,Starter,Annual,1500,2025/08/28,,Active,,
SUB02531,CUST02531,Starter,Monthly,1500,2026-06-19,,Active,,
SUB02532,CUST02532,Professional,Monthly,4500,2026-02-24,,Active,,
SUB02533,CUST02533,Business,Monthly,9000,2024-02-01,,Active,,
SUB02534,CUST02534,Business,Annual,9000,2026-08-12,,Active,,
SUB02535,CUST02535,Professional,Monthly,4500,2025-09-26,,Active,,
SUB02536,CUST02536,Starter,Monthly,1500,2025-03-10,,Active,,
SUB02537,CUST02537,Starter,Monthly,1500,2025-12-07,,Active,,
SUB02538,CUST02538,Starter,Monthly,1500,2024-09-10,2025-06-05,Cancelled,2025-06-05,Business downsized
SUB02539,CUST02539,Starter,Monthly,1500,2026-05-20,,Active,,
SUB02540,CUST02540,Starter,Monthly,1500,2024-08-13,,Active,,
SUB02541,CUST02541,Professional,Monthly,4500,2026-01-03,,Active,,
SUB02542,CUST02542,Professional,Monthly,4500,2024-11-04,,Active,,
SUB02543,CUST02543,Starter,Monthly,1500,2025-08-23,,Active,,
SUB02544,CUST02544,Business,Monthly,9000,2024-08-15,,Active,,
SUB02545,CUST02545,Starter,Monthly,1500,2025-07-05,2026-05-27,Cancelled,"May 27, 2026",Too expensive
SUB02546,CUST02546,Professional,Annual,4500,2024-09-08,,Active,,
SUB02547,CUST02547,Starter,Monthly,1500,2024-11-10,2025-01-23,Cancelled,2025-01-23,Not using the product enough
SUB02548,CUST02548,Enterprise,Monthly,20000,2026-01-27,,Active,,
SUB02549,CUST02549,Business,Monthly,9000,2025-09-13,,Active,,
SUB02550,CUST02550,Business,Annual,9000,2024-02-02,2026-02-27,Cancelled,2026-02-27,Too expensive
SUB02551,CUST02551,Starter,Monthly,1500,2025-08-11,,Active,,
SUB02552,CUST02552,Professional,Monthly,4500,2024-05-16,,Active,,
SUB02553,CUST02553,Professional,Monthly,4500,2023-10-07,,Active,,
SUB02554,CUST02554,Starter,Monthly,1500,2025-12-09,,Active,,
SUB02555,CUST02555,Starter,Monthly,1500,2025-09-23,2026-02-14,Cancelled,2026/02/14,Business closed
SUB02556,CUST02556,Starter,Annual,1500,2026-04-14,,Active,,
SUB02557,CUST02557,Starter,Monthly,1500,2024-05-01,,Active,,
SUB02558,CUST02558,Starter,Annual,1500,2024-08-30,,Active,,
SUB02559,CUST02559,Professional,Monthly,4500,2026-06-09,2026-09-03,Cancelled,2026-09-03,Not using the product enough
SUB02560,CUST02560,Starter,Monthly,1500,2025-01-16,,Active,,
SUB02561,CUST02561,Starter,Monthly,1500,2025-08-19,,Active,,
SUB02562,CUST02562,Professional,Annual,4500,2024-07-17,,Active,,
SUB02563,CUST02563,Starter,Annual,1500,2025/12/28,2026-05-03,Cancelled,2026-05-03,Switched to competitor
SUB02564,CUST02564,Business,Monthly,9000,2025-01-22,2025/07/07,Cancelled,2025-07-07,Too expensive
SUB02565,CUST02565,Starter,Monthly,1500,2024-03-30,,Active,,
SUB02566,CUST02566,Business,Monthly,9000,2026-08-15,,Active,,
SUB02567,CUST02567,Enterprise,Monthly,20000,2025-09-02,,Active,,
SUB02568,CUST02568,Business,Monthly,9000,2026-07-16,,Active,,
SUB02569,CUST02569,Professional,Monthly,4500,2025-09-06,,Active,,
SUB02570,CUST02570,Professional,Annual,4500,2025-05-14,,Active,,
SUB02571,CUST02571,Starter,Monthly,1500,2026-01-20,,Active,,
SUB02572,CUST02572,Starter,Monthly,1500,2023-12-28,,Active,,
SUB02573,CUST02573,Starter,Monthly,1500,2024-06-08,,Active,,
SUB02574,CUST02574,Starter,Annual,1500,2026-07-26,,Active,,
SUB02575,CUST02575,Business,Monthly,9000,2026-05-21,,Active,,
SUB02576,CUST02576,Professional,Monthly,4500,2024-11-17,,Active,,
SUB02577,CUST02577,Starter,Monthly,1500,2023-12-31,,Active,,
SUB02578,CUST02578,Business,Monthly,9000,2025-12-06,,Active,,
SUB02579,CUST02579,Professional,Monthly,4500,2026-06-23,,Active,,
SUB02580,CUST02580,Starter,Monthly,1500,2024-01-30,,Active,,
SUB02581,CUST02581,Enterprise,Monthly,20000,2026-02-24,2026-06-07,Cancelled,2026-06-07,Business downsized
SUB02582,CUST02582,Starter,Monthly,1500,2024-04-21,,Active,,
SUB02583,CUST02583,Professional,Monthly,4500,2024-12-04,,Active,,
SUB02584,CUST02584,Business,Monthly,9000,2024-09-26,,Active,,
SUB02585,CUST02585,Starter,Monthly,1500,2025-12-19,,Active,,
SUB02586,CUST02586,Starter,Monthly,1500,2025-08-16,,Active,,
SUB02587,CUST02587,Business,Monthly,9000,2024-02-04,2025-08-18,Cancelled,2025-08-18,
SUB02588,CUST02588,Starter,Annual,1500,2023-10-09,,Active,,
SUB02589,CUST02589,Professional,Annual,4500,2025-12-15,2026-06-21,Cancelled,2026-06-21,Not using the product enough
SUB02590,CUST02590,Business,Monthly,9000,2024-11-22,,Active,,
SUB02591,CUST02591,Professional,Monthly,4500,2023-10-21,,Active,,
SUB02592,CUST02592,Professional,Monthly,4500,2026-04-07,,Active,,
SUB02593,CUST02593,Professional,Monthly,4500,2024-03-17,,Active,,
SUB02594,CUST02594,Business,Monthly,9000,2024-07-26,,Active,,
SUB02595,CUST02595,Business,Monthly,9000,2023-12-12,2025-10-11,Cancelled,2025-10-11,Business downsized
SUB02596,CUST02596,Starter,Monthly,1500,2025-01-15,,Active,,
SUB02597,CUST02597,Starter,Annual,1500,2026-08-02,,Active,,
SUB02598,CUST02598,Business,Annual,9000,2024-09-26,,Active,,
SUB02599,CUST02599,Business,Monthly,9000,2024-02-08,,Active,,
SUB02600,CUST02600,Starter,Monthly,1500,2026-08-21,,Active,,
SUB02601,CUST02601,Starter,Annual,1500,2024-01-17,,Active,,
SUB02602,CUST02602,Starter,Annual,1500,2024-06-28,,Active,,
SUB02603,CUST02603,Starter,Monthly,1500,2026-06-21,,Active,,
SUB02604,CUST02604,Starter,Monthly,1500,2025-08-17,,Active,,
SUB02605,CUST02605,Professional,Monthly,4500,2025-01-15,2026-08-13,Cancelled,2026-08-13,Business closed
SUB02606,CUST02606,Professional,Annual,4500,2023-12-25,,Active,,
SUB02607,CUST02607,Business,Monthly,9000,2024-10-26,2026-07-20,Cancelled,20/07/2026,Missing features
SUB02608,CUST02608,Professional,Monthly,4500,2026-08-16,,Active,,
SUB02609,CUST02609,Professional,Annual,4500,2026-05-04,,Active,,
SUB02610,CUST02610,Professional,Annual,4500,2024-03-20,,Active,,
SUB02611,CUST02611,Professional,Monthly,4500,2025-05-06,,Active,,
SUB02612,CUST02612,Business,Annual,9000,2025-10-31,2026-09-15,Cancelled,2026-09-15,Poor customer support
SUB02613,CUST02613,Starter,Monthly,1500,2024-10-07,,Active,,
SUB02614,CUST02614,Starter,Monthly,1500,"Oct 07, 2024",,Active,,
SUB02615,CUST02615,Starter,Monthly,1500,2025-12-02,,Active,,
SUB02616,CUST02616,Starter,Monthly,1500,2025-08-23,,Active,,
SUB02617,CUST02617,Starter,Monthly,1500,2024-08-16,,Active,,
SUB02618,CUST02618,Professional,Monthly,4500,01/01/2024,2025-09-13,Cancelled,2025-09-13,Switched to competitor
SUB02619,CUST02619,Professional,Monthly,4500,2025-09-15,,Active,,
SUB02620,CUST02620,Professional,Monthly,4500,2025-03-02,,Active,,
SUB02621,CUST02621,Starter,Monthly,1500,2026-07-05,,Active,,
SUB02622,CUST02622,Starter,Monthly,1500,2024-07-09,,Active,,
SUB02623,CUST02623,Professional,Annual,4500,2026-02-18,,Active,,
SUB02624,CUST02624,Starter,Annual,1500,2025-07-12,,Active,,
SUB02625,CUST02625,Starter,Annual,1500,2025-12-09,,Active,,
SUB02626,CUST02626,Professional,Monthly,4500,2026-06-25,,Active,,
SUB02627,CUST02627,Professional,Monthly,4500,2024-08-01,2025-03-05,Cancelled,2025-03-05,
SUB02628,CUST02628,Business,Monthly,9000,2024-10-23,,Active,,
SUB02629,CUST02629,Starter,Monthly,1500,2024-10-24,,Active,,
SUB02630,CUST02630,Starter,Monthly,1500,2026-01-13,,Active,,
SUB02631,CUST02631,Starter,Monthly,1500,2024-03-10,,Active,,
SUB02632,CUST02632,Starter,Annual,1500,2026-05-15,,Active,,
SUB02633,CUST02633,Business,Monthly,9000,2024-01-12,2026-09-23,Cancelled,2026-09-23,Poor customer support
SUB02634,CUST02634,Professional,Monthly,4500,2025-09-19,,Active,,
SUB02635,CUST02635,Business,Monthly,9000,2023-11-14,,Active,,
SUB02636,CUST02636,Starter,Monthly,1500,2025-08-14,,Active,,
SUB02637,CUST02637,Starter,Monthly,1500,2025-02-25,,Active,,
SUB02638,CUST02638,Enterprise,Monthly,20000,2026-07-17,,Active,,
SUB02639,CUST02639,Starter,Monthly,1500,2025-03-05,,Active,,
SUB02640,CUST02640,Business,Annual,9000,2024-11-30,,Active,,
SUB02641,CUST02641,Professional,Monthly,4500,2025-10-15,2026-06-29,Cancelled,2026-06-29,Business downsized
SUB02642,CUST02642,Professional,Monthly,4500,2026-07-21,2026-09-23,Cancelled,2026-09-23,Poor customer support
SUB02643,CUST02643,Business,Annual,9000,2026-06-27,,Active,,
SUB02644,CUST02644,Professional,Monthly,4500,2024-02-19,,Active,,
SUB02645,CUST02645,Starter,Annual,1500,2026-05-12,2026-08-24,Cancelled,2026-08-24,Business downsized
SUB02646,CUST02646,Business,Monthly,9000,2025-11-26,,Active,,
SUB02647,CUST02647,Starter,Annual,1500,2026-05-10,,Active,,
SUB02648,CUST02648,Enterprise,Annual,20000,2026-03-05,,Active,,
SUB02649,CUST02649,Starter,Monthly,1500,2024-07-08,,Active,,
SUB02650,CUST02650,Professional,Monthly,4500,"Dec 04, 2023",,Active,,
SUB02651,CUST02651,Starter,Monthly,1500,2025-01-09,, Active ,,
SUB02652,CUST02652,Starter,Annual,1500,2025-11-21,,Active,,
SUB02653,CUST02653,Professional,Annual,4500,2024-10-20,,Active,,
SUB02654,CUST02654,Starter,Annual,1500,2025-03-30,2026-08-25,Cancelled,2026-08-25,Too expensive
SUB02655,CUST02655,Starter,Monthly,1500,2024-06-04,,Active,,
SUB02656,CUST02656,Starter,Annual,1500,2023-10-18,,Active,,
SUB02657,CUST02657,Starter,Annual,1500,2026-03-29,,Active,,
SUB02658,CUST02658,Starter,Monthly,1500,2025-07-28,,Active,,
SUB02659,CUST02659,Enterprise,Monthly,20000,2025-08-23,,Active,,
SUB02660,CUST02660,Business,Monthly,9000,2025-05-20,,Active,,
SUB02661,CUST02661,Professional,Monthly,4500,2024-11-10,,Active,,
SUB02662,CUST02662,Starter,Monthly,1500,2024-06-10,,Active,,
SUB02663,CUST02663,Business,Monthly,9000,2024-04-21,,Active,,
SUB02664,CUST02664,Starter,Monthly,1500,2026-08-17,,Active,,
SUB02665,CUST02665,Starter,Annual,1500,2026-03-27,,Active,,
SUB02666,CUST02666,starter,Monthly,1500,2025-05-04,,Active,,
SUB02667,CUST02667,Professional,Monthly,4500,2025-11-23,,Active,,
SUB02668,CUST02668,Business,monthly,9000,2026-06-04,,Active,,
SUB02669,CUST02669,Business,Monthly,9000,2025-10-26,,Active,,
SUB02670,CUST02670,Business,Monthly,9000,2025-11-18,,Active,,
SUB02671,CUST02671,Starter,Monthly,1500,2025-09-22,,Active,,
SUB02672,CUST02672,Business,Monthly,9000,2025-12-21,,Active,,
SUB02673,CUST02673,Professional,Monthly,4500,2026-04-13,,Active,,
SUB02674,CUST02674,Starter,Monthly,1500,2024-07-19,2025-09-26,Cancelled,2025-09-26,Too expensive
SUB02675,CUST02675,Professional,Monthly,4500,2025-12-22,,Active,,
SUB02676,CUST02676,Business,Monthly,9000,2026-08-05,,Active,,
SUB02677,CUST02677,Enterprise,Annual,20000,2026-08-12,,Active,,
SUB02678,CUST02678,Professional,Monthly,4500,2025-02-16,2025-05-19,Cancelled,2025-05-19,Business downsized
SUB02679,CUST02679,Business,Annual,9000,2025-10-02,2026-03-26,Cancelled,2026-03-26,Poor customer support
SUB02680,CUST02680,Starter,Monthly,1500,2026-06-30,,Active,,
SUB02681,CUST02681,Starter,Monthly,1500,2025-11-30,2026-02-21,Cancelled,2026-02-21,Business downsized
SUB02682,CUST02682,Enterprise,Monthly,20000,2024-03-08,,Active,,
SUB02683,CUST02683,Professional,Monthly,4500,2024-10-10,2025-04-22,Cancelled,22/04/2025,Poor customer support
SUB02684,CUST02684,Professional,Annual,4500,2024-08-25,,Active,,
SUB02685,CUST02685,Professional,Monthly,4500,2024-12-12,,Active,,
SUB02686,CUST02686,Professional,Monthly,4500,26/12/2023,2024-08-14,Cancelled,2024-08-14,Too expensive
SUB02687,CUST02687,Professional,Monthly,4500,2023-11-12,,Active,,
SUB02688,CUST02688,Starter,Annual,1500,2025-04-04,,Active,,
SUB02689,CUST02689,Professional,Monthly,4500,2025-12-17,,Active,,
SUB02690,CUST02690,Starter,Monthly,1500,2024-03-19,,Active,,
SUB02691,CUST02691,Professional,Monthly,4500,2026-06-29,,Active,,
SUB02692,CUST02692,Starter,Monthly,1500,2024-08-29,,Active,,
SUB02693,CUST02693,Starter,Monthly,1500,2025-09-27,2026-01-17,Cancelled,2026-01-17,Switched to competitor
SUB02694,CUST02694,Professional,Monthly,4500,2025-11-08,,Active,,
SUB02695,CUST02695,Professional,Monthly,4500,2025-03-30,,Active,,
SUB02696,CUST02696,Starter,Monthly,1500,2024-07-19,,Active,,
SUB02697,CUST02697,Business,Monthly,9000,2026-05-13,,Active,,
SUB02698,CUST02698,Starter,Annual,1500,2024-10-12,, Active ,,
SUB02699,CUST02699,Starter,Monthly,1500,2024-04-20,,Active,,
SUB02700,CUST02700,Professional,Annual,4500,2024-03-25,,Active,,
SUB02701,CUST02701,Business,Monthly,9000,2025-05-11,,Active,,
SUB02702,CUST02702,Professional,Monthly,4500,2025-03-01,,Active,,
SUB02703,CUST02703,Professional,Monthly,4500,2025-07-23,,Active,,
SUB02704,CUST02704,business,Monthly,9000,2026-04-20,22/07/2026,Cancelled,2026-07-22,Too expensive
SUB02705,CUST02705,Business,Monthly,9000,2025-05-04,,Active,,
SUB02706,CUST02706,Business,Monthly,9000,2024-11-23,,Active,,
SUB02707,CUST02707,Professional,Monthly,4500,2023-11-13,2026-06-02,Cancelled,"Jun 02, 2026",Missing features
SUB02708,CUST02708,Professional,Monthly,4500,2024-10-20,,Active,,
SUB02709,CUST02709,Professional,Annual,4500,2025-09-14,2026-03-20,Cancelled,2026-03-20,Switched to competitor
SUB02710,CUST02710,Enterprise,Annual,20000,2025-12-07,,Active,,
SUB02711,CUST02711,Professional,Monthly,4500,2024-06-13,,Active,,
SUB02712,CUST02712,Business,Annual,9000,2024-03-13,,Active,,
SUB02713,CUST02713,Professional,Monthly,4500,2024-05-16,,Active,,
SUB02714,CUST02714,Enterprise,Annual,20000,2026-07-25,,Active,,
SUB02715,CUST02715,Starter,Monthly,1500,2023-12-09,2026-06-06,Cancelled ,2026-06-06,Missing features
SUB02716,CUST02716,Professional,Annual,4500,2023-12-28,,Active,,
SUB02717,CUST02717,Business,Monthly,9000,2025-07-15,,Active,,
SUB02718,CUST02718,Professional,Monthly,4500,2026-06-06,,Active,,
SUB02719,CUST02719,Starter,Monthly,1500,2024-11-16,,Active,,
SUB02720,CUST02720,Starter,Annual,1500,2023-10-06,2024-07-03,Cancelled,2024-07-03,
SUB02721,CUST02721,Business,Monthly,9000,2024-10-05,,Active,,
SUB02722,CUST02722,Professional,Monthly,4500,2024-06-29,,Active,,
SUB02723,CUST02723,Starter,Monthly,1500,2026-05-18,,Active,,
SUB02724,CUST02724,Enterprise,Annual,20000,2026-06-20,,Active,,
SUB02725,CUST02725,Starter,Monthly,1500,2025-04-30,,Active,,
SUB02726,CUST02726,Business,Monthly,9000,2026-01-08,,Active,,
SUB02727,CUST02727,Starter,Monthly,1500,"Jun 04, 2024",2026-02-10,Cancelled,2026-02-10,Too expensive
SUB02728,CUST02728,Starter,Monthly,1500,2025-03-19,,Active,,
SUB02729,CUST02729,Professional,Annual,4500,2025-12-25,2026-04-21,Cancelled,21/04/2026,Switched to competitor
SUB02730,CUST02730,Business,Annual,9000,2024-06-06,,Active,,
SUB02731,CUST02731,Business,Monthly,9000,2024/05/27,,Active,,
SUB02732,CUST02732,Starter,Monthly,1500,2026-08-19,,Active,,
SUB02733,CUST02733,Starter,Annual,1500,2025-09-28,2025-12-01,Cancelled,2025-12-01,Switched to competitor
SUB02734,CUST02734,Starter,Monthly,1500,2025-04-11,,Active,,
SUB02735,CUST02735,Business,Monthly,9000,2024-06-28,,Active,,
SUB02736,CUST02736,Starter,Monthly,1500,2025-07-22,,Active,,
SUB02737,CUST02737,Professional,Monthly,4500,2024-10-25,,Active,,
SUB02738,CUST02738,Professional,Monthly,4500,2025-02-10,,Active,,
SUB02739,CUST02739,Professional,Monthly,4500,2024-11-14,,Active,,
SUB02740,CUST02740,Professional,Annual,4500,2025-10-08,2025-12-23,Cancelled,2025-12-23,Too expensive
SUB02741,CUST02741,Starter,ANNUAL,1500,2024-05-12,,Active,,
SUB02742,CUST02742,Business,Monthly,9000,2025-11-23,"Aug 11, 2026",Cancelled,2026-08-11,Not using the product enough
SUB02743,CUST02743,Business,Monthly,9000,2025-04-20,,Active,,
SUB02744,CUST02744,Enterprise,Monthly,20000,2025-11-10,,Active,,
SUB02745,CUST02745,Starter,Monthly,1500,2026-03-17,,Active,,
SUB02746,CUST02746,Business,Monthly,9000,2026-02-14,,Active,,
SUB02747,CUST02747,Business,Monthly,9000,2024-01-01,,Active,,
SUB02748,CUST02748,Professional,Monthly,4500,2026-04-11,,Active,,
SUB02749,CUST02749,Business,Annual,9000,2025-07-07,,Active,,
SUB02750,CUST02750,Starter,Annual,1500,2025-07-29,,Active,,
SUB02751,CUST02751,Starter,monthly,1500,2026-01-13,,Active,,
SUB02752,CUST02752,Starter,Annual,1500,2025-03-18,,Active,,
SUB02753,CUST02753,Starter,Monthly,1500,2024-08-13,2025-12-09,Cancelled,2025-12-09,Too expensive
SUB02754,CUST02754,Professional,Annual,4500,2026-07-14,,Active,,
SUB02755,CUST02755,Starter,Monthly,1500,2023-12-19,,Active,,
SUB02756,CUST02756,Starter,Annual,1500,2024-12-09,,Active,,
SUB02757,CUST02757,Business,Monthly,9000,2026-03-30,,Active,,
SUB02758,CUST02758,Business,Monthly,9000,2024-08-22,,Active,,
SUB02759,CUST02759,Starter,Annual,1500,2023-11-28,,Active,,
SUB02760,CUST02760,Starter,Monthly,1500,2025-05-22,2026/01/03,Cancelled,2026-01-03,Missing features
SUB02761,CUST02761,Business,Monthly,9000,2024-09-22,,Active,,
SUB02762,CUST02762,Professional,Monthly,4500,2024-10-08,2025-02-05,Cancelled,05/02/2025,Business downsized
SUB02763,CUST02763,Professional,Monthly,4500,2024-06-13,,Active,,
SUB02764,CUST02764,Enterprise,Monthly,20000,2026-07-09,,Active,,
SUB02765,CUST02765,Professional,Monthly,4500,2025-12-10,,Active,,
SUB02766,CUST02766,Business,Monthly,9000,2024-06-27,,Active,,
SUB02767,CUST02767,Starter,Monthly,1500,2026-05-23,,Active,,
SUB02768,CUST02768,Professional,Monthly,4500,2026-03-22,2026-06-25,Cancelled,2026-06-25,Business downsized
SUB02769,CUST02769,Starter,Monthly,1500,2025-02-15,,Active,,
SUB02770,CUST02770,Starter,Monthly,1500,2023-11-26,,Active,,
SUB02771,CUST02771,Professional,Monthly,4500,2026-08-20,,Active,,
SUB02772,CUST02772,Professional,Monthly,4500,2026-02-16,2026-05-11,Cancelled,2026-05-11,Not using the product enough
SUB02773,CUST02773,Professional,Monthly,4500,2023-10-14,,Active,,
SUB02774,CUST02774,Starter,Monthly,1500,2024-09-06,,Active,,
SUB02775,CUST02775,Starter,Monthly,1500,2026-03-05,,Active,,
SUB02776,CUST02776,Starter,Monthly,1500,2024-10-10,,Active,,
SUB02777,CUST02777,Business,Monthly,9000,2025-01-30,2025-10-28,Cancelled,2025-10-28,Business closed
SUB02778,CUST02778,Starter,Monthly,1500,2025-09-21,,Active,,
SUB02779,CUST02779,Professional,Monthly,4500,2025-02-14,,Active,,
SUB02780,CUST02780,Starter,Annual,1500,2026-03-04,2026-06-02,Cancelled,2026-06-02,Not using the product enough
SUB02781,CUST02781,Business,Monthly,9000,2026-01-07,2026-07-06,Cancelled,2026-07-06,Poor customer support
SUB02782,CUST02782,Professional,Monthly,4500,2025-05-26,,Active,,
SUB02783,CUST02783,Business,Monthly,9000,2026-06-19,,Active,,
SUB02784,CUST02784,Business,Monthly,9000,2023-11-06,,Active,,
SUB02785,CUST02785,Professional,Monthly,4500,2024-08-15,,Active,,
SUB02786,CUST02786,Starter,Annual,1500,2024-02-22,2025-01-25,Cancelled,"Jan 25, 2025",Business downsized
SUB02787,CUST02787,starter,Monthly,1500,2026-05-23,,Active,,
SUB02788,CUST02788,Starter,Monthly,1500,2025-07-31,2026/05/23,Cancelled,2026-05-23,Poor customer support
SUB02789,CUST02789,Business,Monthly,9000,2023-11-26,,Active,,
SUB02790,CUST02790,Business,Monthly,9000,2025-03-16,,Active,,
SUB02791,CUST02791,Professional,Monthly,4500,2025/09/14,,Active,,
SUB02792,CUST02792,Starter,Monthly,1500,2025-08-01,,Active,,
SUB02793,CUST02793,Starter,Monthly,1500,2025-09-01,,Active,,
SUB02794,CUST02794,Starter,Annual,1500,2026-01-24,2026-04-20,Cancelled,2026-04-20,Switched to competitor
SUB02795,CUST02795,Professional,Monthly,4500,2024-12-17,,Active,,
SUB02796,CUST02796,Professional,Monthly,4500,2024-05-23,,Active,,
SUB02797,CUST02797,Professional,Annual,4500,2024-02-07,,Active,,
SUB02798,CUST02798,Professional,Monthly,4500,2026-07-28,,Active,,
SUB02799,CUST02799,Professional,Monthly,4500,2025-08-01,,Active,,
SUB02800,CUST02800,Professional,Annual,4500,2023-10-03,,Active,,
SUB02801,CUST02801,Starter,Monthly,1500,2025-12-16,,Active,,
SUB02802,CUST02802,Professional,Monthly,4500,2024-02-21,,Active,,
SUB02803,CUST02803,Starter,Monthly,1500,2025-08-25,,Active,,
SUB02804,CUST02804,Professional,Monthly,4500,2026-04-23,,Active,,
SUB02805,CUST02805,Professional,Monthly,4500,2024-04-02,,Active,,
SUB02806,CUST02806,Starter,Monthly,1500,2025-11-21,,Active,,
SUB02807,CUST02807,Starter,Monthly,1500,2023-12-19,,Active,,
SUB02808,CUST02808,Starter,Monthly,1500,2024-09-01,,Active,,
SUB02809,CUST02809,PROFESSIONAL,Monthly,4500,2025-06-29,,Active,,
SUB02810,CUST02810,Business,Annual,9000,2026-07-14,,Active,,
SUB02811,CUST02811,Business,Annual,9000,2026-03-27,,Active,,
SUB02812,CUST02812,Professional,Monthly,4500,2024-06-13,,Active,,
SUB02813,CUST02813,Starter,Annual,1500,2026-05-14,,Active,,
SUB02814,CUST02814,Professional,Monthly,4500,2023-10-19,,Active,,
SUB02815,CUST02815,Starter,Annual,1500,2025-07-30,,Active,,
SUB02816,CUST02816,Starter,Monthly,1500,2024/07/26,,Active,,
SUB02817,CUST02817,Starter,Monthly,1500,2024-07-07,,Active,,
SUB02818,CUST02818,Enterprise,Annual,20000,2024-07-26,2025-06-16,Cancelled,2025-06-16,Business downsized
SUB02819,CUST02819,Business,Annual,9000,2025-02-06,2025-07-24,Cancelled,2025-07-24,Not using the product enough
SUB02820,CUST02820,Professional,Monthly,4500,2025-07-05,,Active,,
SUB02821,CUST02821,Enterprise,Monthly,20000,2024-11-21,,Active,,
SUB02822,CUST02822,Starter,Annual,1500,2026-06-23,,Active,,
SUB02823,CUST02823,Professional,Monthly,4500,2025-10-18,,Active,,
SUB02824,CUST02824,Business,Monthly,9000,2024-10-18,2025-10-01,Cancelled,2025-10-01,Not using the product enough
SUB02825,CUST02825,Professional,Monthly,4500,2025-05-09,,Active,,
SUB02826,CUST02826,Starter,Monthly,1500,2024-11-14,,Active,,
SUB02827,CUST02827,Enterprise,Monthly,20000,2026-07-29,,Active,,
SUB02828,CUST02828,Starter,Monthly,1500,2024-11-14,2026-07-06,Cancelled,2026-07-06,Too expensive
SUB02829,CUST02829,Starter,Monthly,1500,2025-12-21,,Active,,
SUB02830,CUST02830,Starter,Annual,1500,2025-07-24,2026-03-20,Cancelled,2026-03-20,Missing features
SUB02831,CUST02831,Professional,Monthly,4500,2026-05-15,,Active,,
SUB02832,CUST02832,Starter,Monthly,1500,2025-06-28,,Active,,
SUB02833,CUST02833,Professional,Monthly,4500,2025-08-10,,Active,,
SUB02834,CUST02834,Starter,Monthly,1500,2025-05-23,,Active,,
SUB02835,CUST02835,Starter,Annual,1500,2025-08-14,,Active,,
SUB02836,CUST02836,Professional,Monthly,4500,2025-07-15,,Active,,
SUB02837,CUST02837,Starter,Monthly,1500,2025-11-28,,Active,,
SUB02838,CUST02838,Starter,Monthly,1500,2025-12-22,20/04/2026,Cancelled,2026-04-20,Business closed
SUB02839,CUST02839,Professional,Monthly,4500,2023-11-09,,Active,,
SUB02840,CUST02840,Starter,Monthly,1500,2024-07-30,,Active,,
SUB02841,CUST02841,Business,Monthly,9000,2026-01-12,,Active,,
SUB02842,CUST02842,Professional,Monthly,4500,2023-12-12,,Active,,
SUB02843,CUST02843,Starter,Monthly,1500,2024-05-10,,Active,,
SUB02844,CUST02844,Starter,Monthly,1500,2024-04-14,,Active,,
SUB02845,CUST02845,Starter,Monthly,1500,2023-12-19,,Active,,
SUB02846,CUST02846,Starter,Monthly,1500,2023-10-07,,Active,,
SUB02847,CUST02847,Starter,Monthly,1500,"Nov 03, 2025",,Active,,
SUB02848,CUST02848,Professional,Monthly,4500,2026-06-03,2026-09-13,Cancelled,13/09/2026,Too expensive
SUB02849,CUST02849,Starter,Monthly,1500,2024-03-29,,Active,,
SUB02850,CUST02850,Professional,Monthly,4500,2023-12-25,,Active,,
SUB02851,CUST02851,Professional,Monthly,4500,2024-04-12,,Active,,
SUB02852,CUST02852,Starter,Monthly,1500,2025-07-08,2025-10-03,Cancelled,2025-10-03,Poor customer support
SUB02853,CUST02853,Professional,Monthly,4500,2025-02-09,2026/08/29,Cancelled,2026-08-29,Business downsized
SUB02854,CUST02854,Starter,Annual,1500,2025-05-10,,Active,,
SUB02855,CUST02855,Professional,Monthly,4500,2024-11-01,11/09/2026,Cancelled,2026-09-11,Business downsized
SUB02856,CUST02856,Business,Monthly,9000,2024-06-22,,Active,,
SUB02857,CUST02857,Starter,Annual,1500,2026-07-21,2026-09-23,Cancelled,2026-09-23,Not using the product enough
SUB02858,CUST02858,Professional,Monthly,4500,2026-05-17,2026-09-20,Cancelled,2026-09-20,Switched to competitor
SUB02859,CUST02859,Professional,Monthly,4500,2026-03-04,2026-06-05,Cancelled,2026-06-05,Switched to competitor
SUB02860,CUST02860,Starter,Monthly,1500,2023-12-17,,Active,,
SUB02861,CUST02861,Professional,Monthly,4500,2026-02-02,,Active,,
SUB02862,CUST02862,Starter,Annual,1500,2025-02-01,,Active,,
SUB02863,CUST02863,Starter,Annual,1500,2024-11-07,,Active,,
SUB02864,CUST02864,Starter,Monthly,1500,2023-11-27,,Active,,
SUB02865,CUST02865,Starter,Monthly,1500,2024-08-14,,Active,,
SUB02866,CUST02866,Starter,Monthly,1500,2025-11-23,,Active,,
SUB02867,CUST02867,Business,Monthly,9000,2026-01-26,,Active,,
SUB02868,CUST02868,Professional,Monthly,4500,2025-09-25,,Active,,
SUB02869,CUST02869,Starter,Monthly,1500,2024-06-18,,Active,,
SUB02870,CUST02870,Professional,Monthly,4500,2024-10-01,,Active,,
SUB02871,CUST02871,Business,Monthly,9000,2024-07-31,,Active,,
SUB02872,CUST02872,Professional,Monthly,4500,2025-02-22,,Active,,
SUB02873,CUST02873,Starter,Monthly,1500,2024-01-02,,Active,,
SUB02874,CUST02874,Starter,Annual,1500,2026-03-29,,Active,,
SUB02875,CUST02875,Starter,Annual,1500,2024-03-04,,Active,,
SUB02876,CUST02876,Starter,Monthly,1500,2024-11-07,,Active,,
SUB02877,CUST02877,Professional,Monthly,4500,2025-12-20,,Active,,
SUB02878,CUST02878,Starter,Monthly,1500,2023-12-19,,Active,,
SUB02879,CUST02879,Business,Monthly,9000,2025-09-15,,Active,,
SUB02880,CUST02880,Professional,Monthly,4500,2026-02-19,,Active,,
SUB02881,CUST02881,Starter,Annual,1500,2026-03-01,,Active,,
SUB02882,CUST02882,Professional,Monthly,4500,2025-11-16,,Active,,
SUB02883,CUST02883,Professional,Monthly,4500,2025-11-22,2026-01-24,Cancelled,"Jan 24, 2026",Business downsized
SUB02884,CUST02884,Starter,Annual,1500,2024-02-25,,Active,,
SUB02885,CUST02885,Starter,Monthly,1500,2025-11-29,2026-08-11,Cancelled,2026-08-11,Not using the product enough
SUB02886,CUST02886,Enterprise,Monthly,20000,2025-07-09,,Active,,
SUB02887,CUST02887,Enterprise,Monthly,20000,2025-12-10,,Active,,
SUB02888,CUST02888,Starter,Monthly,1500,2024-07-28,,Active,,
SUB02889,CUST02889,Starter,Monthly,1500,2024-09-22,,Active,,
SUB02890,CUST02890,Professional,Annual,4500,2023-10-25,,Active,,
SUB02891,CUST02891,Professional,Monthly,4500,2024-12-27,,Active,,
SUB02892,CUST02892,Professional,Monthly,4500,2026-07-10,,Active,,
SUB02893,CUST02893,Business,Monthly,9000,2024-08-12,,Active,,
SUB02894,CUST02894,Starter,Monthly,1500,2026-05-29,,Active,,
SUB02895,CUST02895,Professional,Monthly,4500,2026-03-27,2026-08-03,Cancelled,2026-08-03,Switched to competitor
SUB02896,CUST02896,Professional,Monthly,4500,2025-11-29,,Active,,
SUB02897,CUST02897,Professional,Monthly,4500,2025-07-13,,Active,,
SUB02898,CUST02898,Starter,Annual,1500,2026-07-18,,Active,,
SUB02899,CUST02899,Professional,Monthly,4500,2025-05-23,,Active,,
SUB02900,CUST02900,Professional,Monthly,4500,2026-02-01,2026-06-08,Cancelled,2026-06-08,Switched to competitor
SUB02901,CUST02901,Business,Monthly,9000,2025-03-22,21/07/2026,Cancelled,2026-07-21,Missing features
SUB02902,CUST02902,Professional,Annual,4500,2025-03-13,,Active,,
SUB02903,CUST02903,Starter,Monthly,1500,2025-06-09,2026-01-13,Cancelled,"Jan 13, 2026",Missing features
SUB02904,CUST02904,Professional,monthly,4500,2025-03-04,,Active,,
SUB02905,CUST02905,Business,Monthly,9000,2024-05-31,,Active,,
SUB02906,CUST02906,Business,Monthly,9000,2026-07-06,2026-09-20,Cancelled,2026-09-20,Not using the product enough
SUB02907,CUST02907,Starter,Monthly,1500,2026-04-13,,Active,,
SUB02908,CUST02908,Starter,Monthly,1500,2024-02-18,,Active,,
SUB02909,CUST02909,Business,Monthly,9000,2023-11-07,,Active,,
SUB02910,CUST02910,Professional,Monthly,4500,2024-06-01,,Active,,
SUB02911,CUST02911,Professional,Annual,4500,2024-04-03,,Active,,
SUB02912,CUST02912,Starter,Annual,1500,2025-03-02,2026-01-11,Cancelled,2026-01-11,Not using the product enough
SUB02913,CUST02913,Starter,Monthly,1500,2026-08-20,,Active,,
SUB02914,CUST02914,Professional,Monthly,4500,2025-10-25,,Active,,
SUB02915,CUST02915,Professional,Monthly,4500,2026-07-07,,Active,,
SUB02916,CUST02916,Starter,Monthly,1500,2025-03-06,,Active,,
SUB02917,CUST02917,Starter,monthly,1500,2024-02-13,,Active,,
SUB02918,CUST02918,starter,Monthly,1500,2024-04-17,,Active,,
SUB02919,CUST02919,Professional,Monthly,4500,2026-04-10,,Active,,
SUB02920,CUST02920,Professional,Annual,4500,2023-10-04,,Active,,
SUB02921,CUST02921,Starter,Monthly,1500,2026-04-23,2026-07-20,Cancelled,2026-07-20,Not using the product enough
SUB02922,CUST02922,Professional,Monthly,4500,2026-06-02,,Active,,
SUB02923,CUST02923,Enterprise,Monthly,20000,2025-02-09,,Active,,
SUB02924,CUST02924,Enterprise,Monthly,20000,2025-11-12,,Active,,
SUB02925,CUST02925,Starter,Monthly,1500,2023-10-19,,Active,,
SUB02926,CUST02926,Starter,Monthly,1500,2026-01-19,,Active,,
SUB02927,CUST02927,Business,Monthly,9000,2024-05-23,,Active,,
SUB02928,CUST02928,Starter,Monthly,1500,2024-11-11,,Active,,
SUB02929,CUST02929,Starter,Monthly,1500,2023-10-19,,Active,,
SUB02930,CUST02930,Starter,Monthly,1500,2024-02-13,,Active,,
SUB02931,CUST02931,Professional,Annual,4500,2024-01-28,,Active,,
SUB02932,CUST02932,Professional,Monthly,4500,2025-07-05,,Active,,
SUB02933,CUST02933,Professional,Monthly,4500,2026-08-21,,Active,,
SUB02934,CUST02934,Business,Monthly,9000,2024-04-28,,Active,,
SUB02935,CUST02935,Professional,Monthly,4500,2026-04-08,,Active,,
SUB02936,CUST02936,Starter,Monthly,1500,2024-02-24,,Active,,
SUB02937,CUST02937,Professional,Monthly,4500,2024-10-30,,Active,,
SUB02938,CUST02938,Starter,Annual,1500,2025-06-07,,Active,,
SUB02939,CUST02939,Business,Monthly,9000,2026-04-15,, Active ,,
SUB02940,CUST02940,Starter,Annual,1500,2026-07-17,2026-09-23,Cancelled,2026-09-23,Too expensive
SUB02941,CUST02941,Starter,Monthly,1500,2025-01-06,2026-02-25,Cancelled,2026-02-25,Poor customer support
SUB02942,CUST02942,Professional,Monthly,4500,2023-10-04,,Active,,
SUB02943,CUST02943,Business,Monthly,9000,2025-07-22,2026-01-04,Cancelled,2026-01-04,Switched to competitor
SUB02944,CUST02944,Professional,Monthly,4500,2025-05-14,,Active,,
SUB02945,CUST02945,Starter,Monthly,1500,2025-09-06,,Active,,
SUB02946,CUST02946,Starter,Monthly,1500,2025-01-04,,Active,,
SUB02947,CUST02947,Starter,Monthly,1500,2023-11-08,,Active,,
SUB02948,CUST02948,Professional,Monthly,4500,2025-03-18,,Active,,
SUB02949,CUST02949,Enterprise,Annual,20000,2025-09-26,,Active,,
SUB02950,CUST02950,Starter,Annual,1500,2023-11-27,, Active ,,
SUB02951,CUST02951,Professional,Monthly,4500,2026-04-03,,Active,,
SUB02952,CUST02952,Starter,Annual,1500,2025-06-26,,Active,,
SUB02953,CUST02953,Professional,Monthly,4500,2025-01-14,,Active,,
SUB02954,CUST02954,Business,Monthly,9000,2025-10-18,,Active,,
SUB02955,CUST02955,Starter,Monthly,1500,2026-02-13,,Active,,
SUB02956,CUST02956,Starter,Monthly,1500,2025-05-27,,Active,,
SUB02957,CUST02957,Starter,Annual,1500,2025-06-29,,Active,,
SUB02958,CUST02958,Starter,Monthly,1500,2024-09-01,,Active,,
SUB02959,CUST02959,Professional,Monthly,4500,2025-05-13,,Active,,
SUB02960,CUST02960,Business,Monthly,9000,2024-11-24,,Active,,
SUB02961,CUST02961,Professional,Monthly,4500,2024-01-17,,Active,,
SUB02962,CUST02962,Professional,ANNUAL,4500,2024-07-17,,Active,,
SUB02963,CUST02963,Starter,Monthly,1500,2024-03-24,,Active,,
SUB02964,CUST02964,Starter,Monthly,1500,2024-06-11,,Active,,
SUB02965,CUST02965,Starter,Monthly,1500,2025-08-22,,Active,,
SUB02966,CUST02966,Starter,Monthly,1500,2026-06-09,,Active,,
SUB02967,CUST02967,Starter,Annual,1500,2024-11-13,,Active,,
SUB02968,CUST02968,Starter,Monthly,1500,2024-04-08,,Active,,
SUB02969,CUST02969,Starter,Monthly,1500,2025-05-19,,Active,,
SUB02970,CUST02970,Starter,Monthly,1500,2025-04-15,,Active,,
SUB02971,CUST02971,Professional,Monthly,4500,2025-04-15,,Active,,
SUB02972,CUST02972,Professional,Monthly,4500,2026-01-20,,Active,,
SUB02973,CUST02973,starter,Monthly,1500,2024-04-03,,Active,,
SUB02974,CUST02974,Starter,Monthly,1500,2025-01-16,,Active,,
SUB02975,CUST02975,Starter,Monthly,1500,2025-02-21,,Active,,
SUB02976,CUST02976,Professional,Monthly,4500,2026-02-18,2026-05-12,Cancelled,2026-05-12,Switched to competitor
SUB02977,CUST02977,Professional,Monthly,4500,2025-05-14,,Active,,
SUB02978,CUST02978,Starter,Annual,1500,2023-11-22,2026-08-24,Cancelled,24/08/2026,Business downsized
SUB02979,CUST02979,Professional,Monthly,4500,2024-10-03,,Active,,
SUB02980,CUST02980,Professional,Monthly,4500,2025-01-20,,Active,,
SUB02981,CUST02981,Enterprise,Monthly,20000,2026-04-30,,Active,,
SUB02982,CUST02982,Enterprise,Monthly,20000,12/02/2024,,Active,,
SUB02983,CUST02983,Professional,Annual,4500,2026-08-07,,Active,,
SUB02984,CUST02984,Professional,Monthly,4500,2025-12-31,,Active,,
SUB02985,CUST02985,Starter,Monthly,1500,2024-04-16,,Active,,
SUB02986,CUST02986,Starter,Monthly,1500,2025-12-11,,Active,,
SUB02987,CUST02987,Starter,Annual,1500,2026-02-19,,Active,,
SUB02988,CUST02988,Business,Annual,9000,2024-01-03,,Active,,
SUB02989,CUST02989,Starter,Annual,1500,2024-05-01,,Active,,
SUB02990,CUST02990,Starter,Monthly,1500,2026-01-29,,Active,,
SUB02991,CUST02991,Professional,Monthly,4500,2025-09-27,2026-05-17,Cancelled,2026-05-17,Too expensive
SUB02992,CUST02992,Business,Monthly,9000,2024-07-10,,Active,,
SUB02993,CUST02993,Professional,Monthly,4500,2026-03-01,,Active,,
SUB02994,CUST02994,Professional,Monthly,4500,2024-03-15,,Active,,
SUB02995,CUST02995,Starter,Monthly,1500,2025-06-07,2026-02-16,Cancelled,2026-02-16,Too expensive
SUB02996,CUST02996,Starter,monthly,1500,2024-02-16,,Active,,
SUB02997,CUST02997,Starter,Monthly,1500,2025-03-11,,Active,,
SUB02998,CUST02998,Professional,Monthly,4500,2025-02-19,,Active,,
SUB02999,CUST02999,Professional,Monthly,4500,2024-04-07,,Active,,
SUB03000,CUST03000,Professional,Monthly,4500,2025-06-06,,Active,,
SUB03001,CUST03001,Starter,Monthly,1500,2024-07-19,,Active,,
SUB03002,CUST03002,Starter,Monthly,1500,2024-07-13,,Active,,
SUB03003,CUST03003,Business,Monthly,9000,2025-09-08,2026-03-27,Cancelled,2026-03-27,Switched to competitor
SUB03004,CUST03004,Professional,Monthly,4500,2024-10-22,,Active,,
SUB03005,CUST03005,Starter,Monthly,1500,2026-02-10,,Active,,
SUB03006,CUST03006,Starter,Monthly,1500,2025-10-16,,Active,,
SUB03007,CUST03007,Business,Monthly,9000,2024-11-12,,Active,,
SUB03008,CUST03008,Starter,Monthly,1500,2025-04-21,"Apr 20, 2026",Cancelled,2026-04-20,Too expensive
SUB03009,CUST03009,Starter,Monthly,1500,2024-10-04,,Active,,
SUB03010,CUST03010,Business,Monthly,9000,2024-05-14,2025-06-29,Cancelled,2025-06-29,
SUB03011,CUST03011,Professional,Annual,4500,2024-03-07,,Active,,
SUB03012,CUST03012,Starter,Annual,1500,2025-08-07,,Active,,
SUB03013,CUST03013,Business,Monthly,9000,2025-03-10,,Active,,
SUB03014,CUST03014,Business,Monthly,9000,2023-09-28,,Active,,
SUB03015,CUST03015,Professional,Monthly,4500,2023-12-10,,Active,,
SUB03016,CUST03016,Professional,Monthly,4500,2026-06-16,,Active,,
SUB03017,CUST03017,Business,Monthly,9000,2023-11-02,,Active,,
SUB03018,CUST03018,Enterprise,Monthly,20000,2025-01-06,,Active,,
SUB03019,CUST03019,Starter,Annual,1500,2025-11-01,,Active,,
SUB03020,CUST03020,Starter,Monthly,1500,2025-11-02,,Active,,
SUB03021,CUST03021,Professional,monthly,4500,2025-07-19,,Active,,
SUB03022,CUST03022,Professional,Annual,4500,2025-05-24,,Active,,
SUB03023,CUST03023,Business,Annual,9000,2026-04-15,,Active,,
SUB03024,CUST03024,Professional,Monthly,4500,2026-05-19,,Active,,
SUB03025,CUST03025,Professional,Monthly,4500,2024-08-20,06/01/2026,Cancelled,2026-01-06,Business downsized
SUB03026,CUST03026,Starter,Monthly,1500,2025-08-27,,Active,,
SUB03027,CUST03027,Starter,Monthly,1500,2026-05-05,,Active,,
SUB03028,CUST03028,Starter,Monthly,1500,2024-12-12,,Active,,
SUB03029,CUST03029,Professional,Monthly,4500,2025-08-20,,Active,,
SUB03030,CUST03030,Enterprise,Monthly,20000,2023-09-26,, Active ,,
SUB03031,CUST03031,Starter,Monthly,1500,2025-05-27,,Active,,
SUB03032,CUST03032,Starter,Monthly,1500,2024-06-07,,Active,,
SUB03033,CUST03033,Starter,Monthly,1500,2025-06-08,,Active,,
SUB03034,CUST03034,Business,Monthly,9000,2024-03-31,2026-07-12,Cancelled,2026-07-12,Business downsized
SUB03035,CUST03035,Professional,Monthly,4500,2024-09-16,,Active,,
SUB03036,CUST03036,Starter,Monthly,1500,2026-06-26,,Active,,
SUB03037,CUST03037,Professional,Monthly,4500,2025-09-13,,Active,,
SUB03038,CUST03038,Business,Monthly,9000,2024-10-31,,Active,,
SUB03039,CUST03039,Professional,Monthly,4500,2024-11-07,2025-09-13,Cancelled,2025/09/13,Missing features
SUB03040,CUST03040,Professional,Monthly,4500,2025-08-17,,Active,,
SUB03041,CUST03041,Starter,Monthly,1500,2024-04-25,,Active,,
SUB03042,CUST03042,Professional,Annual,4500,2026-08-06,,Active,,
SUB03043,CUST03043,Business,Annual,9000,2023-10-21,,Active,,
SUB03044,CUST03044,Enterprise,Monthly,20000,2023-10-27,,Active,,
SUB03045,CUST03045,Starter,Annual,1500,2024-02-03,,Active,,
SUB03046,CUST03046,Professional,Monthly,4500,2026-05-31,,Active,,
SUB03047,CUST03047,Business,Annual,9000,2024-06-25,,Active,,
SUB03048,CUST03048,Business,Monthly,9000,2024-11-25,,Active,,
SUB03049,CUST03049,Starter,Monthly,1500,2024-12-09,,Active,,
SUB03050,CUST03050,Starter,Monthly,1500,2024-03-16,,Active,,
SUB03051,CUST03051,Professional,Monthly,4500,2025-01-06,,Active,,
SUB03052,CUST03052,Professional,Monthly,4500,2024-10-25,,Active,,
SUB03053,CUST03053,Professional,Monthly,4500,2025-09-24,2026-08-10,Cancelled,2026-08-10,Not using the product enough
SUB03054,CUST03054,Professional,Monthly,4500,2025-04-05,,Active,,
SUB03055,CUST03055,Enterprise,Annual,20000,2025-03-10,,Active,,
SUB03056,CUST03056,Professional,Monthly,4500,2024-05-24,,Active,,
SUB03057,CUST03057,Business,Monthly,9000,2024-01-18,,Active,,
SUB03058,CUST03058,Professional,Monthly,4500,2024-07-18,2025/11/22,Cancelled,2025-11-22,Too expensive
SUB03059,CUST03059,Professional,Monthly,4500,2025-04-04,2025-08-02,Cancelled,2025-08-02,Poor customer support
SUB03060,CUST03060,Professional,Monthly,4500,2025-03-22,,Active,,
SUB03061,CUST03061,Professional,Monthly,4500,2026-04-01,,Active,,
SUB03062,CUST03062,Business,Monthly,9000,2025-08-03,2026-05-26,Cancelled,2026-05-26,Not using the product enough
SUB03063,CUST03063,PROFESSIONAL,Monthly,4500,2025-04-12,,Active,,
SUB03064,CUST03064,Business,Annual,9000,2025-01-02,,Active,,
SUB03065,CUST03065,Professional,Monthly,4500,2025-03-11,,Active,,
SUB03066,CUST03066,Starter,Monthly,1500,2023-11-16,2026-02-12,Cancelled,2026-02-12,Business downsized
SUB03067,CUST03067,Professional,Monthly,4500,2024-06-05,2025-06-24,Cancelled,2025-06-24,Payment issues
SUB03068,CUST03068,Business,Monthly,9000,2025-12-15,,Active,,
SUB03069,CUST03069,Professional,Monthly,4500,2026-02-04,,Active,,
SUB03070,CUST03070,Professional,Monthly,4500,2023-12-19,,Active,,
SUB03071,CUST03071,Business,Monthly,9000,2023-09-24,,Active,,
SUB03072,CUST03072,Professional,Monthly,4500,2024-02-10,,Active,,
SUB03073,CUST03073,Professional,Monthly,4500,2023-10-27,,Active,,
SUB03074,CUST03074,Business,Monthly,9000,2025-01-02,,Active,,
SUB03075,CUST03075,Starter,Monthly,1500,2025-05-15,,Active,,
SUB03076,CUST03076,Starter,Monthly,1500,2024-01-14,,Active,,
SUB03077,CUST03077,Professional,Monthly,4500,2023-12-16,,Active,,
SUB03078,CUST03078,Business,Monthly,9000,2023-10-01,,Active,,
SUB03079,CUST03079,Enterprise,Annual,20000,2024-07-30,,Active,,
SUB03080,CUST03080,Starter,Monthly,1500,2026-04-25,,Active,,
SUB03081,CUST03081,Business,ANNUAL,9000,2023-10-07,,Active,,
SUB03082,CUST03082,Enterprise,Monthly,20000,2023-10-27,,Active,,
SUB03083,CUST03083,Starter,Annual,1500,2025-08-07,,Active,,
SUB03084,CUST03084,Business,Annual,9000,"Jul 21, 2026",,Active,,
SUB03085,CUST03085,Professional,Monthly,4500,2024-03-20,,Active,,
SUB03086,CUST03086,Professional,Monthly,4500,2024-06-20,,Active,,
SUB03087,CUST03087,Professional,Monthly,4500,2026-01-17,,Active,,
SUB03088,CUST03088,Starter,Monthly,1500,2025-09-09,2026-07-12,Cancelled,12/07/2026,Business downsized
SUB03089,CUST03089,Professional,Monthly,4500,2023-10-31,,Active,,
SUB03090,CUST03090,business,Monthly,9000,2023-11-21,2025-09-13,Cancelled,2025-09-13,Business downsized
SUB03091,CUST03091,Starter,Monthly,1500,2025-04-15,,Active,,
SUB03092,CUST03092,Professional,Monthly,4500,2023-11-17,,Active,,
SUB03093,CUST03093,Professional,Monthly,4500,2025-03-18,,Active,,
SUB03094,CUST03094,PROFESSIONAL,Annual,4500,2024-02-24,,Active,,
SUB03095,CUST03095,Starter,Monthly,1500,2024-07-04,2025-01-06,Cancelled,2025-01-06,Too expensive
SUB03096,CUST03096,Starter,Annual,1500,2025-03-28,,Active,,
SUB03097,CUST03097,Business,Monthly,9000,2024-02-29,, Active ,,
SUB03098,CUST03098,Enterprise,Monthly,20000,2025-10-18,, Active ,,
SUB03099,CUST03099,Starter,Monthly,1500,2026-01-04,2026-03-15,Cancelled,2026-03-15,Missing features
SUB03100,CUST03100,Starter,Monthly,1500,2026-05-08,,Active,,
SUB03101,CUST03101,Professional,Monthly,4500,2026-04-30,2026/07/26,Cancelled,2026-07-26,Business closed
SUB03102,CUST03102,Starter,Monthly,1500,2025-11-04,,Active,,
SUB03103,CUST03103,Starter,Monthly,1500,2025-01-11,,Active,,
SUB03104,CUST03104,Professional,Annual,4500,2026-06-04,,Active,,
SUB03105,CUST03105,Professional,Monthly,4500,2024-03-25,,Active,,
SUB03106,CUST03106,Starter,Annual,1500,2026-03-25,,Active,,
SUB03107,CUST03107,Starter,Monthly,1500,2025-02-09,,Active,,
SUB03108,CUST03108,Professional,Monthly,4500,2025-05-14,2025-07-19,Cancelled,2025-07-19,Poor customer support
SUB03109,CUST03109,Starter,Monthly,1500,2025-08-22,,Active,,
SUB03110,CUST03110,Starter,Monthly,1500,2026-03-05,,Active,,
SUB03111,CUST03111,Starter,Monthly,1500,2025-01-25,,Active,,
SUB03112,CUST03112,Professional,Monthly,4500,2024-02-14,2025-11-02,Cancelled,2025-11-02,Missing features
SUB03113,CUST03113,Professional,Monthly,4500,2026-06-05,,Active,,
SUB03114,CUST03114,Professional,Monthly,4500,2026-03-06,"Aug 28, 2026",Cancelled,2026-08-28,Business closed
SUB03115,CUST03115,Starter,Monthly,1500,2024-10-15,2026-07-05,Cancelled,2026-07-05,Missing features
SUB03116,CUST03116,Starter,Monthly,1500,2025-07-19,,Active,,
SUB03117,CUST03117,Starter,Monthly,1500,2026-07-08,,Active,,
SUB03118,CUST03118,Starter,Monthly,1500,2024-04-18,2024-07-31,Cancelled,2024-07-31,Payment issues
SUB03119,CUST03119,Starter,Monthly,1500,2025-11-26,2026-04-02,Cancelled,2026-04-02,Not using the product enough
SUB03120,CUST03120,starter,Monthly,1500,2026-02-02,,Active,,
SUB03121,CUST03121,Professional,Monthly,4500,2025-08-26,,Active,,
SUB03122,CUST03122,Starter,Monthly,1500,2026-05-02,,Active,,
SUB03123,CUST03123,Starter,Monthly,1500,2025-05-29,2025-07-31,Cancelled,2025-07-31,Not using the product enough
SUB03124,CUST03124,Business,Monthly,9000,2024-01-11,,Active,,
SUB03125,CUST03125,Starter,Monthly,1500,2025-01-28,,Active,,
SUB03126,CUST03126,PROFESSIONAL,Monthly,4500,2025-07-14,,Active,,
SUB03127,CUST03127,Business,Monthly,9000,2024-07-07,,Active,,
SUB03128,CUST03128,Starter,Monthly,1500,2026-06-09,2026-09-01,Cancelled,2026-09-01,Switched to competitor
SUB03129,CUST03129,Starter,Monthly,1500,2024-04-09,,Active,,
SUB03130,CUST03130,Professional,Monthly,4500,2024-10-24,,Active,,
SUB03131,CUST03131,Enterprise,Monthly,20000,2024-08-22,,Active,,
SUB03132,CUST03132,Professional,Monthly,4500,2026-07-03,,Active,,
SUB03133,CUST03133,Business,Monthly,9000,2025-04-13,,Active,,
SUB03134,CUST03134,Starter,Monthly,1500,2026-02-28,,Active,,
SUB03135,CUST03135,Starter,Monthly,1500,2024-12-18,,Active,,
SUB03136,CUST03136,Starter,Monthly,1500,2026-04-04,,Active,,
SUB03137,CUST03137,Starter,Monthly,1500,2024-02-24,,Active,,
SUB03138,CUST03138,Professional,Monthly,4500,2024-02-05,,Active,,
SUB03139,CUST03139,Starter,Monthly,1500,14/06/2025,,Active,,
SUB03140,CUST03140,Business,Monthly,9000,2025-06-23,2026-08-30,Cancelled,2026-08-30,Payment issues
SUB03141,CUST03141,Starter,Monthly,1500,2026-08-11,,Active,,
SUB03142,CUST03142,Professional,Monthly,4500,2026-06-21,,Active,,
SUB03143,CUST03143,Starter,Monthly,1500,2024-08-20,,Active,,
SUB03144,CUST03144,Business,Monthly,9000,2024-12-26,,Active,,
SUB03145,CUST03145,Starter,Monthly,1500,2024-12-01,2025-06-14,Cancelled,2025-06-14,Switched to competitor
SUB03146,CUST03146,Starter,Monthly,1500,"Jan 21, 2024",,Active,,
SUB03147,CUST03147,Professional,Monthly,4500,2026-07-18,,Active,,
SUB03148,CUST03148,Business,Monthly,9000,2024-04-20,,Active,,
SUB03149,CUST03149,starter,Monthly,1500,2026-06-09,,Active,,
SUB03150,CUST03150,Starter,Monthly,1500,2026-03-09,,Active,,
SUB03151,CUST03151,Professional,monthly,4500,2025-01-12,,Active,,
SUB03152,CUST03152,Business,Monthly,9000,2024-08-23,,Active,,
SUB03153,CUST03153,Business,Monthly,9000,2024-04-21,,Active,,
SUB03154,CUST03154,Starter,Monthly,1500,2025-12-10,,Active,,
SUB03155,CUST03155,Starter,Monthly,1500,2026-05-18,,Active,,
SUB03156,CUST03156,Business,Monthly,9000,2025-08-11,,Active,,
SUB03157,CUST03157,Professional,Monthly,4500,2023-11-23,,Active,,
SUB03158,CUST03158,Starter,Monthly,1500,2026-07-07,2026-09-21,Cancelled,2026-09-21,Missing features
SUB03159,CUST03159,Starter,Annual,1500,2024-07-26,,Active,,
SUB03160,CUST03160,Starter,Monthly,1500,2026-06-10,,Active,,
SUB03161,CUST03161,Starter,Monthly,1500,2024-11-13,,Active,,
SUB03162,CUST03162,Professional,Monthly,4500,2024-06-06,2024-08-31,Cancelled,2024-08-31,Not using the product enough
SUB03163,CUST03163,Starter,Monthly,1500,2026-02-22,,Active,,
SUB03164,CUST03164,Business,Monthly,9000,2026-08-04,,Active,,
SUB03165,CUST03165,Starter,Monthly,1500,2024/07/24,2025-01-10,Cancelled,2025/01/10,Business downsized
SUB03166,CUST03166,Starter,Monthly,1500,2024-12-05,,Active,,
SUB03167,CUST03167,Professional,Monthly,4500,2026-02-15,,Active,,
SUB03168,CUST03168,Starter,Monthly,1500,2025-01-29,,Active,,
SUB03169,CUST03169,Professional,Annual,4500,2025-01-31,,Active,,
SUB03170,CUST03170,Starter,Monthly,1500,2025-11-17,,Active,,
SUB03171,CUST03171,Starter,Monthly,1500,2025-01-14,,Active,,
SUB03172,CUST03172,Enterprise,Monthly,20000,2024-06-29,,Active,,
SUB03173,CUST03173,Business,Annual,9000,2023-11-21,,Active,,
SUB03174,CUST03174,Starter,Monthly,1500,2025-08-29,,Active,,
SUB03175,CUST03175,Business,Monthly,9000,2025-04-26,2026-08-07,Cancelled,2026-08-07,Business closed
SUB03176,CUST03176,Starter,Annual,1500,2025-01-06,2026-03-07,Cancelled,2026-03-07,Poor customer support
SUB03177,CUST03177,Business,Annual,9000,2026-04-24,,Active,,
SUB03178,CUST03178,Business,Monthly,9000,2026-03-23,,Active,,
SUB03179,CUST03179,Starter,Monthly,1500,2024-09-04,,Active,,
SUB03180,CUST03180,Professional,Monthly,4500,2026-08-18,,Active,,
SUB03181,CUST03181,Professional,Monthly,4500,2023-10-01,,Active,,
SUB03182,CUST03182,Starter,Annual,1500,2023-11-19,,Active,,
SUB03183,CUST03183,Starter,Monthly,1500,2024-02-08,,Active,,
SUB03184,CUST03184,Professional,Monthly,4500,2023-09-24,,Active,,
SUB03185,CUST03185,Starter,Annual,1500,2024-09-26,,Active,,
SUB03186,CUST03186,Business,Annual,9000,2025-02-19,,Active,,
SUB03187,CUST03187,business,Annual,9000,30/04/2025,,Active,,
SUB03188,CUST03188,Starter,Monthly,1500,2025-03-21,,Active,,
SUB03189,CUST03189,Professional,Monthly,4500,2023-09-27,,Active,,
SUB03190,CUST03190,Starter,Monthly,1500,2025-12-04,,Active,,
SUB03191,CUST03191,Business,Monthly,9000,2026-02-07,,Active,,
SUB03192,CUST03192,Enterprise,Monthly,20000,2026-08-11,,Active,,
SUB03193,CUST03193,Professional,Monthly,4500,2024-09-30,,Active,,
SUB03194,CUST03194,Starter,Monthly,1500,2024-04-25,,Active,,
SUB03195,CUST03195,Starter,Monthly,1500,2024-04-28,,Active,,
SUB03196,CUST03196,Business,Monthly,9000,2025-11-07,,Active,,
SUB03197,CUST03197,Starter,Annual,1500,2025-09-14,,Active,,
SUB03198,CUST03198,Starter,Monthly,1500,2024-09-10,,Active,,
SUB03199,CUST03199,Professional,Monthly,4500,2026-01-09,2026-03-18,Cancelled,2026-03-18,Missing features
SUB03200,CUST03200,Professional,Annual,4500,2024-11-06,,Active,,
SUB03201,CUST03201,Starter,Monthly,1500,2025-02-26,,Active,,
SUB03202,CUST03202,Business,Monthly,9000,2024-05-22,,Active,,
SUB03203,CUST03203,Enterprise,Monthly,20000,2026-04-14,,Active,,
SUB03204,CUST03204,Starter,Monthly,1500,2026-07-01,,Active,,
SUB03205,CUST03205,Starter,Monthly,1500,2025-07-26,,Active,,
SUB03206,CUST03206,Professional,Monthly,4500,2024-03-21,,Active,,
SUB03207,CUST03207,Professional,Annual,4500,2025-02-01,,Active,,
SUB03208,CUST03208,Professional,Annual,4500,2024-03-21,,Active,,
SUB03209,CUST03209,Starter,Monthly,1500,2023-11-28,,Active,,
SUB03210,CUST03210,business,Monthly,9000,2026-02-02,,Active,,
SUB03211,CUST03211,Starter,Monthly,1500,2024-04-17,2026-03-21,Cancelled,2026-03-21,Too expensive
SUB03212,CUST03212,Professional,Monthly,4500,2026-01-12,,Active,,
SUB03213,CUST03213,Professional,Monthly,4500,2025-03-14,,Active,,
SUB03214,CUST03214,Professional,Monthly,4500,2024-03-05,,Active,,
SUB03215,CUST03215,Business,Monthly,9000,2024-02-19,,Active,,
SUB03216,CUST03216,Starter,Annual,1500,2024-07-22,2024-12-04,Cancelled,2024-12-04,Not using the product enough
SUB03217,CUST03217,Professional,Monthly,4500,2024-03-18,2025-04-18,Cancelled,2025-04-18,Missing features
SUB03218,CUST03218,Starter,Monthly,1500,2025-09-29,"Mar 19, 2026",Cancelled,2026-03-19,Switched to competitor
SUB03219,CUST03219,Professional,Monthly,4500,2025-03-29,,Active,,
SUB03220,CUST03220,Starter,Monthly,1500,2026-06-11,,Active,,
SUB03221,CUST03221,Starter,Monthly,1500,2024-07-23,,Active,,
SUB03222,CUST03222,Starter,Monthly,1500,2024-12-25,2026-09-22,Cancelled,2026-09-22,
SUB03223,CUST03223,Professional,Monthly,4500,2025-09-01,2026-08-09,Cancelled,09/08/2026,Missing features
SUB03224,CUST03224,Professional,Monthly,4500,2026-03-17,2026-09-17,Cancelled,2026-09-17,Not using the product enough
SUB03225,CUST03225,Business,Annual,9000,2024-03-29,2024-11-26,Cancelled,2024-11-26,Too expensive
SUB03226,CUST03226,Starter,Monthly,1500,2025-02-23,,Active,,
SUB03227,CUST03227,Starter,Monthly,1500,2024-08-23,2024-12-10,Cancelled,2024-12-10,Missing features
SUB03228,CUST03228,Professional,Monthly,4500,2024-03-09,,Active,,
SUB03229,CUST03229,Enterprise,Monthly,20000,2026-04-23,,Active,,
SUB03230,CUST03230,Professional,Monthly,4500,2024-11-10,,Active,,
SUB03231,CUST03231,Professional,Monthly,4500,2025-04-10,,Active,,
SUB03232,CUST03232,Professional,Monthly,4500,2024-10-06,,Active,,
SUB03233,CUST03233,Starter,Monthly,1500,2026-03-28,2026-06-15,Cancelled,2026-06-15,Too expensive
SUB03234,CUST03234,Starter,Monthly,1500,2025-11-15,2026-04-12,Cancelled,2026-04-12,Business closed
SUB03235,CUST03235,Enterprise,Annual,20000,2025-02-17,,Active,,
SUB03236,CUST03236,Business,Monthly,9000,2025-10-21,07/04/2026,Cancelled,2026-04-07,Business downsized
SUB03237,CUST03237,Professional,Monthly,4500,2025-08-06,,Active,,
SUB03238,CUST03238,Enterprise,Annual,20000,2023-11-03,,Active,,
SUB03239,CUST03239,Starter,Monthly,1500,2024-05-13,,Active,,
SUB03240,CUST03240,Starter,Monthly,1500,2025-03-08,,Active,,
SUB03241,CUST03241,Business,Monthly,9000,2024-01-01,,Active,,
SUB03242,CUST03242,Starter,Monthly,1500,2025-05-26,,Active,,
SUB03243,CUST03243,starter,Monthly,1500,2024-05-22,,Active,,
SUB03244,CUST03244,Professional,Annual,4500,2024-10-09,,Active,,
SUB03245,CUST03245,Business,Annual,9000,2025-06-03,,Active,,
SUB03246,CUST03246,Starter,Monthly,1500,2026-02-01,,Active,,
SUB03247,CUST03247,Starter,Monthly,1500,2024-10-25,,Active,,
SUB03248,CUST03248,Starter,Monthly,1500,2025/03/05,,Active,,
SUB03249,CUST03249,Business,Annual,9000,2026-01-02,,Active,,
SUB03250,CUST03250,Business,Monthly,9000,2024-04-15,,Active,,
SUB03251,CUST03251,Enterprise,Monthly,20000,2024-01-03,,Active,,
SUB03252,CUST03252,Starter,Monthly,1500,2024-06-18,,Active,,
SUB03253,CUST03253,Business,Monthly,9000,2024-03-31,,Active,,
SUB03254,CUST03254,Starter,Monthly,1500,2025-03-01,2026-08-26,Cancelled,2026-08-26,Missing features
SUB03255,CUST03255,Starter,Monthly,1500,2023-09-28,,Active,,
SUB03256,CUST03256,Professional,Monthly,4500,2024-09-30,,Active,,
SUB03257,CUST03257,Professional,monthly,4500,2024-02-01,,Active,,
SUB03258,CUST03258,Starter,Monthly,1500,2025-11-08,,Active,,
SUB03259,CUST03259,Business,Monthly,9000,2026-04-19,,Active,,
SUB03260,CUST03260,Enterprise,Annual,20000,2025-11-11,,Active,,
SUB03261,CUST03261,Professional,Monthly,4500,2025-09-12,2026-07-15,Cancelled,2026-07-15,Business downsized
SUB03262,CUST03262,Professional,Annual,4500,2025-07-05,,Active,,
SUB03263,CUST03263,Professional,Monthly,4500,2025-05-01,,Active,,
SUB03264,CUST03264,Professional,Monthly,4500,2024-02-09,2025-02-08,Cancelled,2025-02-08,Switched to competitor
SUB03265,CUST03265,Professional,Monthly,4500,2025-11-05,,Active,,
SUB03266,CUST03266,Starter,Monthly,1500,2026-02-12,2026-07-19,Cancelled,19/07/2026,Poor customer support
SUB03267,CUST03267,Business,Annual,9000,2024-06-09,,Active,,
SUB03268,CUST03268,Starter,Monthly,1500,2026-06-19,,Active,,
SUB03269,CUST03269,Starter,Monthly,1500,2025-07-22,,Active,,
SUB03270,CUST03270,Business,Annual,9000,2024-05-22,,Active,,
SUB03271,CUST03271,Starter,Monthly,1500,2025-01-10,2026-04-01,Cancelled,2026-04-01,Business downsized
SUB03272,CUST03272,Enterprise,Monthly,20000,2024-04-19,2025-11-08,Cancelled,2025-11-08,Switched to competitor
SUB03273,CUST03273,Business,Monthly,9000,2026-02-02,,Active,,
SUB03274,CUST03274,Starter,Monthly,1500,2023-11-27,,Active,,
SUB03275,CUST03275,Starter,Monthly,1500,2025-06-13,,Active,,
SUB03276,CUST03276,Professional,Monthly,4500,2025-01-06,,Active,,
SUB03277,CUST03277,Professional,Monthly,4500,2025-05-24,,Active,,
SUB03278,CUST03278,Professional,Monthly,4500,2024-02-05,,Active,,
SUB03279,CUST03279,Business,Monthly,9000,2026-06-15,,Active,,
SUB03280,CUST03280,Enterprise,Monthly,20000,2025-06-21,,Active,,
SUB03281,CUST03281,Starter,Monthly,1500,2024-09-20,,Active,,
SUB03282,CUST03282,Professional,Monthly,4500,2026-02-13,2026-06-27,Cancelled,2026-06-27,Not using the product enough
SUB03283,CUST03283,Business,Monthly,9000,2026-07-18,,Active,,
SUB03284,CUST03284,Business,Monthly,9000,2026-06-20,,Active,,
SUB03285,CUST03285,Business,Monthly,9000,2025-04-09,,Active,,
SUB03286,CUST03286,Enterprise,Monthly,20000,2024-04-09,,Active,,
SUB03287,CUST03287,Business,monthly,9000,2024-03-10,,Active,,
SUB03288,CUST03288,Professional,Monthly,4500,2023-12-29,,Active,,
SUB03289,CUST03289,Professional,Annual,4500,2025-06-09,,Active,,
SUB03290,CUST03290,Business,Monthly,9000,2024-01-16,,Active,,
SUB03291,CUST03291,Professional,Monthly,4500,2024-10-24,2026-06-10,Cancelled,10/06/2026,Payment issues
SUB03292,CUST03292,Business,Monthly,9000,2024-08-17,,Active,,
SUB03293,CUST03293,Professional,Monthly,4500,2025-11-16,,Active,,
SUB03294,CUST03294,Professional,Monthly,4500,2024-11-29,,Active,,
SUB03295,CUST03295,Starter,Monthly,1500,2024-12-25,,Active,,
SUB03296,CUST03296,Professional,Monthly,4500,2026-07-26,,Active,,
SUB03297,CUST03297,Starter,Monthly,1500,2024-09-14,,Active,,
SUB03298,CUST03298,Starter,Monthly,1500,26/07/2024,2025-06-01,Cancelled,2025-06-01,Too expensive
SUB03299,CUST03299,Starter,Annual,1500,2024-08-18,,Active,,
SUB03300,CUST03300,Enterprise,Annual,20000,2025-09-28,,Active,,
SUB03301,CUST03301,Starter,Monthly,1500,2023-12-18,, Active ,,
SUB03302,CUST03302,Starter,Monthly,1500,2024-05-17,,Active,,
SUB03303,CUST03303,Business,Annual,9000,2026-02-20,,Active,,
SUB03304,CUST03304,Professional,Monthly,4500,2023-12-31,,Active,,
SUB03305,CUST03305,Professional,Monthly,4500,2026-04-14,,Active,,
SUB03306,CUST03306,Starter,Monthly,1500,2023-10-26,,Active,,
SUB03307,CUST03307,Professional,Monthly,4500,2026-01-14,,Active,,
SUB03308,CUST03308,Professional,Monthly,4500,2024-05-04,2026-01-16,Cancelled,2026-01-16,Not using the product enough
SUB03309,CUST03309,Starter,Annual,1500,2026-05-17,,Active,,
SUB03310,CUST03310,Business,Annual,9000,2024-07-30,,Active,,
SUB03311,CUST03311,Starter,Monthly,1500,2023-09-26,,Active,,
SUB03312,CUST03312,Business,Monthly,9000,2024-10-10,,Active,,
SUB03313,CUST03313,Professional,Monthly,4500,2026-01-15,,Active,,
SUB03314,CUST03314,Starter,Annual,1500,2024-01-17,2024-11-07,Cancelled,2024-11-07,Business closed
SUB03315,CUST03315,Starter,Monthly,1500,2023-10-06,2025-04-25,Cancelled,2025-04-25,Poor customer support
SUB03316,CUST03316,Professional,Monthly,4500,2025-12-27,,Active,,
SUB03317,CUST03317,Professional,Monthly,4500,2025-07-22,,Active,,
SUB03318,CUST03318,Starter,Monthly,1500,2024-08-14,2026-08-12,Cancelled,2026-08-12,Business closed
SUB03319,CUST03319,Starter,Monthly,1500,2026-01-22,,Active,,
SUB03320,CUST03320,Business,Monthly,9000,2024-05-26,,Active,,
SUB03321,CUST03321,Professional,Monthly,4500,2023-11-01,,Active,,
SUB03322,CUST03322,Starter,Monthly,1500,2024-01-22,2024/11/10,Cancelled,2024-11-10,Business downsized
SUB03323,CUST03323,Starter,Monthly,1500,2024-01-11,,Active,,
SUB03324,CUST03324,Professional,Monthly,4500,2024-02-19,,Active,,
SUB03325,CUST03325,Business,Monthly,9000,2024-01-24,,Active,,
SUB03326,CUST03326,Starter,monthly,1500,2026-04-21,,Active,,
SUB03327,CUST03327,Professional,Annual,4500,2025-10-19,,Active,,
SUB03328,CUST03328,Starter,Monthly,1500,2023-09-26,,Active,,
SUB03329,CUST03329,Starter,Annual,1500,2025-09-27,2026-06-07,Cancelled,2026-06-07,Missing features
SUB03330,CUST03330,Business,Monthly,9000,2024-07-28,,Active,,
SUB03331,CUST03331,Professional,Annual,4500,2025-08-09,,Active,,
SUB03332,CUST03332,Starter,Monthly,1500,2025-10-02,,Active,,
SUB03333,CUST03333,Business,Annual,9000,2026-05-11,,Active,,
SUB03334,CUST03334,Starter,Monthly,1500,2025-11-24,"Jan 24, 2026",Cancelled,2026-01-24,Too expensive
SUB03335,CUST03335,Starter,Monthly,1500,2024-01-11,,Active,,
SUB03336,CUST03336,Starter,Monthly,1500,2026-04-28,,Active,,
SUB03337,CUST03337,Professional,Monthly,4500,2024-09-19,,Active,,
SUB03338,CUST03338,Professional,Monthly,4500,2023-10-22,,Active,,
SUB03339,CUST03339,Starter,Annual,1500,2026-03-28,,Active,,
SUB03340,CUST03340,Professional,Monthly,4500,2024-01-30,,Active,,
SUB03341,CUST03341,Business,Monthly,9000,2026-03-15,,Active,,
SUB03342,CUST03342,Starter,Annual,1500,2024-05-10,,Active,,
SUB03343,CUST03343,Starter,Monthly,1500,2025-07-23,,Active,,
SUB03344,CUST03344,Professional,Annual,4500,2025-07-01,2026-01-26,Cancelled,2026-01-26,Business downsized
SUB03345,CUST03345,Starter,Annual,1500,2025-10-03,,Active,,
SUB03346,CUST03346,Business,Monthly,9000,2024-03-26,,Active,,
SUB03347,CUST03347,Starter,Monthly,1500,2025-12-16,,Active,,
SUB03348,CUST03348,Enterprise,Monthly,20000,2025-06-27,2025-10-24,Cancelled,2025-10-24,Not using the product enough
SUB03349,CUST03349,Business,Annual,9000,2025-12-04,,Active,,
SUB03350,CUST03350,Professional,Monthly,4500,2025-07-24,,Active,,
SUB03351,CUST03351,starter,Annual,1500,2026-06-21,2026-09-20,Cancelled,2026-09-20,Switched to competitor
SUB03352,CUST03352,Business,Monthly,9000,2023-11-10,,Active,,
SUB03353,CUST03353,Starter,Annual,1500,2026-03-27,,Active,,
SUB03354,CUST03354,Starter,Annual,1500,2026-07-16,,Active,,
SUB03355,CUST03355,Professional,Monthly,4500,2024-08-23,2025-07-20,Cancelled,2025-07-20,Too expensive
SUB03356,CUST03356,Starter,Monthly,1500,2026-01-01,2026/08/08,Cancelled,2026-08-08,Business closed
SUB03357,CUST03357,Professional,Monthly,4500,2025-08-07,,Active,,
SUB03358,CUST03358,Business,monthly,9000,2024-01-24,,Active,,
SUB03359,CUST03359,Professional,Monthly,4500,2024-05-21,,Active,,
SUB03360,CUST03360,Professional,Monthly,4500,2025-08-12,,Active,,
SUB03361,CUST03361,Starter,Monthly,1500,2025-07-30,,Active,,
SUB03362,CUST03362,Professional,Annual,4500,2024-11-29,,Active,,
SUB03363,CUST03363,Starter,Monthly,1500,2024-11-24,,Active,,
SUB03364,CUST03364,Professional,Monthly,4500,2025-03-05,,Active,,
SUB03365,CUST03365,Business,Monthly,9000,2025-08-23,,Active,,
SUB03366,CUST03366,Business,Monthly,9000,2025-11-08,,Active,,
SUB03367,CUST03367,Professional,Monthly,4500,2025-09-10,,Active,,
SUB03368,CUST03368,Business,Monthly,9000,2024-01-01,2025-05-22,Cancelled ,2025/05/22,Not using the product enough
SUB03369,CUST03369,Enterprise,Monthly,20000,2026-05-04,,Active,,
SUB03370,CUST03370,Professional,Monthly,4500,2026-02-28,,Active,,
SUB03371,CUST03371,Starter,Monthly,1500,2026-01-25,2026-09-02,Cancelled,2026-09-02,Business downsized
SUB03372,CUST03372,Starter,Monthly,1500,2024-10-16,,Active,,
SUB03373,CUST03373,Professional,Monthly,4500,2025-05-01,2026-04-25,Cancelled,2026-04-25,Too expensive
SUB03374,CUST03374,Business,Monthly,9000,2025-09-11,,Active,,
SUB03375,CUST03375,Starter,Monthly,1500,2023-10-11,,Active,,
SUB03376,CUST03376,Professional,Monthly,4500,2026-02-05,,Active,,
SUB03377,CUST03377,Starter,Monthly,1500,2026-01-19,,Active,,
SUB03378,CUST03378,Starter,Monthly,1500,2025-07-13,2026-05-22,Cancelled,2026-05-22,Business downsized
SUB03379,CUST03379,Starter,Monthly,1500,2024-10-15,2025-06-20,Cancelled,2025-06-20,Not using the product enough
SUB03380,CUST03380,Professional,Monthly,4500,2024-07-14,,Active,,
SUB03381,CUST03381,Starter,Annual,1500,2025-09-12,,Active,,
SUB03382,CUST03382,Professional,Annual,4500,2026-08-13,,Active,,
SUB03383,CUST03383,Professional,Monthly,4500,2023-12-27,2025-10-28,Cancelled,28/10/2025,Too expensive
SUB03384,CUST03384,Professional,Monthly,4500,2024-08-20,,Active,,
SUB03385,CUST03385,Starter,Monthly,1500,2026-07-06,2026/09/13,Cancelled,2026/09/13,Payment issues
SUB03386,CUST03386,Professional,Annual,4500,2024-05-15,,Active,,
SUB03387,CUST03387,Business,Monthly,9000,2024-04-27,2026-03-26,Cancelled,2026-03-26,Business downsized
SUB03388,CUST03388,Professional,Annual,4500,2024-08-30,,Active,,
SUB03389,CUST03389,Business,Monthly,9000,2025-07-07,2026-06-04,Cancelled,2026-06-04,Payment issues
SUB03390,CUST03390,Professional,Monthly,4500,2025-11-08,,Active,,
SUB03391,CUST03391,Business,Monthly,9000,2024-12-05,,Active,,
SUB03392,CUST03392,Starter,Annual,1500,2024-05-27,,Active,,
SUB03393,CUST03393,Starter,Monthly,1500,2025-02-05,,Active,,
SUB03394,CUST03394,Professional,Monthly,4500,2026-01-11,,Active,,
SUB03395,CUST03395,Starter,Monthly,1500,2026-01-08,,Active,,
SUB03396,CUST03396,Starter,Monthly,1500,2025-08-16,,Active,,
SUB03397,CUST03397,Professional,Monthly,4500,2024-09-28,,Active,,
SUB03398,CUST03398,Professional,Monthly,4500,2024-12-31,,Active,,
SUB03399,CUST03399,Professional,Annual,4500,2024-04-18,2025-04-15,Cancelled,2025-04-15,Switched to competitor
SUB03400,CUST03400,Business,Monthly,9000,2024-12-10,,Active,,
SUB03401,CUST03401,Starter,Monthly,1500,2026-05-04,2026-07-29,Cancelled,2026/07/29,Too expensive
SUB03402,CUST03402,Professional,Annual,4500,2024-07-06,,Active,,
SUB03403,CUST03403,Professional,Monthly,4500,2024-03-15,,Active,,
SUB03404,CUST03404,Professional,Monthly,4500,2025-05-13,,Active,,
SUB03405,CUST03405,Professional,Monthly,4500,2025-08-14,,Active,,
SUB03406,CUST03406,Starter,Monthly,1500,17/06/2024,,Active,,
SUB03407,CUST03407,Starter,Monthly,1500,2024-07-02,,Active,,
SUB03408,CUST03408,Starter,Monthly,1500,2025-04-26,,Active,,
SUB03409,CUST03409,Business,Monthly,9000,2025-05-03,,Active,,
SUB03410,CUST03410,Starter,Monthly,1500,2025-07-24,2026-02-22,Cancelled,2026-02-22,Missing features
SUB03411,CUST03411,Starter,Annual,1500,2025-10-13,,Active,,
SUB03412,CUST03412,business,Monthly,9000,2026-01-14,2026-08-05,Cancelled,2026-08-05,Not using the product enough
SUB03413,CUST03413,Professional,Monthly,4500,2024-12-26,2026-05-13,Cancelled,2026-05-13,Business closed
SUB03414,CUST03414,Starter,Annual,1500,2024-04-15,,Active,,
SUB03415,CUST03415,Starter,Monthly,1500,2026-01-29,,Active,,
SUB03416,CUST03416,Professional,Monthly,4500,2026-04-29,,Active,,
SUB03417,CUST03417,Starter,Monthly,1500,2024-10-25,2026-05-04,Cancelled,2026-05-04,Switched to competitor
SUB03418,CUST03418,Enterprise,Monthly,20000,2025-04-25,,Active,,
SUB03419,CUST03419,Starter,Monthly,1500,2024-07-29,,Active,,
SUB03420,CUST03420,Professional,Monthly,4500,2026-02-20,23/09/2026,Cancelled,2026-09-23,Switched to competitor
SUB03421,CUST03421,Starter,Monthly,1500,2025-08-07,,Active,,
SUB03422,CUST03422,Professional,Monthly,4500,2023-10-13,,Active,,
SUB03423,CUST03423,Professional,Monthly,4500,2024-05-16,,Active,,
SUB03424,CUST03424,Enterprise,Annual,20000,2025-09-08,,Active,,
SUB03425,CUST03425,Professional,Annual,4500,2026-06-23,,Active,,
SUB03426,CUST03426,Professional,Monthly,4500,2026-07-09,,Active,,
SUB03427,CUST03427,Professional,Monthly,4500,2024-09-11,,Active,,
SUB03428,CUST03428,Enterprise,Annual,20000,2025-02-17,,Active,,
SUB03429,CUST03429,Professional,Annual,4500,2024-10-12,,Active,,
SUB03430,CUST03430,Business,Monthly,9000,2024-08-27,,Active,,
SUB03431,CUST03431,Professional,Monthly,4500,2023-11-24,,Active,,
SUB03432,CUST03432,enterprise,Monthly,20000,2024-08-08,,Active,,
SUB03433,CUST03433,business,Monthly,9000,2025-09-24,,Active,,
SUB03434,CUST03434,Starter,Monthly,1500,2026-07-22,,Active,,
SUB03435,CUST03435,Professional,Monthly,4500,2025-12-01,,Active,,
SUB03436,CUST03436,Starter,Monthly,1500,2023-09-30,,Active,,
SUB03437,CUST03437,Professional,Monthly,4500,2025-10-01,,Active,,
SUB03438,CUST03438,Enterprise,Annual,20000,2024-08-05,,Active,,
SUB03439,CUST03439,Business,Monthly,9000,2025-08-27,,Active,,
SUB03440,CUST03440,Starter,Monthly,1500,2025-03-23,,Active,,
SUB03441,CUST03441,Professional,Monthly,4500,2025/07/29,,Active,,
SUB03442,CUST03442,Starter,Annual,1500,2025-01-28,,Active,,
SUB03443,CUST03443,Starter,Annual,1500,2025-04-18,,Active,,
SUB03444,CUST03444,Enterprise,Annual,20000,2026-07-27,,Active,,
SUB03445,CUST03445,Professional,Monthly,4500,2026-05-31,,Active,,
SUB03446,CUST03446,Starter,Monthly,1500,2025-12-16,,Active,,
SUB03447,CUST03447,Enterprise,monthly,20000,2026-08-04,,Active,,
SUB03448,CUST03448,Professional,Monthly,4500,2024-03-06,,Active,,
SUB03449,CUST03449,Starter,Annual,1500,2024-04-24,,Active,,
SUB03450,CUST03450,Professional,Monthly,4500,2026-03-17,2026-09-05,Cancelled,05/09/2026,Business downsized
SUB03451,CUST03451,Professional,Monthly,4500,2025-03-12,,Active,,
SUB03452,CUST03452,Starter,Monthly,1500,2026-03-29,,Active,,
SUB03453,CUST03453,Professional,Monthly,4500,2026-05-19,,Active,,
SUB03454,CUST03454,Starter,Monthly,1500,2025-12-22,,Active,,
SUB03455,CUST03455,Professional,Monthly,4500,2024-02-12,,Active,,
SUB03456,CUST03456,Starter,Monthly,1500,2026-03-13,2026-09-21,Cancelled,2026-09-21,Too expensive
SUB03457,CUST03457,Professional,Monthly,4500,2026-02-07,,Active,,
SUB03458,CUST03458,Business,Monthly,9000,2025-06-30,,Active,,
SUB03459,CUST03459,business,Monthly,9000,2024-06-14,,Active,,
SUB03460,CUST03460,Professional,Monthly,4500,2026-04-15,,Active,,
SUB03461,CUST03461,Business,Monthly,9000,2025-10-30,,Active,,
SUB03462,CUST03462,Business,Monthly,9000,2024-12-16,2026-02-27,Cancelled,2026/02/27,Not using the product enough
SUB03463,CUST03463,Professional,Monthly,4500,2024-11-26,,Active,,
SUB03464,CUST03464,Business,Monthly,9000,2024-08-09,,Active,,
SUB03465,CUST03465,Enterprise,Annual,20000,2024-12-08,,Active,,
SUB03466,CUST03466,Professional,Monthly,4500,2024-06-06,,Active,,
SUB03467,CUST03467,Professional,Annual,4500,2024-06-20,,Active,,
SUB03468,CUST03468,Professional,Monthly,4500,2026-07-05,,Active,,
SUB03469,CUST03469,Business,Monthly,9000,2025-11-16,,Active,,
SUB03470,CUST03470,Professional,Monthly,4500,2025-02-15,2026-07-14,Cancelled,2026-07-14,
SUB03471,CUST03471,Starter,Annual,1500,2024-06-04,2026-03-25,Cancelled,2026-03-25,Poor customer support
SUB03472,CUST03472,Starter,Monthly,1500,2024-08-25,,Active,,
SUB03473,CUST03473,Business,Monthly,9000,2025-01-12,,Active,,
SUB03474,CUST03474,Starter,Monthly,1500,2024-01-11,,Active,,
SUB03475,CUST03475,Starter,Monthly,1500,2026-05-22,,Active,,
SUB03476,CUST03476,Starter,Monthly,1500,2025-01-24,,Active,,
SUB03477,CUST03477,Professional,Monthly,4500,2026-07-28,,Active,,
SUB03478,CUST03478,Professional,Monthly,4500,2024-09-27,,Active,,
SUB03479,CUST03479,Business,monthly,9000,2025-03-19,,Active,,
SUB03480,CUST03480,Starter,Monthly,1500,2024-01-03,,Active,,
SUB03481,CUST03481,Business,Monthly,9000,2026-04-20,2026-09-10,Cancelled,2026/09/10,Poor customer support
SUB03482,CUST03482,Professional,Monthly,4500,2024-02-26,,Active,,
SUB03483,CUST03483,Business,Annual,9000,2025-10-05,,Active,,
SUB03484,CUST03484,Professional,Monthly,4500,2025-03-03,,Active,,
SUB03485,CUST03485,Business,Annual,9000,2024-09-18,,Active,,
SUB03486,CUST03486,Professional,Monthly,4500,2025-02-22,,Active,,
SUB03487,CUST03487,Starter,Monthly,1500,2025-11-12,,Active,,
SUB03488,CUST03488,Professional,Monthly,4500,2025-04-08,2025-09-02,Cancelled,2025-09-02,Not using the product enough
SUB03489,CUST03489,Starter,Monthly,1500,2026-01-21,"Sep 15, 2026",Cancelled,2026-09-15,Not using the product enough
SUB03490,CUST03490,Professional,Monthly,4500,2026-04-22,,Active,,
SUB03491,CUST03491,Business,Annual,9000,2024-11-01,,Active,,
SUB03492,CUST03492,Professional,Monthly,4500,2024-08-31,,Active,,
SUB03493,CUST03493,Starter,Monthly,1500,2026-07-11,,Active,,
SUB03494,CUST03494,Professional,Monthly,4500,2024-03-09,,Active,,
SUB03495,CUST03495,Starter,Monthly,1500,2023-10-03,, Active ,,
SUB03496,CUST03496,Starter,Monthly,1500,2024-06-24,,Active,,
SUB03497,CUST03497,Starter,Monthly,1500,2024-05-28,,Active,,
SUB03498,CUST03498,Starter,Monthly,1500,2024-09-26,,Active,,
SUB03499,CUST03499,Professional,Annual,4500,2025-05-18,2026-08-22,Cancelled,2026-08-22,Too expensive
SUB03500,CUST03500,Professional,Monthly,4500,2026-02-15,,Active,,
SUB03501,CUST03501,Starter,Monthly,1500,2025-08-05,,Active,,
SUB03502,CUST03502,Starter,Monthly,1500,2026-04-15,,Active,,
SUB03503,CUST03503,Starter,Annual,1500,2024-10-07,,Active,,
SUB03504,CUST03504,Starter,Monthly,1500,2026-03-15,2026-07-13,Cancelled,13/07/2026,Switched to competitor
SUB03505,CUST03505,Starter,Monthly,1500,2024-05-12,,Active,,
SUB03506,CUST03506,Business,Monthly,9000,2024-01-15,,Active,,
SUB03507,CUST03507,Starter,Annual,1500,2026-06-18,,Active,,
SUB03508,CUST03508,Starter,Monthly,1500,2023-12-28,,Active,,
SUB03509,CUST03509,Business,Annual,9000,2025-06-04,,Active,,
SUB03510,CUST03510,Professional,Monthly,4500,2025-02-16,2025-12-11,Cancelled,2025-12-11,Missing features
SUB03511,CUST03511,Professional,Monthly,4500,2025-05-25,,Active,,
SUB03512,CUST03512,Starter,Monthly,1500,2025-11-20,2026-03-02,Cancelled,2026-03-02,Missing features
SUB03513,CUST03513,Enterprise,Monthly,20000,2024-02-06,,Active,,
SUB03514,CUST03514,Starter,Monthly,1500,2025-05-15,,Active,,
SUB03515,CUST03515,Professional,Monthly,4500,2024-10-11,,Active,,
SUB03516,CUST03516,Business,Monthly,9000,2025-02-05,,Active,,
SUB03517,CUST03517,Professional,Annual,4500,2025-09-18,,Active,,
SUB03518,CUST03518,Professional,Monthly,4500,2024-08-28,,Active,,
SUB03519,CUST03519,Business,Monthly,9000,2026-05-20,2026-08-12,Cancelled,2026-08-12,Not using the product enough
SUB03520,CUST03520,Starter,Annual,1500,2024-10-13,,Active,,
SUB03521,CUST03521,Professional,Monthly,4500,21/08/2025,2026/02/25,Cancelled,2026-02-25,Switched to competitor
SUB03522,CUST03522,Professional,Monthly,4500,2025-05-29,,Active,,
SUB03523,CUST03523,Professional,Annual,4500,2025-05-20,,Active,,
SUB03524,CUST03524,Professional,Monthly,4500,2026-06-26,2026-09-22,Cancelled,2026-09-22,Poor customer support
SUB03525,CUST03525,Starter,Monthly,1500,2025-07-28,,Active,,
SUB03526,CUST03526,Business,Annual,9000,2025-02-03,,Active,,
SUB03527,CUST03527,Starter,Monthly,1500,2024-02-19,,Active,,
SUB03528,CUST03528,Professional,Monthly,4500,2024-08-05,,Active,,
SUB03529,CUST03529,Professional,Monthly,4500,2025-09-21,,Active,,
SUB03530,CUST03530,Business,Monthly,9000,2024-09-02,,Active,,
SUB03531,CUST03531,Starter,Monthly,1500,2025-09-04,, Active ,,
SUB03532,CUST03532,Starter,Monthly,1500,2026-06-09,,Active,,
SUB03533,CUST03533,Business,Monthly,9000,2026-02-03,,Active,,
SUB03534,CUST03534,Starter,Monthly,1500,2025-01-26,2026-05-15,Cancelled,2026-05-15,Too expensive
SUB03535,CUST03535,Starter,Monthly,1500,2023-12-31,,Active,,
SUB03536,CUST03536,Starter,Monthly,1500,2026-07-27,,Active,,
SUB03537,CUST03537,Professional,Annual,4500,2024-04-26,,Active,,
SUB03538,CUST03538,Business,Monthly,9000,2024-03-11,,Active,,
SUB03539,CUST03539,Professional,Monthly,4500,2025-05-01,,Active,,
SUB03540,CUST03540,Business,Monthly,9000,2026-05-05,2026-09-19,Cancelled,2026-09-19,Switched to competitor
SUB03541,CUST03541,Professional,Monthly,4500,2024-08-03,,Active,,
SUB03542,CUST03542,Professional,Monthly,4500,2024-02-20,,Active,,
SUB03543,CUST03543,Starter,Annual,1500,2025-11-25,,Active,,
SUB03544,CUST03544,Starter,Monthly,1500,2024-04-27,,Active,,
SUB03545,CUST03545,Starter,Annual,1500,2024-11-15,,Active,,
SUB03546,CUST03546,Starter,Monthly,1500,2026-06-15,,Active,,
SUB03547,CUST03547,Professional,Monthly,4500,2024-07-12,2025-08-27,Cancelled,2025-08-27,Switched to competitor
SUB03548,CUST03548,Starter,Annual,1500,2025-10-08,,Active,,
SUB03549,CUST03549,PROFESSIONAL,Annual,4500,2025-10-01,,Active,,
SUB03550,CUST03550,Starter,Annual,1500,2025-08-21,,Active,,
SUB03551,CUST03551,Professional,Monthly,4500,2025-04-01,,Active,,
SUB03552,CUST03552,Professional,Monthly,4500,2026-01-22,,Active,,
SUB03553,CUST03553,Enterprise,Monthly,20000,2023-10-27,,Active,,
SUB03554,CUST03554,Enterprise,Monthly,20000,2023-11-17,,Active,,
SUB03555,CUST03555,Professional,Monthly,4500,2025-02-18,2026-08-11,Cancelled,2026-08-11,Poor customer support
SUB03556,CUST03556,Professional,Monthly,4500,2025-06-01,,Active,,
SUB03557,CUST03557,Starter,Monthly,1500,2025-04-23,,Active,,
SUB03558,CUST03558,Professional,Monthly,4500,2024-02-28,,Active,,
SUB03559,CUST03559,Professional,Monthly,4500,2024-01-05,2024-10-19,Cancelled,2024-10-19,Switched to competitor
SUB03560,CUST03560,Starter,Monthly,1500,2026-02-28,,Active,,
SUB03561,CUST03561,Professional,Monthly,4500,2025-06-29,,Active,,
SUB03562,CUST03562,Enterprise,Annual,20000,2023-12-22,,Active,,
SUB03563,CUST03563,Professional,Monthly,4500,2023-11-07,2026-08-01,Cancelled,2026-08-01,Missing features
SUB03564,CUST03564,Professional,Monthly,4500,2026-01-03,,Active,,
SUB03565,CUST03565,Starter,Annual,1500,"Nov 24, 2024",,Active,,
SUB03566,CUST03566,Professional,monthly,4500,2025-05-03,,Active,,
SUB03567,CUST03567,Professional,Monthly,4500,2025-02-11,,Active,,
SUB03568,CUST03568,Business,Monthly,9000,2026-07-21,,Active,,
SUB03569,CUST03569,Professional,Annual,4500,2023-10-10,,Active,,
SUB03570,CUST03570,Professional,Monthly,4500,2026-07-22,,Active,,
SUB03571,CUST03571,Professional,Monthly,4500,2025-05-08,,Active,,
SUB03572,CUST03572,Starter,Monthly,1500,2024-08-15,,Active,,
SUB03573,CUST03573,Starter,Monthly,1500,2024-03-07,,Active,,
SUB03574,CUST03574,Professional,Monthly,4500,2025-05-07,,Active,,
SUB03575,CUST03575,Professional,Monthly,4500,2024-12-22,,Active,,
SUB03576,CUST03576,Starter,Monthly,1500,2024-03-11,,Active,,
SUB03577,CUST03577,Professional,Monthly,4500,2025-08-28,2026-08-09,Cancelled,2026-08-09,Not using the product enough
SUB03578,CUST03578,Enterprise,Monthly,20000,2025-07-15,,Active,,
SUB03579,CUST03579,Starter,Monthly,1500,2025-01-12,,Active,,
SUB03580,CUST03580,Enterprise,Monthly,20000,07/01/2026,, Active ,,
SUB03581,CUST03581,Professional,Monthly,4500,2024/01/23,,Active,,
SUB03582,CUST03582,Starter,Monthly,1500,2026-03-26,,Active,,
SUB03583,CUST03583,Business,Monthly,9000,2025-10-26,,Active,,
SUB03584,CUST03584,Starter,Monthly,1500,2024-01-09,,Active,,
SUB03585,CUST03585,Enterprise,Monthly,20000,2024-01-20,,Active,,
SUB03586,CUST03586,Business,Monthly,9000,2024-01-25,,Active,,
SUB03587,CUST03587,Starter,Monthly,1500,2025-12-29,,Active,,
SUB03588,CUST03588,Professional,Monthly,4500,2026-04-13,,Active,,
SUB03589,CUST03589,Starter,Monthly,1500,2024-01-12,2026-03-18,Cancelled,2026-03-18,Poor customer support
SUB03590,CUST03590,Starter,Annual,1500,2024-04-08,,Active,,
SUB03591,CUST03591,Professional,Annual,4500,2023-10-03,,Active,,
SUB03592,CUST03592,Professional,Monthly,4500,2026-03-19,2026-08-15,Cancelled,2026/08/15,Too expensive
SUB03593,CUST03593,Professional,Monthly,4500,2025-07-16,,Active,,
SUB03594,CUST03594,Professional,Monthly,4500,2023-11-08,,Active,,
SUB03595,CUST03595,Starter,Monthly,1500,2026-01-10,,Active,,
SUB03596,CUST03596,Enterprise,Annual,20000,2025-01-16,,Active,,
SUB03597,CUST03597,Enterprise,Monthly,20000,2025-06-07,,Active,,
SUB03598,CUST03598,Enterprise,Monthly,20000,2025-02-08,,Active,,
SUB03599,CUST03599,Professional,Monthly,4500,2025-03-31,,Active,,
SUB03600,CUST03600,starter,Monthly,1500,2026-06-12,,Active,,
SUB03601,CUST03601,Professional,Monthly,4500,2024-02-17,,Active,,
SUB03602,CUST03602,Business,Annual,9000,2025-02-25,,Active,,
SUB03603,CUST03603,Enterprise,Monthly,20000,2025-06-26,2026-03-04,Cancelled,2026-03-04,Poor customer support
SUB03604,CUST03604,Professional,Monthly,4500,2026-06-23,2026-09-02,Cancelled,2026-09-02,Not using the product enough
SUB03605,CUST03605,Professional,Monthly,4500,2024-03-13,,Active,,
SUB03606,CUST03606,Professional,Monthly,4500,2025-01-15,2026-01-29,Cancelled,2026-01-29,Switched to competitor
SUB03607,CUST03607,Starter,Monthly,1500,2026-05-10,,Active,,
SUB03608,CUST03608,Starter,Monthly,1500,2023-11-05,,Active,,
SUB03609,CUST03609,Business,Monthly,9000,2024-02-09,,Active,,
SUB03610,CUST03610,Starter,Monthly,1500,2025-08-01,,Active,,
SUB03611,CUST03611,Starter,Annual,1500,2026-01-30,,Active,,
SUB03612,CUST03612,Professional,Annual,4500,2024-08-22,2025-02-15,Cancelled,2025-02-15,Missing features
SUB03613,CUST03613,Enterprise,Annual,20000,2025-06-10,,Active,,
SUB03614,CUST03614,Starter,Annual,1500,2025-03-15,,Active,,
SUB03615,CUST03615,Starter,Annual,1500,2023-10-19,,Active,,
SUB03616,CUST03616,Professional,Monthly,4500,2024-03-06,2026-07-30,Cancelled,2026-07-30,Too expensive
SUB03617,CUST03617,Starter,Monthly,1500,2024-03-20,,Active,,
SUB03618,CUST03618,Professional,Monthly,4500,2024-03-15,,Active,,
SUB03619,CUST03619,Professional,Monthly,4500,2025-07-09,,Active,,
SUB03620,CUST03620,Professional,Monthly,4500,2025-11-03,2026-06-18,Cancelled,2026-06-18,Missing features
SUB03621,CUST03621,Starter,Monthly,1500,2024-10-21,,Active,,
SUB03622,CUST03622,Business,Monthly,9000,2023-11-10,2026-07-08,Cancelled,2026-07-08,Poor customer support
SUB03623,CUST03623,Starter,Monthly,1500,2023-11-08,,Active,,
SUB03624,CUST03624,Professional,Monthly,4500,2024-07-05,,Active,,
SUB03625,CUST03625,Enterprise,Annual,20000,2025-11-04,,Active,,
SUB03626,CUST03626,Professional,Monthly,4500,2025-11-27,,Active,,
SUB03627,CUST03627,Starter,Annual,1500,2024-12-29,2026/07/25,Cancelled,2026-07-25,Missing features
SUB03628,CUST03628,Professional,Monthly,4500,2025-05-31,,Active,,
SUB03629,CUST03629,Business,Monthly,9000,2024-09-27,,Active,,
SUB03630,CUST03630,Professional,Annual,4500,2025-01-29,,Active,,
SUB03631,CUST03631,Starter,Monthly,1500,2024/04/24,,Active,,
SUB03632,CUST03632,Professional,Monthly,4500,2025-12-26,2026-08-21,Cancelled,2026-08-21,Not using the product enough
SUB03633,CUST03633,Professional,Monthly,4500,2026-04-30,,Active,,
SUB03634,CUST03634,Professional,Monthly,4500,2026-01-28,,Active,,
SUB03635,CUST03635,Starter,Monthly,1500,2025-02-28,2025-06-19,Cancelled,2025-06-19,Not using the product enough
SUB03636,CUST03636,Professional,Annual,4500,2023-11-15,,Active,,
SUB03637,CUST03637,Enterprise,Monthly,20000,2024-09-28,,Active,,
SUB03638,CUST03638,Starter,Annual,1500,2024-10-13,2026-06-27,Cancelled,2026-06-27,Business closed
SUB03639,CUST03639,Professional,Monthly,4500,2023-10-05,,Active,,
SUB03640,CUST03640,Starter,Monthly,1500,2024-05-18,,Active,,
SUB03641,CUST03641,business,Annual,9000,2025-06-27,2026-06-24,Cancelled,2026-06-24,Business downsized
SUB03642,CUST03642,Enterprise,Monthly,20000,2026-01-19,,Active,,
SUB03643,CUST03643,Starter,Monthly,1500,2026-07-15,,Active,,
SUB03644,CUST03644,Starter,Monthly,1500,2026-03-03,,Active,,
SUB03645,CUST03645,Starter,Annual,1500,2026-07-05,,Active,,
SUB03646,CUST03646,Professional,Monthly,4500,2023-10-27,2026-04-13,Cancelled,2026-04-13,Business downsized
SUB03647,CUST03647,Business,Annual,9000,2026-03-10,,Active,,
SUB03648,CUST03648,Starter,Monthly,1500,2026-03-13,,Active,,
SUB03649,CUST03649,Starter,Monthly,1500,2025-12-01,,Active,,
SUB03650,CUST03650,Business,Monthly,9000,2026-08-21,,Active,,
SUB03651,CUST03651,Enterprise,Annual,20000,2024-06-22,,Active,,
SUB03652,CUST03652,Starter,Monthly,1500,2025-05-23,,Active,,
SUB03653,CUST03653,Professional,monthly,4500,2025-04-06,,Active,,
SUB03654,CUST03654,Starter,Monthly,1500,2025-04-11,2025-11-22,Cancelled,22/11/2025,Business downsized
SUB03655,CUST03655,Starter,Monthly,1500,2023-11-09,2025-12-10,Cancelled,2025-12-10,Business downsized
SUB03656,CUST03656,Enterprise,Monthly,20000,2024-08-24,,Active,,
SUB03657,CUST03657,Starter,Monthly,1500,2024-05-19,,Active,,
SUB03658,CUST03658,Starter,Monthly,1500,2024-01-16,,Active,,
SUB03659,CUST03659,Professional,Annual,4500,2026-06-22,,Active,,
SUB03660,CUST03660,Starter,Monthly,1500,2024-02-29,,Active,,
SUB03661,CUST03661,Professional,Monthly,4500,2026-07-14,,Active,,
SUB03662,CUST03662,Starter,Monthly,1500,2024-08-02,,Active,,
SUB03663,CUST03663,Professional,Annual,4500,2024-08-25,,Active,,
SUB03664,CUST03664,Starter,Annual,1500,2026-06-28,2026-09-21,Cancelled,2026-09-21,Business downsized
SUB03665,CUST03665,Business,Monthly,9000,2025-07-18,,Active,,
SUB03666,CUST03666,Starter,Annual,1500,2025-10-04,,Active,,
SUB03667,CUST03667,Starter,Monthly,1500,2024-07-05,,Active,,
SUB03668,CUST03668,Business,Monthly,9000,2026-02-15,, Active ,,
SUB03669,CUST03669,Starter,Annual,1500,2025-02-14,2025-05-21,Cancelled,2025-05-21,Switched to competitor
SUB03670,CUST03670,Business,Monthly,9000,2026-07-22,,Active,,
SUB03671,CUST03671,Professional,Monthly,4500,2024-12-02,2025-04-03,Cancelled,2025-04-03,Poor customer support
SUB03672,CUST03672,Business,Monthly,9000,2025-08-31,2026-07-06,Cancelled,06/07/2026,Poor customer support
SUB03673,CUST03673,Business,Annual,9000,2023-11-14,,Active,,
SUB03674,CUST03674,starter,Monthly,1500,2026-02-22,2026-06-26,Cancelled,2026-06-26,Missing features
SUB03675,CUST03675,Professional,Annual,4500,2024-10-19,,Active,,
SUB03676,CUST03676,Professional,Annual,4500,2023-11-30,,Active,,
SUB03677,CUST03677,Professional,Annual,4500,2026-04-10,,Active,,
SUB03678,CUST03678,Professional,Monthly,4500,2025-03-12,,Active,,
SUB03679,CUST03679,Business,Annual,9000,2025-04-11,,Active,,
SUB03680,CUST03680,Business,Annual,9000,2023-12-02,,Active,,
SUB03681,CUST03681,Professional,Monthly,4500,2024-11-28,,Active,,
SUB03682,CUST03682,Professional,Annual,4500,2024-09-13,2026-05-25,Cancelled,2026-05-25,Too expensive
SUB03683,CUST03683,Starter,Monthly,1500,2024-04-14,,Active,,
SUB03684,CUST03684,enterprise,Monthly,20000,2026-03-26,,Active,,
SUB03685,CUST03685,Starter,Monthly,1500,2024-04-21,,Active,,
SUB03686,CUST03686,Enterprise,Monthly,20000,2024-11-10,,Active,,
SUB03687,CUST03687,Professional,Monthly,4500,2024-12-04,,Active,,
SUB03688,CUST03688,Professional,Monthly,4500,2024-02-12,,Active,,
SUB03689,CUST03689,Starter,monthly,1500,2025-04-26,2026-02-22,Cancelled,2026-02-22,Too expensive
SUB03690,CUST03690,Starter,Monthly,1500,2024-06-11,2025-02-17,Cancelled,2025-02-17,Poor customer support
SUB03691,CUST03691,Business,Monthly,9000,2024-08-21,,Active,,
SUB03692,CUST03692,Professional,Monthly,4500,2024-02-22,,Active,,
SUB03693,CUST03693,Professional,Monthly,4500,2024-03-04,,Active,,
SUB03694,CUST03694,Starter,Annual,1500,2024-11-21,,Active,,
SUB03695,CUST03695,Enterprise,Annual,20000,2025-01-17,,Active,,
SUB03696,CUST03696,Professional,Monthly,4500,2025-06-26,2025-11-17,Cancelled,2025-11-17,Missing features
SUB03697,CUST03697,Starter,Monthly,1500,2025-11-04,,Active,,
SUB03698,CUST03698,Professional,Monthly,4500,2024-08-28,,Active,,
SUB03699,CUST03699,Starter,Annual,1500,2026-08-16,,Active,,
SUB03700,CUST03700,Business,Monthly,9000,2024-12-20,,Active,,
SUB03701,CUST03701,Business,Monthly,9000,2024-03-17,,Active,,
SUB03702,CUST03702,Professional,Monthly,4500,2025-09-12,,Active,,
SUB03703,CUST03703,Professional,Monthly,4500,2026-07-13,,Active,,
SUB03704,CUST03704,Business,Monthly,9000,2025-05-28,,Active,,
SUB03705,CUST03705,Enterprise,Monthly,20000,2025-11-07,,Active,,
SUB03706,CUST03706,Enterprise,Monthly,20000,2025-11-19,,Active,,
SUB03707,CUST03707,Professional,Monthly,4500,2025-09-12,,Active,,
SUB03708,CUST03708,Starter,Monthly,1500,2024-06-04,,Active,,
SUB03709,CUST03709,Starter,Monthly,1500,2024-06-04,,Active,,
SUB03710,CUST03710,Professional,Monthly,4500,2025-03-14,,Active,,
SUB03711,CUST03711,Starter,Annual,1500,2024-12-01,18/08/2026,Cancelled,2026-08-18,Too expensive
SUB03712,CUST03712,Starter,Monthly,1500,2023-10-22,,Active,,
SUB03713,CUST03713,Professional,Monthly,4500,2025-03-05,,Active,,
SUB03714,CUST03714,Professional,Monthly,4500,2025-03-29,,Active,,
SUB03715,CUST03715,Starter,Monthly,1500,2024-07-23,,Active,,
SUB03716,CUST03716,Professional,Monthly,4500,2024-07-06,,Active,,
SUB03717,CUST03717,Business,Monthly,9000,2024-03-05,,Active,,
SUB03718,CUST03718,Starter,Monthly,1500,2025-05-01,2026-05-30,Cancelled,2026-05-30,Too expensive
SUB03719,CUST03719,Business,Monthly,9000,2024-12-07,,Active,,
SUB03720,CUST03720,Professional,Monthly,4500,2024-11-18,,Active,,
SUB03721,CUST03721,Professional,Monthly,4500,2025-07-30,,Active,,
SUB03722,CUST03722,Professional,Monthly,4500,2024-07-13,,Active,,
SUB03723,CUST03723,Starter,Annual,1500,2025-01-29,,Active,,
SUB03724,CUST03724,Starter,Annual,1500,2026-05-30,,Active,,
SUB03725,CUST03725,Starter,Monthly,1500,2023-10-08,,Active,,
SUB03726,CUST03726,Starter,Monthly,1500,2024-06-15,,Active,,
SUB03727,CUST03727,Professional,Monthly,4500,2026-06-04,2026-08-11,Cancelled,2026-08-11,Business downsized
SUB03728,CUST03728,Professional,Monthly,4500,2024-11-27,2026-08-08,Cancelled,2026-08-08,Missing features
SUB03729,CUST03729,Business,Annual,9000,2023-09-28,,Active,,
SUB03730,CUST03730,Business,Monthly,9000,2024-10-08,,Active,,
SUB03731,CUST03731,Professional,Monthly,4500,2025-11-14,"Apr 11, 2026",Cancelled,2026-04-11,Poor customer support
SUB03732,CUST03732,Starter,Monthly,1500,2025-02-15,,Active,,
SUB03733,CUST03733,Starter,Annual,1500,2024-12-25,,Active,,
SUB03734,CUST03734,Business,Monthly,9000,2026-05-21,,Active,,
SUB03735,CUST03735,Professional,Annual,4500,2024-04-05,,Active,,
SUB03736,CUST03736,Business,Monthly,9000,2024-07-23,,Active,,
SUB03737,CUST03737,Starter,Annual,1500,2026-04-09,,Active,,
SUB03738,CUST03738,Professional,Monthly,4500,2025-01-14,,Active,,
SUB03739,CUST03739,Enterprise,Monthly,20000,2024-11-04,,Active,,
SUB03740,CUST03740,Professional,Monthly,4500,2024-12-28,,Active,,
SUB03741,CUST03741,Professional,Annual,4500,2025-06-27,,Active,,
SUB03742,CUST03742,Business,Monthly,9000,2026-01-26,,Active,,
SUB03743,CUST03743,Business,Monthly,9000,2026-01-02,,Active,,
SUB03744,CUST03744,Starter,Monthly,1500,2026-02-06,2026/09/15,Cancelled,2026-09-15,Business closed
SUB03745,CUST03745,Business,Monthly,9000,2026-05-15,2026-08-30,Cancelled,2026-08-30,Switched to competitor
SUB03746,CUST03746,Business,Monthly,9000,2023-11-02,2024-09-27,Cancelled,2024/09/27,Missing features
SUB03747,CUST03747,Enterprise,Annual,20000,2024-02-22,,Active,,
SUB03748,CUST03748,Professional,Monthly,4500,2024-05-16,,Active,,
SUB03749,CUST03749,Starter,Monthly,1500,2026-04-07,,Active,,
SUB03750,CUST03750,Professional,Monthly,4500,2025-07-02,,Active,,
SUB03751,CUST03751,Starter,Monthly,1500,2025-03-26,,Active,,
SUB03752,CUST03752,Starter,Monthly,1500,2025-05-07,,Active,,
SUB03753,CUST03753,Starter,Monthly,1500,2025-12-17,,Active,,
SUB03754,CUST03754,Professional,Monthly,4500,2025-05-11,,Active,,
SUB03755,CUST03755,Professional,Monthly,4500,2026-03-08,,Active,,
SUB03756,CUST03756,Professional,Monthly,4500,2024-03-12,,Active,,
SUB03757,CUST03757,Starter,Monthly,1500,2026-01-12,,Active,,
SUB03758,CUST03758,Starter,Monthly,1500,2024-10-28,,Active,,
SUB03759,CUST03759,Professional,Monthly,4500,2025-03-12,,Active,,
SUB03760,CUST03760,Business,Annual,9000,2025-04-15,,Active,,
SUB03761,CUST03761,Business,Monthly,9000,2025-01-09,,Active,,
SUB03762,CUST03762,Starter,Monthly,1500,2025-05-31,,Active,,
SUB03763,CUST03763,Starter,Monthly,1500,2024-06-03,,Active,,
SUB03764,CUST03764,Starter,Annual,1500,2023-12-23,,Active,,
SUB03765,CUST03765,Starter,Monthly,1500,2024-01-14,,Active,,
SUB03766,CUST03766,Starter,Monthly,1500,2026-02-04,,Active,,
SUB03767,CUST03767,Professional,Annual,4500,2024-03-07,,Active,,
SUB03768,CUST03768,Starter,Monthly,1500,2026-03-30,,Active,,
SUB03769,CUST03769,Business,monthly,9000,2025-01-24,2026-07-10,Cancelled ,2026-07-10,Missing features
SUB03770,CUST03770,Starter,Annual,1500,2025-04-02,,Active,,
SUB03771,CUST03771,Professional,Monthly,4500,2025-08-07,,Active,,
SUB03772,CUST03772,Starter,Monthly,1500,2023-11-09,,Active,,
SUB03773,CUST03773,Professional,Annual,4500,2025-02-05,,Active,,
SUB03774,CUST03774,Professional,Annual,4500,2026-07-04,,Active,,
SUB03775,CUST03775,Professional,Annual,4500,2024-05-04,,Active,,
SUB03776,CUST03776,Starter,Monthly,1500,2024-12-26,,Active,,
SUB03777,CUST03777,Professional,Annual,4500,2025-10-21,,Active,,
SUB03778,CUST03778,Business,Annual,9000,2025-07-15,,Active,,
SUB03779,CUST03779,Business,Monthly,9000,2025-06-03,,Active,,
SUB03780,CUST03780,Starter,Monthly,1500,2025-07-12,,Active,,
SUB03781,CUST03781,Professional,Monthly,4500,2025-01-11,,Active,,
SUB03782,CUST03782,Starter,Annual,1500,2024-02-08,,Active,,
SUB03783,CUST03783,Starter,Monthly,1500,2026-06-29,2026-09-14,Cancelled,2026-09-14,
SUB03784,CUST03784,Professional,Monthly,4500,2025-01-09,,Active,,
SUB03785,CUST03785,Starter,Monthly,1500,2026-07-26,,Active,,
SUB03786,CUST03786,Professional,Monthly,4500,2024-06-26,2026-09-03,Cancelled,2026-09-03,Switched to competitor
SUB03787,CUST03787,Business,Monthly,9000,2023-12-13,,Active,,
SUB03788,CUST03788,Starter,Monthly,1500,2025-07-23,,Active,,
SUB03789,CUST03789,Professional,Monthly,4500,2026-08-19,,Active,,
SUB03790,CUST03790,Professional,Monthly,4500,2025-12-03,,Active,,
SUB03791,CUST03791,Professional,Annual,4500,2024-10-07,2025-03-07,Cancelled,2025-03-07,Business downsized
SUB03792,CUST03792,Starter,Monthly,1500,2024-12-03,2026-07-02,Cancelled,2026-07-02,Missing features
SUB03793,CUST03793,Starter,Monthly,1500,2025-01-03,, Active ,,
SUB03794,CUST03794,Professional,Monthly,4500,2024-12-04,,Active,,
SUB03795,CUST03795,Professional,Monthly,4500,2024-12-25,2025-04-17,Cancelled,2025-04-17,Too expensive
SUB03796,CUST03796,Professional,Monthly,4500,2024-08-27,,Active,,
SUB03797,CUST03797,Business,Monthly,9000,2025-03-29,, Active ,,
SUB03798,CUST03798,Professional,Monthly,4500,2025-11-16,2026/03/01,Cancelled,2026-03-01,Missing features
SUB03799,CUST03799,Starter,Monthly,1500,2025-10-15,,Active,,
SUB03800,CUST03800,Professional,Monthly,4500,2026-05-25,,Active,,
SUB03801,CUST03801,Business,Monthly,9000,2026-04-07,2026-06-18,Cancelled,2026-06-18,Not using the product enough
SUB03802,CUST03802,Starter,Annual,1500,2026-01-13,,Active,,
SUB03803,CUST03803,Starter,Monthly,1500,2023-12-05,,Active,,
SUB03804,CUST03804,Starter,Monthly,1500,2024-12-28,,Active,,
SUB03805,CUST03805,Starter,Monthly,1500,2025-02-07,,Active,,
SUB03806,CUST03806,Business,Monthly,9000,2025-01-13,,Active,,
SUB03807,CUST03807,Starter,Monthly,1500,2026-04-06,,Active,,
SUB03808,CUST03808,Business,Annual,9000,2024-06-26,,Active,,
SUB03809,CUST03809,Professional,Monthly,4500,2025-01-06,2025-09-11,Cancelled,2025-09-11,Switched to competitor
SUB03810,CUST03810,Starter,Monthly,1500,2024-11-23,2025-12-08,Cancelled,08/12/2025,Missing features
SUB03811,CUST03811,Starter,Monthly,1500,2023-12-19,,Active,,
SUB03812,CUST03812,Starter,Monthly,1500,2026-05-08,,Active,,
SUB03813,CUST03813,Starter,Monthly,1500,2024-03-14,2025-01-30,Cancelled,2025-01-30,Poor customer support
SUB03814,CUST03814,starter,Monthly,1500,2024-03-29,,Active,,
SUB03815,CUST03815,Professional,Monthly,4500,2025-05-23,,Active,,
SUB03816,CUST03816,Starter,Monthly,1500,2026-03-17,,Active,,
SUB03817,CUST03817,Enterprise,Monthly,20000,2026-03-20,,Active,,
SUB03818,CUST03818,Starter,Monthly,1500,2025-07-08,,Active,,
SUB03819,CUST03819,Professional,Monthly,4500,2024-12-29,,Active,,
SUB03820,CUST03820,Professional,Monthly,4500,2024-02-13,,Active,,
SUB03821,CUST03821,business,Monthly,9000,2024-03-18,,Active,,
SUB03822,CUST03822,Starter,Annual,1500,2026-05-19,,Active,,
SUB03823,CUST03823,Enterprise,Annual,20000,2024-10-14,,Active,,
SUB03824,CUST03824,Professional,Annual,4500,2024-12-09,,Active,,
SUB03825,CUST03825,Professional,Monthly,4500,2025-01-08,,Active,,
SUB03826,CUST03826,Business,Monthly,9000,2026-06-13,2026-09-21,Cancelled,2026-09-21,Switched to competitor
SUB03827,CUST03827,Professional,Monthly,4500,2024-03-01,,Active,,
SUB03828,CUST03828,Professional,Monthly,4500,2026-05-14,,Active,,
SUB03829,CUST03829,Professional,Monthly,4500,2024-06-30,,Active,,
SUB03830,CUST03830,Starter,Annual,1500,2024-04-16,2025-01-03,Cancelled,2025-01-03,Switched to competitor
SUB03831,CUST03831,Business,Monthly,9000,2024-06-28,,Active,,
SUB03832,CUST03832,Professional,Monthly,4500,2023-12-11,,Active,,
SUB03833,CUST03833,Enterprise,Monthly,20000,2024-02-07,,Active,,
SUB03834,CUST03834,Business,Monthly,9000,2024-04-29,,Active,,
SUB03835,CUST03835,Starter,Monthly,1500,2025-01-06,,Active,,
SUB03836,CUST03836,Professional,Monthly,4500,2023-10-14,,Active,,
SUB03837,CUST03837,Professional,Annual,4500,2024-08-20,,Active,,
SUB03838,CUST03838,Professional,Monthly,4500,2024-06-02,2026-08-17,Cancelled,2026-08-17,Switched to competitor
SUB03839,CUST03839,Starter,Monthly,1500,2025-11-22,,Active,,
SUB03840,CUST03840,Starter,Monthly,1500,2025-07-19,,Active,,
SUB03841,CUST03841,Enterprise,Monthly,20000,2024-06-03,,Active,,
SUB03842,CUST03842,Professional,Monthly,4500,2024-07-13,04/11/2024,Cancelled,2024-11-04,Not using the product enough
SUB03843,CUST03843,Starter,Annual,1500,2025-07-24,,Active,,
SUB03844,CUST03844,Starter,Annual,1500,2024-03-14,,Active,,
SUB03845,CUST03845,Business,Monthly,9000,2024-01-04,2025-02-04,Cancelled,2025-02-04,Too expensive
SUB03846,CUST03846,Professional,Monthly,4500,2024-09-27,,Active,,
SUB03847,CUST03847,Business,Monthly,9000,2024-04-21,,Active,,
SUB03848,CUST03848,Business,Monthly,9000,2024-04-15,,Active,,
SUB03849,CUST03849,Business,Annual,9000,2024-07-04,,Active,,
SUB03850,CUST03850,Starter,Annual,1500,2025-04-14,09/01/2026,Cancelled,2026-01-09,Business downsized
SUB03851,CUST03851,Starter,Annual,1500,2026-04-25,,Active,,
SUB03852,CUST03852,Starter,Annual,1500,2024-01-29,,Active,,
SUB03853,CUST03853,Starter,Monthly,1500,2026-04-20,,Active,,
SUB03854,CUST03854,Starter,Monthly,1500,2024-05-29,,Active,,
SUB03855,CUST03855,Starter,Monthly,1500,2025-01-06,,Active,,
SUB03856,CUST03856,Starter,Monthly,1500,2023-11-07,2024-10-21,Cancelled ,2024-10-21,Switched to competitor
SUB03857,CUST03857,Professional,Monthly,4500,2025-02-09,,Active,,
SUB03858,CUST03858,Starter,Monthly,1500,2024-06-30,,Active,,
SUB03859,CUST03859,Professional,Monthly,4500,2024-04-01,,Active,,
SUB03860,CUST03860,Business,Monthly,9000,2025-10-30,,Active,,
SUB03861,CUST03861,Enterprise,Monthly,20000,2024-03-07,,Active,,
SUB03862,CUST03862,Professional,Monthly,4500,2024-07-31,,Active,,
SUB03863,CUST03863,Professional,Monthly,4500,2024-09-25,,Active,,
SUB03864,CUST03864,Starter,Monthly,1500,2024-03-10,2026-02-11,Cancelled,2026-02-11,Not using the product enough
SUB03865,CUST03865,Enterprise,Monthly,20000,2023-11-10,2025-01-10,Cancelled,2025-01-10,Too expensive
SUB03866,CUST03866,Professional,Monthly,4500,2025-01-17,,Active,,
SUB03867,CUST03867,Enterprise,Monthly,20000,2024-11-23,,Active,,
SUB03868,CUST03868,Professional,Monthly,4500,2026-07-06,,Active,,
SUB03869,CUST03869,Professional,Annual,4500,2024-11-29,,Active,,
SUB03870,CUST03870,Starter,Annual,1500,2024-02-18,2024-09-16,Cancelled,2024-09-16,Business downsized
SUB03871,CUST03871,Starter,Annual,1500,2025-09-24,,Active,,
SUB03872,CUST03872,Starter,Monthly,1500,2024-11-15,,Active,,
SUB03873,CUST03873,Starter,Annual,1500,2024-05-19,,Active,,
SUB03874,CUST03874,Professional,Monthly,4500,2024-06-02,,Active,,
SUB03875,CUST03875,Starter,Monthly,1500,2024-05-03,2025-10-23,Cancelled,2025-10-23,Too expensive
SUB03876,CUST03876,Business,Monthly,9000,2026-07-07,,Active,,
SUB03877,CUST03877,Business,Monthly,9000,2025-09-27,2026-01-03,Cancelled,2026-01-03,Switched to competitor
SUB03878,CUST03878,Starter,Monthly,1500,2026-07-24,,Active,,
SUB03879,CUST03879,Starter,Annual,1500,2024-05-12,,Active,,
SUB03880,CUST03880,Starter,Monthly,1500,2024-09-26,,Active,,
SUB03881,CUST03881,Professional,Monthly,4500,2024-07-31,,Active,,
SUB03882,CUST03882,Starter,Monthly,1500,2026-03-05,,Active,,
SUB03883,CUST03883,Starter,Monthly,1500,2024-08-09,,Active,,
SUB03884,CUST03884,Professional,Annual,4500,2025-04-04,,Active,,
SUB03885,CUST03885,Starter,Annual,1500,2025-10-13,,Active,,
SUB03886,CUST03886,Professional,Monthly,4500,2024-05-09,,Active,,
SUB03887,CUST03887,Professional,Monthly,4500,2026-06-30,,Active,,
SUB03888,CUST03888,starter,Monthly,1500,2024-01-05,,Active,,
SUB03889,CUST03889,Professional,Monthly,4500,2024-03-17,,Active,,
SUB03890,CUST03890,Professional,Monthly,4500,2026-03-16,,Active,,
SUB03891,CUST03891,Starter,Monthly,1500,2026-04-24,,Active,,
SUB03892,CUST03892,Starter,Monthly,1500,2026-07-25,,Active,,
SUB03893,CUST03893,Starter,Annual,1500,2025-08-27,,Active,,
SUB03894,CUST03894,Professional,Monthly,4500,2025-08-30,,Active,,
SUB03895,CUST03895,Business,Monthly,9000,2025-03-27,,Active,,
SUB03896,CUST03896,Starter,Monthly,1500,2026-07-19,,Active,,
SUB03897,CUST03897,Professional,Monthly,4500,2023-12-16,27/12/2025,Cancelled,2025-12-27,Business downsized
SUB03898,CUST03898,Starter,Monthly,1500,2026-06-01,,Active,,
SUB03899,CUST03899,Business,Annual,9000,2025-11-11,,Active,,
SUB03900,CUST03900,Starter,Annual,1500,"Mar 06, 2025",,Active,,
SUB03901,CUST03901,Starter,Annual,1500,2024-03-01,,Active,,
SUB03902,CUST03902,Business,Monthly,9000,2024-03-05,,Active,,
SUB03903,CUST03903,Starter,Monthly,1500,2026-01-09,,Active,,
SUB03904,CUST03904,Starter,Monthly,1500,2026-07-03,2026-09-04,Cancelled,2026-09-04,Switched to competitor
SUB03905,CUST03905,Professional,Annual,4500,2025-02-21,,Active,,
SUB03906,CUST03906,Business,Monthly,9000,2024-11-12,,Active,,
SUB03907,CUST03907,starter,Annual,1500,2025-03-02,,Active,,
SUB03908,CUST03908,Professional,Annual,4500,2024-07-26,,Active,,
SUB03909,CUST03909,Professional,Monthly,4500,2024-05-27,,Active,,
SUB03910,CUST03910,Starter,Monthly,1500,2025-02-28,,Active,,
SUB03911,CUST03911,Starter,Monthly,1500,2024-04-21,2026-02-16,Cancelled,2026-02-16,Missing features
SUB03912,CUST03912,Enterprise,Monthly,20000,2026-06-08,,Active,,
SUB03913,CUST03913,Starter,Monthly,1500,2024-10-20,2025-02-14,Cancelled,2025-02-14,Business closed
SUB03914,CUST03914,Starter,Monthly,1500,2024-07-16,,Active,,
SUB03915,CUST03915,Starter,Monthly,1500,2026-02-04,,Active,,
SUB03916,CUST03916,Starter,Monthly,1500,2024-05-24,,Active,,
SUB03917,CUST03917,Starter,Annual,1500,2025-03-26,,Active,,
SUB03918,CUST03918,Starter,Monthly,1500,2025-08-08,,Active,,
SUB03919,CUST03919,Business,Monthly,9000,2025-07-31,,Active,,
SUB03920,CUST03920,Business,Monthly,9000,2026-07-07,,Active,,
SUB03921,CUST03921,Starter,Monthly,1500,2025-10-21,,Active,,
SUB03922,CUST03922,Starter,Monthly,1500,2025-06-09,,Active,,
SUB03923,CUST03923,Starter,Monthly,1500,2023-10-08,,Active,,
SUB03924,CUST03924,Business,Monthly,9000,2024-05-24,2024-12-28,Cancelled,2024-12-28,Switched to competitor
SUB03925,CUST03925,Starter,Annual,1500,2025-07-03,,Active,,
SUB03926,CUST03926,Professional,Monthly,4500,2025-10-07,2026-06-30,Cancelled,2026-06-30,Missing features
SUB03927,CUST03927,Professional,monthly,4500,2024-12-07,,Active,,
SUB03928,CUST03928,Starter,Monthly,1500,2025-04-09,,Active,,
SUB03929,CUST03929,Business,Monthly,9000,2025-11-22,,Active,,
SUB03930,CUST03930,Starter,Monthly,1500,2025-07-30,2026-03-13,Cancelled,2026-03-13,Poor customer support
SUB03931,CUST03931,Business,Annual,9000,2025-03-20,,Active,,
SUB03932,CUST03932,Starter,Monthly,1500,2025-03-08,,Active,,
SUB03933,CUST03933,Starter,Monthly,1500,2025-05-06,,Active,,
SUB03934,CUST03934,Starter,Monthly,1500,2025-01-31,"May 18, 2026",Cancelled,2026-05-18,Switched to competitor
SUB03935,CUST03935,Business,Monthly,9000,2024-12-05,,Active,,
SUB03936,CUST03936,Professional,Monthly,4500,2026-04-13,,Active,,
SUB03937,CUST03937,Business,monthly,9000,2024-07-12,,Active,,
SUB03938,CUST03938,Business,Monthly,9000,2025/12/05,,Active,,
SUB03939,CUST03939,Starter,Monthly,1500,2025-01-01,,Active,,
SUB03940,CUST03940,Business,Monthly,9000,2025-01-24,,Active,,
SUB03941,CUST03941,Starter,Annual,1500,2024-04-03,,Active,,
SUB03942,CUST03942,Starter,Monthly,1500,2025-08-13,,Active,,
SUB03943,CUST03943,Professional,Annual,4500,2024-06-12,,Active,,
SUB03944,CUST03944,Enterprise,Annual,20000,2024-01-18,,Active,,
SUB03945,CUST03945,Starter,Monthly,1500,2026-06-19,2026-08-30,Cancelled,2026-08-30,Missing features
SUB03946,CUST03946,Starter,Monthly,1500,2023-12-17,2026-04-08,Cancelled,08/04/2026,Switched to competitor
SUB03947,CUST03947,Enterprise,Monthly,20000,2025-12-01,,Active,,
SUB03948,CUST03948,Starter,Monthly,1500,2026-05-30,,Active,,
SUB03949,CUST03949,Professional,Monthly,4500,2025-05-03,2026-08-21,Cancelled,2026-08-21,Poor customer support
SUB03950,CUST03950,Professional,Annual,4500,2026-07-27,,Active,,
SUB03951,CUST03951,Starter,Monthly,1500,2024-01-14,2026-03-21,Cancelled,2026/03/21,Business downsized
SUB03952,CUST03952,Business,Monthly,9000,2025-03-31,,Active,,
SUB03953,CUST03953,Enterprise,Monthly,20000,2023-12-05,,Active,,
SUB03954,CUST03954,Starter,Monthly,1500,2023-09-29,2024-08-09,Cancelled,2024-08-09,Poor customer support
SUB03955,CUST03955,Starter,Monthly,1500,2024-05-15,,Active,,
SUB03956,CUST03956,Professional,Monthly,4500,2024-08-21,,Active,,
SUB03957,CUST03957,Enterprise,Monthly,20000,2023-11-03,,Active,,
SUB03958,CUST03958,Enterprise,Monthly,20000,2025-12-24,,Active,,
SUB03959,CUST03959,Business,Annual,9000,2025-03-31,27/07/2025,Cancelled,2025-07-27,Business downsized
SUB03960,CUST03960,Starter,Monthly,1500,2025-05-29,2025-12-08,Cancelled,"Dec 08, 2025",Business closed
SUB03961,CUST03961,Professional,Monthly,4500,2025-05-25,,Active,,
SUB03962,CUST03962,Business,Monthly,9000,2024-11-28,,Active,,
SUB03963,CUST03963,Business,Monthly,9000,2026-01-04,2026-03-08,Cancelled,2026-03-08,Poor customer support
SUB03964,CUST03964,Professional,Monthly,4500,2024-04-18,,Active,,
SUB03965,CUST03965,Starter,Monthly,1500,2023-10-27,2024-02-20,Cancelled,2024-02-20,Switched to competitor
SUB03966,CUST03966,Professional,Monthly,4500,2025-08-03,,Active,,
SUB03967,CUST03967,Professional,Monthly,4500,2026-02-09,,Active,,
SUB03968,CUST03968,Professional,Monthly,4500,2024-07-20,2026-03-30,Cancelled,2026-03-30,Poor customer support
SUB03969,CUST03969,Starter,Monthly,1500,2025-11-24,,Active,,
SUB03970,CUST03970,starter,Monthly,1500,2024-02-27,,Active,,
SUB03971,CUST03971,Professional,Monthly,4500,2024-08-22,,Active,,
SUB03972,CUST03972,Professional,Monthly,4500,2024-03-06,,Active,,
SUB03973,CUST03973,Starter,Monthly,1500,2025-11-23,,Active,,
SUB03974,CUST03974,Professional,Monthly,4500,2024-07-25,,Active,,
SUB03975,CUST03975,Starter,Annual,1500,2025-04-20,,Active,,
SUB03976,CUST03976,Starter,Monthly,1500,2024-09-14,,Active,,
SUB03977,CUST03977,Professional,Monthly,4500,2025-12-30,,Active,,
SUB03978,CUST03978,Professional,Monthly,4500,2025-08-27,,Active,,
SUB03979,CUST03979,Professional,Monthly,4500,2025-12-12,2026-07-11,Cancelled,2026-07-11,Missing features
SUB03980,CUST03980,Starter,Monthly,1500,2026-07-05,,Active,,
SUB03981,CUST03981,Starter,Monthly,1500,2025-11-04,,Active,,
SUB03982,CUST03982,Starter,Annual,1500,2025-12-26,,Active,,
SUB03983,CUST03983,Professional,Monthly,4500,2024-09-12,2024-12-31,Cancelled,2024-12-31,Too expensive
SUB03984,CUST03984,Professional,Monthly,4500,2025-01-24,,Active,,
SUB03985,CUST03985,Starter,Annual,1500,2025-11-02,,Active,,
SUB03986,CUST03986,Professional,Annual,4500,2025-08-06,,Active,,
SUB03987,CUST03987,Professional,Annual,4500,2025-09-01,,Active,,
SUB03988,CUST03988,Professional,Monthly,4500,2025-03-20,,Active,,
SUB03989,CUST03989,Business,Monthly,9000,2024-09-26,,Active,,
SUB03990,CUST03990,Professional,Annual,4500,2023-12-27,,Active,,
SUB03991,CUST03991,Starter,Monthly,1500,2023-11-24,2026-04-24,Cancelled,2026-04-24,Payment issues
SUB03992,CUST03992,Professional,Monthly,4500,2025-02-02,,Active,,
SUB03993,CUST03993,Enterprise,Monthly,20000,2025-01-13,,Active,,
SUB03994,CUST03994,Professional,Monthly,4500,2023-10-05,2025-03-31,Cancelled,2025-03-31,Poor customer support
SUB03995,CUST03995,Starter,Annual,1500,2026-07-19,,Active,,
SUB03996,CUST03996,Professional,Monthly,4500,2025-10-24,,Active,,
SUB03997,CUST03997,Starter,Annual,1500,2025-10-27,,Active,,
SUB03998,CUST03998,Starter,Monthly,1500,2026-03-19,,Active,,
SUB03999,CUST03999,Professional,Monthly,4500,2024-04-10,,Active,,
SUB04000,CUST04000,Professional,Monthly,4500,2023-09-27,2025-04-24,Cancelled,2025-04-24,
SUB04001,CUST04001,Starter,Monthly,1500,2025-01-21,,Active,,
SUB04002,CUST04002,Starter,Monthly,1500,2025-05-14,,Active,,
SUB04003,CUST04003,Starter,Monthly,1500,2026-07-07,,Active,,
SUB04004,CUST04004,Professional,Monthly,4500,2024-07-02,2024-12-31,Cancelled,2024-12-31,Poor customer support
SUB04005,CUST04005,Starter,Monthly,1500,2024-02-11,,Active,,
SUB04006,CUST04006,Starter,Monthly,1500,2026-01-27,,Active,,
SUB04007,CUST04007,Starter,Monthly,1500,2024-02-04,,Active,,
SUB04008,CUST04008,Business,Monthly,9000,2024-02-11,,Active,,
SUB04009,CUST04009,Business,Monthly,9000,2025-03-08,,Active,,
SUB04010,CUST04010,Starter,Monthly,1500,2026-03-28,2026-08-09,Cancelled,2026-08-09,Missing features
SUB04011,CUST04011,Professional,Monthly,4500,2026-03-03,2026-08-01,Cancelled,2026-08-01,Missing features
SUB04012,CUST04012,Professional,Annual,4500,2025-12-31,,Active,,
SUB04013,CUST04013,Business,Annual,9000,2024-01-11,,Active,,
SUB04014,CUST04014,Professional,Monthly,4500,2024-10-28,,Active,,
SUB04015,CUST04015,Enterprise,Monthly,20000,2025-12-28,,Active,,
SUB04016,CUST04016,Starter,Monthly,1500,2026-04-26,,Active,,
SUB04017,CUST04017,Business,Monthly,9000,2023-12-04,,Active,,
SUB04018,CUST04018,Starter,Monthly,1500,2024-04-08,,Active,,
SUB04019,CUST04019,Business,Monthly,9000,2024-06-06,2025-11-27,Cancelled,2025-11-27,Business downsized
SUB04020,CUST04020,Starter,Monthly,1500,2025-12-26,2026-05-11,Cancelled,2026-05-11,Switched to competitor
SUB04021,CUST04021,Professional,Monthly,4500,2024-03-30,,Active,,
SUB04022,CUST04022,Starter,Monthly,1500,2025-01-17,2025-07-15,Cancelled,2025-07-15,Switched to competitor
SUB04023,CUST04023,Business,Monthly,9000,2026-06-14,,Active,,
SUB04024,CUST04024,Professional,Monthly,4500,2024-10-21,,Active,,
SUB04025,CUST04025,Business,Monthly,9000,2024-01-05,,Active,,
SUB04026,CUST04026,Professional,Annual,4500,2023-11-29,,Active,,
SUB04027,CUST04027,Enterprise,Monthly,20000,2025-08-25,,Active,,
SUB04028,CUST04028,Starter,Annual,1500,2024-09-07,2025-08-22,Cancelled,"Aug 22, 2025",Business downsized
SUB04029,CUST04029,Business,Monthly,9000,2025-01-24,,Active,,
SUB04030,CUST04030,Professional,Monthly,4500,2025-12-30,,Active,,
SUB04031,CUST04031,Professional,Annual,4500,2024-07-16,,Active,,
SUB04032,CUST04032,Starter,Monthly,1500,2025-02-14,,Active,,
SUB04033,CUST04033,Professional,Monthly,4500,2025-11-02,13/08/2026,Cancelled,"Aug 13, 2026",Business downsized
SUB04034,CUST04034,Business,Monthly,9000,2024-09-16,,Active,,
SUB04035,CUST04035,Starter,Monthly,1500,2026-02-06,2026-05-06,Cancelled,2026-05-06,Not using the product enough
SUB04036,CUST04036,Professional,Monthly,4500,2025-12-24,,Active,,
SUB04037,CUST04037,Starter,Monthly,1500,2025-06-08,,Active,,
SUB04038,CUST04038,Starter,Monthly,1500,2026-03-28,,Active,,
SUB04039,CUST04039,Professional,Monthly,4500,2025-12-14,,Active,,
SUB04040,CUST04040,Professional,Monthly,4500,2024-05-10,,Active,,
SUB04041,CUST04041,Starter,Annual,1500,2024-02-17,,Active,,
SUB04042,CUST04042,Business,Monthly,9000,2026-04-11,2026-08-20,Cancelled,2026-08-20,Switched to competitor
SUB04043,CUST04043,Professional,Monthly,4500,2024-11-18,,Active,,
SUB04044,CUST04044,Professional,Monthly,4500,2025-02-23,,Active,,
SUB04045,CUST04045,Business,Monthly,9000,2024-03-21,,Active,,
SUB04046,CUST04046,Professional,Monthly,4500,03/02/2025,,Active,,
SUB04047,CUST04047,Enterprise,Monthly,20000,2025-08-09,,Active,,
SUB04048,CUST04048,Starter,Monthly,1500,2025-01-26,,Active,,
SUB04049,CUST04049,Business,Monthly,9000,2023-12-03,,Active,,
SUB04050,CUST04050,Starter,Monthly,1500,2024-12-27,2026/03/10,Cancelled,2026-03-10,Not using the product enough
SUB04051,CUST04051,Starter,Monthly,1500,2024-08-25,,Active,,
SUB04052,CUST04052,Business,Monthly,9000,2024-06-06,,Active,,
SUB04053,CUST04053,Business,Monthly,9000,2025-06-05,,Active,,
SUB04054,CUST04054,Professional,Monthly,4500,2024-08-19,,Active,,
SUB04055,CUST04055,Starter,Monthly,1500,2026-07-14,,Active,,
SUB04056,CUST04056,Professional,Monthly,4500,2026-01-15,2026-03-30,Cancelled,2026-03-30,Missing features
SUB04057,CUST04057,Starter,Monthly,1500,2025-06-26,,Active,,
SUB04058,CUST04058,Professional,Annual,4500,2026-02-14,2026-05-24,Cancelled,2026-05-24,Payment issues
SUB04059,CUST04059,Starter,Annual,1500,2026-04-26,,Active,,
SUB04060,CUST04060,Starter,Monthly,1500,2024-10-05,,Active,,
SUB04061,CUST04061,Starter,Annual,1500,2025-01-21,,Active,,
SUB04062,CUST04062,Starter,Monthly,1500,2026-06-10,,Active,,
SUB04063,CUST04063,Professional,Monthly,4500,2026-07-19,,Active,,
SUB04064,CUST04064,Starter,Monthly,1500,2024-06-08,2025-05-20,Cancelled,2025-05-20,Not using the product enough
SUB04065,CUST04065,Starter,Monthly,1500,2026-08-24,,Active,,
SUB04066,CUST04066,Starter,Monthly,1500,2024-06-06,,Active,,
SUB04067,CUST04067,Enterprise,Monthly,20000,2026-02-06,,Active,,
SUB04068,CUST04068,Enterprise,Monthly,20000,2025-06-30,,Active,,
SUB04069,CUST04069,Starter,Annual,1500,2025-12-01,,Active,,
SUB04070,CUST04070,Starter,Monthly,1500,2024-01-26,,Active,,
SUB04071,CUST04071,Enterprise,Annual,20000,2024-06-11,,Active,,
SUB04072,CUST04072,Professional,Monthly,4500,2024-10-09,,Active,,
SUB04073,CUST04073,Starter,Annual,1500,2025-10-28,,Active,,
SUB04074,CUST04074,Business,Monthly,9000,2024-04-02,,Active,,
SUB04075,CUST04075,Starter,Monthly,1500,2025-02-28,,Active,,
SUB04076,CUST04076,Starter,Monthly,1500,2025-02-03,,Active,,
SUB04077,CUST04077,Professional,Monthly,4500,2026-05-07,,Active,,
SUB04078,CUST04078,Professional,Monthly,4500,2025-11-29,2026-07-24,Cancelled,2026-07-24,Business downsized
SUB04079,CUST04079,Starter,Monthly,1500,2025-11-15,,Active,,
SUB04080,CUST04080,Professional,Monthly,4500,2026-04-25,,Active,,
SUB04081,CUST04081,Starter,Monthly,1500,2025-06-03,,Active,,
SUB04082,CUST04082,Starter,Monthly,1500,2024-06-26,2026-03-10,Cancelled,2026-03-10,Poor customer support
SUB04083,CUST04083,Business,Monthly,9000,2024-07-19,,Active,,
SUB04084,CUST04084,Professional,Monthly,4500,2025-06-13,, Active ,,
SUB04085,CUST04085,Professional,Monthly,4500,2025-10-25,,Active,,
SUB04086,CUST04086,Starter,Monthly,1500,2026-01-25,2026-04-05,Cancelled,2026-04-05,Poor customer support
SUB04087,CUST04087,Starter,Monthly,1500,2025-06-28,2026-07-23,Cancelled,2026-07-23,Too expensive
SUB04088,CUST04088,Starter,Monthly,1500,2023-10-23,,Active,,
SUB04089,CUST04089,Professional,Monthly,4500,2023-12-28,,Active,,
SUB04090,CUST04090,Professional,Monthly,4500,2026-01-26,2026-05-14,Cancelled,2026-05-14,Missing features
SUB04091,CUST04091,Professional,Monthly,4500,2026-07-05,,Active,,
SUB04092,CUST04092,Starter,Monthly,1500,2025-05-09,,Active,,
SUB04093,CUST04093,Starter,Monthly,1500,2025-04-11,,Active,,
SUB04094,CUST04094,Business,Annual,9000,2024-07-25,,Active,,
SUB04095,CUST04095,Starter,Monthly,1500,2026-01-24,,Active,,
SUB04096,CUST04096,Professional,Monthly,4500,2025-07-09,,Active,,
SUB04097,CUST04097,Professional,Monthly,4500,2024-06-30,2025-09-29,Cancelled,2025-09-29,Poor customer support
SUB04098,CUST04098,starter,Monthly,1500,2024-07-06,"Oct 03, 2024",Cancelled ,2024-10-03,Too expensive
SUB04099,CUST04099,starter,Monthly,1500,2025-11-01,,Active,,
SUB04100,CUST04100,Professional,Monthly,4500,2026-08-03,,Active,,
SUB04101,CUST04101,Starter,Monthly,1500,2025-08-17,,Active,,
SUB04102,CUST04102,business,Monthly,9000,2026-02-03,,Active,,
SUB04103,CUST04103,Professional,Monthly,4500,2025-03-21,,Active,,
SUB04104,CUST04104,Starter,Monthly,1500,2026-06-11,2026-09-11,Cancelled,2026-09-11,Too expensive
SUB04105,CUST04105,Starter,Monthly,1500,2025-03-10,,Active,,
SUB04106,CUST04106,Professional,Annual,4500,2024-01-10,,Active,,
SUB04107,CUST04107,Business,Monthly,9000,2024-02-17,,Active,,
SUB04108,CUST04108,Starter,Monthly,1500,2026-06-24,2026-08-24,Cancelled,2026-08-24,Too expensive
SUB04109,CUST04109,Starter,Monthly,1500,2026-01-24,, Active ,,
SUB04110,CUST04110,Starter,Monthly,1500,2024-08-01,,Active,,
SUB04111,CUST04111,Enterprise,Monthly,20000,2025-07-30,,Active,,
SUB04112,CUST04112,Professional,Monthly,4500,2025-12-24,,Active,,
SUB04113,CUST04113,enterprise,Monthly,20000,2024-10-11,,Active,,
SUB04114,CUST04114,Business,Monthly,9000,2024-11-28,2026-09-22,Cancelled,2026-09-22,Business downsized
SUB04115,CUST04115,Business,Monthly,9000,2024-08-23,,Active,,
SUB04116,CUST04116,Starter,Monthly,1500,2023-11-09,,Active,,
SUB04117,CUST04117,Business,Monthly,9000,2024-08-02,,Active,,
SUB04118,CUST04118,Starter,Monthly,1500,2025-02-09,,Active,,
SUB04119,CUST04119,Professional,Monthly,4500,2024-05-11,2025-06-29,Cancelled,2025-06-29,Business downsized
SUB04120,CUST04120,Professional,Monthly,4500,2026-02-26,,Active,,
SUB04121,CUST04121,Professional,Monthly,4500,2026-06-09,,Active,,
SUB04122,CUST04122,Professional,Monthly,4500,2024-03-27,,Active,,
SUB04123,CUST04123,Professional,Monthly,4500,2025-12-13,,Active,,
SUB04124,CUST04124,Professional,Annual,4500,2026-06-25,,Active,,
SUB04125,CUST04125,Professional,Monthly,4500,2026-01-13,,Active,,
SUB04126,CUST04126,Professional,Annual,4500,2026-06-05,,Active,,
SUB04127,CUST04127,Starter,monthly,1500,"Aug 06, 2025",,Active,,
SUB04128,CUST04128,Starter,Monthly,1500,2024-06-09,,Active,,
SUB04129,CUST04129,Starter,Monthly,1500,2026-01-06,2026-05-30,Cancelled,2026-05-30,Too expensive
SUB04130,CUST04130,Professional,Monthly,4500,2025-04-01,2025-10-19,Cancelled,2025-10-19,Missing features
SUB04131,CUST04131,Starter,Monthly,1500,2024-10-29,2026-01-16,Cancelled,2026-01-16,Too expensive
SUB04132,CUST04132,Professional,Monthly,4500,2024-07-28,2026-08-02,Cancelled,2026-08-02,Too expensive
SUB04133,CUST04133,Starter,Monthly,1500,2024-04-14,,Active,,
SUB04134,CUST04134,Starter,Monthly,1500,2024-05-24,,Active,,
SUB04135,CUST04135,Business,Monthly,9000,2025-10-11,,Active,,
SUB04136,CUST04136,Professional,Monthly,4500,2025-03-06,11/08/2025,Cancelled,2025-08-11,Missing features
SUB04137,CUST04137,Professional,Monthly,4500,2024-04-29,,Active,,
SUB04138,CUST04138,Professional,Monthly,4500,2024-04-02,,Active,,
SUB04139,CUST04139,Starter,Monthly,1500,2026-08-02,,Active,,
SUB04140,CUST04140,Professional,Monthly,4500,2025-05-31,,Active,,
SUB04141,CUST04141,Professional,Monthly,4500,2025-05-26,,Active,,
SUB04142,CUST04142,Business,Annual,9000,2025-10-16,,Active,,
SUB04143,CUST04143,Professional,Monthly,4500,2024-02-23,2024-10-12,Cancelled,2024-10-12,Not using the product enough
SUB04144,CUST04144,Professional,Monthly,4500,2024-04-19,,Active,,
SUB04145,CUST04145,Starter,Monthly,1500,2025-04-08,,Active,,
SUB04146,CUST04146,Business,Monthly,9000,2024-06-12,,Active,,
SUB04147,CUST04147,Professional,Monthly,4500,2026-03-07,,Active,,
SUB04148,CUST04148,Professional,Monthly,4500,2024-02-22,,Active,,
SUB04149,CUST04149,Professional,Monthly,4500,2026-04-17,,Active,,
SUB04150,CUST04150,Enterprise,Monthly,20000,2025-03-31,,Active,,
SUB04151,CUST04151,Business,Monthly,9000,2025-01-21,,Active,,
SUB04152,CUST04152,Professional,Monthly,4500,2025-05-18,2026-05-01,Cancelled,2026-05-01,Business downsized
SUB04153,CUST04153,Professional,Monthly,4500,2026-06-21,,Active,,
SUB04154,CUST04154,Starter,Annual,1500,2024-05-12,,Active,,
SUB04155,CUST04155,Professional,Monthly,4500,2025-09-10,,Active,,
SUB04156,CUST04156,Business,Monthly,9000,2026-08-03,,Active,,
SUB04157,CUST04157,Business,Annual,9000,2024-04-03,,Active,,
SUB04158,CUST04158,Business,Monthly,9000,2025-11-23,,Active,,
SUB04159,CUST04159,Professional,Monthly,4500,2024-09-03,,Active,,
SUB04160,CUST04160,Professional,Monthly,4500,2025-03-17,,Active,,
SUB04161,CUST04161,Business,Monthly,9000,2024-06-01,,Active,,
SUB04162,CUST04162,Starter,Monthly,1500,2025-08-01,2026-03-22,Cancelled,2026-03-22,Business downsized
SUB04163,CUST04163,Professional,Monthly,4500,2023-11-28,,Active,,
SUB04164,CUST04164,Starter,Monthly,1500,2024-11-04,,Active,,
SUB04165,CUST04165,Starter,Monthly,1500,2023-11-15,,Active,,
SUB04166,CUST04166,starter,Annual,1500,2024-12-05,,Active,,
SUB04167,CUST04167,Professional,Annual,4500,2024-11-04,,Active,,
SUB04168,CUST04168,Business,Monthly,9000,2024-04-24,2026-05-18,Cancelled,2026-05-18,Too expensive
SUB04169,CUST04169,Professional,Monthly,4500,2025-06-21,2026-06-28,Cancelled,2026-06-28,Switched to competitor
SUB04170,CUST04170,Professional,Monthly,4500,2024-02-08,2025-07-18,Cancelled,2025-07-18,Poor customer support
SUB04171,CUST04171,Starter,Monthly,1500,2025-02-19,,Active,,
SUB04172,CUST04172,Starter,Monthly,1500,2024-06-12,,Active,,
SUB04173,CUST04173,Starter,Annual,1500,2026-06-16,,Active,,
SUB04174,CUST04174,Professional,Monthly,4500,2024-11-04,,Active,,
SUB04175,CUST04175,Business,Monthly,9000,2025-06-29,,Active,,
SUB04176,CUST04176,Professional,Monthly,4500,2025-07-02,,Active,,
SUB04177,CUST04177,Starter,Monthly,1500,2025-11-05,,Active,,
SUB04178,CUST04178,Professional,Monthly,4500,2024-04-08,,Active,,
SUB04179,CUST04179,Professional,Monthly,4500,2023-11-14,,Active,,
SUB04180,CUST04180,Enterprise,Annual,20000,2024-06-14,,Active,,
SUB04181,CUST04181,Professional,Annual,4500,2023-11-19,,Active,,
SUB04182,CUST04182,Starter,Monthly,1500,2026-04-27,,Active,,
SUB04183,CUST04183,Starter,Monthly,1500,2023-11-14,,Active,,
SUB04184,CUST04184,Professional,Monthly,4500,2024-03-18,,Active,,
SUB04185,CUST04185,Professional,Monthly,4500,2025-08-01,,Active,,
SUB04186,CUST04186,Business,Monthly,9000,2025-06-14,,Active,,
SUB04187,CUST04187,Professional,Monthly,4500,2024-04-22,,Active,,
SUB04188,CUST04188,Professional,Monthly,4500,2024-10-08,,Active,,
SUB04189,CUST04189,Business,Monthly,9000,2026-04-11,,Active,,
SUB04190,CUST04190,Starter,Monthly,1500,2026-07-09,,Active,,
SUB04191,CUST04191,Starter,Monthly,1500,2023-11-01,,Active,,
SUB04192,CUST04192,Starter,Monthly,1500,2026-02-20,,Active,,
SUB04193,CUST04193,Starter,Monthly,1500,2024-01-28,,Active,,
SUB04194,CUST04194,Business,Monthly,9000,2025-10-21,,Active,,
SUB04195,CUST04195,Professional,Monthly,4500,2023-11-15,,Active,,
SUB04196,CUST04196,Professional,Monthly,4500,2024-09-09,"Jul 05, 2025",Cancelled,2025-07-05,Missing features
SUB04197,CUST04197,Professional,Monthly,4500,2025-12-31,2026-08-16,Cancelled,2026-08-16,Not using the product enough
SUB04198,CUST04198,Professional,monthly,4500,2026-06-08,,Active,,
SUB04199,CUST04199,Enterprise,Monthly,20000,2023-10-18,,Active,,
SUB04200,CUST04200,Starter,Monthly,1500,2025-01-18,,Active,,
SUB04201,CUST04201,Starter,Monthly,1500,2026-07-14,,Active,,
SUB04202,CUST04202,Starter,Annual,1500,2024-02-21,,Active,,
SUB04203,CUST04203,Professional,Monthly,4500,2025-09-10,,Active,,
SUB04204,CUST04204,Starter,Monthly,1500,2024-05-21,,Active,,
SUB04205,CUST04205,Starter,Annual,1500,2024-06-18,,Active,,
SUB04206,CUST04206,Starter,Monthly,1500,2024-11-29,,Active,,
SUB04207,CUST04207,Starter,Annual,1500,2024-02-09,,Active,,
SUB04208,CUST04208,Enterprise,Monthly,20000,2025-11-09,,Active,,
SUB04209,CUST04209,Business,Monthly,9000,2024-03-04,2025-02-01,Cancelled,2025-02-01,Too expensive
SUB04210,CUST04210,Business,Monthly,9000,2025-07-09,2025-12-10,Cancelled,2025-12-10,Switched to competitor
SUB04211,CUST04211,Starter,Monthly,1500,2026-08-04,,Active,,
SUB04212,CUST04212,Starter,Monthly,1500,2023-12-09,,Active,,
SUB04213,CUST04213,Starter,Monthly,1500,2024-02-18,,Active,,
SUB04214,CUST04214,Business,Monthly,9000,2024-08-11,,Active,,
SUB04215,CUST04215,Business,Monthly,9000,2023-10-20,,Active,,
SUB04216,CUST04216,Starter,Monthly,1500,2025-10-01,,Active,,
SUB04217,CUST04217,Starter,Monthly,1500,2025-09-02,2026-03-03,Cancelled,2026-03-03,Not using the product enough
SUB04218,CUST04218,Starter,Monthly,1500,2024-05-25,,Active,,
SUB04219,CUST04219,Business,Monthly,9000,2024-07-18,,Active,,
SUB04220,CUST04220,Enterprise,Monthly,20000,2023-12-28,,Active,,
SUB04221,CUST04221,Professional,Monthly,4500,2023-12-03,,Active,,
SUB04222,CUST04222,Business,Monthly,9000,2024-03-19,,Active,,
SUB04223,CUST04223,Professional,Monthly,4500,2024-02-13,,Active,,
SUB04224,CUST04224,Business,Monthly,9000,2026-01-16,,Active,,
SUB04225,CUST04225,Starter,Monthly,1500,2024-08-07,,Active,,
SUB04226,CUST04226,Business,Monthly,9000,2025-06-10,,Active,,
SUB04227,CUST04227,Professional,Monthly,4500,2025-06-11,,Active,,
SUB04228,CUST04228,Business,Monthly,9000,2026-03-16,,Active,,
SUB04229,CUST04229,Professional,Monthly,4500,2024-07-30,,Active,,
SUB04230,CUST04230,Business,Monthly,9000,2025-10-26,2026-07-10,Cancelled,2026-07-10,Business downsized
SUB04231,CUST04231,Starter,Monthly,1500,2025-12-29,,Active,,
SUB04232,CUST04232,Professional,Monthly,4500,2023-10-27,,Active,,
SUB04233,CUST04233,Starter,Monthly,1500,2024-12-18,,Active,,
SUB04234,CUST04234,Starter,Monthly,1500,2023-10-15,,Active,,
SUB04235,CUST04235,Professional,Monthly,4500,2025-11-23,15/05/2026,Cancelled,2026-05-15,Payment issues
SUB04236,CUST04236,Starter,Monthly,1500,2024-06-17,,Active,,
SUB04237,CUST04237,Business,Monthly,9000,2025-02-06,2025-12-04,Cancelled,2025-12-04,Too expensive
SUB04238,CUST04238,Starter,Monthly,1500,2025-04-01,,Active,,
SUB04239,CUST04239,Starter,Monthly,1500,2024-09-20,,Active,,
SUB04240,CUST04240,Enterprise,Monthly,20000,2024-10-19,,Active,,
SUB04241,CUST04241,Professional,ANNUAL,4500,2025-06-19,,Active,,
SUB04242,CUST04242,Professional,Monthly,4500,2024-03-10,,Active,,
SUB04243,CUST04243,Business,Annual,9000,2023-12-09,,Active,,
SUB04244,CUST04244,Starter,Annual,1500,2024-03-09,,Active,,
SUB04245,CUST04245,Business,Monthly,9000,2024-12-19,,Active,,
SUB04246,CUST04246,Starter,Monthly,1500,2026-02-23,,Active,,
SUB04247,CUST04247,Enterprise,Monthly,20000,2023-11-17,,Active,,
SUB04248,CUST04248,Professional,Monthly,4500,2024-02-28,,Active,,
SUB04249,CUST04249,Professional,Monthly,4500,2024-09-15,,Active,,
SUB04250,CUST04250,Enterprise,Monthly,20000,2024-03-10,,Active,,
SUB04251,CUST04251,Professional,Monthly,4500,2024-08-22,,Active,,
SUB04252,CUST04252,Enterprise,Annual,20000,2024-01-03,,Active,,
SUB04253,CUST04253,Starter,Monthly,1500,2024-07-05,,Active,,
SUB04254,CUST04254,Enterprise,Monthly,20000,2024-12-07,,Active,,
SUB04255,CUST04255,Business,Monthly,9000,2024-01-05,06/06/2026,Cancelled,2026-06-06,Poor customer support
SUB04256,CUST04256,Professional,Monthly,4500,2026-07-26,,Active,,
SUB04257,CUST04257,Professional,Monthly,4500,2024-03-18,,Active,,
SUB04258,CUST04258,Starter,Annual,1500,2023-10-17,,Active,,
SUB04259,CUST04259,Professional,Monthly,4500,2024-05-31,,Active,,
SUB04260,CUST04260,Professional,Annual,4500,2025-07-22,,Active,,
SUB04261,CUST04261,Professional,Annual,4500,2024-03-05,, Active ,,
SUB04262,CUST04262,Starter,Annual,1500,2026-07-11,,Active,,
SUB04263,CUST04263,Starter,Annual,1500,"Feb 02, 2025",,Active,,
SUB04264,CUST04264,Professional,Monthly,4500,2025-05-05,,Active,,
SUB04265,CUST04265,Starter,Monthly,1500,2024-01-16,,Active,,
SUB04266,CUST04266,Professional,Annual,4500,2026-08-16,,Active,,
SUB04267,CUST04267,Starter,Monthly,1500,2025-01-18,,Active,,
SUB04268,CUST04268,Professional,Monthly,4500,23/08/2026,,Active,,
SUB04269,CUST04269,Business,Monthly,9000,2026-05-13,,Active,,
SUB04270,CUST04270,Starter,Annual,1500,2026-04-18,,Active,,
SUB04271,CUST04271,Starter,Monthly,1500,2024-01-17,,Active,,
SUB04272,CUST04272,Business,Monthly,9000,2024-06-24,,Active,,
SUB04273,CUST04273,Starter,Annual,1500,2025-06-25,,Active,,
SUB04274,CUST04274,Starter,Annual,1500,2026-03-30,,Active,,
SUB04275,CUST04275,Professional,Monthly,4500,2025-09-04,,Active,,
SUB04276,CUST04276,Enterprise,Annual,20000,2025-10-07,,Active,,
SUB04277,CUST04277,Enterprise,Monthly,20000,2025-08-03,,Active,,
SUB04278,CUST04278,Starter,Monthly,1500,2025-08-21,,Active,,
SUB04279,CUST04279,Professional,Annual,4500,2024-10-29,2026-09-16,Cancelled,2026-09-16,Business downsized
SUB04280,CUST04280,Professional,Monthly,4500,2025/11/27,,Active,,
SUB04281,CUST04281,Starter,Monthly,1500,2024-05-15,2024-07-16,Cancelled,2024-07-16,Business downsized
SUB04282,CUST04282,Professional,Monthly,4500,2025-05-20,,Active,,
SUB04283,CUST04283,Professional,Annual,4500,2026-05-07,,Active,,
SUB04284,CUST04284,Business,Monthly,9000,2023-12-25,2025-11-01,Cancelled,2025-11-01,Business downsized
SUB04285,CUST04285,Starter,Annual,1500,2026-04-19,,Active,,
SUB04286,CUST04286,Professional,Monthly,4500,2026-01-15,,Active,,
SUB04287,CUST04287,Starter,Monthly,1500,2024-06-22,,Active,,
SUB04288,CUST04288,Starter,Monthly,1500,2024-12-14,,Active,,
SUB04289,CUST04289,Professional,Annual,4500,2025/11/22,,Active,,
SUB04290,CUST04290,Starter,Monthly,1500,2026-07-03,,Active,,
SUB04291,CUST04291,Professional,Monthly,4500,2023-12-29,,Active,,
SUB04292,CUST04292,Professional,Monthly,4500,2026-08-05,,Active,,
SUB04293,CUST04293,Starter,Monthly,1500,2025-10-16,,Active,,
SUB04294,CUST04294,Business,Monthly,9000,2024-10-17,,Active,,
SUB04295,CUST04295,Professional,Annual,4500,2024-02-11,,Active,,
SUB04296,CUST04296,Starter,Annual,1500,2024-05-26,,Active,,
SUB04297,CUST04297,Professional,Monthly,4500,2024-03-08,2024-11-06,Cancelled,2024-11-06,Not using the product enough
SUB04298,CUST04298,Business,Annual,9000,2024-08-17,,Active,,
SUB04299,CUST04299,Professional,Monthly,4500,2026-08-23,,Active,,
SUB04300,CUST04300,Starter,Monthly,1500,2026-03-25,,Active,,
SUB04301,CUST04301,Starter,Monthly,1500,2026-02-28,2026-09-04,Cancelled,2026-09-04,Business downsized
SUB04302,CUST04302,Professional,Monthly,4500,2026-02-16,,Active,,
SUB04303,CUST04303,Professional,Annual,4500,2025-07-16,,Active,,
SUB04304,CUST04304,Starter,Monthly,1500,2026-03-31,,Active,,
SUB04305,CUST04305,Professional,Monthly,4500,2023-10-02,,Active,,
SUB04306,CUST04306,Starter,Monthly,1500,23/03/2024,2026-07-01,Cancelled,2026-07-01,Poor customer support
SUB04307,CUST04307,Professional,Monthly,4500,2024-10-17,,Active,,
SUB04308,CUST04308,Professional,Monthly,4500,2025-06-02,,Active,,
SUB04309,CUST04309,Business,Annual,9000,2026-07-19,,Active,,
SUB04310,CUST04310,Starter,Monthly,1500,2025-09-30,,Active,,
SUB04311,CUST04311,Starter,Annual,1500,2024-10-22,,Active,,
SUB04312,CUST04312,Professional,Monthly,4500,2025-05-11,,Active,,
SUB04313,CUST04313,Starter,Monthly,1500,2026-03-31,2026-08-07,Cancelled,2026-08-07,Business downsized
SUB04314,CUST04314,Professional,Annual,4500,2026-02-05,,Active,,
SUB04315,CUST04315,Professional,Monthly,4500,2025-11-26,,Active,,
SUB04316,CUST04316,Professional,Monthly,4500,2024-02-26,2026-01-10,Cancelled,2026-01-10,Missing features
SUB04317,CUST04317,Professional,Annual,4500,2024-05-10,,Active,,
SUB04318,CUST04318,Starter,Annual,1500,2026-06-01,2026-09-15,Cancelled,2026-09-15,Business downsized
SUB04319,CUST04319,Business,Monthly,9000,2025-07-24,,Active,,
SUB04320,CUST04320,Starter,monthly,1500,2025-04-04,,Active,,
SUB04321,CUST04321,Starter,Monthly,1500,2025-09-09,,Active,,
SUB04322,CUST04322,Professional,Monthly,4500,2023-11-20,,Active,,
SUB04323,CUST04323,Business,Monthly,9000,2024-08-15,,Active,,
SUB04324,CUST04324,Starter,Monthly,1500,2023-10-01,,Active,,
SUB04325,CUST04325,Business,Annual,9000,2025-08-07,,Active,,
SUB04326,CUST04326,Starter,Monthly,1500,2024-08-14,,Active,,
SUB04327,CUST04327,Professional,Annual,4500,2024-04-28,19/07/2025,Cancelled,2025-07-19,Not using the product enough
SUB04328,CUST04328,Starter,Monthly,1500,2025-09-16,,Active,,
SUB04329,CUST04329,Starter,Annual,1500,2024-12-04,,Active,,
SUB04330,CUST04330,Professional,Monthly,4500,2025-08-24,,Active,,
SUB04331,CUST04331,Professional,Monthly,4500,2025-11-01,,Active,,
SUB04332,CUST04332,Professional,Monthly,4500,2023-11-20,,Active,,
SUB04333,CUST04333,Professional,Annual,4500,2025-05-07,,Active,,
SUB04334,CUST04334,Business,Annual,9000,2023-12-26,,Active,,
SUB04335,CUST04335,Business,Monthly,9000,2026-07-04,,Active,,
SUB04336,CUST04336,Business,Monthly,9000,2025-09-16,2026-06-06,Cancelled,2026-06-06,Switched to competitor
SUB04337,CUST04337,Professional,Monthly,4500,2025-02-11,,Active,,
SUB04338,CUST04338,Professional,Monthly,4500,2026-02-06,,Active,,
SUB04339,CUST04339,Professional,Monthly,4500,2026-07-17,,Active,,
SUB04340,CUST04340,Starter,Annual,1500,2026-03-27,,Active,,
SUB04341,CUST04341,Enterprise,Monthly,20000,2024-06-09,,Active,,
SUB04342,CUST04342,Business,Monthly,9000,2026-07-01,2026-09-08,Cancelled,2026-09-08,Too expensive
SUB04343,CUST04343,Starter,Monthly,1500,2024-10-18,,Active,,
SUB04344,CUST04344,Starter,Monthly,1500,2024-10-13,,Active,,
SUB04345,CUST04345,starter,Monthly,1500,2026-03-20,,Active,,
SUB04346,CUST04346,Business,ANNUAL,9000,2024-08-24,,Active,,
SUB04347,CUST04347,Professional,monthly,4500,2024-02-22,,Active,,
SUB04348,CUST04348,Business,Annual,9000,2026-06-03,,Active,,
SUB04349,CUST04349,Starter,Monthly,1500,2026-07-06,,Active,,
SUB04350,CUST04350,Business,Monthly,9000,2026-05-13,,Active,,
SUB04351,CUST04351,Starter,Annual,1500,2026-07-22,,Active,,
SUB04352,CUST04352,Enterprise,Monthly,20000,2025-04-26,,Active,,
SUB04353,CUST04353,Starter,Monthly,1500,2026-08-12,,Active,,
SUB04354,CUST04354,Starter,Monthly,1500,2024-01-25,,Active,,
SUB04355,CUST04355,Starter,Monthly,1500,2026-03-27,,Active,,
SUB04356,CUST04356,Starter,Monthly,1500,2026-04-26,,Active,,
SUB04357,CUST04357,Starter,Monthly,1500,08/10/2023,,Active,,
SUB04358,CUST04358,Starter,Monthly,1500,2026-05-05,,Active,,
SUB04359,CUST04359,Starter,Monthly,1500,2025-04-15,,Active,,
SUB04360,CUST04360,starter,Annual,1500,2024-12-13,2025-10-12,Cancelled,"Oct 12, 2025",Poor customer support
SUB04361,CUST04361,Business,Monthly,9000,2025-04-25,2026-07-13,Cancelled,2026-07-13,
SUB04362,CUST04362,Professional,Monthly,4500,2024-05-17,,Active,,
SUB04363,CUST04363,Enterprise,Annual,20000,2025-04-20,,Active,,
SUB04364,CUST04364,Starter,Monthly,1500,2025-02-14,,Active,,
SUB04365,CUST04365,Starter,Monthly,1500,2025-01-22,2025-06-21,Cancelled,2025-06-21,
SUB04366,CUST04366,Starter,Monthly,1500,2026-08-14,,Active,,
SUB04367,CUST04367,Professional,Monthly,4500,2024-10-29,2026-07-18,Cancelled,2026-07-18,Too expensive
SUB04368,CUST04368,Professional,Monthly,4500,2026-08-09,,Active,,
SUB04369,CUST04369,Starter,Monthly,1500,2024-10-20,,Active,,
SUB04370,CUST04370,Starter,Monthly,1500,2024/04/18,2025-04-14,Cancelled,"Apr 14, 2025",Not using the product enough
SUB04371,CUST04371,Professional,Monthly,4500,2025-12-03,,Active,,
SUB04372,CUST04372,Professional,Monthly,4500,2024-10-30,,Active,,
SUB04373,CUST04373,Professional,Monthly,4500,2025-11-28,2026-06-01,Cancelled,"Jun 01, 2026",Business closed
SUB04374,CUST04374,Enterprise,Annual,20000,2024-02-12,,Active,,
SUB04375,CUST04375,Starter,Monthly,1500,2025-12-18,,Active,,
SUB04376,CUST04376,Professional,Monthly,4500,2025-07-06,,Active,,
SUB04377,CUST04377,Professional,Monthly,4500,2026-05-06,,Active,,
SUB04378,CUST04378,PROFESSIONAL,Annual,4500,2025-10-11,,Active,,
SUB04379,CUST04379,Business,Monthly,9000,2026-01-14,2026-03-29,Cancelled,2026-03-29,Too expensive
SUB04380,CUST04380,Starter,Annual,1500,2024-11-13,,Active,,
SUB04381,CUST04381,Business,Monthly,9000,2023-12-28,2025-09-12,Cancelled,2025-09-12,
SUB04382,CUST04382,Starter,Monthly,1500,2025-04-23,2025-09-07,Cancelled,2025-09-07,Switched to competitor
SUB04383,CUST04383,Starter,Monthly,1500,2025-11-03,,Active,,
SUB04384,CUST04384,Business,Monthly,9000,2024-03-23,,Active,,
SUB04385,CUST04385,Starter,Monthly,1500,2025-06-27,,Active,,
SUB04386,CUST04386,Professional,Monthly,4500,2025-03-29,,Active,,
SUB04387,CUST04387,Starter,Annual,1500,2026-04-27,,Active,,
SUB04388,CUST04388,Professional,Monthly,4500,2024-10-24,2025-09-25,Cancelled,"Sep 25, 2025",Not using the product enough
SUB04389,CUST04389,Starter,Monthly,1500,2025-11-11,2026-05-08,Cancelled,2026-05-08,Business downsized
SUB04390,CUST04390,Professional,Annual,4500,2024-12-01,2026-09-01,Cancelled,2026-09-01,Missing features
SUB04391,CUST04391,Professional,Monthly,4500,2023-11-17,,Active,,
SUB04392,CUST04392,Professional,Monthly,4500,2025-03-30,,Active,,
SUB04393,CUST04393,Professional,Monthly,4500,2026-06-23,,Active,,
SUB04394,CUST04394,Professional,monthly,4500,2025-05-18,2026-04-21,Cancelled,2026-04-21,Business closed
SUB04395,CUST04395,Starter,Monthly,1500,2024-04-13,,Active,,
SUB04396,CUST04396,Starter,Monthly,1500,2025-11-14,,Active,,
SUB04397,CUST04397,Enterprise,Monthly,20000,2025-10-01,,Active,,
SUB04398,CUST04398,Starter,Annual,1500,2024-03-30,2025-11-05,Cancelled,2025-11-05,Missing features
SUB04399,CUST04399,Starter,Monthly,1500,2025-12-08,2026-07-25,Cancelled,2026-07-25,Not using the product enough
SUB04400,CUST04400,Starter,Monthly,1500,2025-01-30,2026-03-07,Cancelled,2026-03-07,Missing features
SUB04401,CUST04401,Professional,Monthly,4500,2025-12-14,2026-06-21,Cancelled,2026-06-21,Business downsized
SUB04402,CUST04402,Starter,Annual,1500,2024-03-11,,Active,,
SUB04403,CUST04403,Professional,Monthly,4500,2025-03-16,,Active,,
SUB04404,CUST04404,Starter,Monthly,1500,2024-11-27,,Active,,
SUB04405,CUST04405,Starter,Annual,1500,2024-11-24,,Active,,
SUB04406,CUST04406,Starter,Monthly,1500,2025-01-20,,Active,,
SUB04407,CUST04407,Professional,Monthly,4500,2026-01-12,,Active,,
SUB04408,CUST04408,Enterprise,Monthly,20000,2024-06-03,,Active,,
SUB04409,CUST04409,Starter,Monthly,1500,2025-01-22,,Active,,
SUB04410,CUST04410,Professional,Monthly,4500,2025-07-31,,Active,,
SUB04411,CUST04411,Starter,Monthly,1500,2024-05-26,2025-06-29,Cancelled,2025-06-29,Business downsized
SUB04412,CUST04412,Starter,Monthly,1500,2024-01-21,2025-10-09,Cancelled,2025-10-09,Not using the product enough
SUB04413,CUST04413,Starter,Annual,1500,2024-05-28,,Active,,
SUB04414,CUST04414,Professional,Monthly,4500,2024-11-24,,Active,,
SUB04415,CUST04415,Business,Monthly,9000,2025-07-05,,Active,,
SUB04416,CUST04416,Starter,Annual,1500,2026-05-16,,Active,,
SUB04417,CUST04417,Business,Monthly,9000,2023-11-11,,Active,,
SUB04418,CUST04418,Starter,Annual,1500,2026-07-20,2026-09-22,Cancelled,2026-09-22,Business downsized
SUB04419,CUST04419,Professional,Monthly,4500,2024-11-01,,Active,,
SUB04420,CUST04420,Business,Annual,9000,2024-07-02,,Active,,
SUB04421,CUST04421,Professional,Monthly,4500,2024-03-15,2026-04-23,Cancelled,2026-04-23,Business downsized
SUB04422,CUST04422,Starter,Monthly,1500,2025-04-12,,Active,,
SUB04423,CUST04423,Business,Annual,9000,2025-12-02,,Active,,
SUB04424,CUST04424,Starter,Monthly,1500,2024-05-06,,Active,,
SUB04425,CUST04425,Starter,Monthly,1500,2024-02-27,,Active,,
SUB04426,CUST04426,Business,Monthly,9000,2026-07-26,,Active,,
SUB04427,CUST04427,Professional,Monthly,4500,2024-09-24,,Active,,
SUB04428,CUST04428,Business,Monthly,9000,2024-08-22,2025-05-29,Cancelled,2025-05-29,Poor customer support
SUB04429,CUST04429,Professional,Monthly,4500,2024-01-12,2024-12-27,Cancelled,27/12/2024,Not using the product enough
SUB04430,CUST04430,Professional,Annual,4500,2026-04-02,,Active,,
SUB04431,CUST04431,Professional,Annual,4500,2023-12-16,,Active,,
SUB04432,CUST04432,Starter,Monthly,1500,2026-02-02,,Active,,
SUB04433,CUST04433,Enterprise,Monthly,20000,2023-10-13,,Active,,
SUB04434,CUST04434,Professional,Monthly,4500,2026-03-26,,Active,,
SUB04435,CUST04435,Starter,Monthly,1500,2024-02-26,2024-10-19,Cancelled,2024-10-19,Switched to competitor
SUB04436,CUST04436,Starter,Annual,1500,2026-06-22,,Active,,
SUB04437,CUST04437,Professional,Monthly,4500,2023-11-30,,Active,,
SUB04438,CUST04438,Starter,Monthly,1500,2024-05-25,,Active,,
SUB04439,CUST04439,Starter,Monthly,1500,2025-06-23,,Active,,
SUB04440,CUST04440,Professional,Monthly,4500,2026-04-13,,Active,,
SUB04441,CUST04441,Starter,Monthly,1500,2026-01-19,,Active,,
SUB04442,CUST04442,Starter,Monthly,1500,2026-05-13,,Active,,
SUB04443,CUST04443,Business,Annual,9000,2026-04-01,,Active,,
SUB04444,CUST04444,Professional,Monthly,4500,2026-05-21,,Active,,
SUB04445,CUST04445,Starter,Monthly,1500,2023-10-20,,Active,,
SUB04446,CUST04446,Business,Monthly,9000,2026-03-08,,Active,,
SUB04447,CUST04447,Professional,Monthly,4500,2025-06-11,08/09/2025,Cancelled,08/09/2025,Missing features
SUB04448,CUST04448,Professional,Monthly,4500,2024-01-31,,Active,,
SUB04449,CUST04449,Starter,Annual,1500,2026-08-20,,Active,,
SUB04450,CUST04450,Starter,Monthly,1500,2025-08-06,,Active,,
SUB04451,CUST04451,Starter,Annual,1500,2025-10-03,,Active,,
SUB04452,CUST04452,Professional,Monthly,4500,2026-07-14,,Active,,
SUB04453,CUST04453,Professional,Monthly,4500,2025/01/30,,Active,,
SUB04454,CUST04454,Enterprise,Annual,20000,2024-02-11,,Active,,
SUB04455,CUST04455,Professional,Annual,4500,2026-06-01,,Active,,
SUB04456,CUST04456,Professional,Monthly,4500,2024-04-28,2025-09-09,Cancelled,2025-09-09,Missing features
SUB04457,CUST04457,Professional,Monthly,4500,2025-10-03,,Active,,
SUB04458,CUST04458,Business,Monthly,9000,2023/11/24,,Active,,
SUB04459,CUST04459,Professional,Monthly,4500,2026-04-07,,Active,,
SUB04460,CUST04460,Professional,Monthly,4500,2026-05-08,,Active,,
SUB04461,CUST04461,Professional,Monthly,4500,2025-06-30,,Active,,
SUB04462,CUST04462,Starter,Monthly,1500,2025-09-07,,Active,,
SUB04463,CUST04463,Starter,Monthly,1500,2024-03-18,,Active,,
SUB04464,CUST04464,Professional,Annual,4500,2024-01-29,,Active,,
SUB04465,CUST04465,Professional,Monthly,4500,2025-05-03,,Active,,
SUB04466,CUST04466,Starter,Monthly,1500,2025-01-24,,Active,,
SUB04467,CUST04467,Business,Monthly,9000,2026-05-22,, Active ,,
SUB04468,CUST04468,Starter,Monthly,1500,2024-10-10,2025/01/09,Cancelled,2025-01-09,Poor customer support
SUB04469,CUST04469,Business,Monthly,9000,2025-06-16,,Active,,
SUB04470,CUST04470,Business,Monthly,9000,2024-10-18,,Active,,
SUB04471,CUST04471,Business,Monthly,9000,2026-07-13,,Active,,
SUB04472,CUST04472,Starter,Monthly,1500,2024-11-28,,Active,,
SUB04473,CUST04473,Starter,Annual,1500,2026-06-20,2026-09-23,Cancelled,"Sep 23, 2026",Business downsized
SUB04474,CUST04474,Professional,Monthly,4500,2026-07-27,,Active,,
SUB04475,CUST04475,Starter,Monthly,1500,2025-05-21,,Active,,
SUB04476,CUST04476,starter,Monthly,1500,2024-01-15,,Active,,
SUB04477,CUST04477,Business,Monthly,9000,"Jun 26, 2026",,Active,,
SUB04478,CUST04478,Starter,Monthly,1500,2025-08-05,,Active,,
SUB04479,CUST04479,Professional,Monthly,4500,2026-05-27,,Active,,
SUB04480,CUST04480,Starter,Monthly,1500,2025-03-15,,Active,,
SUB04481,CUST04481,Starter,Annual,1500,2024-05-08,,Active,,
SUB04482,CUST04482,Starter,Monthly,1500,2024-07-02,,Active,,
SUB04483,CUST04483,Professional,Monthly,4500,2024-11-28,,Active,,
SUB04484,CUST04484,Business,Monthly,9000,2024-06-10,,Active,,
SUB04485,CUST04485,Professional,Monthly,4500,2026-07-18,2026-09-23,Cancelled,2026-09-23,Not using the product enough
SUB04486,CUST04486,Starter,Monthly,1500,2024-02-22,,Active,,
SUB04487,CUST04487,Professional,Monthly,4500,2025-07-23,2025-12-27,Cancelled,2025-12-27,Poor customer support
SUB04488,CUST04488,Starter,Monthly,1500,2024-04-01,,Active,,
SUB04489,CUST04489,Starter,Monthly,1500,2024-06-01,,Active,,
SUB04490,CUST04490,Starter,Monthly,1500,2026-04-29,,Active,,
SUB04491,CUST04491,Professional,Monthly,4500,2025-05-19,2026-07-19,Cancelled,2026-07-19,Too expensive
SUB04492,CUST04492,Professional,Monthly,4500,2025-08-19,,Active,,
SUB04493,CUST04493,Professional,Annual,4500,2025-05-11,,Active,,
SUB04494,CUST04494,Business,Monthly,9000,2025-01-19,,Active,,
SUB04495,CUST04495,Business,Annual,9000,2025-06-01,,Active,,
SUB04496,CUST04496,Professional,Monthly,4500,2024-12-22,,Active,,
SUB04497,CUST04497,Professional,Monthly,4500,2024-03-09,,Active,,
SUB04498,CUST04498,Business,Monthly,9000,2025-12-19,,Active,,
SUB04499,CUST04499,Enterprise,Monthly,20000,2025-07-16,,Active,,
SUB04500,CUST04500,Starter,Monthly,1500,2024-10-24,,Active,,
SUB04501,CUST04501,Starter,Monthly,1500,2025-05-10,,Active,,
SUB04502,CUST04502,Professional,Monthly,4500,2024-08-19,,Active,,
SUB04503,CUST04503,Professional,Monthly,4500,2025-12-19,,Active,,
SUB04504,CUST04504,Business,Annual,9000,2026-07-03,2026-09-20,Cancelled,2026-09-20,Missing features
SUB04505,CUST04505,Business,Annual,9000,2026-06-21,,Active,,
SUB04506,CUST04506,Professional,Monthly,4500,2024-03-23,,Active,,
SUB04507,CUST04507,Starter,Monthly,1500,2023-12-19,,Active,,
SUB04508,CUST04508,Starter,Monthly,1500,2024-12-16,"Apr 25, 2026",Cancelled,2026-04-25,Business downsized
SUB04509,CUST04509,Professional,Monthly,4500,2024-12-22,,Active,,
SUB04510,CUST04510,Starter,Monthly,1500,2024-09-14,,Active,,
SUB04511,CUST04511,Starter,Monthly,1500,2024-12-10,2025-10-06,Cancelled,2025-10-06,Too expensive
SUB04512,CUST04512,Professional,Monthly,4500,2024-01-05,,Active,,
SUB04513,CUST04513,Professional,Monthly,4500,2026-04-13,2026-09-04,Cancelled,2026-09-04,Too expensive
SUB04514,CUST04514,Business,Monthly,9000,2025-06-17,,Active,,
SUB04515,CUST04515,Starter,Annual,1500,2026-04-04,,Active,,
SUB04516,CUST04516,Starter,Monthly,1500,2024-08-23,,Active,,
SUB04517,CUST04517,Starter,Monthly,1500,2024-01-07,,Active,,
SUB04518,CUST04518,Starter,Monthly,1500,2026-02-11,,Active,,
SUB04519,CUST04519,Starter,Monthly,1500,2024-05-13,2025-02-06,Cancelled,06/02/2025,Missing features
SUB04520,CUST04520,Professional,Monthly,4500,2024-09-13,2026-01-16,Cancelled,2026-01-16,Business downsized
SUB04521,CUST04521,Starter,Monthly,1500,2024-01-15,,Active,,
SUB04522,CUST04522,Starter,Monthly,1500,2025-04-08,,Active,,
SUB04523,CUST04523,Business,Annual,9000,2023-12-25,,Active,,
SUB04524,CUST04524,Business,Monthly,9000,2025-12-25,,Active,,
SUB04525,CUST04525,Starter,Monthly,1500,2024-07-26,,Active,,
SUB04526,CUST04526,Professional,monthly,4500,2024-10-28,,Active,,
SUB04527,CUST04527,Business,Monthly,9000,2024-12-28,,Active,,
SUB04528,CUST04528,Professional,Monthly,4500,2025-11-15,,Active,,
SUB04529,CUST04529,Starter,Monthly,1500,2025-05-16,,Active,,
SUB04530,CUST04530,Starter,Monthly,1500,2026-06-25,,Active,,
SUB04531,CUST04531,Starter,Monthly,1500,"May 04, 2025",2025-11-30,Cancelled,2025-11-30,Not using the product enough
SUB04532,CUST04532,Business,Annual,9000,2024-09-27,,Active,,
SUB04533,CUST04533,Starter,Monthly,1500,2025-11-10,2026-05-02,Cancelled,2026-05-02,Too expensive
SUB04534,CUST04534,Starter,Monthly,1500,2025-06-15,,Active,,
SUB04535,CUST04535,Enterprise,Monthly,20000,2025-08-11,,Active,,
SUB04536,CUST04536,Business,Annual,9000,2026-02-03,,Active,,
SUB04537,CUST04537,Professional,monthly,4500,2025-02-01,,Active,,
SUB04538,CUST04538,starter,Monthly,1500,2023-10-06,,Active,,
SUB04539,CUST04539,Professional,Monthly,4500,2024-02-21,2026-03-31,Cancelled,2026-03-31,Not using the product enough
SUB04540,CUST04540,Professional,Monthly,4500,2026-07-14,2026-09-21,Cancelled,2026-09-21,Not using the product enough
SUB04541,CUST04541,Professional,Monthly,4500,2024-10-17,,Active,,
SUB04542,CUST04542,Enterprise,Monthly,20000,2024-10-12,,Active,,
SUB04543,CUST04543,starter,Monthly,1500,2026-08-15,,Active,,
SUB04544,CUST04544,Professional,Annual,4500,2023-12-02,,Active,,
SUB04545,CUST04545,Starter,Monthly,1500,2026-04-01,,Active,,
SUB04546,CUST04546,Starter,Monthly,1500,2024-08-17,,Active,,
SUB04547,CUST04547,Professional,Annual,4500,2025-01-02,2026-04-18,Cancelled,2026-04-18,
SUB04548,CUST04548,Professional,Monthly,4500,2025-02-06,,Active,,
SUB04549,CUST04549,Professional,Monthly,4500,2026-06-02,,Active,,
SUB04550,CUST04550,Enterprise,Monthly,20000,2026-03-18,,Active,,
SUB04551,CUST04551,PROFESSIONAL,Monthly,4500,2025-09-14,,Active,,
SUB04552,CUST04552,Starter,Annual,1500,2026-02-10,2026-04-14,Cancelled,2026/04/14,Business downsized
SUB04553,CUST04553,Professional,Monthly,4500,2023-10-29,2026-09-08,Cancelled,2026-09-08,Missing features
SUB04554,CUST04554,Enterprise,Monthly,20000,2025-09-07,,Active,,
SUB04555,CUST04555,Starter,Monthly,1500,2025-03-05,,Active,,
SUB04556,CUST04556,Starter,Monthly,1500,2024-09-01,,Active,,
SUB04557,CUST04557,Professional,Monthly,4500,2024-03-17,,Active,,
SUB04558,CUST04558,Starter,Monthly,1500,2026-05-20,,Active,,
SUB04559,CUST04559,Professional,Monthly,4500,2025-09-14,,Active,,
SUB04560,CUST04560,Professional,Annual,4500,2025-08-21,,Active,,
SUB04561,CUST04561,Starter,Monthly,1500,2025-05-21,,Active,,
SUB04562,CUST04562,Starter,Monthly,1500,"Dec 05, 2025",2026-06-17,Cancelled,2026/06/17,Not using the product enough
SUB04563,CUST04563,Business,Annual,9000,2023-10-08,,Active,,
SUB04564,CUST04564,Professional,Monthly,4500,2024-10-25,2025/12/31,Cancelled,2025/12/31,Business downsized
SUB04565,CUST04565,Professional,Monthly,4500,2025-12-02,2026-03-13,Cancelled,2026/03/13,Business downsized
SUB04566,CUST04566,Business,Monthly,9000,2024-03-17,,Active,,
SUB04567,CUST04567,Business,Monthly,9000,2023-11-04,2026-09-13,Cancelled,2026-09-13,Not using the product enough
SUB04568,CUST04568,Starter,Annual,1500,2025-02-22,,Active,,
SUB04569,CUST04569,Starter,Monthly,1500,2024-07-04,,Active,,
SUB04570,CUST04570,Starter,Monthly,1500,2025-08-11,,Active,,
SUB04571,CUST04571,Business,Monthly,9000,2025-02-27,,Active,,
SUB04572,CUST04572,Professional,Monthly,4500,2025-04-06,,Active,,
SUB04573,CUST04573,Business,Annual,9000,2024-11-15,,Active,,
SUB04574,CUST04574,Business,Monthly,9000,2025-02-28,,Active,,
SUB04575,CUST04575,Starter,monthly,1500,2026-04-07,,Active,,
SUB04576,CUST04576,Professional,Monthly,4500,2024-07-24,,Active,,
SUB04577,CUST04577,Professional,Monthly,4500,2025-06-04,,Active,,
SUB04578,CUST04578,Professional,Monthly,4500,2024-10-29,2026-08-07,Cancelled,2026-08-07,Business downsized
SUB04579,CUST04579,Professional,Annual,4500,2024-10-19,,Active,,
SUB04580,CUST04580,Starter,Annual,1500,2025-03-27,,Active,,
SUB04581,CUST04581,Starter,Monthly,1500,2025-08-25,,Active,,
SUB04582,CUST04582,Enterprise,Monthly,20000,2025-11-16,,Active,,
SUB04583,CUST04583,Starter,Monthly,1500,2026-08-10,,Active,,
SUB04584,CUST04584,Starter,monthly,1500,2026-01-12,,Active,,
SUB04585,CUST04585,Business,Monthly,9000,2026-07-09,,Active,,
SUB04586,CUST04586,Starter,Annual,1500,2025-04-18,,Active,,
SUB04587,CUST04587,Starter,Monthly,1500,2024-01-14,,Active,,
SUB04588,CUST04588,Business,Monthly,9000,2023-12-09,2024-09-24,Cancelled,2024-09-24,Switched to competitor
SUB04589,CUST04589,Starter,Annual,1500,2024-10-13,,Active,,
SUB04590,CUST04590,Business,Monthly,9000,2025-12-24,,Active,,
SUB04591,CUST04591,Starter,Monthly,1500,2024-03-25,,Active,,
SUB04592,CUST04592,Business,Monthly,9000,2026-06-13,,Active,,
SUB04593,CUST04593,Starter,Monthly,1500,2026-07-07,,Active,,
SUB04594,CUST04594,Starter,Monthly,1500,2024-08-07,2025-07-31,Cancelled,2025-07-31,Switched to competitor
SUB04595,CUST04595,Starter,monthly,1500,2024-11-02,,Active,,
SUB04596,CUST04596,Business,Annual,9000,2024-08-20,,Active,,
SUB04597,CUST04597,Business,Monthly,9000,2026-02-27,,Active,,
SUB04598,CUST04598,Professional,Monthly,4500,2024-09-07,2025-02-17,Cancelled,"Feb 17, 2025",Switched to competitor
SUB04599,CUST04599,Professional,Monthly,4500,2025-04-26,,Active,,
SUB04600,CUST04600,Professional,Monthly,4500,2026-02-28,,Active,,
SUB04601,CUST04601,Starter,Monthly,1500,2026-04-18,,Active,,
SUB04602,CUST04602,Professional,Annual,4500,2025-10-18,,Active,,
SUB04603,CUST04603,Business,Monthly,9000,2026-03-27,,Active,,
SUB04604,CUST04604,Enterprise,Monthly,20000,2026-05-31,,Active,,
SUB04605,CUST04605,starter,Annual,1500,2024-04-16,,Active,,
SUB04606,CUST04606,Business,Monthly,9000,2025-05-18,,Active,,
SUB04607,CUST04607,Starter,Monthly,1500,2023-11-13,,Active,,
SUB04608,CUST04608,Professional,Monthly,4500,2023-10-31,,Active,,
SUB04609,CUST04609,Starter,Monthly,1500,2025-06-08,,Active,,
SUB04610,CUST04610,Professional,Monthly,4500,2026-01-29,,Active,,
SUB04611,CUST04611,Professional,Monthly,4500,2024-11-04,,Active,,
SUB04612,CUST04612,starter,Annual,1500,2024-08-07,2024-11-07,Cancelled,2024-11-07,Too expensive
SUB04613,CUST04613,Starter,Monthly,1500,2026-01-06,,Active,,
SUB04614,CUST04614,Business,Annual,9000,2024-08-30,2025-01-04,Cancelled,2025-01-04,Not using the product enough
SUB04615,CUST04615,Professional,Monthly,4500,2025-07-22,,Active,,
SUB04616,CUST04616,Enterprise,Monthly,20000,2026-05-10,,Active,,
SUB04617,CUST04617,business,Monthly,9000,2024-04-08,,Active,,
SUB04618,CUST04618,Professional,Annual,4500,2023-12-04,,Active,,
SUB04619,CUST04619,Professional,Monthly,4500,2025-05-26,,Active,,
SUB04620,CUST04620,Starter,Monthly,1500,2025-01-22,,Active,,
SUB04621,CUST04621,Professional,Monthly,4500,2023-11-26,,Active,,
SUB04622,CUST04622,Business,Monthly,9000,2025-09-08,,Active,,
SUB04623,CUST04623,Enterprise,Monthly,20000,2026-03-29,2026-09-04,Cancelled,2026-09-04,Missing features
SUB04624,CUST04624,Professional,Monthly,4500,2024-02-27,,Active,,
SUB04625,CUST04625,Starter,Monthly,1500,2024-04-23,,Active,,
SUB04626,CUST04626,Starter,Monthly,1500,2026-06-27,,Active,,
SUB04627,CUST04627,Business,Monthly,9000,2023-12-07,,Active,,
SUB04628,CUST04628,Starter,Annual,1500,2025-07-21,,Active,,
SUB04629,CUST04629,Starter,Monthly,1500,2024-08-04,,Active,,
SUB04630,CUST04630,Professional,Monthly,4500,2026-04-03,,Active,,
SUB04631,CUST04631,Starter,Monthly,1500,2025-11-15,,Active,,
SUB04632,CUST04632,Professional,Monthly,4500,2023-12-12,,Active,,
SUB04633,CUST04633,Starter,Monthly,1500,2024-07-07,,Active,,
SUB04634,CUST04634,Professional,Monthly,4500,2025-10-30,,Active,,
SUB04635,CUST04635,Starter,Annual,1500,2024-07-03,2025-10-14,Cancelled,2025-10-14,Business downsized
SUB04636,CUST04636,Professional,Monthly,4500,2024-09-14,,Active,,
SUB04637,CUST04637,Professional,Monthly,4500,2024-07-19,,Active,,
SUB04638,CUST04638,Professional,Monthly,4500,2025-03-24,,Active,,
SUB04639,CUST04639,Professional,Monthly,4500,2024-11-12,,Active,,
SUB04640,CUST04640,Starter,Monthly,1500,2025-01-09,,Active,,
SUB04641,CUST04641,Starter,Annual,1500,2026-08-14,,Active,,
SUB04642,CUST04642,Business,Monthly,9000,2025-08-10,,Active,,
SUB04643,CUST04643,Business,Monthly,9000,2026-03-28,, Active ,,
SUB04644,CUST04644,Starter,Monthly,1500,2026-01-31,,Active,,
SUB04645,CUST04645,Professional,Monthly,4500,2025-05-07,,Active,,
SUB04646,CUST04646,Starter,Monthly,1500,2024-04-13,,Active,,
SUB04647,CUST04647,Starter,Monthly,1500,2024-04-29,,Active,,
SUB04648,CUST04648,Starter,Monthly,1500,2025-12-18,,Active,,
SUB04649,CUST04649,Starter,Monthly,1500,2024-05-12,,Active,,
SUB04650,CUST04650,Business,Monthly,9000,2026-01-10,2026-05-09,Cancelled,2026-05-09,Not using the product enough
SUB04651,CUST04651,Starter,Monthly,1500,2026-08-24,, Active ,,
SUB04652,CUST04652,Professional,Monthly,4500,2025-02-22,,Active,,
SUB04653,CUST04653,Business,Monthly,9000,2024-05-27,,Active,,
SUB04654,CUST04654,Starter,Monthly,1500,2025-12-26,,Active,,
SUB04655,CUST04655,Starter,Monthly,1500,2026-02-16,,Active,,
SUB04656,CUST04656,Business,Monthly,9000,2025-11-03,24/01/2026,Cancelled,2026-01-24,Switched to competitor
SUB04657,CUST04657,Professional,Monthly,4500,2025-06-24,,Active,,
SUB04658,CUST04658,Business,Monthly,9000,2025-02-24,,Active,,
SUB04659,CUST04659,Starter,Monthly,1500,2025-04-19,2026-08-21,Cancelled,2026-08-21,
SUB04660,CUST04660,Professional,Monthly,4500,2024-08-11,,Active,,
SUB04661,CUST04661,Starter,Monthly,1500,2026-06-18,,Active,,
SUB04662,CUST04662,Starter,Monthly,1500,2026-04-03,,Active,,
SUB04663,CUST04663,Professional,Monthly,4500,2025-01-20,,Active,,
SUB04664,CUST04664,starter,Monthly,1500,2025-06-09,,Active,,
SUB04665,CUST04665,Starter,Monthly,1500,2024-12-12,,Active,,
SUB04666,CUST04666,Enterprise,Monthly,20000,2024-02-02,,Active,,
SUB04667,CUST04667,Starter,monthly,1500,2025-02-19,2026-03-14,Cancelled,2026-03-14,Poor customer support
SUB04668,CUST04668,Starter,Monthly,1500,2025-09-01,,Active,,
SUB04669,CUST04669,Starter,Annual,1500,2025-01-07,,Active,,
SUB04670,CUST04670,Professional,Monthly,4500,2025-11-18,,Active,,
SUB04671,CUST04671,Starter,Monthly,1500,2024-01-08,,Active,,
SUB04672,CUST04672,Professional,Monthly,4500,2025-09-17,,Active,,
SUB04673,CUST04673,Starter,Monthly,1500,2023-11-28,,Active,,
SUB04674,CUST04674,Starter,Monthly,1500,2026-08-15,,Active,,
SUB04675,CUST04675,Professional,Monthly,4500,2024-01-16,,Active,,
SUB04676,CUST04676,Professional,Monthly,4500,2026-04-07,,Active,,
SUB04677,CUST04677,Professional,Monthly,4500,2025-02-13,2025-05-14,Cancelled,2025-05-14,Not using the product enough
SUB04678,CUST04678,Starter,Monthly,1500,2026-02-03,,Active,,
SUB04679,CUST04679,Professional,Monthly,4500,2024-03-27,,Active,,
SUB04680,CUST04680,Professional,Annual,4500,2024-08-17,,Active,,
SUB04681,CUST04681,Starter,Monthly,1500,2024-09-12,,Active,,
SUB04682,CUST04682,Business,Annual,9000,2024-11-20,,Active,,
SUB04683,CUST04683,Professional,Annual,4500,2024-09-13,,Active,,
SUB04684,CUST04684,Business,Annual,9000,2023-11-17,,Active,,
SUB04685,CUST04685,Business,Monthly,9000,2024-09-08,,Active,,
SUB04686,CUST04686,Business,Monthly,9000,2024-04-13,,Active,,
SUB04687,CUST04687,Starter,Monthly,1500,2026-06-26,2026-09-15,Cancelled ,2026-09-15,Business downsized
SUB04688,CUST04688,Professional,Monthly,4500,2024-02-15,2026-06-05,Cancelled,2026-06-05,Switched to competitor
SUB04689,CUST04689,Starter,Monthly,1500,2024-03-25,,Active,,
SUB04690,CUST04690,Starter,Monthly,1500,2024-06-25,,Active,,
SUB04691,CUST04691,Professional,Monthly,4500,2024-01-16,,Active,,
SUB04692,CUST04692,Starter,Monthly,1500,2024-08-11,,Active,,
SUB04693,CUST04693,Professional,Monthly,4500,2023-10-26,,Active,,
SUB04694,CUST04694,Business,Annual,9000,2024-09-22,,Active,,
SUB04695,CUST04695,Professional,Monthly,4500,2025-02-15,,Active,,
SUB04696,CUST04696,Business,Monthly,9000,2025-06-17,,Active,,
SUB04697,CUST04697,Starter,Monthly,1500,2026-05-19,,Active,,
SUB04698,CUST04698,Starter,ANNUAL,1500,2025-06-12,,Active,,
SUB04699,CUST04699,Professional,Monthly,4500,2023-11-16,2024-12-11,Cancelled,2024-12-11,Poor customer support
SUB04700,CUST04700,Starter,Annual,1500,2026-03-14,,Active,,
SUB04701,CUST04701,Starter,Annual,1500,2024-08-01,,Active,,
SUB04702,CUST04702,Professional,Monthly,4500,2024-06-18,2024-09-24,Cancelled,2024-09-24,Missing features
SUB04703,CUST04703,Business,Monthly,9000,2026-04-07,,Active,,
SUB04704,CUST04704,Professional,Monthly,4500,2025-09-22,,Active,,
SUB04705,CUST04705,Starter,Monthly,1500,2024-02-22,,Active,,
SUB04706,CUST04706,Business,Monthly,9000,2024-05-22,,Active,,
SUB04707,CUST04707,Professional,Monthly,4500,2024-06-19,,Active,,
SUB04708,CUST04708,Starter,Monthly,1500,2026-03-24,,Active,,
SUB04709,CUST04709,Business,Monthly,9000,2024-04-06,,Active,,
SUB04710,CUST04710,Enterprise,Monthly,20000,2025-01-24,,Active,,
SUB04711,CUST04711,Business,Monthly,9000,2025-02-08,,Active,,
SUB04712,CUST04712,Starter,Monthly,1500,2024-03-17,,Active,,
SUB04713,CUST04713,Business,Monthly,9000,2025-07-09,2026-04-13,Cancelled,2026-04-13,
SUB04714,CUST04714,Starter,Monthly,1500,2023-12-05,,Active,,
SUB04715,CUST04715,Professional,Monthly,4500,2025-12-18,,Active,,
SUB04716,CUST04716,Starter,Annual,1500,2026-05-01,,Active,,
SUB04717,CUST04717,Starter,Monthly,1500,2024-09-14,,Active,,
SUB04718,CUST04718,Professional,Annual,4500,2025-06-04,,Active,,
SUB04719,CUST04719,Starter,Monthly,1500,2024-08-01,,Active,,
SUB04720,CUST04720,Business,Monthly,9000,2026-01-08,,Active,,
SUB04721,CUST04721,Business,Monthly,9000,2024-04-20,,Active,,
SUB04722,CUST04722,Business,Monthly,9000,2026-01-21,2026-06-02,Cancelled,2026-06-02,Business downsized
SUB04723,CUST04723,Professional,Monthly,4500,2026-08-24,,Active,,
SUB04724,CUST04724,Professional,Monthly,4500,2025-01-15,,Active,,
SUB04725,CUST04725,Professional,Monthly,4500,2025-11-19,,Active,,
SUB04726,CUST04726,Starter,Monthly,1500,2024-04-12,2025-02-14,Cancelled,2025-02-14,Switched to competitor
SUB04727,CUST04727,Professional,Annual,4500,2025-10-08,,Active,,
SUB04728,CUST04728,Professional,Monthly,4500,2023-10-22,,Active,,
SUB04729,CUST04729,Business,Monthly,9000,2025-05-18,,Active,,
SUB04730,CUST04730,Professional,Annual,4500,2025-09-12,,Active,,
SUB04731,CUST04731,Professional,Annual,4500,2024-06-23,,Active,,
SUB04732,CUST04732,Professional,Annual,4500,2026-04-01,,Active,,
SUB04733,CUST04733,Starter,Monthly,1500,2023-11-17,,Active,,
SUB04734,CUST04734,Business,Annual,9000,2023-12-15,,Active,,
SUB04735,CUST04735,Starter,Monthly,1500,2026-02-23,,Active,,
SUB04736,CUST04736,Business,Monthly,9000,2024-08-17,2025-03-11,Cancelled,2025-03-11,Missing features
SUB04737,CUST04737,Starter,Monthly,1500,2025-10-09,,Active,,
SUB04738,CUST04738,Starter,Monthly,1500,2025-12-08,,Active,,
SUB04739,CUST04739,Enterprise,Monthly,20000,2024-08-15,,Active,,
SUB04740,CUST04740,Starter,Monthly,1500,2025-10-11,,Active,,
SUB04741,CUST04741,Business,Annual,9000,2026-03-18,,Active,,
SUB04742,CUST04742,Starter,Monthly,1500,2024-10-08,,Active,,
SUB04743,CUST04743,Starter,Monthly,1500,2026-04-02,2026-08-07,Cancelled,2026-08-07,Not using the product enough
SUB04744,CUST04744,Business,Monthly,9000,2025-08-23,,Active,,
SUB04745,CUST04745,Professional,Monthly,4500,2025-06-16,2026-04-27,Cancelled,2026-04-27,Too expensive
SUB04746,CUST04746,Business,Monthly,9000,2026-06-12,2026-09-20,Cancelled,20/09/2026,Business downsized
SUB04747,CUST04747,Starter,Annual,1500,2025-08-03,2026-05-07,Cancelled,2026-05-07,Missing features
SUB04748,CUST04748,Professional,Annual,4500,2026-05-24,2026-08-27,Cancelled,27/08/2026,Missing features
SUB04749,CUST04749,Starter,Monthly,1500,2024-01-10,,Active,,
SUB04750,CUST04750,Starter,Monthly,1500,2025-12-04,,Active,,
SUB04751,CUST04751,Starter,Monthly,1500,2024-05-17,,Active,,
SUB04752,CUST04752,Enterprise,Monthly,20000,2024-09-08,,Active,,
SUB04753,CUST04753,Starter,Monthly,1500,2024-10-23,,Active,,
SUB04754,CUST04754,Starter,Monthly,1500,2025-11-15,,Active,,
SUB04755,CUST04755,Business,Annual,9000,2024-08-05,,Active,,
SUB04756,CUST04756,Professional,Annual,4500,2026-03-29,,Active,,
SUB04757,CUST04757,Enterprise,Monthly,20000,2024-10-11,2025-01-17,Cancelled,2025-01-17,Switched to competitor
SUB04758,CUST04758,Starter,Monthly,1500,2024-10-17,,Active,,
SUB04759,CUST04759,Business,Monthly,9000,2026-08-02,,Active,,
SUB04760,CUST04760,Starter,Monthly,1500,2026-03-16,,Active,,
SUB04761,CUST04761,Professional,Annual,4500,2025-05-04,,Active,,
SUB04762,CUST04762,Starter,Monthly,1500,2023-11-29,,Active,,
SUB04763,CUST04763,starter,Monthly,1500,2024-01-21,,Active,,
SUB04764,CUST04764,Professional,Monthly,4500,2025-02-03,2026-09-14,Cancelled,2026-09-14,Switched to competitor
SUB04765,CUST04765,Professional,Monthly,4500,2023-11-13,,Active,,
SUB04766,CUST04766,Professional,Monthly,4500,2023-11-04,, Active ,,
SUB04767,CUST04767,Professional,Monthly,4500,2025-07-24,,Active,,
SUB04768,CUST04768,Business,Monthly,9000,2024-03-12,2025-06-01,Cancelled,2025-06-01,Business downsized
SUB04769,CUST04769,Starter,Monthly,1500,2025-01-09,,Active,,
SUB04770,CUST04770,Starter,Annual,1500,2024-09-19,,Active,,
SUB04771,CUST04771,Professional,Monthly,4500,2025-01-29,2026-03-16,Cancelled,2026-03-16,Missing features
SUB04772,CUST04772,Professional,Monthly,4500,2025-05-04,,Active,,
SUB04773,CUST04773,Enterprise,Monthly,20000,2024-04-15,,Active,,
SUB04774,CUST04774,Starter,Monthly,1500,2025-08-01,,Active,,
SUB04775,CUST04775,Starter,Monthly,1500,2024-08-26,,Active,,
SUB04776,CUST04776,Starter,Monthly,1500,2023-12-07,,Active,,
SUB04777,CUST04777,Professional,Monthly,4500,2025-11-11,2026-01-28,Cancelled,2026-01-28,Poor customer support
SUB04778,CUST04778,Starter,Monthly,1500,2025-07-23,,Active,,
SUB04779,CUST04779,Starter,Annual,1500,2024-01-02,,Active,,
SUB04780,CUST04780,Enterprise,Monthly,20000,2025-10-31,,Active,,
SUB04781,CUST04781,Starter,Monthly,1500,2023-09-25,2025-07-06,Cancelled,2025-07-06,Switched to competitor
SUB04782,CUST04782,Business,Monthly,9000,2025-01-17,2026-02-26,Cancelled,2026-02-26,Switched to competitor
SUB04783,CUST04783,Starter,Monthly,1500,2025-05-10,,Active,,
SUB04784,CUST04784,Starter,Monthly,1500,2026-07-28,,Active,,
SUB04785,CUST04785,Starter,Monthly,1500,2025-04-11,,Active,,
SUB04786,CUST04786,Professional,Annual,4500,2025-08-02,,Active,,
SUB04787,CUST04787,Starter,monthly,1500,2024-04-12,,Active,,
SUB04788,CUST04788,Starter,Annual,1500,2025-04-16,,Active,,
SUB04789,CUST04789,Starter,Monthly,1500,2024-07-23,,Active,,
SUB04790,CUST04790,Starter,Annual,1500,2024-02-14,,Active,,
SUB04791,CUST04791,Professional,Monthly,4500,2024-01-19,,Active,,
SUB04792,CUST04792,Starter,Monthly,1500,2026-05-08,,Active,,
SUB04793,CUST04793,Business,Monthly,9000,2023-11-29,2025-11-24,Cancelled,2025-11-24,Payment issues
SUB04794,CUST04794,Professional,Monthly,4500,2025-06-11,2026-07-23,Cancelled,2026-07-23,Business downsized
SUB04795,CUST04795,Starter,Monthly,1500,2026-06-30,,Active,,
SUB04796,CUST04796,Business,Monthly,9000,2026-04-29,,Active,,
SUB04797,CUST04797,Professional,Monthly,4500,2025-05-02,,Active,,
SUB04798,CUST04798,Starter,Monthly,1500,2025-05-22,,Active,,
SUB04799,CUST04799,Professional,Monthly,4500,2024-12-28,,Active,,
SUB04800,CUST04800,Professional,Monthly,4500,2025-11-07,,Active,,
SUB04801,CUST04801,Professional,Annual,4500,2025-09-13,,Active,,
SUB04802,CUST04802,Starter,Monthly,1500,2024-12-24,2026-06-05,Cancelled,2026-06-05,Not using the product enough
SUB04803,CUST04803,Starter,Monthly,1500,2025-12-22,,Active,,
SUB04804,CUST04804,Professional,Monthly,4500,2026-03-02,2026-09-01,Cancelled,2026-09-01,Poor customer support
SUB04805,CUST04805,Starter,Monthly,1500,2024-05-26,,Active,,
SUB04806,CUST04806,Business,Monthly,9000,2025-03-15,,Active,,
SUB04807,CUST04807,Starter,Monthly,1500,2025-02-23,2026-02-26,Cancelled,2026-02-26,Switched to competitor
SUB04808,CUST04808,Starter,Annual,1500,2024-05-15,,Active,,
SUB04809,CUST04809,Professional,Monthly,4500,2025-07-21,,Active,,
SUB04810,CUST04810,Starter,Monthly,1500,2026-01-10,,Active,,
SUB04811,CUST04811,starter,Monthly,1500,2026-04-11,2026-07-01,Cancelled,2026-07-01,Business downsized
SUB04812,CUST04812,Starter,Monthly,1500,2025-11-30,,Active,,
SUB04813,CUST04813,Professional,Annual,4500,2024-03-22,2025-08-04,Cancelled,2025-08-04,Too expensive
SUB04814,CUST04814,Professional,Monthly,4500,2024-06-17,,Active,,
SUB04815,CUST04815,Enterprise,Monthly,20000,2024-01-29,,Active,,
SUB04816,CUST04816,Professional,Monthly,4500,2026-04-25,,Active,,
SUB04817,CUST04817,Professional,Annual,4500,2025-04-30,,Active,,
SUB04818,CUST04818,Business,Monthly,9000,2025-01-17,,Active,,
SUB04819,CUST04819,Starter,Monthly,1500,2025-12-31,,Active,,
SUB04820,CUST04820,Starter,Annual,1500,2025-10-09,2026-03-20,Cancelled,2026-03-20,Too expensive
SUB04821,CUST04821,Starter,Monthly,1500,2026-06-24,,Active,,
SUB04822,CUST04822,Starter,Annual,1500,2024-06-21,,Active,,
SUB04823,CUST04823,Starter,Annual,1500,2026-03-14,,Active,,
SUB04824,CUST04824,Starter,Annual,1500,2025-04-29,,Active,,
SUB04825,CUST04825,Starter,Monthly,1500,2025-10-20,,Active,,
SUB04826,CUST04826,Business,Monthly,9000,2024-01-18,,Active,,
SUB04827,CUST04827,Enterprise,Annual,20000,2025-09-21,,Active,,
SUB04828,CUST04828,Professional,Monthly,4500,2026-07-23,2026-09-23,Cancelled,2026-09-23,Business downsized
SUB04829,CUST04829,Starter,Monthly,1500,2025-12-11,,Active,,
SUB04830,CUST04830,Starter,Monthly,1500,2026-03-14,,Active,,
SUB04831,CUST04831,Professional,Annual,4500,2025-12-07,,Active,,
SUB04832,CUST04832,Business,Monthly,9000,2024-11-29,,Active,,
SUB04833,CUST04833,Starter,Monthly,1500,2024-09-25,,Active,,
SUB04834,CUST04834,Starter,Annual,1500,2026-07-18,,Active,,
SUB04835,CUST04835,Professional,Monthly,4500,2024-05-23,,Active,,
SUB04836,CUST04836,Professional,Monthly,4500,2025-07-13,2026-09-09,Cancelled,2026-09-09,Business downsized
SUB04837,CUST04837,Professional,Monthly,4500,2026-08-20,,Active,,
SUB04838,CUST04838,Professional,Monthly,4500,2025-04-26,,Active,,
SUB04839,CUST04839,Business,Monthly,9000,2025-03-31,2025-06-12,Cancelled,2025-06-12,Business downsized
SUB04840,CUST04840,Business,Monthly,9000,2026-08-23,,Active,,
SUB04841,CUST04841,Professional,Monthly,4500,2026-03-24,,Active,,
SUB04842,CUST04842,Professional,Monthly,4500,2026-06-15,,Active,,
SUB04843,CUST04843,Starter,Monthly,1500,2024-08-12,,Active,,
SUB04844,CUST04844,Professional,Monthly,4500,2026-05-31,2026-09-03,Cancelled,2026-09-03,Business downsized
SUB04845,CUST04845,Business,Monthly,9000,2025-12-09,,Active,,
SUB04846,CUST04846,Starter,Monthly,1500,2024-03-03,,Active,,
SUB04847,CUST04847,Starter,Monthly,1500,2026-01-03,,Active,,
SUB04848,CUST04848,Professional,Monthly,4500,2023-10-16,2026/06/29,Cancelled,2026-06-29,Business downsized
SUB04849,CUST04849,Enterprise,Annual,20000,2024-12-05,,Active,,
SUB04850,CUST04850,Starter,Annual,1500,2024-01-11,,Active,,
SUB04851,CUST04851,Business,Monthly,9000,2023-11-24,,Active,,
SUB04852,CUST04852,Starter,Monthly,1500,2026-03-26,,Active,,
SUB04853,CUST04853,Professional,Monthly,4500,2024-07-18,,Active,,
SUB04854,CUST04854,starter,Monthly,1500,2024-03-11,,Active,,
SUB04855,CUST04855,Starter,Monthly,1500,2024-01-05,,Active,,
SUB04856,CUST04856,Starter,Annual,1500,2024-12-10,2025-09-04,Cancelled,2025-09-04,Business downsized
SUB04857,CUST04857,Starter,Monthly,1500,2025-06-29,2026-07-15,Cancelled,2026-07-15,Poor customer support
SUB04858,CUST04858,Professional,Monthly,4500,2025-01-18,,Active,,
SUB04859,CUST04859,Professional,Monthly,4500,2026-03-18,,Active,,
SUB04860,CUST04860,Starter,Monthly,1500,2026-06-10,,Active,,
SUB04861,CUST04861,Starter,Monthly,1500,2023-11-13,,Active,,
SUB04862,CUST04862,Enterprise,Monthly,20000,2024-01-18,,Active,,
SUB04863,CUST04863,Professional,Monthly,4500,2025-03-02,2025-08-06,Cancelled,2025/08/06,Missing features
SUB04864,CUST04864,Professional,Monthly,4500,2024-05-13,,Active,,
SUB04865,CUST04865,Starter,Monthly,1500,2024-07-23,2024-11-13,Cancelled,2024-11-13,Not using the product enough
SUB04866,CUST04866,Professional,Monthly,4500,2025-05-11,, Active ,,
SUB04867,CUST04867,Professional,Monthly,4500,2024-05-30,,Active,,
SUB04868,CUST04868,Starter,Monthly,1500,2024-03-10,,Active,,
SUB04869,CUST04869,Starter,Monthly,1500,2024-05-25,,Active,,
SUB04870,CUST04870,Business,Monthly,9000,2023-12-24,,Active,,
SUB04871,CUST04871,Starter,Monthly,1500,2025-11-14,,Active,,
SUB04872,CUST04872,Professional,Monthly,4500,2026-06-13,,Active,,
SUB04873,CUST04873,Business,Monthly,9000,2024-07-02,2026-05-13,Cancelled,2026-05-13,Not using the product enough
SUB04874,CUST04874,Starter,Monthly,1500,2023-12-18,,Active,,
SUB04875,CUST04875,Starter,Monthly,1500,2026-07-06,,Active,,
SUB04876,CUST04876,Enterprise,Monthly,20000,2023-10-04,,Active,,
SUB04877,CUST04877,Starter,Monthly,1500,2024-08-25,,Active,,
SUB04878,CUST04878,Starter,Monthly,1500,2026-06-28,,Active,,
SUB04879,CUST04879,Enterprise,Monthly,20000,2024/06/24,,Active,,
SUB04880,CUST04880,Professional,Monthly,4500,2026-01-13,,Active,,
SUB04881,CUST04881,Enterprise,Annual,20000,2025-07-11,,Active,,
SUB04882,CUST04882,Business,Monthly,9000,2024-09-03,,Active,,
SUB04883,CUST04883,Starter,Monthly,1500,2024-01-31,,Active,,
SUB04884,CUST04884,Starter,Annual,1500,2025-09-24,2026-07-12,Cancelled,2026-07-12,Too expensive
SUB04885,CUST04885,Starter,Monthly,1500,2026-06-09,,Active,,
SUB04886,CUST04886,Starter,Monthly,1500,2024-03-12,,Active,,
SUB04887,CUST04887,Enterprise,Monthly,20000,2025-04-02,,Active,,
SUB04888,CUST04888,Starter,Monthly,1500,2023-09-30,,Active,,
SUB04889,CUST04889,Starter,Monthly,1500,2025-12-23,2026-09-21,Cancelled,2026-09-21,Switched to competitor
SUB04890,CUST04890,Business,Monthly,9000,2026-02-04,,Active,,
SUB04891,CUST04891,Starter,Monthly,1500,2023-11-29,,Active,,
SUB04892,CUST04892,Enterprise,Monthly,20000,2025-11-15,2026-05-25,Cancelled,2026-05-25,Too expensive
SUB04893,CUST04893,Professional,Monthly,4500,2024-02-16,,Active,,
SUB04894,CUST04894,Starter,Monthly,1500,2024-01-01,,Active,,
SUB04895,CUST04895,Professional,Monthly,4500,13/11/2025,,Active,,
SUB04896,CUST04896,Professional,Monthly,4500,2025-05-17,2026-04-04,Cancelled,2026-04-04,Too expensive
SUB04897,CUST04897,Starter,Annual,1500,2024-10-09,,Active,,
SUB04898,CUST04898,Professional,Monthly,4500,20/08/2024,,Active,,
SUB04899,CUST04899,Business,Monthly,9000,2024-08-25,2025-07-06,Cancelled,2025-07-06,
SUB04900,CUST04900,Professional,Annual,4500,2026-02-03,,Active,,
SUB04901,CUST04901,Professional,Monthly,4500,2025-05-11,2025-09-09,Cancelled,2025-09-09,Business downsized
SUB04902,CUST04902,Business,Monthly,9000,2025-11-19,,Active,,
SUB04903,CUST04903,Starter,Annual,1500,2025-11-12,,Active,,
SUB04904,CUST04904,Enterprise,Monthly,20000,2026-06-24,,Active,,
SUB04905,CUST04905,Professional,Monthly,4500,2024-05-01,,Active,,
SUB04906,CUST04906,Professional,Annual,4500,2025-05-26,,Active,,
SUB04907,CUST04907,Starter,Monthly,1500,2024-10-13,,Active,,
SUB04908,CUST04908,Starter,Monthly,1500,2025-09-09,,Active,,
SUB04909,CUST04909,Starter,Monthly,1500,2024-12-04,,Active,,
SUB04910,CUST04910,Professional,Monthly,4500,2025-12-01,,Active,,
SUB04911,CUST04911,Professional,Monthly,4500,2025-05-15,,Active,,
SUB04912,CUST04912,Professional,Monthly,4500,2025-11-21,,Active,,
SUB04913,CUST04913,Professional,Monthly,4500,2025-05-06,,Active,,
SUB04914,CUST04914,Starter,Monthly,1500,2024-03-04,,Active,,
SUB04915,CUST04915,Starter,Monthly,1500,2026-04-17,,Active,,
SUB04916,CUST04916,Starter,Monthly,1500,2025-11-10,,Active,,
SUB04917,CUST04917,Business,Monthly,9000,2026-08-07,,Active,,
SUB04918,CUST04918,Business,Monthly,9000,2023-12-21,,Active,,
SUB04919,CUST04919,starter,Annual,1500,2025-08-08,,Active,,
SUB04920,CUST04920,Business,Monthly,9000,2025-12-23,,Active,,
SUB04921,CUST04921,Business,Monthly,9000,2024-10-28,,Active,,
SUB04922,CUST04922,Professional,Annual,4500,2024-03-17,,Active,,
SUB04923,CUST04923,Professional,Monthly,4500,2026-05-18,,Active,,
SUB04924,CUST04924,Starter,Monthly,1500,2023-11-16,,Active,,
SUB04925,CUST04925,Starter,Annual,1500,2024-10-16,2026-01-14,Cancelled,2026-01-14,Business downsized
SUB04926,CUST04926,Starter,Monthly,1500,2026-05-23,,Active,,
SUB04927,CUST04927,Professional,Monthly,4500,2023-12-07,,Active,,
SUB04928,CUST04928,Starter,Monthly,1500,2023-12-25,, Active ,,
SUB04929,CUST04929,Starter,Monthly,1500,2026-05-31,,Active,,
SUB04930,CUST04930,Starter,Annual,1500,2024-06-29,,Active,,
SUB04931,CUST04931,Business,Monthly,9000,2026-05-30,,Active,,
SUB04932,CUST04932,Professional,Monthly,4500,2025-11-11,,Active,,
SUB04933,CUST04933,Starter,Monthly,1500,2025-01-23,,Active,,
SUB04934,CUST04934,Business,Monthly,9000,2025-03-12,,Active,,
SUB04935,CUST04935,Starter,Monthly,1500,2025-04-02,,Active,,
SUB04936,CUST04936,Business,Monthly,9000,2025-10-13,,Active,,
SUB04937,CUST04937,Enterprise,Monthly,20000,2026-01-03,,Active,,
SUB04938,CUST04938,Professional,Monthly,4500,2024-07-15,,Active,,
SUB04939,CUST04939,Professional,Annual,4500,2025-08-23,,Active,,
SUB04940,CUST04940,Enterprise,Monthly,20000,2024-07-19,,Active,,
SUB04941,CUST04941,Professional,Monthly,4500,2024-11-24,,Active,,
SUB04942,CUST04942,Professional,Monthly,4500,"Dec 07, 2025",,Active,,
SUB04943,CUST04943,Professional,Monthly,4500,2024-10-10,,Active,,
SUB04944,CUST04944,Business,Monthly,9000,2025-04-07,,Active,,
SUB04945,CUST04945,Starter,Monthly,1500,2025-02-06,,Active,,
SUB04946,CUST04946,Starter,Monthly,1500,2026-01-19,,Active,,
SUB04947,CUST04947,Professional,Annual,4500,2025-01-28,,Active,,
SUB04948,CUST04948,Professional,Monthly,4500,2025-07-02,,Active,,
SUB04949,CUST04949,Starter,Monthly,1500,2024-07-18,,Active,,
SUB04950,CUST04950,Professional,Annual,4500,2026-08-04,,Active,,
SUB04951,CUST04951,Starter,Monthly,1500,2024-07-01,,Active,,
SUB04952,CUST04952,Professional,Annual,4500,2026-06-26,2026-09-01,Cancelled,2026-09-01,Business downsized
SUB04953,CUST04953,Starter,Monthly,1500,2024-05-06,,Active,,
SUB04954,CUST04954,Enterprise,Monthly,20000,2024-08-29,,Active,,
SUB04955,CUST04955,Professional,Monthly,4500,2024-10-06,,Active,,
SUB04956,CUST04956,Professional,Monthly,4500,2025-09-12,,Active,,
SUB04957,CUST04957,Professional,Monthly,4500,2025-04-29,,Active,,
SUB04958,CUST04958,Starter,Monthly,1500,2026-06-12,,Active,,
SUB04959,CUST04959,Professional,Annual,4500,2025-02-14,2025-05-17,Cancelled,2025/05/17,Business downsized
SUB04960,CUST04960,Professional,Monthly,4500,2025-06-05,,Active,,
SUB04961,CUST04961,Professional,Monthly,4500,"Jul 09, 2026",,Active,,
SUB04962,CUST04962,Business,Monthly,9000,2025-12-02,2026-09-21,Cancelled,2026-09-21,Switched to competitor
SUB04963,CUST04963,Starter,Monthly,1500,2024-07-05,,Active,,
SUB04964,CUST04964,Enterprise,Monthly,20000,2025-02-11,,Active,,
SUB04965,CUST04965,Enterprise,Monthly,20000,2025-11-20,,Active,,
SUB04966,CUST04966,Starter,Monthly,1500,2025-10-24,,Active,,
SUB04967,CUST04967,Business,Monthly,9000,2026-02-11,,Active,,
SUB04968,CUST04968,Business,Monthly,9000,2025-12-08,,Active,,
SUB04969,CUST04969,Enterprise,Monthly,20000,2026-03-09,,Active,,
SUB04970,CUST04970,Starter,Monthly,1500,2024-06-17,,Active,,
SUB04971,CUST04971,Starter,Monthly,1500,2025-04-24,,Active,,
SUB04972,CUST04972,Professional,Monthly,4500,2023-09-26,,Active,,
SUB04973,CUST04973,Professional,Annual,4500,2025-12-10,,Active,,
SUB04974,CUST04974,Professional,Annual,4500,2024-03-04,,Active,,
SUB04975,CUST04975,Professional,Monthly,4500,2024-10-02,2025-10-21,Cancelled,2025-10-21,Not using the product enough
SUB04976,CUST04976,Professional,Monthly,4500,2026-05-29,,Active,,
SUB04977,CUST04977,Starter,Monthly,1500,2023-11-28,2024-11-12,Cancelled,2024-11-12,Missing features
SUB04978,CUST04978,Enterprise,Monthly,20000,2024-09-04,,Active,,
SUB04979,CUST04979,Professional,Monthly,4500,2025-01-05,2026-09-19,Cancelled,2026-09-19,Poor customer support
SUB04980,CUST04980,Starter,Annual,1500,2026-06-14,2026-08-19,Cancelled,2026-08-19,Poor customer support
SUB04981,CUST04981,Business,Annual,9000,2026-08-03,,Active,,
SUB04982,CUST04982,Professional,Monthly,4500,2024-12-27,2026-02-01,Cancelled,2026-02-01,Switched to competitor
SUB04983,CUST04983,Professional,Annual,4500,2026-06-03,,Active,,
SUB04984,CUST04984,Professional,Monthly,4500,2024-08-25,,Active,,
SUB04985,CUST04985,Business,Monthly,9000,2024-05-27,,Active,,
SUB04986,CUST04986,Starter,Monthly,1500,2025-04-16,2026-06-17,Cancelled,2026-06-17,Poor customer support
SUB04987,CUST04987,Starter,Monthly,1500,2024-07-09,,Active,,
SUB04988,CUST04988,Business,Monthly,9000,2026-02-28,,Active,,
SUB04989,CUST04989,Starter,Annual,1500,2024-12-19,,Active,,
SUB04990,CUST04990,Professional,monthly,4500,2025-06-28,,Active,,
SUB04991,CUST04991,Professional,Monthly,4500,2023-10-11,,Active,,
SUB04992,CUST04992,Business,Annual,9000,2025-03-31,,Active,,
SUB04993,CUST04993,Starter,Annual,1500,2025-03-26,, Active ,,
SUB04994,CUST04994,Professional,Monthly,4500,2026-04-26,,Active,,
SUB04995,CUST04995,Starter,Annual,1500,2025-11-07,2026-09-19,Cancelled,2026-09-19,Poor customer support
SUB04996,CUST04996,Starter,Monthly,1500,2025-09-01,,Active,,
SUB04997,CUST04997,Professional,Monthly,4500,2024-10-13,,Active,,
SUB04998,CUST04998,Professional,Monthly,4500,2025-11-02,2026-07-23,Cancelled,2026-07-23,Not using the product enough
SUB04999,CUST04999,Starter,Annual,1500,2024-11-10,,Active,,
SUB05000,CUST05000,Professional,Monthly,4500,2024-04-18,,Active,,
SUB02689,CUST02689,Professional,Monthly,4500,2025-12-17,,Active,,
SUB00288,CUST00288,Professional,Monthly,4500,2024-06-19,,Active,,
SUB00045,CUST00045,Professional,Monthly,4500,2024-02-29,,Active,,
SUB02636,CUST02636,Starter,Monthly,1500,2025-08-14,,Active,,
SUB02534,CUST02534,Business,Annual,9000,2026-08-12,,Active,,
SUB01306,CUST01306,Starter,Monthly,1500,2024-06-27,,Active,,
SUB00097,CUST00097,Starter,Monthly,1500,2024-03-04,,Active,,
SUB02318,CUST02318,Professional,Monthly,4500,2024-09-27,,Active,,
SUB04024,CUST04024,Professional,Monthly,4500,2024-10-21,,Active,,
SUB00109,CUST00109,Professional,Monthly,4500,2026-06-04,2026-09-19,Cancelled,2026-09-19,Switched to competitor
SUB02941,CUST02941,Starter,Monthly,1500,2025-01-06,2026-02-25,Cancelled,2026-02-25,Poor customer support
SUB00813,CUST00813,Starter,monthly,1500,2026-02-01,,Active,,
SUB02350,CUST02350,Professional,Monthly,4500,2025-05-23,2025-10-17,Cancelled,2025-10-17,Missing features
SUB03394,CUST03394,Professional,Monthly,4500,2026-01-11,,Active,,
SUB04332,CUST04332,Professional,Monthly,4500,2023-11-20,,Active,,
