ticket_id,customer_id,ticket_date,issue_category,priority,resolution_hours,ticket_status,customer_satisfaction
TICK0000001,CUST00002,2026-08-20,How-To Question,Medium,69,Resolved,2
TICK0000002,CUST00002,2026-08-15,Feature Request,Low,87,Resolved,5
TICK0000003,CUST00002,2026-07-23,Account Access,Medium,83,Resolved,5
TICK0000004,CUST00002,2026-05-13,Performance,Low,50,Resolved,5
TICK0000005,CUST00003,2026-08-27,How-To Question,High,34,Resolved,1
TICK0000006,CUST00004,2026-09-01,Account Access,Urgent,17,Resolved,5
TICK0000007,CUST00004,2026-03-19,Account Access,Low,52,Resolved,5
TICK0000008,CUST00004,2024-11-28,Performance,Low,39,Pending,1
TICK0000009,CUST00004,2024-06-07,Account Access,Medium,46,Resolved,1
TICK0000010,CUST00005,2025-03-16,Performance,Low,129,Resolved,5
TICK0000011,CUST00005,2025-02-07,How-To Question,Medium,43,Resolved,3
TICK0000012,CUST00006,2026-04-26,Integration,High,24,Resolved,5
TICK0000013,CUST00006,2026-08-25,Account Access,low,26,Resolved,3
TICK0000014,CUST00006,2026-09-08,Technical Issue,Low,67,Resolved,4
TICK0000015,CUST00008,2026-08-23,Account Access,Low,55,Resolved,5
TICK0000016,CUST00008,2026-03-01,How-To Question,Medium,37,Resolved,5
TICK0000017,CUST00008,2025-07-11,How-To Question,High,41,Resolved,5
TICK0000018,CUST00009,2025-06-16,Feature Request,Medium,79,Open,5
TICK0000019,CUST00009,2025-08-02,Account Access,Low,68,Resolved,5
TICK0000020,CUST00010,2026-09-18,How-To Question,Medium,17,Resolved,2
TICK0000021,CUST00010,2026-08-27,Performance,High,26,Resolved,2
TICK0000022,CUST00010,2026-09-07,How-To Question,Low,64,Resolved,3
TICK0000023,CUST00010,2026-09-16,Billing,Low,77,Resolved,5
TICK0000024,CUST00011,2025-01-01,How-To Question,High,30,Resolved,4
TICK0000025,CUST00011,10/06/2025,Billing,Medium,42,Resolved,2
TICK0000026,CUST00012,2026-03-20,Technical Issue,Low,29,Resolved,3
TICK0000027,CUST00013,2026-09-14,Performance,Low,178,Pending,1
TICK0000028,CUST00013,2026-08-03,Performance,Medium,59,Resolved,3
TICK0000029,CUST00013,2026-05-23,Bug Report,Medium,81,Resolved,
TICK0000030,CUST00013,2026-06-11,Account Access,Low,101,Resolved,2
TICK0000031,CUST00013,2026-09-01,Integration,High,52,Resolved,5
TICK0000032,CUST00013,2026-09-04,Integration,Low,66,Resolved,3
TICK0000033,CUST00014,2025-11-25,Performance,Low,32,Resolved,5
TICK0000034,CUST00014,2025-12-15,Billing,Medium,58,Resolved,4
TICK0000035,CUST00015,2026-07-16,Feature Request,Medium,55,Resolved,5
TICK0000036,CUST00016,2024-08-16,Feature Request,Low,75,Resolved,5
TICK0000037,CUST00016,2025-02-10,Account Access,Low,12,Resolved,3
TICK0000038,CUST00016,2026-06-23,Account Access,Medium,60,Resolved,4
TICK0000039,CUST00017,2024-10-28,Integration,Medium,73,Resolved,4
TICK0000040,CUST00017,2026-04-09,Performance,Medium,138,Resolved,2
TICK0000041,CUST00017,2024-12-03,Integration,Low,44,Resolved,4
TICK0000042,CUST00017,2024-07-20,Bug Report,Medium,121,Resolved,3
TICK0000043,CUST00017,2026-06-30,Performance,Medium,121,Resolved,3
TICK0000044,CUST00017,2026-04-22,Performance,Low,115,Resolved,1
TICK0000045,CUST00017,2026-07-24,Integration,High,7,Resolved,1
TICK0000046,CUST00018,2026-04-24,Bug Report,Low,98,Resolved,1
TICK0000047,CUST00018,2025-06-05,Integration,Medium,52,Resolved,3
TICK0000048,CUST00018,2024-08-12,Integration,Low,63,Resolved,4
TICK0000049,CUST00018,2025-04-29,Bug Report,High,31,Resolved,2
TICK0000050,CUST00018,2026-08-07,Account Access,Low,52,Resolved,1
TICK0000051,CUST00019,2025-10-05,Account Access,Medium,80,Resolved,3
TICK0000052,CUST00019,2025-05-24,Performance,Low,85,Resolved,4
TICK0000053,CUST00019,2025-05-24,Technical Issue,Medium,46,Resolved,3
TICK0000054,CUST00020,2026-01-17,Bug Report,Low,101,Resolved,4
TICK0000055,CUST00020,2026-03-07,Technical Issue,Medium,24,Resolved,5
TICK0000056,CUST00020,2026-08-02,Bug Report,High,4,Resolved,5
TICK0000057,CUST00020,2026-05-25,Feature Request,Medium,28,resolved,3
TICK0000058,CUST00021,2026-03-14,Integration,Low,162,Resolved,1
TICK0000059,CUST00021,2026-08-12,Performance,Medium,47,Resolved,1
TICK0000060,CUST00022,2025-12-15,Billing,Low,58,Resolved,5
TICK0000061,CUST00024,2026-05-25,How-To Question,Medium,66,Resolved,5
TICK0000062,CUST00024,2026-05-09,Performance,Low,85,Resolved,5
TICK0000063,CUST00024,2026-01-19,Performance,High,19,Resolved,4
TICK0000064,CUST00026,2026-03-05,Technical Issue,Low,49,Resolved,3
TICK0000065,CUST00026,2025-09-19,Technical Issue,Low,78,Resolved,5
TICK0000066,CUST00027,2024-09-22,Performance,Medium,57,Resolved,5
TICK0000067,CUST00027,2024-11-12,how-to question,Medium,42,Resolved,5
TICK0000068,CUST00028,2025-07-14,Technical Issue,Medium,49,Resolved,5
TICK0000069,CUST00031,2025-08-24,Integration,Low,71,Resolved,5
TICK0000070,CUST00031,2025-07-27,Performance,Low,78,Resolved,5
TICK0000071,CUST00031,2025-08-23,Integration,Low,75,Resolved,3
TICK0000072,CUST00032,2024-06-19,Billing,Urgent,17,Resolved,5
TICK0000073,CUST00033,2025-02-25,Integration,Low,78,Resolved,4
TICK0000074,CUST00033,2025-04-20,Performance,Low,112,Resolved,4
TICK0000075,CUST00033,2025-03-07,Billing,Low,80,Resolved,2
TICK0000076,CUST00034,2026-03-31,Billing,Low,50,Resolved,1
TICK0000077,CUST00034,2026-02-02,Feature Request,low,123,Resolved,4
TICK0000078,CUST00034,2026-07-01,Feature Request,Medium,48,Resolved,5
TICK0000079,CUST00034,2026-01-18,Feature Request,Low,74,Resolved,5
TICK0000080,CUST00034,2026-05-28,Feature Request,Low,68,Resolved,4
TICK0000081,CUST00034,2026-03-25,Billing,Medium,42,Resolved,2
TICK0000082,CUST00035,2026-04-02,Technical Issue,Medium,69,Resolved,4
TICK0000083,CUST00035,2026-04-06,Bug Report,Medium,43,Resolved,3
TICK0000084,CUST00035,2025-12-06,How-To Question,Low,120,Resolved,3
TICK0000085,CUST00035,2026-03-01,Feature Request,Medium,73,Resolved,3
TICK0000086,CUST00035,2026-05-16,Account Access,Low,73,Resolved,4
TICK0000087,CUST00035,2026-01-10,Performance,Medium,52,Resolved,4
TICK0000088,CUST00035,2026-02-02,Technical Issue,Low,94,Resolved,5
TICK0000089,CUST00036,2026-05-18,Feature Request,Medium,32,Resolved,4
TICK0000090,CUST00037,2026-08-17,Technical Issue,Medium,42,Pending,4
TICK0000091,CUST00037,2026-07-04,Technical Issue,Low,71,Pending,4
TICK0000092,CUST00037,2025-12-30,Integration,Medium,38,Resolved,5
TICK0000093,CUST00037,2024-12-18,Technical Issue,Medium,48,Pending,5
TICK0000094,CUST00038,2026-04-01,Technical Issue,Medium,27,Resolved,5
TICK0000095,CUST00038,2025-11-29,Technical Issue,Medium,15,Resolved,5
TICK0000096,CUST00039,2025-08-03,Billing,Medium,54,Resolved,4
TICK0000097,CUST00041,2026-07-30,Performance,Urgent,10,Resolved,5
TICK0000098,CUST00041,2026-08-21,Bug Report,Low,79,Resolved,5
TICK0000099,CUST00042,2026-01-08,Technical Issue,Low,114,Resolved,3
TICK0000100,CUST00042,2026-06-22,Account Access,Medium,101,Resolved,1
TICK0000101,CUST00043,2023-12-01,Account Access,Low,89,Open,2
TICK0000102,CUST00043,2023-12-24,Account Access,Low,60,Open,3
TICK0000103,CUST00043,2023-12-07,Feature Request,Low,25,Resolved,2
TICK0000104,CUST00043,2023-12-17,How-To Question,High,37,Open,2
TICK0000105,CUST00044,2025-08-06,How-To Question,Medium,56,Resolved,4
TICK0000106,CUST00044,2025-08-24,Billing,Urgent,18,Pending,5
TICK0000107,CUST00045,2026-05-16,Integration,Low,73,Resolved,5
TICK0000108,CUST00045,2024-11-30,Billing,Low,75,Resolved,5
TICK0000109,CUST00046,2025-03-20,Account Access,Low,98,Resolved,4
TICK0000110,CUST00047,2026-09-17,Account Access,Medium,41,Resolved,1
TICK0000111,CUST00047,2026-07-30,Account Access,Low,208,Resolved,2
TICK0000112,CUST00047,2026-09-16,Performance,Medium,110,Resolved,2
TICK0000113,CUST00047,2026-03-04,Performance,Low,253,Resolved,4
TICK0000114,CUST00047,2026-05-30,Technical Issue,High,50,Resolved,2
TICK0000115,CUST00047,2026-02-01,Account Access,Low,112,Resolved,2
TICK0000116,CUST00048,2025-03-26,Bug Report,Medium,180,Resolved,1
TICK0000117,CUST00048,2025-12-19,Technical Issue,Low,149,Pending,5
TICK0000118,CUST00048,2026-07-22,Account Access,High,33,Resolved,2
TICK0000119,CUST00048,2025-11-26,Technical Issue,Medium,24,Resolved,3
TICK0000120,CUST00049,2026-07-13,Feature Request,Low,97,Resolved,3
TICK0000121,CUST00049,2026-06-28,How-To Question,Low,157,Resolved,5
TICK0000122,CUST00049,2026-04-19,Billing,High,24,Resolved,2
TICK0000123,CUST00050,2026-06-06,How-To Question,Medium,73,Resolved,4
TICK0000124,CUST00050,2025-10-31,Billing,Medium,63,Resolved,4
TICK0000125,CUST00050,2025-10-18,Billing,Medium,60,Resolved,4
TICK0000126,CUST00052,2026-05-31,Bug Report,Medium,39,Resolved,4
TICK0000127,CUST00053,2025-11-10,Account Access,Low,85,Resolved,4
TICK0000128,CUST00053,2026-07-29,Technical Issue,Low,101,Resolved,4
TICK0000129,CUST00054,2026-06-03,Bug Report,Urgent,20,Resolved,4
TICK0000130,CUST00054,2026-07-11,Bug Report,Low,146,Resolved,2
TICK0000131,CUST00054,2026-05-07,Performance,Medium,92,Resolved,5
TICK0000132,CUST00054,2025-11-27,Performance,Low,149,Pending,2
TICK0000133,CUST00054,2024-08-16,Integration,High,45,Resolved,2
TICK0000134,CUST00054,2025-06-27,Bug Report,Medium,113,Pending,1
TICK0000135,CUST00054,2025-11-06,Integration,Low,83,Resolved,3
TICK0000136,CUST00055,2026-04-11,Billing,Low,53,Resolved,4
TICK0000137,CUST00055,2026-07-29,Billing, high,26,Resolved,3
TICK0000138,CUST00055,2026-01-07,Billing,Low,136,Resolved,5
TICK0000139,CUST00055,2025-10-02,Billing,Low,71,Resolved,4
TICK0000140,CUST00056,2026-01-11,Integration,Medium,43,Pending,5
TICK0000141,CUST00056,2026-09-18,Performance,Medium,39,Resolved,2
TICK0000142,CUST00058,2025-08-01,How-To Question,Medium,74,Resolved,4
TICK0000143,CUST00058,2026-01-25,How-To Question,Medium,74,Resolved,5
TICK0000144,CUST00058,2025-10-06,Account Access,Medium,29,Resolved,5
TICK0000145,CUST00059,2024-11-07,Billing,High,31,Open,3
TICK0000146,CUST00059,2024-12-25,Performance,Low,57,Resolved,4
TICK0000147,CUST00059,2024-11-27,Feature Request,Medium,63,Resolved,1
TICK0000148,CUST00060,2026-09-21,Integration,High,28,Open,1
TICK0000149,CUST00060,2026-07-17,Technical Issue,High,15,Resolved,1
TICK0000150,CUST00060,2026-09-09,Account Access,Low,133,Resolved,2
TICK0000151,CUST00061,2026-07-29,How-To Question,Low,71,Resolved,4
TICK0000152,CUST00062,2026-03-27,Account Access,Low,99,Resolved,5
TICK0000153,CUST00062,2026-08-03,Account Access,Low,70,Pending,5
TICK0000154,CUST00063,2024-07-13,How-To Question,Low,103,Resolved,5
TICK0000155,CUST00064,2026-04-22,Performance,Medium,51,Resolved,5
TICK0000156,CUST00064,2026-06-24,How-To Question,High,33,Pending,5
TICK0000157,CUST00064,2026-07-15,Account Access,Low,35,Resolved,4
TICK0000158,CUST00064,2026-08-02,How-To Question,High,42,Resolved,4
TICK0000159,CUST00065,2025-11-14,Integration,Medium,52,Resolved,5
TICK0000160,CUST00066,2024-12-07,How-To Question,Medium,8,Resolved,4
TICK0000161,CUST00067,2025-02-09,Performance,Low,17,Resolved,5
TICK0000162,CUST00067,2024-10-08,Billing,Medium,38,Resolved,2
TICK0000163,CUST00068,2026-03-09,Integration,Medium,51,Resolved,5
TICK0000164,CUST00068,2025-09-18,How-To Question,Medium,35,Resolved,5
TICK0000165,CUST00069,2026-09-16,How-To Question,Medium,13,Resolved,4
TICK0000166,CUST00070,2026-03-20,How-To Question,Medium,35,Pending,
TICK0000167,CUST00070,2025-06-26,Feature Request,Low,171,Resolved,4
TICK0000168,CUST00071,2026-02-20,Technical Issue,High,46,Resolved,2
TICK0000169,CUST00071,2026-04-07,Bug Report,Medium,18,Resolved,3
TICK0000170,CUST00071,2025-12-22,Technical Issue,Low,214,resolved,1
TICK0000171,CUST00071,09/27/2025,Bug Report,Low,139,Resolved,1
TICK0000172,CUST00071,2026-05-27,Bug Report,Medium,75,Resolved,2
TICK0000173,CUST00071,2026-02-13,Account Access,Low,164,Resolved,3
TICK0000174,CUST00071,2025-10-01,Performance,Low,50,Resolved,3
TICK0000175,CUST00071 ,2025-11-27,Performance,High,17,Resolved,1
TICK0000176,CUST00072,2026-01-23,Feature Request,High,41,Resolved,3
TICK0000177,CUST00072,2025-10-02,Feature Request,Low,95,Resolved,4
TICK0000178,CUST00072,2025-10-10,Feature Request,Low,70,Pending,3
TICK0000179,CUST00072,2025-12-15,How-To Question,High,23,Resolved,3
TICK0000180,CUST00074,2025-03-06,Technical Issue,Medium,99,Resolved,5
TICK0000181,CUST00075,2025-11-23,Feature Request,Medium,13,Resolved,5
TICK0000182,CUST00075,2025-07-20,Feature Request,Low,53,Resolved,3
TICK0000183,CUST00075,2025-04-30,How-To Question,Medium,27,Resolved,3
TICK0000184,CUST00076,2025-05-19,Technical Issue,Low,104,Resolved,5
TICK0000185,CUST00076,2026-01-14,How-To Question,Medium,70,Resolved,4
TICK0000186,CUST00077,2023-10-06,Feature Request,Low,98,Open,3
TICK0000187,CUST00077,2026-08-24,How-To Question,Low,90,Resolved,5
TICK0000188,CUST00077,2024-05-22,Feature Request,Low,75,Resolved,2
TICK0000189,CUST00077,2024-01-16,Performance,Low,94,Resolved,4
TICK0000190,CUST00078,2026-06-02,Technical Issue,Low,12,Resolved,5
TICK0000191,CUST00078 ,2026-05-13,Technical Issue,Medium,46,Resolved,4
TICK0000192,CUST00079,2024-07-22,Feature Request,Medium,76,Resolved,5
TICK0000193,CUST00080,2026-06-04,Account Access,High,30,Resolved,1
TICK0000194,CUST00080,2026-07-29,How-To Question,Low,117,Open,3
TICK0000195,CUST00080,2026-07-03,Account Access,Low,93,Resolved,5
TICK0000196,CUST00081,2025-10-20,Feature Request,High,21,Resolved,4
TICK0000197,CUST00081,2025-06-14,Bug Report,Medium,73,Resolved,1
TICK0000198,CUST00081,2026-01-23,Integration,Low,94,Resolved,4
TICK0000199,CUST00082,2026-08-15,Feature Request, high,41,Resolved,3
TICK0000200,CUST00082,2026-04-21,Integration,High,21,Resolved,5
TICK0000201,CUST00084,2025-04-06,Feature Request,Medium,49,Resolved,4
TICK0000202,CUST00084,2024-11-24,account access,High,15,Resolved,4
TICK0000203,CUST00084,2024-07-26,Feature Request,Low,26,Resolved,5
TICK0000204,CUST00086,2026-07-26,FEATURE REQUEST,Medium,32,Open,4
TICK0000205,CUST00086,2026-05-04,How-To Question,Medium,28,Resolved,3
TICK0000206,CUST00086,2025-11-28,Feature Request,Medium,93,Resolved,5
TICK0000207,CUST00086,2025-09-14,Performance,Medium,75,Resolved,3
TICK0000208,CUST00087,2026-03-19,Bug Report,Low,29,Resolved,1
TICK0000209,CUST00087,2026-07-17,Account Access,High,39,Pending,3
TICK0000210,CUST00087,2026-07-12,Performance,High,20,Resolved,1
TICK0000211,CUST00088,2025-08-05,How-To Question,Medium,21,Resolved,5
TICK0000212,CUST00088,2025-01-19,Integration,Medium,37,Resolved,2
TICK0000213,CUST00088,2025-04-04,Account Access,Medium,43,Resolved,5
TICK0000214,CUST00089,2026-08-16,Account Access,Low,57,Resolved,5
TICK0000215,CUST00089,2026-04-28,How-To Question,Medium,12,Resolved,4
TICK0000216,CUST00089,2025-11-01,Account Access,Medium,48,Resolved,3
TICK0000217,CUST00090,2025-03-24,How-To Question,Medium,54,Resolved,3
TICK0000218,CUST00091,2026-06-01,Feature Request,Low,54,Resolved,4
TICK0000219,CUST00091,2026-07-23,Performance,High,16,Open,5
TICK0000220,CUST00092,2026-08-12,How-To Question,High,31,Resolved,4
TICK0000221,CUST00093,2026-05-16,Account Access,Medium,71,Resolved,3
TICK0000222,CUST00093,2026-06-10,Technical Issue,Medium,64,Resolved,4
TICK0000223,CUST00093,2026-07-06,Account Access,Medium,41,Resolved,5
TICK0000224,CUST00093,2026-09-16,How-To Question,Low,90,Resolved,4
TICK0000225,CUST00094,2026-08-07,Performance,Medium,62,Resolved,4
TICK0000226,CUST00094,03/14/2026,Performance,High,29,Resolved,4
TICK0000227,CUST00095,2026-01-11,Integration,Medium,50,Pending,3
TICK0000228,CUST00095,2026-08-14,Performance,Low,60,Pending,3
TICK0000229,CUST00096,2026-05-09,Performance,Medium,50,Resolved,5
TICK0000230,CUST00096,2026-07-02,Feature Request,High,20,Resolved,3
TICK0000231,CUST00096,2026-07-29,Performance,Low,118,Resolved,4
TICK0000232,CUST00097,2026-09-08,Account Access,Low,45,Resolved,3
TICK0000233,CUST00097,2026-04-04,Feature Request,Low,69,resolved,
TICK0000234,CUST00097,2024-12-22,Bug Report,Low,101,Pending,2
TICK0000235,CUST00097,2025-02-06,Technical Issue,Low,70,Resolved,5
TICK0000236,CUST00098,2026-03-19,INTEGRATION,Medium,14,Resolved,1
TICK0000237,CUST00098,2025-12-10,Technical Issue,Low,75,Resolved,1
TICK0000238,CUST00098,2026-09-23,Integration,High,44,Resolved,2
TICK0000239,CUST00099,2025-04-14,Billing,Low,52,Resolved,4
TICK0000240,CUST00099,2024-12-24,How-To Question,Medium,27,Pending,5
TICK0000241,CUST00099,2025-08-16,How-To Question,High,28,Open,3
TICK0000242,CUST00099,2025-02-24,Billing,Low,109,Resolved,2
TICK0000243,CUST00100,2026-03-08,Account Access,Low,22,Resolved,1
TICK0000244,CUST00100,2026-05-11,How-To Question,Low,59,Pending,2
TICK0000245,CUST00100,2026-04-08,Feature Request,High,9,Resolved,4
TICK0000246,CUST00101,2025-11-10,Billing,Urgent,7,Resolved,2
TICK0000247,CUST00101,2025-06-02,Billing,Low,24,Resolved,4
TICK0000248,CUST00103,2025-02-23,Integration,Low,106,Resolved,4
TICK0000249,CUST00103,2026-01-30,Bug Report,Urgent,21,Resolved,5
TICK0000250,CUST00104,2026-01-27,Performance,Low,100,Resolved,5
TICK0000251,CUST00105,2024-06-03,Billing,Low,131,Resolved,4
TICK0000252,CUST00105,2025-10-01,Account Access,Low,50,Resolved,5
TICK0000253,CUST00105,2025-06-03,Account Access,Low,62,Resolved,5
TICK0000254,CUST00106,2026-06-13,How-To Question,Low,50,Resolved,3
TICK0000255,CUST00106,2026-01-02,FEATURE REQUEST,Medium,35,Resolved,4
TICK0000256,CUST00107,2025-11-15,How-To Question,Low,60,Pending,1
TICK0000257,CUST00107,2026-01-20,Performance,Low,40,Resolved,1
TICK0000258,CUST00107,2026-04-15,How-To Question,Medium,76,Resolved,4
TICK0000259,CUST00107,2025-08-25,Performance,Medium,35,Open,3
TICK0000260,CUST00107,2025-09-25,Feature Request,Low,78,Resolved,3
TICK0000261,CUST00107,2025-10-19,Feature Request,Low,125,Resolved,1
TICK0000262,CUST00107,2026-07-30,Feature Request,Low,116,Resolved,2
TICK0000263,CUST00107,2026-08-02,How-To Question,Low,65,Resolved,
TICK0000264,CUST00108,2025-09-01,Feature Request,Low,39,Resolved,5
TICK0000265,CUST00108,04/20/2026,Bug Report,Low,85,Resolved,4
TICK0000266,CUST00109,2026-08-11,Feature Request,High,53,Resolved,2
TICK0000267,CUST00109,2026-08-30,Feature Request,Low,75,Resolved,3
TICK0000268,CUST00109,2026-06-08,How-To Question,Low,38,Resolved,4
TICK0000269,CUST00109,2026-08-19,Feature Request,Low,66,Resolved,2
TICK0000270,CUST00110,2025-12-29,Bug Report,Medium,28,Resolved,1
TICK0000271,CUST00110,2026-03-09,Account Access,Low,154,Resolved,2
TICK0000272,CUST00110,2026-02-10,Bug Report,Low,141,Resolved,2
TICK0000273,CUST00111,2026-03-09,Account Access,Low,120,Pending,5
TICK0000274,CUST00111,2026-05-16,Account Access,High,7,Resolved,5
TICK0000275,CUST00112,2024-09-06,Billing,Low,49,Pending,1
TICK0000276,CUST00112,2024-03-12,Billing,High,32,Resolved,5
TICK0000277,CUST00113,2025-01-10,Technical Issue,High,44,Resolved,1
TICK0000278,CUST00113,2024-12-22,Bug Report,Low,82,Resolved,1
TICK0000279,CUST00114,2026-09-07,Billing,Low,41,Resolved,4
TICK0000280,CUST00115,2026-04-26,Integration,High,31,Resolved,5
TICK0000281,CUST00115,2026-07-19,Billing,Medium,49,Resolved,3
TICK0000282,CUST00115,2026-03-16,Billing,Low,101,Resolved,5
TICK0000283,CUST00115,2026-06-23,Account Access,Low,50,Resolved,4
TICK0000284,CUST00115,2025-09-27,Bug Report,High,35,Open,3
TICK0000285,CUST00115,2025-10-20,Integration,Medium,95,Open,3
TICK0000286,CUST00116,2024-02-17,How-To Question,Urgent,4,Resolved,3
TICK0000287,CUST00116,2024-12-06,Performance,Low,79,Resolved,4
TICK0000288,CUST00117,2026-08-19,Performance,Low,69,Resolved,5
TICK0000289,CUST00117,09/02/2026,Billing,Low,12,Resolved,3
TICK0000290,CUST00118,2025-01-26,Performance,Medium,8,Resolved,4
TICK0000291,CUST00118,2025-07-14,Performance,Medium,29,Open,5
TICK0000292,CUST00119,2026-04-20,Account Access,Medium,46,Pending,4
TICK0000293,CUST00119,2025-04-23,Bug Report,Low,154,Pending,2
TICK0000294,CUST00119,2025-08-19,Integration,Low,15,Resolved,1
TICK0000295,CUST00119,2025-07-25,Integration,Medium,127,Resolved,2
TICK0000296,CUST00119,2026-07-21,Technical Issue,Medium,30,Resolved,3
TICK0000297,CUST00120,2026-06-10,Account Access,Low,124,Resolved,3
TICK0000298,CUST00120,2025-11-16,Integration,Urgent,11,Resolved,4
TICK0000299,CUST00120,2025-03-05,Performance,Medium,8,Resolved,5
TICK0000300,CUST00121,2025-02-13,Integration,Medium,28,Resolved,4
TICK0000301,CUST00121,2026-08-14,Bug Report,Medium,26,Resolved,4
TICK0000302,CUST00121,2026-06-10,Billing,Medium,25,Pending,5
TICK0000303,CUST00121,2025-07-27,Account Access,Medium,61,Resolved,5
TICK0000304,CUST00122,2026-08-30,Feature Request,Medium,42,Resolved,3
TICK0000305,CUST00123,2026-02-19,How-To Question,Low,75,Resolved,3
TICK0000306,CUST00123,2026-05-12,Feature Request,Medium,50,Resolved,4
TICK0000307,CUST00123,2026-06-03,Feature Request,Low,72,Resolved,5
TICK0000308,CUST00124,2026-08-03,Feature Request,Medium,55,Resolved,2
TICK0000309,CUST00125,2026-03-06,How-To Question,Low,49,Resolved,5
TICK0000310,CUST00126,2025-08-31,Account Access,Medium,48,Resolved,2
TICK0000311,CUST00126,2025-05-01,Account Access,Medium,85,Resolved,3
TICK0000312,CUST00126,2025-09-03,bug report,Medium,39,Resolved,3
TICK0000313,CUST00126,2026-05-15,Technical Issue,Low,75,Resolved,1
TICK0000314,CUST00127,2025-07-14,Billing,Medium,47,Resolved,4
TICK0000315,CUST00127,2026-03-17,Technical Issue,Low,69,Resolved,4
TICK0000316,CUST00127,2025-12-24,Account Access,Low,57,Pending,4
TICK0000317,CUST00127,2025-08-28,Bug Report,Medium,39,Resolved,3
TICK0000318,CUST00128,2025-08-20,Performance,Medium,128,Resolved,1
TICK0000319,CUST00128,2025-12-04,Technical Issue,Low,133,Resolved,1
TICK0000320,CUST00129,2024-09-17,Bug Report,Low,133,Resolved,4
TICK0000321,CUST00129,2025-01-07,Bug Report,Medium,76,Resolved,5
TICK0000322,CUST00129,2024-09-08,Feature Request,Low,159,Resolved,5
TICK0000323,CUST00129,2024-11-08,How-To Question,Medium,20,Resolved,5
TICK0000324,CUST00129,2025-01-12,Bug Report,Low,107,Resolved,5
TICK0000325,CUST00130,2025-03-12,Account Access,Low,51,Resolved,4
TICK0000326,CUST00131,2025-03-02,Integration,Low,37,Pending,2
TICK0000327,CUST00131,2025-03-23,Integration,Low,46,Resolved,1
TICK0000328,CUST00131,2025-05-25,Integration,High,53,Resolved,1
TICK0000329,CUST00131,2024-11-26,Account Access,Low,128,Resolved,3
TICK0000330,CUST00131,2024-12-29,Performance,Medium,132,Resolved,2
TICK0000331,CUST00131,2025-07-15,Performance,High,66,Open,2
TICK0000332,CUST00131,2025-03-17,Account Access,Medium,36,Resolved,1
TICK0000333,CUST00133,2024-10-30,Account Access,Medium,23,Resolved,1
TICK0000334,CUST00133,2024-05-16,Integration,Medium,88,Resolved,4
TICK0000335,CUST00133,2024-03-09,Bug Report,Low,110,Resolved,3
TICK0000336,CUST00133,2024-06-17,Bug Report,Medium,77,Pending,4
TICK0000337,CUST00133,2024-03-23,Integration,Low,119,Resolved,2
TICK0000338,CUST00134,2026-05-11,Bug Report,Medium,57,Resolved,3
TICK0000339,CUST00134,2026-04-22,Account Access,High,9,Resolved,4
TICK0000340,CUST00134,2025-12-24,Feature Request,Low,45,Resolved,5
TICK0000341,CUST00135,2026-09-15,Performance,Low,120,Resolved,3
TICK0000342,CUST00135,2026-08-25,Integration,Low,165,Pending,2
TICK0000343,CUST00135,2026-09-22,Technical Issue,Medium,69,Resolved,3
TICK0000344,CUST00135,2026-09-23,Performance,Medium,120,Resolved,1
TICK0000345,CUST00136,2026-06-22,Performance,High,27,Resolved,2
TICK0000346,CUST00137,2026-04-19,Performance,Low,88,Resolved,4
TICK0000347,CUST00137,2026-05-13,Billing,Low,88,Resolved,4
TICK0000348,CUST00138,2026-04-17,Billing,Low,102,Resolved,3
TICK0000349,CUST00138,2026-02-11,Feature Request,Medium,68,Resolved,5
TICK0000350,CUST00138,2026-09-12,Bug Report,Low,127,Resolved,2
TICK0000351,CUST00139,2026-08-10,Feature Request,Low,26,Resolved,5
TICK0000352,CUST00139,2026-08-15,Technical Issue,Low,72,Resolved,1
TICK0000353,CUST00139,2026-06-26,Billing,Medium,40,Resolved,4
TICK0000354,CUST00141,2026-03-17,Performance,Medium,83,Pending,4
TICK0000355,CUST00141,2025-02-05,Performance,Low,58,Resolved,3
TICK0000356,CUST00142,2025-01-02,Feature Request,High,13,Resolved,4
TICK0000357,CUST00142,2024-05-13,Integration,Low,111,Resolved,3
TICK0000358,CUST00143,2025-03-10,Account Access,Low,32,Resolved,5
TICK0000359,CUST00143,2024-11-07,Feature Request,Low,84,Resolved,3
TICK0000360,CUST00143,2025-03-09,Feature Request,Low,77,Resolved,3
TICK0000361,CUST00144,2025-12-05,Feature Request,Low,12,Resolved,4
TICK0000362,CUST00144,01/13/2025,Performance,Low,88,Resolved,5
TICK0000363,CUST00144,2026-09-15,Bug Report,Medium,10,Resolved,5
TICK0000364,CUST00146,2025-06-18,Account Access,High,32,Resolved,4
TICK0000365,CUST00146,2025-12-19,Integration,Low,80,Resolved,4
TICK0000366,CUST00146,2024-09-15,Feature Request,Medium,66,Resolved,5
TICK0000367,CUST00146,2026-02-21,Performance,Low,52,Resolved,5
TICK0000368,CUST00147,2026-08-27,Bug Report,Low,46,Resolved,5
TICK0000369,CUST00147,2026-06-21,Bug Report,Low,56,Resolved,5
TICK0000370,CUST00147,2025-04-08,Account Access,Medium,82,Resolved,5
TICK0000371,CUST00148,2026-07-17,Performance,High,18,Resolved,4
TICK0000372,CUST00148,2026-06-27,Performance,Low,44,Resolved,5
TICK0000373,CUST00148,2026-07-26,Billing,Medium,71,Resolved,1
TICK0000374,CUST00148,2026-09-11,Technical Issue,Medium,55,Resolved,5
TICK0000375,CUST00149,2025-06-23,Bug Report,Medium,21,Open,4
TICK0000376,CUST00149,2025-08-20,Integration,High,29,Resolved,3
TICK0000377,CUST00149,2025-05-29,Billing,Low,106,Resolved,5
TICK0000378,CUST00150,2026-03-17,Feature Request,Medium,44,Resolved,4
TICK0000379,CUST00150,2026-01-10,How-To Question,Medium,75,Resolved,3
TICK0000380,CUST00150,2025-11-01,Performance,High,17,Resolved,3
TICK0000381,CUST00150,2025-11-24,Feature Request,Medium,37,Resolved,2
TICK0000382,CUST00150,2026-04-13,Feature Request,Low,58,Resolved,4
TICK0000383,CUST00152,2025-04-28,Bug Report,Low,83,Resolved,4
TICK0000384,CUST00153,2025-09-05,Performance,Medium,43,Resolved,4
TICK0000385,CUST00154,2025-10-09,Feature Request,Low,85,Resolved,4
TICK0000386,CUST00154,2024-12-26,Performance,Medium,49,Resolved,5
TICK0000387,CUST00154,2026-05-06,Feature Request,Low,101,Resolved,4
TICK0000388,CUST00154,2025-07-12,Feature Request,Medium,52,Pending,4
TICK0000389,CUST00154,2026-07-10,Billing,Low,127,Resolved,1
TICK0000390,CUST00154,2025-11-20,Billing,High,23,Resolved,4
TICK0000391,CUST00154,2025-11-04,Billing,Low,86,Resolved,5
TICK0000392,CUST00154,2025-08-25,How-To Question,Medium,36,Resolved,3
TICK0000393,CUST00154,2025-11-01,Feature Request,Medium,30,Resolved,4
TICK0000394,CUST00154,2026-05-13,Billing,Medium,23,Resolved,4
TICK0000395,CUST00155,2026-03-18,how-to question,High,38,Resolved,4
TICK0000396,CUST00156,2026-09-15,Account Access,Low,26,Pending,4
TICK0000397,CUST00157,07/22/2026,Technical Issue,Low,123,Resolved,4
TICK0000398,CUST00157,2026-08-15,Bug Report,Medium,22,Resolved,4
TICK0000399,CUST00157,07/11/2026,Integration,Medium,50,Resolved,4
TICK0000400,CUST00157,2025-05-08,Performance,Medium,8,Resolved,5
TICK0000401,CUST00158,2026-04-16,Feature Request,Low,31,Resolved,3
TICK0000402,CUST00158,2025-08-08,Feature Request,High,23,Pending,5
TICK0000403,CUST00158,2025-02-28,Feature Request,Low,68,Pending,4
TICK0000404,CUST00159,2026-02-01,Integration,High,41,Resolved,3
TICK0000405,CUST00159,2026-03-24,Integration,High,30,Resolved,2
TICK0000406,CUST00159,2026-04-15,Performance,Low,32,Resolved,2
TICK0000407,CUST00159,2026-01-27,Integration,Urgent,6,Resolved,3
TICK0000408,CUST00159,2026-03-08,Bug Report,Low,91,Resolved,2
TICK0000409,CUST00159,2026-03-07,Performance,Low,82,Resolved,1
TICK0000410,CUST00161,2025-03-31,Performance,Medium,81,Resolved,5
TICK0000411,CUST00161,2025-11-26,Integration,Medium,19,Resolved,5
TICK0000412,CUST00163,2025-11-12,Bug Report,Medium,79,Resolved,2
TICK0000413,CUST00163,2025-11-12,Bug Report,Low,103,Resolved,2
TICK0000414,CUST00163,2026-01-09,Integration,Low,148,Resolved,1
TICK0000415,CUST00163,2026-05-07,Technical Issue,High,100,Resolved,2
TICK0000416,CUST00163,2025-11-21,Bug Report,Low,142,Resolved,3
TICK0000417,CUST00163,2026-09-04,Bug Report,Medium,36,Resolved,1
TICK0000418,CUST00163,2026-09-22,Technical Issue,Low,112,Resolved,5
TICK0000419,CUST00163,2025-11-05,Technical Issue,Medium,80,Resolved,1
TICK0000420,CUST00164,2025-09-19,Bug Report,Medium,42,Resolved,4
TICK0000421,CUST00164,2026-07-20,Feature Request,Medium,75,Pending,1
TICK0000422,CUST00164,2024-12-06,Account Access,Low,87,Resolved,4
TICK0000423,CUST00164,2025-05-31,Technical Issue,Low,39,Resolved,5
TICK0000424,CUST00165,2025-08-27,Feature Request,Medium,36,Resolved,5
TICK0000425,CUST00165,2024-11-24,How-To Question,Low,90,Pending,5
TICK0000426,CUST00165,2025-12-10,How-To Question,High,44,Resolved,1
TICK0000427,CUST00165,2025-08-16,Feature Request,Low,12,Resolved,2
TICK0000428,CUST00166,2026-07-24,Technical Issue,Low,97,Resolved,2
TICK0000429,CUST00166 ,2026-07-08,technical issue,Low,147,Resolved,3
TICK0000430,CUST00166,2026-08-11,Account Access,Medium,74,Resolved,
TICK0000431,CUST00166,2026-08-09,Bug Report,High,39,Pending,1
TICK0000432,CUST00166,2026-05-01,Technical Issue,Low,80,Resolved,4
TICK0000433,CUST00169,2024-10-29,account access,Low,133,Resolved,2
TICK0000434,CUST00169,2025-01-13,Integration,Medium,100,Resolved,1
TICK0000435,CUST00169,2024-09-13,Account Access,Low,91,Resolved,1
TICK0000436,CUST00170,2026-08-07,Feature Request,Low,45,Pending,5
TICK0000437,CUST00171,2025-12-27,How-To Question,Medium,31,Resolved,4
TICK0000438,CUST00171,2026-06-21,Feature Request,Low,86,Resolved,4
TICK0000439,CUST00171,2026-03-30,Account Access,Low,55,Pending,3
TICK0000440,CUST00171,2025-05-01,FEATURE REQUEST,High,19,Resolved,1
TICK0000441,CUST00172,2026-02-12,Account Access,Low,58,Resolved,4
TICK0000442,CUST00172,2025-08-16,Feature Request,Low,47,Resolved,4
TICK0000443,CUST00172,2025-09-25,Account Access,MEDIUM,21,Resolved,3
TICK0000444,CUST00173,2025-12-10,How-To Question,Low,39,Resolved,3
TICK0000445,CUST00173,2025-02-01,Billing,Medium,35,Pending,4
TICK0000446,CUST00174,2026-06-27,Bug Report,Low,81,Resolved,4
TICK0000447,CUST00174,2026-09-20,How-To Question,Medium,73,Resolved,5
TICK0000448,CUST00176,2026-05-10,Technical Issue,Low,46,Resolved,5
TICK0000449,CUST00177,2026-06-17,Performance,Low,118,Resolved,5
TICK0000450,CUST00177,2026-02-15,Bug Report,Low,86,Resolved,4
TICK0000451,CUST00178,2025-08-13,Account Access,Medium,62,Resolved,5
TICK0000452,CUST00178,2026-04-26,How-To Question,Medium,62,Resolved,5
TICK0000453,CUST00178,2025-05-22,How-To Question,High,30,Resolved,5
TICK0000454,CUST00179,2025-09-06,Integration,Medium,48,Resolved,4
TICK0000455,CUST00180,2025-08-11,Billing,Medium,48,Resolved,5
TICK0000456,CUST00180,2025-12-09,Technical Issue,Low,84,Resolved,4
TICK0000457,CUST00181,2026-02-19,Account Access,Medium,53,Resolved,4
TICK0000458,CUST00185,2026-02-28,Billing,Low,96,Resolved,1
TICK0000459,CUST00185,2026-08-24,Performance,Medium,40,Resolved,4
TICK0000460,CUST00185,2025-02-17,INTEGRATION,High,15,Resolved,4
TICK0000461,CUST00185,2026-09-02,How-To Question,Medium,33,Resolved,3
TICK0000462,CUST00185,2025-06-29,Performance,Low,69,Resolved,5
TICK0000463,CUST00186,2026-08-06,Feature Request,Low,117,Resolved,3
TICK0000464,CUST00186,2026-08-22,Bug Report,Medium,51,Resolved,4
TICK0000465,CUST00186,2026-08-09,Bug Report,Low,70,Resolved,4
TICK0000466,CUST00186,2026-07-17,Technical Issue,High,9,Resolved,5
TICK0000467,CUST00187,2026-07-11,How-To Question,Low,48,Resolved,5
TICK0000468,CUST00188,2026-06-30,Integration,Medium,12,Resolved,5
TICK0000469,CUST00188,2025-11-11,Performance,Low,86,Resolved,5
TICK0000470,CUST00188,2026-07-17,Bug Report,Medium,31,Resolved,4
TICK0000471,CUST00188,2025-03-05,Bug Report,Low,103,Resolved,4
TICK0000472,CUST00188,2025-03-25,Account Access,High,52,Resolved,3
TICK0000473,CUST00188,2026-02-22,Billing,Medium,55,Resolved,5
TICK0000474,CUST00189,2025-07-06,How-To Question,Low,63,Resolved,5
TICK0000475,CUST00190,2025-01-31,Technical Issue,Low,55,Resolved,4
TICK0000476,CUST00191,2026-04-25,Integration,High,21,Resolved,5
TICK0000477,CUST00192,2026-07-31,Feature Request,Medium,41,Resolved,4
TICK0000478,CUST00192,2026-01-24,Billing,Urgent,12,Open,4
TICK0000479,CUST00193,2026-06-14,performance,Medium,71,Pending,4
TICK0000480,CUST00193,2026-07-17,Integration,Medium,58,Resolved,4
TICK0000481,CUST00193,2026-08-24,How-To Question,Low,35,Resolved,5
TICK0000482,CUST00193,09/11/2026,Technical Issue,Medium,8,Resolved,5
TICK0000483,CUST00193,2026-06-16,Account Access,Low,86,Resolved,4
TICK0000484,CUST00195,2025-09-08,Feature Request,Low,54,Resolved,2
TICK0000485,CUST00195,2026-06-24,Billing,Medium,81,Resolved,4
TICK0000486,CUST00197,2026-02-14,Performance,Low,74,Resolved,4
TICK0000487,CUST00198,2026-05-13,Feature Request,Medium,46,Resolved,3
TICK0000488,CUST00198,2025-10-01,Feature Request,Medium,46,Resolved,4
TICK0000489,CUST00199,2026-02-16,Account Access,Low,72,Resolved,2
TICK0000490,CUST00200,2026-09-01,Account Access,Low,72,Resolved,5
TICK0000491,CUST00200,2026-07-29,Account Access,Low,73,Resolved,5
TICK0000492,CUST00201,2026-05-10,Performance,Medium,80,Resolved,3
TICK0000493,CUST00201,2025-06-07,Performance,Low,61,Resolved,
TICK0000494,CUST00201,2025-08-12,Feature Request,Low,91,Resolved,4
TICK0000495,CUST00202,2025-01-29,Performance,Medium,45,Resolved,5
TICK0000496,CUST00203,2025-04-11,Performance,Medium,77,Resolved,1
TICK0000497,CUST00203,2024-02-17,Integration,Medium,112,Resolved,2
TICK0000498,CUST00203,2025-02-28,Technical Issue,Medium,66,Resolved,2
TICK0000499,CUST00203,2024-11-05,Integration,Medium,36,Open,1
TICK0000500,CUST00203,2024-09-01,Account Access,low,55,Resolved,2
TICK0000501,CUST00203,2024-02-07,Performance,Low,61,Resolved,1
TICK0000502,CUST00203,2024-02-03,Technical Issue,Low,174,Resolved,2
TICK0000503,CUST00204,2025-12-20,Technical Issue,Medium,38,Resolved,2
TICK0000504,CUST00204,2026-07-24,Performance,Medium,71,Resolved,5
TICK0000505,CUST00205,2025-05-24,Integration,Medium,24,Resolved,5
TICK0000506,CUST00205,2026-04-22,How-To Question,Medium,26,Resolved,5
TICK0000507,CUST00205,2025-02-26,Bug Report,Low,20,Resolved,4
TICK0000508,CUST00206,2024-12-19,Performance,Low,69,Resolved,5
TICK0000509,CUST00206,2024-06-19,How-To Question,Low,102,Resolved,3
TICK0000510,CUST00206,2025-04-22,How-To Question,Medium,38,Resolved,3
TICK0000511,CUST00206,2025-11-07,Feature Request,Urgent,8,Resolved,4
TICK0000512,CUST00206,2025-07-09,How-To Question,Medium,49,Resolved,4
TICK0000513,CUST00207,2026-04-03,Performance,Low,46,Resolved,4
TICK0000514,CUST00207,2025-11-07,Billing,High,42,Resolved,3
TICK0000515,CUST00207,2025-05-10,Bug Report,Low,88,Resolved,4
TICK0000516,CUST00207,2026-07-10,Bug Report,High,12,Resolved,4
TICK0000517,CUST00207,2026-09-23,Performance,Medium,9,Resolved,4
TICK0000518,CUST00207,2026-07-01,Technical Issue,Low,71,Resolved,5
TICK0000519,CUST00208,2026-08-26,How-To Question,Low,112,Resolved,5
TICK0000520,CUST00208,2026-06-25,Feature Request,Low,56,Resolved,3
TICK0000521,CUST00208,2026-09-20,How-To Question,Medium,31,Pending,5
TICK0000522,CUST00209,2024-06-10,Performance,Medium,45,Resolved,5
TICK0000523,CUST00210,2025-06-28,performance,Medium,42,Resolved,4
TICK0000524,CUST00210,2025-10-29,Account Access,Medium,36,Resolved,4
TICK0000525,CUST00210,2026-04-09,Bug Report,Medium,70,Resolved,5
TICK0000526,CUST00211,2025-12-24,Feature Request,Medium,33,Resolved,5
TICK0000527,CUST00211,2025-11-21,Feature Request,Low,97,Resolved,3
TICK0000528,CUST00211,2025-08-31,How-To Question,Low,75,Resolved,3
TICK0000529,CUST00211,2025-08-14,Account Access,Medium,46,Resolved,5
TICK0000530,CUST00211,2026-01-13,Account Access,Low,12,Resolved,2
TICK0000531,CUST00212,2026-08-02,Performance,Medium,59,Resolved,3
TICK0000532,CUST00213,2026-04-26,Feature Request,Medium,45,Resolved,3
TICK0000533,CUST00213,2025-06-03,Billing,Low,83,Resolved,4
TICK0000534,CUST00213,2025-06-05,Technical Issue,Low,12,Resolved,4
TICK0000535,CUST00214,2026-01-01,Account Access,Low,115,Resolved,5
TICK0000536,CUST00215,2025-10-30,INTEGRATION,Medium,110,Resolved,1
TICK0000537,CUST00215,2025-07-03,Integration,Low,130,Resolved,2
TICK0000538,CUST00215,2023-12-12,Integration,Low,87,Resolved,2
TICK0000539,CUST00215,2026-06-06,Technical Issue,Low,84,Resolved,1
TICK0000540,CUST00215,2024-08-16,Bug Report,Urgent,20,Resolved,1
TICK0000541,CUST00215,2026-06-23,Account Access,Medium,86,Resolved,2
TICK0000542,CUST00215,2026-06-07,Account Access,Low,236,Resolved,3
TICK0000543,CUST00215,2023-12-24,Bug Report,High,5,Resolved,4
TICK0000544,CUST00216,2025-12-09,Account Access,Low,55,Resolved,3
TICK0000545,CUST00216,2026-04-14,Technical Issue,Low,136,Resolved,2
TICK0000546,CUST00216,2025-10-24,Technical Issue,Medium,63,Resolved,3
TICK0000547,CUST00216,2026-07-30,Technical Issue,Medium,88,Resolved,4
TICK0000548,CUST00218,2025-12-08,Feature Request,Medium,58,Resolved,5
TICK0000549,CUST00218,2024-09-24,Account Access,Low,27,Resolved,4
TICK0000550,CUST00219,2024-01-13,How-To Question,Low,92,Resolved,2
TICK0000551,CUST00219,2025-09-13,Billing,Medium,58,Open,4
TICK0000552,CUST00220,2025-03-02,Bug Report,Low,138,Resolved,2
TICK0000553,CUST00220,2026-04-01,Integration,Medium,107,Pending,1
TICK0000554,CUST00220,2026-07-02,Account Access,Medium,81,Resolved,1
TICK0000555,CUST00220,2025-09-01,Integration,Low,167,Pending,1
TICK0000556,CUST00220,2026-01-10,Performance,Medium,76,Resolved,2
TICK0000557,CUST00220,2026-01-22,Technical Issue,Medium,40,Resolved,1
TICK0000558,CUST00221,2026-06-18,Account Access,Low,88,Resolved,5
TICK0000559,CUST00221,2026-04-18,How-To Question,High,9,Resolved,3
TICK0000560,CUST00221,2026-06-03,Performance,High,13,Resolved,3
TICK0000561,CUST00221,2026-06-14,Billing,Medium,25,Resolved,4
TICK0000562,CUST00222,2026-05-28,How-To Question,Medium,35,Resolved,3
TICK0000563,CUST00223,2024-05-22,Bug Report,Medium,74,Resolved,4
TICK0000564,CUST00223,2024-04-21,Technical Issue,Medium,78,Resolved,4
TICK0000565,CUST00223,2023-12-30,performance,High,16,Resolved,4
TICK0000566,CUST00224,2026-02-04,Account Access,Low,113,Resolved,1
TICK0000567,CUST00224,2026-01-03,Integration,Medium,41,Resolved,3
TICK0000568,CUST00225,2026-09-14,How-To Question,Medium,54,Resolved,5
TICK0000569,CUST00226,2026-08-25,How-To Question,Medium,85,Resolved,2
TICK0000570,CUST00227,2026-04-17,Bug Report,Medium,57,Resolved,5
TICK0000571,CUST00227,2026-08-14,Bug Report,Medium,34,Open,5
TICK0000572,CUST00228,2026-09-06,How-To Question,Low,62,Resolved,2
TICK0000573,CUST00229,2026-07-29,Integration,Medium,123,Resolved,2
TICK0000574,CUST00229,2026-07-13,Performance,High,44,Resolved,3
TICK0000575,CUST00229,2026-08-01,Account Access,Medium,136,Resolved,2
TICK0000576,CUST00229,2026-01-08,Account Access,Low,146,Resolved,2
TICK0000577,CUST00229,2026-03-25,Integration,Low,62,Resolved,5
TICK0000578,CUST00230,2025-06-28,Account Access,Low,27,Resolved,5
TICK0000579,CUST00230,2025-07-29,Feature Request,Low,49,Resolved,4
TICK0000580,CUST00230,2026-01-04,Billing,Medium,20,Resolved,5
TICK0000581,CUST00230,2026-08-07,Billing,Low,12,Resolved,4
TICK0000582,CUST00231,2026-02-15,Performance,Low,50,Resolved,1
TICK0000583,CUST00232,2025-12-14,Performance,Medium,25,Resolved,3
TICK0000584,CUST00232,2026-02-19,How-To Question,Medium,13,Resolved,5
TICK0000585,CUST00232,2026-07-04,Integration,Medium,38,Resolved,4
TICK0000586,CUST00232,2026-06-30,Technical Issue,Medium,65,Resolved,5
TICK0000587,CUST00233,2026-09-21,Bug Report,High,28,Resolved,3
TICK0000588,CUST00233,2026-07-24,technical issue,Medium,59,Resolved,2
TICK0000589,CUST00233,2024-11-16,Technical Issue,Low,216,Resolved,3
TICK0000590,CUST00233,2025-02-04,Account Access,Medium,101,Pending,3
TICK0000591,CUST00233,2025-11-01,Integration,Low,67,Resolved,1
TICK0000592,CUST00234,2025-11-22,Technical Issue,High,15,Resolved,2
TICK0000593,CUST00234,2026-03-13,Bug Report,Low,94,Pending,3
TICK0000594,CUST00234,2025-11-22,Performance,Low,45,Resolved,1
TICK0000595,CUST00234,2026-01-08,Account Access,Low,49,Resolved,2
TICK0000596,CUST00235,2026-08-27,Technical Issue,Low,45,Resolved,5
TICK0000597,CUST00235,2026-07-03,Account Access,Low,12,Resolved,3
TICK0000598,CUST00235,2025-10-18,Billing,Low,131,Resolved,5
TICK0000599,CUST00235,2026-08-14,Bug Report,Low,41,Resolved,4
TICK0000600,CUST00236,2026-05-18,Integration,Low,50,Resolved,2
TICK0000601,CUST00236,2026-04-16,Integration,Medium,44,Resolved,1
TICK0000602,CUST00236,2026-07-23,Technical Issue,Low,77,Resolved,3
TICK0000603,CUST00237,2025-09-26,Bug Report,Medium,97,Resolved,2
TICK0000604,CUST00237,2024-07-29,Performance,High,9,Resolved,2
TICK0000605,CUST00238,2026-04-03,Integration,Medium,67,Resolved,5
TICK0000606,CUST00238,2026-06-02,Account Access,Medium,28,Resolved,5
TICK0000607,CUST00238,2026-07-02,Performance,Medium,82,Resolved,5
TICK0000608,CUST00238,2026-05-09,Feature Request,Low,125,Resolved,4
TICK0000609,CUST00239,2026-08-14,Performance,Low,22,Resolved,3
TICK0000610,CUST00239,2026-04-27,How-To Question,High,6,Resolved,4
TICK0000611,CUST00239,2025-10-08,Performance,Medium,64,Resolved,3
TICK0000612,CUST00239,2025-07-13,How-To Question,High,15,Resolved,2
TICK0000613,CUST00239,2026-03-17,Performance,Urgent,9,Resolved,5
TICK0000614,CUST00240,2025-01-16,Performance,High,66,Resolved,3
TICK0000615,CUST00241,2026-02-22,Bug Report,Low,45,Resolved,5
TICK0000616,CUST00242,2026-04-08,Performance,Medium,67,Resolved,2
TICK0000617,CUST00242,2025-12-30,Billing,High,23,Resolved,5
TICK0000618,CUST00242,2026-01-20,Account Access,Low,91,Resolved,5
TICK0000619,CUST00242,2026-08-16,Account Access,Low,89,Resolved,5
TICK0000620,CUST00242,2026-02-12,Performance,High,25,Resolved,3
TICK0000621,CUST00243,2025-06-06,Feature Request,Medium,80,Resolved,4
TICK0000622,CUST00245,2025-10-17,Account Access,Low,50,Resolved,5
TICK0000623,CUST00245,2026-02-13,Billing,Medium,34,Resolved,5
TICK0000624,CUST00245,2026-02-27,Billing,Low,122,Open,2
TICK0000625,CUST00246,2026-05-10,Integration,Low,86,Resolved,4
TICK0000626,CUST00246,2025-11-07,Bug Report,Low,89,Resolved,4
TICK0000627,CUST00247,2025-06-02,Feature Request,Low,108,Resolved,4
TICK0000628,CUST00247,2025-08-03,Feature Request,Medium,26,Resolved,2
TICK0000629,CUST00247,2024-07-25,How-To Question,Low,88,Resolved,2
TICK0000630,CUST00247,2026-06-02,Billing,Medium,76,Open,3
TICK0000631,CUST00247,2024-12-20,Performance,MEDIUM,61,Resolved,4
TICK0000632,CUST00248,2025-07-13,How-To Question,Medium,52,Resolved,4
TICK0000633,CUST00248,2025-08-17,How-To Question,Low,62,Resolved,4
TICK0000634,CUST00249,2024-07-30,Feature Request,Medium,65,Resolved,3
TICK0000635,CUST00250,2025-07-02,Performance,Medium,27,Resolved,5
TICK0000636,CUST00250,2026-02-05,Integration,Low,12,Resolved,3
TICK0000637,CUST00250,2026-06-04,How-To Question,Low,87,Resolved,4
TICK0000638,CUST00251,2025-05-15,Integration,Medium,56,Resolved,4
TICK0000639,CUST00252,04/06/2026,How-To Question,Medium,68,Resolved,3
TICK0000640,CUST00252,2026-06-11,Account Access,Low,79,Pending,3
TICK0000641,CUST00252,2026-07-08,Feature Request,Low,77,Open,2
TICK0000642,CUST00253,2025-03-02,Integration,Medium,22,Resolved,3
TICK0000643,CUST00254,2026-01-26,Account Access,Medium,132,Resolved,1
TICK0000644,CUST00254,2026-09-03,Performance,High,62,Resolved,1
TICK0000645,CUST00254,2025-04-21,Integration,Medium,33,Resolved,3
TICK0000646,CUST00255,2026-06-27,How-To Question,Low,41,Resolved,4
TICK0000647,CUST00255,2026-08-27,Integration,Medium,53,Resolved,3
TICK0000648,CUST00256,2026-07-24,Technical Issue,Low,62,Resolved,4
TICK0000649,CUST00256,2026-09-03,Technical Issue,Medium,51,Resolved,4
TICK0000650,CUST00256,2026-08-31,Feature Request,Medium,67,Resolved,4
TICK0000651,CUST00257,2026-02-15,Technical Issue,Low,100,Resolved,4
TICK0000652,CUST00257,2025-03-26,Technical Issue,High,4,Resolved,5
TICK0000653,CUST00258,2025-12-05,how-to question,Low,84,Resolved,2
TICK0000654,CUST00259,2026-01-08,How-To Question,Low,38,Resolved,4
TICK0000655,CUST00260,2025-10-14,Account Access,Low,77,Resolved,3
TICK0000656,CUST00260,2025-08-17,Bug Report,Low,66,Resolved,3
TICK0000657,CUST00260,2024-10-29,Technical Issue,Medium,43,Resolved,4
TICK0000658,CUST00261,2024-12-05,Account Access,Medium,11,Resolved,5
TICK0000659,CUST00261,2024-10-27,Technical Issue,Medium,22,Resolved,5
TICK0000660,CUST00262,2026-08-05,Performance,Medium,65,Resolved,3
TICK0000661,CUST00262,2026-05-09,Feature Request,Low,70,Resolved,5
TICK0000662,CUST00262,2026-09-13,Feature Request,Medium,79,Resolved,3
TICK0000663,CUST00262,2026-07-01,How-To Question,Low,17,Resolved,3
TICK0000664,CUST00263,2026-06-24,Account Access,Low,52,Resolved,5
TICK0000665,CUST00263,2026-07-11,Feature Request,Medium,59,Resolved,1
TICK0000666,CUST00263,2026-08-07,Feature Request,High,5,Resolved,4
TICK0000667,CUST00263,2026-06-12,Feature Request,High,25,Resolved,5
TICK0000668,CUST00263,2026-07-03,How-To Question,Medium,49,Resolved,4
TICK0000669,CUST00264,2024-01-21,Feature Request,Low,53,Resolved,3
TICK0000670,CUST00264,2024-05-11,Billing,Medium,60,Resolved,4
TICK0000671,CUST00264,2024-11-16,Feature Request,Low,112,Resolved,3
TICK0000672,CUST00264,2025-09-19,How-To Question,Low,93,Open,5
TICK0000673,CUST00265,2026-09-13,Performance,Low,146,Resolved,1
TICK0000674,CUST00265,2026-03-09,Technical Issue,High,35,Resolved,4
TICK0000675,CUST00265,2026-04-15,Account Access,Low,218,Resolved,2
TICK0000676,CUST00265,2026-01-20,Account Access,Medium,40,Resolved,2
TICK0000677,CUST00265,2026-04-20,Account Access,Medium,68,Resolved,2
TICK0000678,CUST00265,2026-03-12,Account Access,Low,164,Resolved,1
TICK0000679,CUST00265,2026-01-22,Technical Issue,Low,49,Resolved,4
TICK0000680,CUST00266,2025-10-12,Technical Issue,Medium,14,Resolved,3
TICK0000681,CUST00266,2025-12-02,Billing,Medium,47,Resolved,3
TICK0000682,CUST00267,2024-03-28,Technical Issue,Low,69,Pending,5
TICK0000683,CUST00268 ,2025-02-19,Feature Request,Medium,58,Resolved,4
TICK0000684,CUST00269,2026-05-26,Bug Report,Low,44,Resolved,4
TICK0000685,CUST00270,2026-08-29,how-to question,High,25,Resolved,3
TICK0000686,CUST00270,2026-09-23,Bug Report,Low,83,Open,4
TICK0000687,CUST00271,2026-08-13,Performance,Low,98,Open,2
TICK0000688,CUST00271,2026-07-29,Performance,Low,105,Resolved,2
TICK0000689,CUST00271,2026-09-16,Performance,Medium,13,Pending,4
TICK0000690,CUST00271,2026-05-27,Technical Issue,Medium,84,Pending,2
TICK0000691,CUST00271,2026-05-28,Performance,Medium,96,resolved,1
TICK0000692,CUST00271,2026-06-07,Technical Issue,Low,19,Resolved,5
TICK0000693,CUST00271,2026-07-22,Account Access,Low,123,Resolved,3
TICK0000694,CUST00271,2026-07-25,Account Access,Low,177,Resolved,1
TICK0000695,CUST00272,2026-09-07,Performance,High,15,Resolved,5
TICK0000696,CUST00272,2026-08-30,Account Access,Medium,44,Resolved,1
TICK0000697,CUST00273,2026-09-07,Account Access,High,47,Resolved,1
TICK0000698,CUST00273,2026-09-21,Technical Issue,Low,139,resolved,3
TICK0000699,CUST00273,2026-09-23,bug report,Low,59,Resolved,2
TICK0000700,CUST00273,2026-09-03,Technical Issue,High,39,Resolved,1
TICK0000701,CUST00273,2026-09-20,Account Access,Medium,81,Resolved,1
TICK0000702,CUST00273,2026-09-08,Account Access,Medium,98,Resolved,1
TICK0000703,CUST00274,2026-07-28,Feature Request,Low,106,Resolved,5
TICK0000704,CUST00274,2025-07-23,Billing,Medium,16,Resolved,3
TICK0000705,CUST00275,2026-07-17,How-To Question,Medium,80,Resolved,5
TICK0000706,CUST00275,2026-02-09,Account Access,Low,52,Resolved,3
TICK0000707,CUST00276,2025-06-10,Performance,Medium,53,Resolved,5
TICK0000708,CUST00277,2026-06-02,Feature Request,Low,124,Resolved,3
TICK0000709,CUST00277,2026-09-05,Feature Request,Low,40,Resolved,2
TICK0000710,CUST00278,2026-04-21,Performance,Low,87,Resolved,5
TICK0000711,CUST00279,2025-12-12,Technical Issue,Low,51,Resolved,4
TICK0000712,CUST00280,2024-11-24,Billing,Low,63,Pending,5
TICK0000713,CUST00280,2025-01-20,Bug Report,Medium,43,Resolved,5
TICK0000714,CUST00282,2025-05-24,Account Access,High,18,Resolved,5
TICK0000715,CUST00282,2025-05-29,Bug Report,Low,58,Resolved,4
TICK0000716,CUST00282,2025-12-29,Bug Report,Low,73,Resolved,5
TICK0000717,CUST00282,2026-01-05,Billing,Low,48,Resolved,5
TICK0000718,CUST00284,2025-04-10,How-To Question,Low,52,Resolved,3
TICK0000719,CUST00284,2025-09-03,How-To Question,Medium,20,Resolved,4
TICK0000720,CUST00284,2025-02-27,how-to question,Low,35,Resolved,5
TICK0000721,CUST00286,2024-01-04,Performance,Low,37,Resolved,3
TICK0000722,CUST00286,2024-03-17,Technical Issue,Low,66,Resolved,5
TICK0000723,CUST00287,2026-03-19,Feature Request,High,26,Resolved,5
TICK0000724,CUST00288,2026-03-09,Technical Issue,Medium,56,Resolved,5
TICK0000725,CUST00289,2024-07-02,Performance,Medium,20,Resolved,2
TICK0000726,CUST00291,2024-09-29,Account Access,Medium,58,Resolved,3
TICK0000727,CUST00291,2024-12-13,How-To Question,Low,98,Resolved,3
TICK0000728,CUST00291,2025-02-12,Account Access,Low,97,Resolved,2
TICK0000729,CUST00291,2024-04-23,How-To Question,Low,62,Resolved,4
TICK0000730,CUST00292,2024-04-01,Bug Report,Medium,44,Resolved,4
TICK0000731,CUST00292,2024-05-05,How-To Question,Low,40,Resolved,4
TICK0000732,CUST00292,2024-04-05,Account Access,Low,126,Resolved,5
TICK0000733,CUST00292,2024-04-22,Account Access,Medium,33,Resolved,5
TICK0000734,CUST00293,2025-12-05,Performance,Medium,68,Open,3
TICK0000735,CUST00294,2025-12-25,Performance,Low,171,Resolved,1
TICK0000736,CUST00294,2025-12-17,Account Access,Low,152,Resolved,5
TICK0000737,CUST00294,2026-01-05,Account Access,Medium,91,Resolved,2
TICK0000738,CUST00294,02/22/2025,Performance,Medium,89,Resolved,1
TICK0000739,CUST00296,2025-09-29,Performance,Medium,58,Resolved,5
TICK0000740,CUST00296,2024-07-02,Account Access,High,14,Resolved,5
TICK0000741,CUST00296,2026-08-20,Feature Request,Medium,36,Pending,5
TICK0000742,CUST00296,2026-06-13,Bug Report,Low,55,Pending,5
TICK0000743,CUST00296,2025-10-06,How-To Question,Low,54,Resolved,5
TICK0000744,CUST00297,2026-07-17,Account Access,Low,140,Resolved,1
TICK0000745,CUST00297,2026-08-29,Performance,High,46,Resolved,1
TICK0000746,CUST00297,2026-08-20,Bug Report,Medium,80,Resolved,1
TICK0000747,CUST00298,2026-06-24,Billing,Medium,45,Resolved,5
TICK0000748,CUST00298,2025-11-26,Feature Request,Medium,22,Resolved,4
TICK0000749,CUST00299,2025-06-07,Bug Report,Low,87,Resolved,5
TICK0000750,CUST00299,2025-10-10,Account Access,Medium,62,Resolved,5
TICK0000751,CUST00300,2026-06-21,How-To Question,Low,66,Resolved,2
TICK0000752,CUST00300,2025-10-30,Account Access,Low,43,Resolved,3
TICK0000753,CUST00301,2026-05-11,Feature Request,High,29,Resolved,1
TICK0000754,CUST00301,2026-05-09,Performance,Low,80,Resolved,3
TICK0000755,CUST00302,2026-02-01,Bug Report,Medium,122,Resolved,2
TICK0000756,CUST00302,2024-07-05,Bug Report,Medium,98,Resolved,2
TICK0000757,CUST00303,2025-10-23,Bug Report,Medium,99,Resolved,1
TICK0000758,CUST00303,2026-04-23,Integration,Medium,56,Resolved,2
TICK0000759,CUST00303,2025-01-29,Integration,Low,44,Resolved,1
TICK0000760,CUST00304,2026-04-10,How-To Question,Low,63,Resolved,4
TICK0000761,CUST00304,2026-03-22,Performance,Low,78,Resolved,3
TICK0000762,CUST00304,2026-08-25,Technical Issue,Medium,36,Resolved,4
TICK0000763,CUST00305,2026-03-21,Account Access,Low,94,Resolved,3
TICK0000764,CUST00305,2026-05-01,Integration,Urgent,3,Resolved,3
TICK0000765,CUST00305,2026-07-15,Integration,Low,111,Resolved,2
TICK0000766,CUST00305,2026-05-01,Bug Report,High,31,Resolved,4
TICK0000767,CUST00305,2026-04-08,Performance,Low,120,Resolved,1
TICK0000768,CUST00306,2025-04-25,Feature Request,Medium,64,Resolved,4
TICK0000769,CUST00306,2026-04-05,Performance,Low,59,Resolved,5
TICK0000770,CUST00306 ,2026-02-19,How-To Question,Medium,50,Resolved,2
TICK0000771,CUST00307,2025-11-26,Integration,Medium,96,Resolved,1
TICK0000772,CUST00307,2025-05-16,Account Access,Medium,97,Resolved,5
TICK0000773,CUST00307,2026-07-26,Technical Issue,High,35,Resolved,1
TICK0000774,CUST00307,2026-02-15,Bug Report,High,41,Resolved,4
TICK0000775,CUST00307,2024-06-22,Bug Report,Medium,44,Resolved,2
TICK0000776,CUST00307,2024-09-13,Performance,Medium,107,Pending,4
TICK0000777,CUST00308,2025-07-28,Bug Report,Medium,51,Resolved,3
TICK0000778,CUST00308,2026-05-12,Performance,Low,73,Resolved,4
TICK0000779,CUST00311,2026-03-05,how-to question,Low,114,Resolved,5
TICK0000780,CUST00311,2025-07-10,Bug Report,Low,78,Resolved,4
TICK0000781,CUST00312,2024-10-28,Account Access,Urgent,2,Resolved,4
TICK0000782,CUST00312,2025-03-12,How-To Question,Medium,69,Resolved,3
TICK0000783,CUST00312,2025-05-11,How-To Question,Low,122,Open,5
TICK0000784,CUST00313,2025-10-24,How-To Question,Low,84,Resolved,3
TICK0000785,CUST00313,2025-08-16,How-To Question,Medium,36,Resolved,4
TICK0000786,CUST00313,2025-11-12,Billing,Low,79,Resolved,4
TICK0000787,CUST00313,2025-10-14,Billing,Medium,46,Resolved,5
TICK0000788,CUST00313,2025-10-18,How-To Question,Low,49,Open,2
TICK0000789,CUST00315,2026-05-28,Bug Report,Medium,125,Resolved,1
TICK0000790,CUST00315,2025-04-26,Account Access,Urgent,22,Resolved,2
TICK0000791,CUST00315,2025-10-06,Bug Report,Low,152,Resolved,2
TICK0000792,CUST00316,2025-07-26,Account Access,Low,57,Resolved,4
TICK0000793,CUST00316,2026-02-04,How-To Question,Low,17,Resolved,3
TICK0000794,CUST00316,2025-02-18,How-To Question,Low,48,Resolved,3
TICK0000795,CUST00317,2025-10-27,Performance,Medium,69,Resolved,5
TICK0000796,CUST00318,2026-05-06,Technical Issue,Low,25,Resolved,1
TICK0000797,CUST00318,04/20/2026,Technical Issue,Medium,116,Resolved,5
TICK0000798,CUST00318,2026-03-15,Bug Report,Urgent,26,Resolved,5
TICK0000799,CUST00318,2026-03-30,Account Access,Low,160,Resolved,5
TICK0000800,CUST00318,2026-03-27,Technical Issue,Medium,85,Resolved,2
TICK0000801,CUST00318,2026-07-15,Technical Issue,Low,191,Resolved,3
TICK0000802,CUST00318,2026-04-12,Account Access,Medium,31,Resolved,1
TICK0000803,CUST00318,2026-02-26,Integration,Low,63,Resolved,1
TICK0000804,CUST00319,2026-07-16,Feature Request,Low,77,Resolved,4
TICK0000805,CUST00319,2026-07-31,How-To Question,Medium,64,Resolved,4
TICK0000806,CUST00319,2026-07-08,Feature Request,High,24,Resolved,5
TICK0000807,CUST00319,2026-08-15,Feature Request,Low,63,Resolved,2
TICK0000808,CUST00319,2026-06-21,Feature Request,High,19,Pending,5
TICK0000809,CUST00320,2026-05-18,Account Access,Low,60,Resolved,5
TICK0000810,CUST00320,2024-11-10,Technical Issue,Medium,42,Resolved,4
TICK0000811,CUST00320,2024-06-08,Bug Report,Low,20,Resolved,3
TICK0000812,CUST00321,2024-03-24,Billing,Low,76,Resolved,3
TICK0000813,CUST00321,2026-04-06,Integration,Medium,45,Resolved,3
TICK0000814,CUST00321,2026-03-11,Performance,Medium,57,Resolved,3
TICK0000815,CUST00321,2024-05-15,Technical Issue,Low,110,Resolved,5
TICK0000816,CUST00321,2025-03-11,Account Access,High,4,Resolved,5
TICK0000817,CUST00321,2026-09-17,Technical Issue,Medium,42,Resolved,4
TICK0000818,CUST00321,2024-04-11,Integration,Low,44,Resolved,5
TICK0000819,CUST00322,2025-05-17,Feature Request,Low,66,Resolved,4
TICK0000820,CUST00322,2025-12-23,How-To Question,Low,52,Resolved,3
TICK0000821,CUST00322,2026-06-25,how-to question,Low,13,Resolved,4
TICK0000822,CUST00323,2026-04-15,Billing,Urgent,14,Resolved,5
TICK0000823,CUST00325,2026-04-10,Integration,Low,30,Resolved,3
TICK0000824,CUST00326,2026-02-01,Feature Request,Medium,29,Resolved,2
TICK0000825,CUST00326,2026-06-29,Feature Request,Low,91,Resolved,5
TICK0000826,CUST00326,2024-10-19,Billing,Low,20,Resolved,1
TICK0000827,CUST00327,2025-12-07,Bug Report,Low,46,Open,3
TICK0000828,CUST00327,2026-01-12,How-To Question,Urgent,16,Resolved,5
TICK0000829,CUST00327,2026-05-14,Account Access,Medium,55,Resolved,3
TICK0000830,CUST00327,2025-10-29,Technical Issue,Medium,63,Resolved,5
TICK0000831,CUST00328,2026-06-30,Technical Issue,High,34,Resolved,4
TICK0000832,CUST00330,2026-01-18,Bug Report,Low,91,Resolved,4
TICK0000833,CUST00332,2026-09-08,How-To Question,Low,88,Resolved,4
TICK0000834,CUST00333,2025-06-08,Feature Request,Medium,21,Open,5
TICK0000835,CUST00334,2026-04-12,Bug Report,Low,40,Resolved,5
TICK0000836,CUST00334,2026-05-01,Technical Issue,Low,30,Resolved,4
TICK0000837,CUST00334,2025-07-21,Feature Request,Medium,34,Resolved,5
TICK0000838,CUST00334,2026-04-02,Billing,Medium,49,Open,5
TICK0000839,CUST00336,2026-01-01,How-To Question,High,15,Resolved,5
TICK0000840,CUST00336,2026-04-21,Account Access,Low,84,Resolved,3
TICK0000841,CUST00337,2026-02-01,Feature Request,Medium,34,Resolved,2
TICK0000842,CUST00339,2026-09-13,Billing,Low,103,Resolved,5
TICK0000843,CUST00339,2025-06-18,Billing,Low,87,Resolved,4
TICK0000844,CUST00339,2025-10-22,Technical Issue,Medium,23,Pending,4
TICK0000845,CUST00339,2025-05-27,How-To Question,Medium,35,Resolved,3
TICK0000846,CUST00340,2025-02-20,Performance,Medium,73,Resolved,3
TICK0000847,CUST00340,2025-03-10,How-To Question,Low,84,Resolved,2
TICK0000848,CUST00342,2025-11-20,Technical Issue,Medium,34,Resolved,5
TICK0000849,CUST00342,2025-04-09,Bug Report,Low,74,Resolved,5
TICK0000850,CUST00342,2025-02-11,Performance,Low,52,Resolved,2
TICK0000851,CUST00343,2026-09-08,Technical Issue,High,27,Resolved,5
TICK0000852,CUST00344,2025-10-12,Feature Request,Low,37,Resolved,5
TICK0000853,CUST00344,2026-09-12,Feature Request,Low,34,Resolved,3
TICK0000854,CUST00345,2025-11-11,Performance,Low,82,Resolved,4
TICK0000855,CUST00345,2025-12-15,Integration,Medium,116,Resolved,1
TICK0000856,CUST00345,2026-05-25,Account Access,High,43,Resolved,1
TICK0000857,CUST00345,2026-08-31,Integration,Low,117,Resolved,2
TICK0000858,CUST00345,2026-03-22,Performance,low,21,Resolved,1
TICK0000859,CUST00345,2025-07-01,Performance,Medium,97,Resolved,4
TICK0000860,CUST00345,2025-06-16,Bug Report,Low,188,Resolved,5
TICK0000861,CUST00345,2025-10-18,Integration,Low,82,Resolved,2
TICK0000862,CUST00345,2025-12-20,Account Access,Medium,119,Resolved,5
TICK0000863,CUST00345,2025-12-27,Performance,Low,179,Resolved,1
TICK0000864,CUST00347,2026-06-22,Technical Issue,Low,12,Resolved,5
TICK0000865,CUST00347,2026-03-24,Billing,Low,48,Resolved,5
TICK0000866,CUST00347,2026-09-15,Bug Report,Low,15,Resolved,4
TICK0000867,CUST00348,2026-02-02,Integration,High,21,Open,4
TICK0000868,CUST00348,03/30/2026,How-To Question,Medium,50,Resolved,4
TICK0000869,CUST00349,2024-08-17,Integration,Medium,60,Resolved,5
TICK0000870,CUST00349,2026-01-20,Account Access,Low,40,Resolved,4
TICK0000871,CUST00349,2025-06-10,Bug Report,Medium,47,Resolved,5
TICK0000872,CUST00350,2024-07-06,Performance,Medium,42,Resolved,1
TICK0000873,CUST00350,2025-10-13,Feature Request,High,29,Resolved,3
TICK0000874,CUST00350,2025-08-31,Billing,Medium,73,Pending,3
TICK0000875,CUST00350,2025-01-24,Feature Request,Low,103,Resolved,4
TICK0000876,CUST00351,2026-01-11,Integration,Medium,106,Resolved,1
TICK0000877,CUST00351,2026-06-01,Performance,Low,158,Resolved,1
TICK0000878,CUST00351,2024-10-15,Technical Issue,High,43,Resolved,2
TICK0000879,CUST00351,2026-07-21,Bug Report,Low,120,Resolved,2
TICK0000880,CUST00351,2024-02-02,Integration,High,46,Resolved,2
TICK0000881,CUST00351,2025-03-24,Performance,Medium,129,Resolved,2
TICK0000882,CUST00352,2024-11-06,How-To Question,Medium,50,Resolved,2
TICK0000883,CUST00352,2025-11-09,Feature Request,Low,74,Resolved,2
TICK0000884,CUST00352,2024-12-20,How-To Question,Low,73,Resolved,4
TICK0000885,CUST00352,2025-08-22,Billing,Low,69,Resolved,4
TICK0000886,CUST00352,2025-06-11,Billing,Low,67,Resolved,5
TICK0000887,CUST00352,2024-07-08,How-To Question,High,22,Resolved,3
TICK0000888,CUST00353,2025-07-20,bug report,Low,120,Resolved,5
TICK0000889,CUST00354,2025-05-16,Feature Request,Low,148,Resolved,5
TICK0000890,CUST00354,2026-05-26,Performance,Medium,41,Resolved,4
TICK0000891,CUST00354,2024-09-25,Account Access,High,9,Resolved,3
TICK0000892,CUST00355,2024-12-03,Technical Issue,Low,150,Resolved,2
TICK0000893,CUST00355,2025-05-02,Integration,High,40,Resolved,2
TICK0000894,CUST00356,2026-09-02,Account Access,Low,52,Resolved,5
TICK0000895,CUST00356,2026-08-03,Performance,Medium,64,Resolved,3
TICK0000896,CUST00356,09/04/2026,Account Access,Medium,62,Resolved,3
TICK0000897,CUST00356,2026-09-08,Integration,Low,67,Resolved,5
TICK0000898,CUST00357,2026-01-08,Technical Issue,Medium,55,Resolved,4
TICK0000899,CUST00357,2025-12-26,How-To Question,Medium,66,Resolved,5
TICK0000900,CUST00357,2025-11-25,performance,High,7,Resolved,4
TICK0000901,CUST00358,2026-06-04,Bug Report,Medium,87,Resolved,
TICK0000902,CUST00358,2026-01-11,Bug Report,Low,33,Resolved,2
TICK0000903,CUST00358,2026-08-07,Bug Report,Medium,178,Resolved,5
TICK0000904,CUST00358,2026-03-09,Account Access,MEDIUM,43,Resolved,3
TICK0000905,CUST00358,2026-05-11,Account Access,Low,150,Resolved,3
TICK0000906,CUST00359,2025-06-26,Account Access,High,17,Pending,4
TICK0000907,CUST00359,2025-05-26,How-To Question,Low,87,Resolved,4
TICK0000908,CUST00359,2025-02-23,Bug Report,Low,51,Resolved,5
TICK0000909,CUST00359,2025-02-06,Feature Request,Low,125,Resolved,4
TICK0000910,CUST00360,2025-02-23,Technical Issue,Low,51,Resolved,2
TICK0000911,CUST00360,2025-03-25,Bug Report,Medium,70,Resolved,5
TICK0000912,CUST00360,2025-06-01,Feature Request,Medium,66,Resolved,4
TICK0000913,CUST00361,2026-07-11,Feature Request,Low,50,Resolved,4
TICK0000914,CUST00361,2025-07-25,Feature Request,Medium,33,Resolved,3
TICK0000915,CUST00363,2025-04-06,Account Access,Low,43,Resolved,4
TICK0000916,CUST00363,2025-01-28,Bug Report,Medium,24,Open,5
TICK0000917,CUST00364,2025-05-10,Account Access,Low,12,Resolved,1
TICK0000918,CUST00364,2025-07-03,how-to question,Low,142,Resolved,3
TICK0000919,CUST00365,2026-05-07,Billing,Low,49,Resolved,5
TICK0000920,CUST00365,2026-03-04,Performance,Urgent,16,Resolved,5
TICK0000921,CUST00365,2026-07-31,Billing,Low,50,Resolved,4
TICK0000922,CUST00365,2025-08-31,Billing,High,42,Resolved,5
TICK0000923,CUST00365,2026-04-03,Feature Request,Medium,32,Pending,2
TICK0000924,CUST00366,2025-01-19,How-To Question,Medium,41,resolved,3
TICK0000925,CUST00366,2026-03-06,Account Access,Medium,8,Resolved,3
TICK0000926,CUST00366,2024-09-04,Technical Issue,Medium,56,Resolved,4
TICK0000927,CUST00367,2026-07-20,How-To Question,Medium,66,Resolved,5
TICK0000928,CUST00367,2026-03-14,Bug Report,Low,93,Resolved,4
TICK0000929,CUST00368,2026-09-11,How-To Question,Low,47,Resolved,4
TICK0000930,CUST00368,2026-06-09,Account Access,Medium,54,Resolved,5
TICK0000931,CUST00369,2025-10-03,Performance,Low,116,Resolved,4
TICK0000932,CUST00370,2025-03-04,Technical Issue,Medium,71,Resolved,5
TICK0000933,CUST00370,2025-04-18,Account Access,Low,78,Resolved,4
TICK0000934,CUST00370,2025-08-26,Technical Issue,Medium,24,Resolved,4
TICK0000935,CUST00371,2024-12-14,Billing,Medium,23,Resolved,3
TICK0000936,CUST00372,2025-08-07,Feature Request,Low,142,Resolved,4
TICK0000937,CUST00372,2025-10-07,Integration,Urgent,6,Resolved,4
TICK0000938,CUST00372,2025-07-25,How-To Question,Medium,68,Open,3
TICK0000939,CUST00372,2025-08-13,Billing,High,9,Resolved,4
TICK0000940,CUST00373,2026-08-06,Performance,Low,67,Open,2
TICK0000941,CUST00373,2026-05-11,Performance,Urgent,28,Resolved,2
TICK0000942,CUST00373,2026-06-25,Technical Issue,Medium,86,Resolved,2
TICK0000943,CUST00373,2026-05-30,Bug Report,Medium,54,Pending,2
TICK0000944,CUST00374,2025-03-24,Billing,High,34,Resolved,5
TICK0000945,CUST00375,2025-12-20,Bug Report,Low,68,Resolved,3
TICK0000946,CUST00375,01/15/2026,How-To Question,Medium,31,Resolved,3
TICK0000947,CUST00376,2026-06-08,How-To Question,Low,64,Open,1
TICK0000948,CUST00376,2024-07-29,Performance,Medium,35,Resolved,1
TICK0000949,CUST00378,06/16/2025,Feature Request,High,42,Resolved,5
TICK0000950,CUST00378,2025-11-24,Feature Request,High,17,Resolved,5
TICK0000951,CUST00379,2026-09-16,Feature Request,Medium,13,Resolved,4
TICK0000952,CUST00379,2026-06-06,Feature Request,Medium,41,Resolved,3
TICK0000953,CUST00380,2025-11-09,Integration,Low,23,Resolved,5
TICK0000954,CUST00380,2024-09-14,Performance,Low,89,Resolved,4
TICK0000955,CUST00382,2026-08-16,Integration,Medium,27,Resolved,3
TICK0000956,CUST00382,2025-04-03,Bug Report,Medium,10,Resolved,5
TICK0000957,CUST00382,2026-07-06,Feature Request,Low,99,Resolved,5
TICK0000958,CUST00382,2025-02-02,Performance,Low,86,Resolved,5
TICK0000959,CUST00382,2025-07-17,account access,Low,58,Resolved,5
TICK0000960,CUST00383,2024-11-04,Bug Report,MEDIUM,58,Resolved,1
TICK0000961,CUST00383,2026-04-26,how-to question,Low,76,Resolved,5
TICK0000962,CUST00383,2026-04-01,Feature Request,Low,72,Resolved,4
TICK0000963,CUST00384,2025-05-21,Technical Issue,Low,12,Resolved,3
TICK0000964,CUST00386,2026-07-06,Integration,Medium,34,Resolved,4
TICK0000965,CUST00386,2026-06-24,How-To Question,Low,91,Resolved,2
TICK0000966,CUST00388,2025-12-10,How-To Question,High,31,Resolved,4
TICK0000967,CUST00388,2025-08-18,Feature Request,Low,86,Resolved,5
TICK0000968,CUST00389,2025-12-14,Account Access,Low,110,Resolved,5
TICK0000969,CUST00390,2026-06-12,Account Access,Low,68,Resolved,4
TICK0000970,CUST00390,2026-09-04,Bug Report,Low,62,Resolved,5
TICK0000971,CUST00390,07/07/2026,Technical Issue,High,16,Resolved,4
TICK0000972,CUST00391,2026-08-22,Integration,Low,107,Open,4
TICK0000973,CUST00391,2026-03-31,Performance,Low,63,Resolved,1
TICK0000974,CUST00391,2026-09-20,Bug Report,Medium,54,Resolved,1
TICK0000975,CUST00391,2025-07-15,Technical Issue,Low,88,Resolved,3
TICK0000976,CUST00392,2025-08-05,Technical Issue,Medium,47,Resolved,2
TICK0000977,CUST00392,2025-11-23,Bug Report,Medium,30,Resolved,5
TICK0000978,CUST00393,2025-08-19,Billing,Low,43,Resolved,4
TICK0000979,CUST00393,2025-01-22,Performance,Medium,30,Resolved,3
TICK0000980,CUST00393,2026-05-20,How-To Question,Low,66,Resolved,3
TICK0000981,CUST00394,2026-04-10,Bug Report,Low,56,Open,5
TICK0000982,CUST00394,2025-04-20,Billing,Low,71,Resolved,4
TICK0000983,CUST00395,2026-08-21,Billing,Medium,73,resolved,1
TICK0000984,CUST00397,2026-05-13,Feature Request,Low,112,Pending,2
TICK0000985,CUST00398,2025-09-27,Performance,Medium,55,Resolved,3
TICK0000986,CUST00398,2024-08-15,Performance,Medium,16,Resolved,5
TICK0000987,CUST00398,2024-05-08,Integration,Low,75,Resolved,5
TICK0000988,CUST00399,2026-07-26,Performance,High,20,Resolved,5
TICK0000989,CUST00399,2026-06-11,How-To Question,High,21,Resolved,3
TICK0000990,CUST00399,2025-12-11,Billing,Low,68,Resolved,4
TICK0000991,CUST00399,2025-01-29,Feature Request,Medium,44,Resolved,5
TICK0000992,CUST00400,2024-03-17,Billing,Medium,22,Resolved,4
TICK0000993,CUST00400,2024-07-20,Performance,Medium,40,Resolved,3
TICK0000994,CUST00401,2026-08-26,Feature Request,Low,55,Resolved,5
TICK0000995,CUST00401,2025-02-27,Technical Issue,Low,85,Resolved,4
TICK0000996,CUST00402,2026-06-13,How-To Question,Low,71,Resolved,1
TICK0000997,CUST00402,2025-08-21,Feature Request,Low,46,Resolved,5
TICK0000998,CUST00402,2025-01-29,Performance,Medium,67,Resolved,3
TICK0000999,CUST00403,2026-02-16,How-To Question,Low,15,Resolved,5
TICK0001000,CUST00403,2025-03-02,How-To Question,Medium,41,Pending,4
TICK0001001,CUST00403,2025-01-02,How-To Question,Low,44,Resolved,4
TICK0001002,CUST00404,2026-07-04,Billing,High,40,Resolved,4
TICK0001003,CUST00404,2026-07-23,FEATURE REQUEST,High,19,Resolved,5
TICK0001004,CUST00405,2026-05-28,Performance,Low,67,Resolved,4
TICK0001005,CUST00405,2025-10-10,How-To Question,High,12,Resolved,3
TICK0001006,CUST00405,2026-06-23,Billing,Medium,44,Resolved,5
TICK0001007,CUST00407,2025-06-11,Account Access,Low,47,Resolved,4
TICK0001008,CUST00407,2026-07-02,How-To Question,Low,139, PENDING,5
TICK0001009,CUST00408,07/13/2026,Account Access,Low,87,Resolved,4
TICK0001010,CUST00409,2025-10-10,Technical Issue,Medium,45,Pending,5
TICK0001011,CUST00409,2025-03-26,Account Access,Medium,54,Resolved,5
TICK0001012,CUST00410,2025-06-23,Performance,Low,63,Resolved,2
TICK0001013,CUST00410,2025-08-13,Account Access,Low,131,Resolved,4
TICK0001014,CUST00410,2025-07-18,Account Access,High,40,Resolved,4
TICK0001015,CUST00410,2025-07-07,Integration,Low,188,Resolved,1
TICK0001016,CUST00410,2025-04-26,Account Access,Medium,85,Resolved,3
TICK0001017,CUST00411,2026-02-02,Performance,Low,45,Resolved,4
TICK0001018,CUST00411,2026-03-31,Performance,Low,24,Resolved,4
TICK0001019,CUST00411,2026-07-09,Feature Request,Low,71,Resolved,5
TICK0001020,CUST00412,2024-09-01,Billing,Medium,53,Resolved,5
TICK0001021,CUST00412,2025-01-18,Billing,Low,65,Resolved,5
TICK0001022,CUST00412,2025-07-03,How-To Question,Low,108,Resolved,5
TICK0001023,CUST00413,2026-06-28,Technical Issue,Medium,122,Resolved,2
TICK0001024,CUST00413,2026-02-20,Account Access,Low,97,Resolved,1
TICK0001025,CUST00413,2025-06-05,Bug Report,High,22,Pending,1
TICK0001026,CUST00413,2025-07-24,Technical Issue,Medium,66,Resolved,2
TICK0001027,CUST00413,2024-11-19,Account Access,Low,73,Resolved,2
TICK0001028,CUST00414,2026-05-18,Bug Report,Urgent,14,Resolved,4
TICK0001029,CUST00414,2024-04-28,Feature Request,High,5,Resolved,4
TICK0001030,CUST00414,2024-06-25,How-To Question,Low,75,Resolved,5
TICK0001031,CUST00414,2026-08-26,Technical Issue,Medium,68,Resolved,5
TICK0001032,CUST00415,2026-07-12,How-To Question,Medium,9,Resolved,5
TICK0001033,CUST00415,2026-04-05,Performance,Low,93,Pending,2
TICK0001034,CUST00415,2026-04-29,Account Access,Medium,83,Resolved,4
TICK0001035,CUST00416,2026-03-28,Billing,Low,19,Resolved,4
TICK0001036,CUST00418,2026-02-12,Account Access,Medium,58,Resolved,2
TICK0001037,CUST00418,2026-03-26,Technical Issue,Medium,24,Pending,3
TICK0001038,CUST00419,2025-11-05,Performance,Medium,85,Resolved,2
TICK0001039,CUST00419,11/25/2025,Performance,High,69,Pending,4
TICK0001040,CUST00419,2025-12-23,Bug Report,Low,81,Resolved,2
TICK0001041,CUST00419,2025-10-11,Account Access,Low,118,Resolved,2
TICK0001042,CUST00419,2025-11-06,Integration,High,17,Open,4
TICK0001043,CUST00419,2026-05-21,Technical Issue,High,42,Resolved,2
TICK0001044,CUST00420,2024-02-04,Bug Report,Low,106,Resolved,4
TICK0001045,CUST00421,2026-09-20,Feature Request,Medium,48,Resolved,5
TICK0001046,CUST00422,2025-12-31,Billing,Low,21,Resolved,5
TICK0001047,CUST00422,2025-07-07,Integration,Low,64,Resolved,5
TICK0001048,CUST00424,2025-09-13,Billing,Medium,44,Resolved,4
TICK0001049,CUST00424,2026-04-05,Billing,Low,59,Resolved,4
TICK0001050,CUST00424,2026-03-24,Performance,Low,42,Resolved,5
TICK0001051,CUST00425,2026-03-22,Feature Request,Medium,41,Resolved,4
TICK0001052,CUST00426,2025-11-02,How-To Question,Low,73,Resolved,5
TICK0001053,CUST00427,2025-06-05,Bug Report,Low,122,Resolved,2
TICK0001054,CUST00427,2026-01-19,Performance,Medium,65,Resolved,2
TICK0001055,CUST00427,2025-04-09,Integration,Low,152,Open,1
TICK0001056,CUST00427,2024-06-22,Account Access,Low,184,Pending,4
TICK0001057,CUST00427,2025-06-18,Performance,Low,51,Resolved,2
TICK0001058,CUST00428,2025-11-06,Feature Request,Urgent,12,Resolved,1
TICK0001059,CUST00428,2025-11-24,Billing,Medium,48,Resolved,5
TICK0001060,CUST00428,2025-12-08,Billing,Medium,62,Resolved,4
TICK0001061,CUST00429,2026-08-10,Account Access,Medium,84,Pending,1
TICK0001062,CUST00429,2026-08-18,Feature Request,High,23,Resolved,3
TICK0001063,CUST00429,2026-09-20,Feature Request,Low,78,Resolved,3
TICK0001064,CUST00429,2026-06-25,How-To Question,Medium,62,Resolved,5
TICK0001065,CUST00429,2026-07-20,How-To Question,Medium,70,Open,5
TICK0001066,CUST00430,2026-05-12,Performance,Low,12,Resolved,4
TICK0001067,CUST00432,2026-08-23,Account Access,Medium,35,Open,4
TICK0001068,CUST00432,2026-06-27,How-To Question,Medium,52,Resolved,4
TICK0001069,CUST00432,2026-06-05,Account Access,Low,59,Resolved,4
TICK0001070,CUST00433,2025-12-14,How-To Question,Low,78,Resolved,2
TICK0001071,CUST00434,2026-03-27,Bug Report,Medium,42,Resolved,5
TICK0001072,CUST00434,2026-08-19,Billing,Low,63,Resolved,5
TICK0001073,CUST00435,2025-03-17,Feature Request,High,34,Resolved,3
TICK0001074,CUST00436,2026-05-23,Technical Issue,Low,46,Pending,5
TICK0001075,CUST00436,2025-02-14,Performance,Low,54,Resolved,3
TICK0001076,CUST00436,2026-03-12,Account Access,Medium,38,Resolved,3
TICK0001077,CUST00437,2025-09-27,How-To Question,Low,81,Resolved,1
TICK0001078,CUST00437,2024-12-02,Integration,low,56,Resolved,5
TICK0001079,CUST00437,2024-11-12,Billing,Urgent,17,Resolved,5
TICK0001080,CUST00437,2025-04-13,Performance,Low,95,Resolved,3
TICK0001081,CUST00437,2024-05-10,Bug Report,Medium,57,Resolved,5
TICK0001082,CUST00437,2024-01-10,Bug Report,Medium,38,Resolved,5
TICK0001083,CUST00438,2026-09-14,Account Access,Low,85,Resolved,2
TICK0001084,CUST00438,2026-08-20,How-To Question,Medium,36,Resolved,3
TICK0001085,CUST00439 ,2026-04-13,Bug Report,Low,108,Resolved,4
TICK0001086,CUST00439,2026-01-29,How-To Question,Medium,29,Resolved,5
TICK0001087,CUST00439,2025-01-13,Integration,Medium,24,Resolved,3
TICK0001088,CUST00439,2026-02-20,Billing,Low,81,Resolved,3
TICK0001089,CUST00439,2025-10-10,How-To Question,Medium,61,Resolved,4
TICK0001090,CUST00440,2024-12-26,Billing,Low,115,Resolved,4
TICK0001091,CUST00440,2025-07-09,Account Access,Low,84,Resolved,3
TICK0001092,CUST00440,2024-06-14,Feature Request,Medium,69,Resolved,5
TICK0001093,CUST00441,2023-10-24,How-To Question,Low,59,Resolved,4
TICK0001094,CUST00441,2024-11-04,Billing,Low,80,Resolved,4
TICK0001095,CUST00441,2024-11-10,Billing,Low,130,Resolved,3
TICK0001096,CUST00441,07/05/2024,Feature Request,High,16,Resolved,2
TICK0001097,CUST00441,2024-10-17,Performance,Low,53,Resolved,4
TICK0001098,CUST00442,2026-02-14,Integration,Medium,61,Resolved,3
TICK0001099,CUST00442,2025-12-05,Integration,Medium,124,Resolved,1
TICK0001100,CUST00442,2026-07-19,Performance,High,30,Resolved,1
TICK0001101,CUST00442,2026-04-08,Account Access,High,50,Resolved,1
TICK0001102,CUST00444,2026-09-19,How-To Question,Medium,39,Resolved,4
TICK0001103,CUST00444,2024-05-31,Feature Request,High,33,Resolved,4
TICK0001104,CUST00445,06/11/2026,Integration,Urgent,17,Resolved,5
TICK0001105,CUST00446,2026-07-28,Technical Issue,Low,159,Resolved,2
TICK0001106,CUST00446,2026-01-25,Integration,Low,199,Resolved,3
TICK0001107,CUST00446,2025-11-22,Integration,Low,66,Resolved,5
TICK0001108,CUST00446,2026-04-03,Technical Issue,Low,92,Resolved,3
TICK0001109,CUST00446,2026-06-25,Account Access,Medium,20,Pending,2
TICK0001110,CUST00447,2026-06-04,How-To Question,Medium,36,Resolved,1
TICK0001111,CUST00447,2026-07-15,Technical Issue,Medium,69,Resolved,1
TICK0001112,CUST00448,2026-05-13,Performance,Medium,66,Resolved,1
TICK0001113,CUST00448,2025-09-23,Performance,Low,18,Resolved,2
TICK0001114,CUST00448,2026-01-21,Integration,Medium,111,Resolved,2
TICK0001115,CUST00448,2025-10-11,Technical Issue,Low,174,Open,2
TICK0001116,CUST00449,2026-09-13,Performance,Medium,29,Resolved,3
TICK0001117,CUST00450,2025-03-19,Technical Issue,Medium,72,Resolved,1
TICK0001118,CUST00450,2024-11-10,Performance,High,38,Resolved,1
TICK0001119,CUST00450,2024-12-07,Account Access,Low,33,Resolved,3
TICK0001120,CUST00450,2024-10-18,Performance,Medium,73,Resolved,1
TICK0001121,CUST00450,2025-02-02,Integration,Low,137,Resolved,2
TICK0001122,CUST00451,2026-07-27,Technical Issue,High,20,Resolved,4
TICK0001123,CUST00451,2026-03-11,Integration,Low,64,Resolved,5
TICK0001124,CUST00452,2026-06-16,Billing,High,19,Resolved,5
TICK0001125,CUST00453,2026-07-20,Billing,Medium,42,Resolved,4
TICK0001126,CUST00453,2026-08-14,Billing,Medium,51,Resolved,5
TICK0001127,CUST00454,2026-05-24,Bug Report,Low,19,Resolved,1
TICK0001128,CUST00454,2026-07-10,Integration,High,36,Resolved,4
TICK0001129,CUST00454,2026-07-20,Performance,Medium,85,Resolved,4
TICK0001130,CUST00454,2026-06-11,Integration,High,43,Resolved,3
TICK0001131,CUST00455,2026-06-20,Integration,Low,96,Resolved,5
TICK0001132,CUST00456,2026-09-20,How-To Question,Low,54,Resolved,5
TICK0001133,CUST00456,2026-08-29,Feature Request,Low,42,Resolved,3
TICK0001134,CUST00457,2025-08-01,Feature Request,Low,127,Pending,2
TICK0001135,CUST00458,2026-07-01,Integration,High,18,Resolved,1
TICK0001136,CUST00458,2025-05-27,Technical Issue,Medium,42,Resolved,1
TICK0001137,CUST00459,2024-09-25,Account Access,Low,85,Resolved,3
TICK0001138,CUST00459,2025-08-04,Feature Request,Low,70,Pending,5
TICK0001139,CUST00459,2024-02-14,Feature Request,Low,82,Resolved,4
TICK0001140,CUST00460,2025-01-02,How-To Question,Low,41,Resolved,4
TICK0001141,CUST00462,2024-08-29,Feature Request,Medium,74,Open,3
TICK0001142,CUST00462,2025-12-24,Feature Request,Medium,30,Resolved,4
TICK0001143,CUST00464,2026-05-26,Performance,Medium,63,Resolved,1
TICK0001144,CUST00464,2026-06-06,Bug Report,Low,96,Resolved,4
TICK0001145,CUST00464,2026-07-08,Performance,Medium,73,Resolved,5
TICK0001146,CUST00465,2025-05-07,Account Access,High,53,Resolved,3
TICK0001147,CUST00465,2026-01-11,Bug Report,Medium,88,Pending,2
TICK0001148,CUST00465,2025-08-27,Integration,Medium,176,Resolved,1
TICK0001149,CUST00465,2026-03-13,Performance,Medium,39,Resolved,1
TICK0001150,CUST00466,2026-09-15,Technical Issue,Medium,31,resolved,3
TICK0001151,CUST00467,2025-10-30,FEATURE REQUEST,Low,83,Resolved,4
TICK0001152,CUST00467,2026-06-03,How-To Question,Medium,30,Open,5
TICK0001153,CUST00467,2026-09-09,How-To Question,Urgent,23,Resolved,5
TICK0001154,CUST00467,2026-05-18,Billing,Medium,64,Resolved,3
TICK0001155,CUST00467,2026-01-22,Billing,Medium,44,Resolved,5
TICK0001156,CUST00471,2025-05-26,Integration,Low,55,Resolved,4
TICK0001157,CUST00471,2025-08-15,Performance,Low,69,Resolved,4
TICK0001158,CUST00472,2025-05-20,Performance,High,10,Resolved,4
TICK0001159,CUST00472,2026-07-09,Billing,Low,18,Resolved,5
TICK0001160,CUST00473,2025-03-04,Performance,High,7,Resolved,1
TICK0001161,CUST00473,2025-04-18,Account Access,Low,58,Resolved,2
TICK0001162,CUST00473,2025-04-26,Integration,Low,167,Resolved,1
TICK0001163,CUST00473,2025-05-27,Account Access,Low,148,Resolved,2
TICK0001164,CUST00473,2025-04-08,Account Access,Medium,45,Resolved,4
TICK0001165,CUST00473,2025-04-17,Technical Issue,Medium,62,Resolved,1
TICK0001166,CUST00474,2026-06-01,How-To Question,Low,76,Resolved,3
TICK0001167,CUST00474,2026-03-24,How-To Question,Medium,51,Open,5
TICK0001168,CUST00474,2025-10-02,Feature Request,High,14,Open,5
TICK0001169,CUST00474,2025-09-05,Performance,Urgent,13,Resolved,3
TICK0001170,CUST00474,2026-02-03,Performance,low,136,Resolved,4
TICK0001171,CUST00474,2026-05-19,Feature Request,Low,77,Resolved,4
TICK0001172,CUST00475,2026-08-03,Feature Request,Medium,59,Resolved,4
TICK0001173,CUST00475,2026-08-13,Performance,Low,83,Resolved,2
TICK0001174,CUST00475,2026-09-21,Performance,Low,12,Resolved,2
TICK0001175,CUST00475,2026-08-03,Performance,Low,42,Resolved,1
TICK0001176,CUST00476,2026-06-15,Account Access,Medium,30,Resolved,2
TICK0001177,CUST00476,2026-05-24,Billing,High,11,Resolved,3
TICK0001178,CUST00477,2026-04-11,Account Access,Low,86,Resolved,4
TICK0001179,CUST00478,2025-09-11,How-To Question,Low,67,Resolved,4
TICK0001180,CUST00478,2025-07-31,Bug Report,Low,12,Resolved,5
TICK0001181,CUST00478,2025-10-14,Billing,Medium,45,Resolved,2
TICK0001182,CUST00479,2025-02-18,Feature Request,Medium,53,Resolved,3
TICK0001183,CUST00480,2026-01-11,Account Access,High,31,Resolved,5
TICK0001184,CUST00480,2026-04-28,Performance,Medium,32,Resolved,5
TICK0001185,CUST00480,2025-02-14,Technical Issue,Medium,43,Resolved,4
TICK0001186,CUST00481,2025-11-11,Billing,Low,37,Resolved,5
TICK0001187,CUST00481,2026-03-02,Feature Request,Low,96,Resolved,5
TICK0001188,CUST00481,2026-08-22,How-To Question,High,16,Resolved,3
TICK0001189,CUST00482,2025-07-25,Billing,Medium,61,Resolved,2
TICK0001190,CUST00482,2026-08-20,Billing,Low,98,Resolved,5
TICK0001191,CUST00483,2026-04-28,Technical Issue,Low,75,Pending,5
TICK0001192,CUST00483,2026-05-05,Performance,Low,69,Resolved,5
TICK0001193,CUST00483,2026-09-23,How-To Question,Medium,18,Resolved,5
TICK0001194,CUST00484,2026-06-06,Performance,High,29,Resolved,5
TICK0001195,CUST00485,2026-07-22,Account Access,Medium,35,Resolved,4
TICK0001196,CUST00485,2026-03-06,Account Access,Low,79,Resolved,5
TICK0001197,CUST00485,2026-05-06,Feature Request,Low,60,Resolved,2
TICK0001198,CUST00485,2026-08-13,How-To Question,High,27,Resolved,4
TICK0001199,CUST00485,2026-07-11,How-To Question,Low,52,Resolved,4
TICK0001200,CUST00485,2026-06-09,Account Access,Medium,50,Resolved,4
TICK0001201,CUST00486,2026-09-21,Performance,Low,67,Resolved,
TICK0001202,CUST00486,2025-11-18,Billing,Low,113,Resolved,4
TICK0001203,CUST00486,2026-05-18,Technical Issue,Medium,52,Resolved,4
TICK0001204,CUST00487,2026-05-28,Performance,Low,84,Resolved,4
TICK0001205,CUST00487,2026-04-10,Bug Report,High,9,resolved,4
TICK0001206,CUST00487,2026-06-29,Integration,Urgent,12,Resolved,4
TICK0001207,CUST00487,2026-06-12,Integration,Medium,65,Resolved,5
TICK0001208,CUST00487,2026-08-09,Integration,Low,46,Pending,5
TICK0001209,CUST00488,2026-04-21,Feature Request,Medium,50,Resolved,2
TICK0001210,CUST00488,2026-07-09,How-To Question,Medium,56,Resolved,3
TICK0001211,CUST00488,2026-06-07,Account Access,Low,67,Resolved,2
TICK0001212,CUST00489,2026-05-26,Technical Issue,Low,40,Resolved,4
TICK0001213,CUST00489,2026-09-03,Account Access,Low,55,Resolved,4
TICK0001214,CUST00490,2025-07-23,Feature Request,Low,12,Resolved,2
TICK0001215,CUST00490,2025-06-10,Feature Request,Medium,58,Resolved,1
TICK0001216,CUST00492,2026-09-06,Integration,Medium,67,Resolved,4
TICK0001217,CUST00492,2025-09-25,How-To Question,Medium,8,Pending,5
TICK0001218,CUST00493,2026-07-16,Bug Report,Medium,48,Resolved,4
TICK0001219,CUST00493,2026-06-26,Feature Request,Medium,28,Resolved,5
TICK0001220,CUST00494,2024-11-02,Performance,Low,82,Resolved,2
TICK0001221,CUST00494,2024-11-04,Bug Report,Low,148,Resolved,1
TICK0001222,CUST00494,2024-10-12,Integration,Medium,94,Resolved,2
TICK0001223,CUST00494,2024-11-24,Integration,Medium,115,Resolved,1
TICK0001224,CUST00494,2024-12-14,Performance,High,30,Resolved,3
TICK0001225,CUST00494,2024-10-30,Integration,High,52,Resolved,2
TICK0001226,CUST00494,2024-11-02,Bug Report,High,32,Resolved,2
TICK0001227,CUST00494,2024-10-13,Account Access,High,24,Resolved,1
TICK0001228,CUST00495,2026-07-26,Feature Request,Low,43,Resolved,4
TICK0001229,CUST00495,2024-06-29,Technical Issue,Medium,69,Resolved,5
TICK0001230,CUST00496,2026-01-07,Performance,Medium,40,Resolved,5
TICK0001231,CUST00497,2025-12-04,Feature Request,Urgent,11,Resolved,3
TICK0001232,CUST00497,2026-03-15,How-To Question,Medium,62,Resolved,5
TICK0001233,CUST00499,2025-04-20,Integration,Medium,50,Resolved,5
TICK0001234,CUST00499,2025-08-31,Billing,Urgent,8,Resolved,5
TICK0001235,CUST00500,2026-01-28,Integration,High,23,Resolved,5
TICK0001236,CUST00500,2026-08-06,Account Access,Low,56,Resolved,4
TICK0001237,CUST00501,2026-04-20,Account Access,Medium,64,Resolved,4
TICK0001238,CUST00501,2026-02-14,Account Access,High,24,Resolved,3
TICK0001239,CUST00501,2026-04-03,Feature Request,Medium,34,Resolved,5
TICK0001240,CUST00503,2026-03-31,Performance,Low,145,Resolved,2
TICK0001241,CUST00503,2026-06-22,Performance,Medium,82,Resolved,3
TICK0001242,CUST00503,2026-05-08,Technical Issue,Low,199,Resolved,3
TICK0001243,CUST00503,2026-02-25,Account Access,Low,124,Pending,1
TICK0001244,CUST00503,2026-04-15,Technical Issue,Low,97,Resolved,5
TICK0001245,CUST00504,2026-08-12,Technical Issue,Medium,29,Pending,5
TICK0001246,CUST00504,2026-08-12,Technical Issue,Low,75,Resolved,1
TICK0001247,CUST00505,2026-05-28,Billing,Low,66,Resolved,5
TICK0001248,CUST00505,2026-04-14,Feature Request,Medium,67,Resolved,3
TICK0001249,CUST00505,2026-07-08,Billing,Low,37,Resolved,4
TICK0001250,CUST00505,2026-04-28,Performance,High,29,Resolved,3
TICK0001251,CUST00506,2024-09-17,Billing,Low,61,Resolved,5
TICK0001252,CUST00506,2024-04-20,How-To Question,low,135,Pending,5
TICK0001253,CUST00509,2026-04-30,Account Access,Low,94,Resolved,4
TICK0001254,CUST00509,2026-07-06,Account Access,Low,66,Resolved,4
TICK0001255,CUST00509,2026-08-08,How-To Question,Medium,56,Resolved,3
TICK0001256,CUST00509,09/29/2025,Feature Request,Medium,60,Resolved,5
TICK0001257,CUST00510,2025-11-20,Bug Report,High,23,Resolved,3
TICK0001258,CUST00511,2026-06-20,Bug Report,Low,189,Resolved,1
TICK0001259,CUST00511,2026-08-30,Integration,Medium,96,Resolved,2
TICK0001260,CUST00511,2026-04-06,Technical Issue,Low,96,Resolved,1
TICK0001261,CUST00511,2026-04-30,Performance,Medium,69,Resolved,2
TICK0001262,CUST00511,2026-04-13,Bug Report,Medium,61,Resolved,1
TICK0001263,CUST00512,2025-07-23,Performance,Medium,30,Resolved,3
TICK0001264,CUST00512,2025-08-25,Performance,Low,114,Resolved,1
TICK0001265,CUST00512,2025-08-30,Feature Request,Medium,37,Resolved,4
TICK0001266,CUST00512,2026-09-09,Billing,Low,56,Resolved,1
TICK0001267,CUST00512,2025-02-27,Billing,Low,90,Resolved,4
TICK0001268,CUST00512,2025-02-18,Performance,Low,80,Resolved,3
TICK0001269,CUST00512,2025-12-10,Billing,Medium,11,Resolved,1
TICK0001270,CUST00513,2026-08-02,Integration,Low,68,Resolved,4
TICK0001271,CUST00514,2025-10-24,Integration,Low,80,Resolved,4
TICK0001272,CUST00514,2025-08-05,Bug Report,Low,233,Resolved,1
TICK0001273,CUST00514,2026-01-10,Technical Issue,Medium,71,Open,3
TICK0001274,CUST00514,2026-01-15,Integration,Low,67,Open,1
TICK0001275,CUST00514,2026-03-20,Technical Issue,High,10,Resolved,3
TICK0001276,CUST00514,2026-06-23,Technical Issue,Low,112,Resolved,2
TICK0001277,CUST00514,2026-09-14,Performance,Low,46,Resolved,3
TICK0001278,CUST00515,2025-08-19,Feature Request,Medium,19,Open,4
TICK0001279,CUST00516,2025-07-20,Billing,High,48,Resolved,4
TICK0001280,CUST00517,2026-08-27,Bug Report,Medium,70,Resolved,2
TICK0001281,CUST00517,2026-08-15,Account Access,Low,65,Resolved,2
TICK0001282,CUST00517,2026-09-07,Bug Report,Low,121,Resolved,5
TICK0001283,CUST00517,2026-08-24,Account Access,Medium,92,Resolved,3
TICK0001284,CUST00517,2026-08-21,Account Access,Medium,137,Resolved,2
TICK0001285,CUST00517,2026-09-14,Performance,Low,22,Resolved,1
TICK0001286,CUST00517,2026-09-15,Account Access,Low,153,Open,3
TICK0001287,CUST00517,2026-09-03,Performance,Medium,92,Resolved,1
TICK0001288,CUST00518,2025-12-31,Bug Report,Low,88,Resolved,4
TICK0001289,CUST00518,2026-09-05,Performance,Low,100,Resolved,5
TICK0001290,CUST00518,2026-03-18,Feature Request,Low,58,Resolved,2
TICK0001291,CUST00519,2026-09-17,Feature Request,Low,77,Resolved,4
TICK0001292,CUST00519,2026-08-13,How-To Question,Low,31,Pending,5
TICK0001293,CUST00519,2026-07-30,Technical Issue,Low,46,Resolved,5
TICK0001294,CUST00520,2026-06-05,Integration,Medium,52,Resolved,4
TICK0001295,CUST00521,2026-03-28,Account Access,High,25,Resolved,2
TICK0001296,CUST00521,2026-02-20,Bug Report,Low,178,Resolved,2
TICK0001297,CUST00521,2026-06-13,performance,Low,206,Resolved,3
TICK0001298,CUST00521,2026-08-19,Bug Report,High,38,Resolved,3
TICK0001299,CUST00521,2026-07-14,Performance,Low,133,Resolved,3
TICK0001300,CUST00522,2026-09-14,Technical Issue,Medium,32,Resolved,3
TICK0001301,CUST00522,2026-08-02,Billing,Medium,78,Resolved,5
TICK0001302,CUST00523,2026-05-11,Feature Request,Low,76,Pending,3
TICK0001303,CUST00524,2025-12-03,Account Access,Low,104,Resolved,5
TICK0001304,CUST00524,2026-06-16,Feature Request,Low,44,Resolved,4
TICK0001305,CUST00524,2026-03-16,Feature Request,Low,48,Resolved,5
TICK0001306,CUST00524,2026-08-25,Account Access,Low,99,Resolved,3
TICK0001307,CUST00525,2026-01-10,Account Access,High,36,Resolved,5
TICK0001308,CUST00526,2025-12-08,Performance,Low,50,Resolved,5
TICK0001309,CUST00526,02/11/2026,Performance,Medium,54,Resolved,5
TICK0001310,CUST00526,2025-01-24,Performance,Low,91,Resolved,4
TICK0001311,CUST00527,2026-09-17,Performance,Low,46,Resolved,4
TICK0001312,CUST00528,2026-09-04,Billing,Low,69,Resolved,5
TICK0001313,CUST00528,2026-08-23,Account Access,Medium,54,Resolved,5
TICK0001314,CUST00529,2026-01-06,Feature Request,Low,100,Resolved,3
TICK0001315,CUST00530,2026-04-25,Bug Report,High,22,Resolved,2
TICK0001316,CUST00531,2026-03-19,How-To Question,Urgent,12,Resolved,4
TICK0001317,CUST00531,2025-05-23,How-To Question,Low,82,Resolved,5
TICK0001318,CUST00531,2026-09-02,How-To Question,High,22,Pending,4
TICK0001319,CUST00531,2026-03-21,How-To Question,Low,99,Resolved,5
TICK0001320,CUST00533,2025-05-17,How-To Question,Medium,62,Resolved,4
TICK0001321,CUST00533,2026-08-01,Feature Request,High,18,Resolved,5
TICK0001322,CUST00534,2026-06-08,Performance,Medium,18,Open,5
TICK0001323,CUST00534,2026-07-11,performance,Medium,60,Resolved,5
TICK0001324,CUST00535,2026-03-20,Feature Request,Medium,95,Resolved,5
TICK0001325,CUST00535,2025-10-15,How-To Question,low,108,Resolved,3
TICK0001326,CUST00535,2026-06-13,Performance,Low,92,Resolved,2
TICK0001327,CUST00535,2026-06-23,Feature Request,Low,77,Resolved,2
TICK0001328,CUST00535,2025-11-29,Performance,High,30,Resolved,4
TICK0001329,CUST00535,2026-03-16,Billing,Low,66,Resolved,2
TICK0001330,CUST00536,2026-01-29,Performance,Low,80,Resolved,5
TICK0001331,CUST00536,2026-05-28,Billing,Medium,49,Resolved,5
TICK0001332,CUST00536,2025-11-06,Bug Report,Medium,64,Resolved,4
TICK0001333,CUST00536,2024-08-13,Feature Request,Medium,48,Resolved,4
TICK0001334,CUST00537,2023-12-19,Integration,Low,26,Resolved,1
TICK0001335,CUST00537,2025-11-15,Bug Report,Medium,35,Resolved,1
TICK0001336,CUST00537,2024-05-28,Technical Issue,Low,126,Resolved,2
TICK0001337,CUST00537,2023-11-15,Performance,High,67,Resolved,2
TICK0001338,CUST00537,2025-05-30,Integration,Low,75,Resolved,1
TICK0001339,CUST00537,2025-03-29,Integration,Low,59,Resolved,1
TICK0001340,CUST00537,2025-10-08,Technical Issue,Low,81,Resolved,3
TICK0001341,CUST00537,2025-02-12,Account Access,Low,94,Open,4
TICK0001342,CUST00537,2025-10-05,Account Access,Medium,59,Resolved,2
TICK0001343,CUST00538,2025-04-20,Feature Request,High,4,Resolved,5
TICK0001344,CUST00538,2025-03-18,Feature Request,Low,115,Resolved,1
TICK0001345,CUST00539,2025-11-01,Bug Report,Medium,8,Resolved,5
TICK0001346,CUST00539,2025-07-06,Bug Report,Medium,68,Resolved,5
TICK0001347,CUST00540,2026-05-06,Technical Issue,Low,78,Resolved,5
TICK0001348,CUST00540,2026-05-01,How-To Question,Low,102,Resolved,5
TICK0001349,CUST00540,2026-07-09,Feature Request,Medium,54,Resolved,5
TICK0001350,CUST00540,2026-06-01,Feature Request,Low,96,Resolved,4
TICK0001351,CUST00540,2026-06-12,Billing,High,21,Resolved,3
TICK0001352,CUST00541,2025-10-07,Performance, high,41,Pending,3
TICK0001353,CUST00542,2026-07-18,bug report,Medium,106,Resolved,1
TICK0001354,CUST00542,2026-08-03,Bug Report,Medium,109,Resolved,4
TICK0001355,CUST00542,2026-08-09,Account Access,Medium,12,Resolved,1
TICK0001356,CUST00543,2024-09-17,Performance,Low,78,Resolved,1
TICK0001357,CUST00543,06/02/2024,Bug Report,Medium,113,Resolved,3
TICK0001358,CUST00543,2023-12-28,Bug Report,Medium,75,Resolved,2
TICK0001359,CUST00543,2025-01-07,Bug Report,High,39,Resolved,3
TICK0001360,CUST00543,2024-12-18,Performance,Urgent,14,Open,1
TICK0001361,CUST00543,2025-05-01,Integration,Medium,12,Resolved,5
TICK0001362,CUST00543,2024-04-23,Technical Issue,Low,144,Resolved,3
TICK0001363,CUST00543,2025-11-15,Account Access,High,28,Resolved,3
TICK0001364,CUST00543,2023-12-23,Integration,High,49,Resolved,2
TICK0001365,CUST00544,2026-09-01,Performance,Medium,44,Open,5
TICK0001366,CUST00544,2026-07-14, billing,Medium,44,Pending,5
TICK0001367,CUST00544,2026-07-19,How-To Question,High,27,Resolved,5
TICK0001368,CUST00544,2026-09-04,Feature Request,High,16,Resolved,5
TICK0001369,CUST00545,2025-01-22,Technical Issue,Medium,50,Open,5
TICK0001370,CUST00545,2025-06-17,Bug Report,Low,58,Resolved,3
TICK0001371,CUST00546,2024-03-03,Performance,Low,127,Resolved,4
TICK0001372,CUST00548,2024-04-21,Integration,Low,72,Resolved,5
TICK0001373,CUST00548,2024-06-09,Performance,Low,49,Resolved,5
TICK0001374,CUST00549,2026-03-10,Technical Issue,Low,16,Resolved,4
TICK0001375,CUST00549,2026-06-29,Billing,High,26,Resolved,3
TICK0001376,CUST00550,2025-10-09,Performance,Low,42,Resolved,5
TICK0001377,CUST00550,2026-07-11,Account Access,Medium,38,Resolved,5
TICK0001378,CUST00550,2025-09-13,Account Access,Medium,40,Resolved,4
TICK0001379,CUST00551,2026-06-15,Bug Report,Low,124,Resolved,4
TICK0001380,CUST00551,2025-11-09,Integration,High,24,Resolved,5
TICK0001381,CUST00552,2026-06-24,Bug Report,Low,60,Resolved,5
TICK0001382,CUST00552,2026-06-12,Technical Issue,Medium,29,Resolved,5
TICK0001383,CUST00553,2026-08-17,Performance,Medium,78,Resolved,5
TICK0001384,CUST00553,2026-07-24,How-To Question,Medium,47,Resolved,4
TICK0001385,CUST00554,2025-09-04,Billing,Medium,33,Resolved,5
TICK0001386,CUST00554,2026-03-19,Feature Request,Low,68,Resolved,3
TICK0001387,CUST00555,2026-06-14,Account Access,Medium,75,Resolved,4
TICK0001388,CUST00555,2026-07-11,Account Access,Low,152,Resolved,5
TICK0001389,CUST00556,2026-05-11,How-To Question,Medium,45,Resolved,1
TICK0001390,CUST00557,2025-06-01,Bug Report,Medium,109,Resolved,
TICK0001391,CUST00557,2025-09-15,Account Access,Low,102,Resolved,1
TICK0001392,CUST00557,2025-08-15,Account Access,Medium,53,Resolved,1
TICK0001393,CUST00557,2025-07-29,Bug Report,Medium,85,Resolved,4
TICK0001394,CUST00557,2025-05-12,Integration,Medium,65,Resolved,4
TICK0001395,CUST00557,2025-10-18,Technical Issue,Medium,82,Resolved,5
TICK0001396,CUST00557,2025-08-23,Account Access,Medium,83,Resolved,3
TICK0001397,CUST00557,2025-07-28,Technical Issue,Low,199,Resolved,1
TICK0001398,CUST00558,2025-01-10,Technical Issue,Medium,68,Open,5
TICK0001399,CUST00559,2024-05-20,Billing,Low,61,Resolved,5
TICK0001400,CUST00559,2024-06-24,Feature Request,Low,125,Resolved,1
TICK0001401,CUST00560,2026-09-10,Account Access,High,59,Resolved,2
TICK0001402,CUST00560,2026-04-03,Performance,Low,95,Resolved,3
TICK0001403,CUST00560,2026-06-28,Technical Issue,Medium,93,Resolved,1
TICK0001404,CUST00560,2026-08-01,Integration,High,12,Resolved,3
TICK0001405,CUST00561,08/23/2026,Bug Report,Medium,52,Resolved,5
TICK0001406,CUST00562,2025-06-03,Account Access,Low,177,Resolved,2
TICK0001407,CUST00562,2025-08-07,INTEGRATION,High,24,Resolved,1
TICK0001408,CUST00562,2025-07-05,Technical Issue,High,47,Resolved,3
TICK0001409,CUST00562,2026-02-10,Technical Issue,Medium,95,Resolved,1
TICK0001410,CUST00562,2025-05-21,Performance,High,46,Resolved,4
TICK0001411,CUST00563,2024-12-31,How-To Question,Low,58,Resolved,3
TICK0001412,CUST00564,2025-04-15,Integration,Low,86,Resolved,5
TICK0001413,CUST00565,2025-12-06,How-To Question,Low,72,Resolved,3
TICK0001414,CUST00565,2026-03-12,How-To Question,Medium,64,Resolved,5
TICK0001415,CUST00566,2026-09-07,Bug Report,Medium,50,Resolved,4
TICK0001416,CUST00566,2025-06-22,Technical Issue,High,39,Resolved,1
TICK0001417,CUST00566,2025-10-17,Technical Issue,Medium,80,Resolved,1
TICK0001418,CUST00566,2026-08-18,Integration,Low,140,Resolved,1
TICK0001419,CUST00566,2026-09-13,Bug Report,Low,177,Resolved,3
TICK0001420,CUST00566,2026-09-15,Performance,High,15,Resolved,3
TICK0001421,CUST00566,2026-08-23,Account Access,Low,138,Resolved,4
TICK0001422,CUST00566,2026-02-06,Integration,Medium,67,Resolved,2
TICK0001423,CUST00567,2026-05-20,How-To Question,Low,61,Resolved,5
TICK0001424,CUST00567,2026-02-12,How-To Question,High,19,Resolved,5
TICK0001425,CUST00567,2025-08-22,How-To Question,Low,74,Resolved,4
TICK0001426,CUST00569,2026-02-19,Integration,Low,96,Resolved,2
TICK0001427,CUST00569,2024-04-01,Bug Report,Medium,39,Resolved,1
TICK0001428,CUST00569 ,2025-08-15,Bug Report,Low,191,Resolved,3
TICK0001429,CUST00569,2024-09-22,Account Access,Low,144,Resolved,1
TICK0001430,CUST00569,2025-07-11,Bug Report,Medium,59,Resolved,1
TICK0001431,CUST00570,2025-06-05,Technical Issue,Low,73,Resolved,3
TICK0001432,CUST00570,2025-11-21,Feature Request,Low,78,Resolved,5
TICK0001433,CUST00571,2026-02-12,Performance,Medium,94,Resolved,1
TICK0001434,CUST00571,2025-05-29,Technical Issue,Medium,69,Resolved,1
TICK0001435,CUST00572,2026-08-10,Feature Request,Low,26,Pending,5
TICK0001436,CUST00573,2025-09-13,Performance,Low,85,Resolved,3
TICK0001437,CUST00573,2026-06-01,Bug Report,High,39,Resolved,5
TICK0001438,CUST00574,2025-09-29,Feature Request,Medium,66,Resolved,5
TICK0001439,CUST00574,2026-07-15,How-To Question,Medium,72,Resolved,4
TICK0001440,CUST00575,2024-04-22,Account Access,Low,158,Resolved,2
TICK0001441,CUST00577,2025-04-28,Account Access,Medium,46,Resolved,5
TICK0001442,CUST00577 ,2024-12-04,How-To Question,Low,102,Resolved,4
TICK0001443,CUST00578,2025-10-09,Feature Request,Low,56,Resolved,2
TICK0001444,CUST00579,2026-05-24,Performance,High,47,Resolved,1
TICK0001445,CUST00579,2026-06-05,Technical Issue,High,39,Resolved,2
TICK0001446,CUST00579,2026-07-06,Technical Issue,Low,130,Resolved,1
TICK0001447,CUST00579,2026-05-16,Integration,High,57,Resolved,1
TICK0001448,CUST00580,2025-10-03,Integration,Low,58,Resolved,5
TICK0001449,CUST00581,2026-07-07,How-To Question,Low,24,Resolved,5
TICK0001450,CUST00581,2026-08-17,How-To Question,High,8,Pending,5
TICK0001451,CUST00581,2026-05-13,How-To Question,High,28,Resolved,4
TICK0001452,CUST00581,2026-04-15,How-To Question,Urgent,6,Resolved,5
TICK0001453,CUST00581,2026-07-05,Feature Request,Low,54,Resolved,2
TICK0001454,CUST00582,2023-12-08,Integration,Low,169,Resolved,1
TICK0001455,CUST00582,2024-08-02,Account Access,Medium,73,Resolved,5
TICK0001456,CUST00582,2024-11-15,Performance,Medium,67,Pending,2
TICK0001457,CUST00582,2025-09-17,Bug Report,Low,18,Resolved,3
TICK0001458,CUST00583,2026-03-28,Performance,High,29,Resolved,3
TICK0001459,CUST00583,2026-02-26,How-To Question,Medium,59,Open,2
TICK0001460,CUST00584,2024-12-29,Performance,Low,64,Resolved,5
TICK0001461,CUST00586,2025-09-03,Performance,Medium,57,Resolved,3
TICK0001462,CUST00586,2026-05-07,Integration,Low,94,Resolved,1
TICK0001463,CUST00586,2025-05-19,Integration,High,22,Resolved,3
TICK0001464,CUST00586,2025-07-30,Integration,Low,36,Resolved,5
TICK0001465,CUST00586,2026-01-07,Technical Issue,Low,73,Resolved,2
TICK0001466,CUST00586,2025-07-23,Account Access,Medium,40,Resolved,1
TICK0001467,CUST00586,2026-01-17,Integration,Low,51,Pending,2
TICK0001468,CUST00586,2025-11-27,Technical Issue,Medium,118,Resolved,1
TICK0001469,CUST00587,2024-04-26,Account Access,Low,81,Resolved,3
TICK0001470,CUST00587,2024-06-10,How-To Question,Low,46,Resolved,5
TICK0001471,CUST00587,2024-04-02,Feature Request,Low,91,Resolved,3
TICK0001472,CUST00587,2024-03-22,account access,Medium,59,Resolved,1
TICK0001473,CUST00587,2024-02-19,Account Access,Medium,25,Resolved,4
TICK0001474,CUST00588,2025-09-05,Technical Issue,Low,96,Resolved,2
TICK0001475,CUST00588,2025-08-09,Account Access,High,21,Resolved,3
TICK0001476,CUST00588,2025-09-23,Technical Issue,Urgent,35,Resolved,1
TICK0001477,CUST00588,08/11/2025,Bug Report,Low,180,Resolved,1
TICK0001478,CUST00588,2025-07-27,Performance,Low,85,Resolved,2
TICK0001479,CUST00588,2025-07-26,Account Access,Medium,101,Resolved,1
TICK0001480,CUST00588,2025-08-12,Integration,Low,16,Resolved,2
TICK0001481,CUST00589,2025-10-18,Bug Report,Low,116,Resolved,3
TICK0001482,CUST00589,2025-08-19,How-To Question,Low,58,Resolved,5
TICK0001483,CUST00589,2026-04-27,Billing,Low,62,Resolved,4
TICK0001484,CUST00589,2026-03-30,Technical Issue,Low,87,Resolved,4
TICK0001485,CUST00589,2025-11-14,Performance,Low,76,Resolved,
TICK0001486,CUST00589,2025-08-23,Bug Report,Low,82,Pending,4
TICK0001487,CUST00590,2024-07-11,Feature Request,Medium,114,Resolved,5
TICK0001488,CUST00591,2026-03-13,Technical Issue,Medium,62,Resolved,4
TICK0001489,CUST00592,2025-02-03,Billing,Medium,40,Pending,3
TICK0001490,CUST00592,2024-12-09,Billing,Medium,54,Resolved,1
TICK0001491,CUST00593,2025-07-20,Technical Issue,Low,119,Resolved,5
TICK0001492,CUST00593,2026-03-14,Integration,Low,41,Open,5
TICK0001493,CUST00593,2025-07-12,How-To Question,Low,30,Resolved,4
TICK0001494,CUST00593,2025-12-24,Feature Request,Medium,9,Resolved,4
TICK0001495,CUST00593,2025-08-02,Feature Request,Medium,49,Resolved,4
TICK0001496,CUST00594,2026-03-04,How-To Question,Low,66,Resolved,5
TICK0001497,CUST00594,2024-10-31,Technical Issue,Medium,39,Resolved,5
TICK0001498,CUST00594,2026-08-08,Feature Request,Low,24,Resolved,2
TICK0001499,CUST00594,2026-07-23,Bug Report,Urgent,9,Resolved,4
TICK0001500,CUST00595,2026-03-13,Technical Issue,Low,58,Resolved,1
TICK0001501,CUST00595,2025-04-06,performance,High,15,Resolved,4
TICK0001502,CUST00595,2025-05-26,Account Access,Low,93,Resolved,3
TICK0001503,CUST00595,2025-11-09,Account Access,Urgent,10,Open,3
TICK0001504,CUST00595,03/08/2026,Technical Issue,Low,53,Resolved,2
TICK0001505,CUST00595,2025-03-21,Bug Report,High,6,Resolved,2
TICK0001506,CUST00596,2024-02-14,How-To Question,Low,107,Resolved,4
TICK0001507,CUST00596,2026-02-05,Performance,High,15,Resolved,5
TICK0001508,CUST00596,2025-07-21,How-To Question,Low,38,Resolved,2
TICK0001509,CUST00597,2026-03-12,Performance,Low,77,Pending,5
TICK0001510,CUST00597,2025-05-02,Performance,Medium,58,Resolved,3
TICK0001511,CUST00597,2025-04-12,Performance,Low,56,Resolved,3
TICK0001512,CUST00598,2026-07-27,Integration,Low,84,Resolved,5
TICK0001513,CUST00599,2026-03-07,Billing,Medium,40,Pending,3
TICK0001514,CUST00599,2026-02-23,Feature Request,Low,72,Resolved,4
TICK0001515,CUST00599,2026-03-19,How-To Question,Low,93,Resolved,4
TICK0001516,CUST00599,2025-12-28,Billing,Medium,30,Resolved,3
TICK0001517,CUST00599,2026-02-19,Performance,Low,77,Resolved,5
TICK0001518,CUST00600,2026-07-06,Bug Report,Low,125,Resolved,5
TICK0001519,CUST00600,2026-06-13,Account Access,Medium,36,Resolved,4
TICK0001520,CUST00601,2026-01-12,Integration,Low,106,Resolved,4
TICK0001521,CUST00601,2024-07-31,Performance,Low,38,Resolved,4
TICK0001522,CUST00601,2026-07-04,Billing,Low,86,Resolved,5
TICK0001523,CUST00601,2025-07-07,Account Access,Low,68,Resolved,4
TICK0001524,CUST00601,2024-07-13,Billing,Low,121,Resolved,5
TICK0001525,CUST00601,2026-07-28,Performance,Medium,61,Resolved,5
TICK0001526,CUST00603,2025-05-24,Account Access,Medium,60,Resolved,5
TICK0001527,CUST00603,2026-01-27,How-To Question,Medium,17,Resolved,5
TICK0001528,CUST00604,2026-02-04,Performance,High,31,Resolved,4
TICK0001529,CUST00604,2026-01-31,Feature Request,Medium,63,Resolved,3
TICK0001530,CUST00604,2026-02-13,Integration,Low,68,Open,4
TICK0001531,CUST00605,2024-04-22,How-To Question,High,38,Resolved,5
TICK0001532,CUST00605,2025-02-04,How-To Question,Low,13,Resolved,5
TICK0001533,CUST00605,2024-01-19,Billing,Low,50,resolved,4
TICK0001534,CUST00605,2024-04-13,Account Access,Low,87,Resolved,5
TICK0001535,CUST00605 ,2024-05-09,Bug Report,Urgent,14,Resolved,3
TICK0001536,CUST00606,2026-06-17,Technical Issue,Low,48,Resolved,1
TICK0001537,CUST00607,2025-03-14,Account Access,Low,59,Resolved,5
TICK0001538,CUST00608,2025-05-10,Bug Report,Low,114,Resolved,5
TICK0001539,CUST00609,2025-10-21,Integration,Medium,50,Resolved,4
TICK0001540,CUST00609,2026-07-17,Account Access,High,21,Resolved,4
TICK0001541,CUST00610,2025-12-06,Bug Report,Medium,48,Resolved,4
TICK0001542,CUST00610,2026-02-04,Technical Issue,High,10,Resolved,4
TICK0001543,CUST00611,2026-05-04,Bug Report,Medium,42,resolved,5
TICK0001544,CUST00611,2026-01-16,How-To Question,Medium,46,Resolved,3
TICK0001545,CUST00612,2026-08-13,Performance,Low,193,Resolved,2
TICK0001546,CUST00612,2026-04-10,Integration,High,48,Resolved,2
TICK0001547,CUST00612,2026-07-05,Integration,Medium,85,Resolved,2
TICK0001548,CUST00612,2026-05-18,Bug Report,Medium,85,Resolved,4
TICK0001549,CUST00612,2026-02-25,Technical Issue,Low,141,Resolved,1
TICK0001550,CUST00612,2026-03-14,Account Access,High,52,Resolved,4
TICK0001551,CUST00612,2026-02-17,Integration,Medium,85,Resolved,3
TICK0001552,CUST00613,2026-08-05,Performance,High,17,Resolved,2
TICK0001553,CUST00613,2026-03-19,How-To Question,Medium,55,Resolved,3
TICK0001554,CUST00613,2026-08-23,Feature Request,Low,68,Resolved,4
TICK0001555,CUST00613,2026-06-22,Performance,Medium,31,Resolved,4
TICK0001556,CUST00615,2025-01-31,Technical Issue,Medium,31,Resolved,1
TICK0001557,CUST00616,2026-04-17,Feature Request,Low,68,Resolved,4
TICK0001558,CUST00616,2025-06-06,Performance,Medium,43,Resolved,4
TICK0001559,CUST00616,2026-03-03,Bug Report,High,18,Resolved,5
TICK0001560,CUST00617,2025-02-26,Integration,Medium,32,Resolved,5
TICK0001561,CUST00617,2025-04-03,Feature Request,Medium,69,Resolved,1
TICK0001562,CUST00617,2025-10-01,Technical Issue,High,29,Resolved,5
TICK0001563,CUST00617,2025-05-15,Performance,High,35,Resolved,4
TICK0001564,CUST00618,2025-12-09,Performance,Low,98,Resolved,5
TICK0001565,CUST00619,2026-07-13,Bug Report,Low,69,Resolved,3
TICK0001566,CUST00619,2026-02-01,Performance,Low,41,Resolved,3
TICK0001567,CUST00620,2026-08-12,Account Access,High,52,Resolved,1
TICK0001568,CUST00620,2026-06-28,Account Access,Medium,41,Resolved,3
TICK0001569,CUST00620,2026-09-17,Technical Issue,Low,90,Resolved,1
TICK0001570,CUST00620,2026-09-15,Integration,Medium,79,Resolved,3
TICK0001571,CUST00621,2025-07-02,Feature Request,Medium,76,Resolved,4
TICK0001572,CUST00621,2026-06-17,Performance,Low,52,Resolved,5
TICK0001573,CUST00622,2023-12-08,Bug Report,High,43,Resolved,4
TICK0001574,CUST00622,2023-12-08,Integration,Urgent,11,Resolved,3
TICK0001575,CUST00622,2024-02-18,Integration,Medium,61,Resolved,2
TICK0001576,CUST00622,2024-12-09,Bug Report,Medium,60,Resolved,3
TICK0001577,CUST00622,2024-09-26,Integration,Low,113,Resolved,1
TICK0001578,CUST00622 ,2025-03-08,Performance,Medium,41,Resolved,3
TICK0001579,CUST00623,2026-02-22,Bug Report,Medium,30,Resolved,5
TICK0001580,CUST00623,2026-01-05,Integration,Low,103,Resolved,2
TICK0001581,CUST00623,2026-04-02,Billing,High,29,Resolved,4
TICK0001582,CUST00624,2025-04-18,How-To Question,High,19,Resolved,3
TICK0001583,CUST00624,2025-08-22,Feature Request,Low,54,Resolved,1
TICK0001584,CUST00624,2025-01-18,How-To Question,Medium,40,Resolved,3
TICK0001585,CUST00624,2026-04-07,How-To Question,Medium,50,Resolved,5
TICK0001586,CUST00625,2026-07-05,Account Access,Low,21,Resolved,5
TICK0001587,CUST00625,2026-08-15,Bug Report,Medium,75,Resolved,5
TICK0001588,CUST00625,2026-09-13,Technical Issue,Medium,27,Resolved,5
TICK0001589,CUST00625,2026-09-01,Billing,Medium,50,Resolved,4
TICK0001590,CUST00626,2026-04-28,Integration,Medium,30,Resolved,2
TICK0001591,CUST00626,2025-03-17,Integration,Low,110,Resolved,5
TICK0001592,CUST00626,2026-07-11,Feature Request,High,25,Resolved,5
TICK0001593,CUST00626,2025-11-11,Bug Report,High,40,Resolved,5
TICK0001594,CUST00626,2024-07-09,Account Access,Medium,39,Resolved,5
TICK0001595,CUST00626,2026-06-28,Bug Report,Medium,76,Resolved,3
TICK0001596,CUST00626,2025-10-31, billing,Low,65,Resolved,5
TICK0001597,CUST00627,2026-02-22,How-To Question,High,38,Resolved,4
TICK0001598,CUST00627,2024-05-18,Feature Request,Low,91,Resolved,4
TICK0001599,CUST00627,2024-06-21,Performance,Medium,44,Resolved,5
TICK0001600,CUST00627,2026-05-25,How-To Question,Medium,43,Resolved,4
TICK0001601,CUST00627,2024-05-09,Account Access,MEDIUM,32,Resolved,3
TICK0001602,CUST00628,2025-02-08,How-To Question,Low,45,Resolved,4
TICK0001603,CUST00628,2025-09-07,How-To Question,Low,102,Resolved,5
TICK0001604,CUST00628,2025-06-07,How-To Question,Low,117,Resolved,4
TICK0001605,CUST00629,2025-06-22,Account Access,Low,161,Resolved,3
TICK0001606,CUST00629,2025-11-27,Account Access,Low,100,Resolved,2
TICK0001607,CUST00629,2025-02-12,Account Access,Urgent,31,Resolved,5
TICK0001608,CUST00629,2026-06-05,Technical Issue,Low,122,Resolved,2
TICK0001609,CUST00629,2026-08-18,Account Access,Low,108,Resolved,1
TICK0001610,CUST00629,2024-08-22,Bug Report,Medium,86,Resolved,3
TICK0001611,CUST00630,2026-04-19,How-To Question,Medium,48,Resolved,4
TICK0001612,CUST00630,2026-08-12,Performance,Urgent,12,Pending,5
TICK0001613,CUST00630,2025-09-12,Bug Report,Low,35,Resolved,5
TICK0001614,CUST00630,2025-05-12,bug report,Low,37,Resolved,5
TICK0001615,CUST00631,2024-12-03,Account Access,Low,67,Pending,3
TICK0001616,CUST00631,2025-08-23,Account Access,Low,55,Pending,3
TICK0001617,CUST00632,2025-05-29,Feature Request,High,25,Open,2
TICK0001618,CUST00632,2026-03-16,Feature Request,Medium,54,Resolved,3
TICK0001619,CUST00633,2026-01-25,Billing,High,36,Pending,4
TICK0001620,CUST00633,2026-08-10,Feature Request,Low,36,Resolved,5
TICK0001621,CUST00633,2026-09-13,Billing,Medium,48,Resolved,5
TICK0001622,CUST00633,2026-07-10,Feature Request,Medium,57,Resolved,4
TICK0001623,CUST00633,2026-05-17,Performance,Medium,77,Resolved,5
TICK0001624,CUST00633,2026-07-02,Performance,Urgent,12,Resolved,3
TICK0001625,CUST00633,2025-07-19,How-To Question,low,97,Resolved,2
TICK0001626,CUST00634,2025-09-07,Technical Issue,Low,87,Resolved,4
TICK0001627,CUST00635,2025-04-12,Feature Request,Low,84,Resolved,5
TICK0001628,CUST00635,2025-06-01,How-To Question,Low,71,Resolved,3
TICK0001629,CUST00635,2025-03-29,Account Access,Medium,51,Resolved,3
TICK0001630,CUST00635,2024-10-30,Account Access,Medium,49,Resolved,4
TICK0001631,CUST00635,2025-05-22,Feature Request,Medium,40,Resolved,3
TICK0001632,CUST00636,2025-09-04,Feature Request,Medium,32,Resolved,5
TICK0001633,CUST00636,2025-12-27,Feature Request,Low,31,Resolved,
TICK0001634,CUST00636,2025-10-23,Feature Request,High,31,Resolved,4
TICK0001635,CUST00636,2024-11-19,Performance,Low,132,Resolved,5
TICK0001636,CUST00636,2026-07-12,Feature Request,Medium,31,Resolved,4
TICK0001637,CUST00637,2024-10-26,Integration,Medium,62,Resolved,4
TICK0001638,CUST00638,2026-08-20,Bug Report,Medium,52,Resolved,2
TICK0001639,CUST00638,2026-06-06,Performance,Low,72,Pending,3
TICK0001640,CUST00638,2026-05-20,Bug Report,Medium,49,Pending,2
TICK0001641,CUST00638,2026-06-20,Performance,Low,119,resolved,5
TICK0001642,CUST00638,2026-08-17,Performance,Medium,132,Resolved,3
TICK0001643,CUST00638,2026-06-25,Integration,Low,117,Resolved,1
TICK0001644,CUST00639,2025-12-26,Billing,Medium,51,Resolved,4
TICK0001645,CUST00639,2026-05-30,Bug Report,Low,78,Resolved,4
TICK0001646,CUST00639,2026-05-03,Feature Request,Low,40,Resolved,5
TICK0001647,CUST00639,2026-09-19,Account Access,High,42,Resolved,5
TICK0001648,CUST00639,2025-09-24,Performance,High,16,Resolved,5
TICK0001649,CUST00639 ,2026-01-05,Integration,Low,50,Resolved,5
TICK0001650,CUST00639,2026-06-25,Feature Request,Medium,59,Resolved,5
TICK0001651,CUST00640,2025-12-03,Integration,Low,42,Pending,5
TICK0001652,CUST00640,2026-04-15,Account Access,Medium,26,Resolved,3
TICK0001653,CUST00641,2024-02-07,Account Access,Medium,50,Resolved,4
TICK0001654,CUST00641,2024-07-26,Performance,Medium,79,Resolved,2
TICK0001655,CUST00641,2024-08-23,Integration,Medium,58,Open,4
TICK0001656,CUST00642,2025-06-03,Account Access,Low,75,Resolved,4
TICK0001657,CUST00642,2026-02-01,How-To Question,High,8,Resolved,5
TICK0001658,CUST00643,2025-03-18,Account Access,Low,97,Resolved,1
TICK0001659,CUST00643,2024-05-26,Performance,Low,121,Resolved,2
TICK0001660,CUST00643,2025-06-29,Technical Issue,Medium,89,Pending,1
TICK0001661,CUST00643,2025-04-24,Account Access,Medium,20,Resolved,3
TICK0001662,CUST00644,2026-07-16,Feature Request,Medium,59,Resolved,5
TICK0001663,CUST00644,2026-06-11,Feature Request,Medium,80,Resolved,2
TICK0001664,CUST00644,2026-07-23,How-To Question,Medium,39,Resolved,4
TICK0001665,CUST00645,2024-12-23,Bug Report,High,47,Resolved,3
TICK0001666,CUST00645,2024-03-23,Bug Report,Low,246,Resolved,2
TICK0001667,CUST00646,2025-08-23,Performance,Medium,18,Resolved,4
TICK0001668,CUST00646,2025-10-27,Billing,Low,65,Resolved,1
TICK0001669,CUST00647,2025-04-10,Integration,High,32,Resolved,5
TICK0001670,CUST00647,2025-11-27,Integration,Low,154,Resolved,4
TICK0001671,CUST00647,2026-06-22,Technical Issue,Medium,57,Resolved,1
TICK0001672,CUST00647,2026-03-06,Bug Report,Medium,58,Resolved,1
TICK0001673,CUST00647,2025-11-25,Account Access,Medium,118,Resolved,1
TICK0001674,CUST00647,2026-03-14,Technical Issue,Medium,47,Resolved,2
TICK0001675,CUST00648,2026-04-15,Account Access,Medium,45,Resolved,5
TICK0001676,CUST00648,2024-12-27,Billing,Low,102,Resolved,4
TICK0001677,CUST00648,07/18/2025,Account Access,Medium,41,Resolved,2
TICK0001678,CUST00649,2026-09-03,Feature Request,Low,50,Resolved,4
TICK0001679,CUST00649,2026-09-21,Integration,Medium,84,Resolved,2
TICK0001680,CUST00650,2025-02-04,Billing,High,16,Resolved,2
TICK0001681,CUST00651,2024-05-23,Account Access,Medium,53,Resolved,4
TICK0001682,CUST00651,2024-10-30,Account Access,Medium,42,Pending,3
TICK0001683,CUST00651,2024-05-20,Technical Issue,Medium,49,Resolved,3
TICK0001684,CUST00652,2026-03-17,Technical Issue,Medium,45,Pending,4
TICK0001685,CUST00652,2026-06-08,Bug Report,Medium,66,Resolved,5
TICK0001686,CUST00652,2026-08-15,Integration,Medium,74,Open,3
TICK0001687,CUST00652,2025-10-08,Bug Report,Low,35,Resolved,5
TICK0001688,CUST00652,2026-08-31,Billing,Medium,48,Pending,5
TICK0001689,CUST00652,2026-03-16,Bug Report,Medium,69,Resolved,4
TICK0001690,CUST00653,2025-10-13,Feature Request,Low,79,Resolved,3
TICK0001691,CUST00653,2025-06-30,How-To Question,Medium,61,Resolved,5
TICK0001692,CUST00653,2026-05-18,Billing,Low,49,Resolved,3
TICK0001693,CUST00653,2024-07-11,How-To Question,Low,87,Pending,4
TICK0001694,CUST00654,2025-07-09,Bug Report,Medium,27,Resolved,4
TICK0001695,CUST00654,2026-09-05,Technical Issue,Low,112,Resolved,3
TICK0001696,CUST00654,2025-06-05,Billing,Medium,71,Resolved,4
TICK0001697,CUST00655,2026-05-07,Integration,Low,20,Resolved,5
TICK0001698,CUST00656,2024-11-12,Performance,Medium,43,Pending,5
TICK0001699,CUST00656,2026-06-17,Technical Issue,Medium,92,Resolved,3
TICK0001700,CUST00656,2024-06-24,Bug Report,Urgent,8,Resolved,5
TICK0001701,CUST00656,2024-09-24,Billing,Low,75,Resolved,5
TICK0001702,CUST00656,2024-08-12,Account Access,Low,33,Resolved,5
TICK0001703,CUST00656,2025-02-22,Technical Issue,Medium,40,resolved,5
TICK0001704,CUST00657,2025-10-06,Integration,Low,61,Resolved,5
TICK0001705,CUST00658,2026-09-01,Feature Request,Medium,53,Resolved,3
TICK0001706,CUST00659,2026-09-11,Performance,Medium,61,Resolved,5
TICK0001707,CUST00659,2026-09-23,Bug Report,Low,125,Open,5
TICK0001708,CUST00660,09/19/2025,Performance,Urgent,11,Resolved,3
TICK0001709,CUST00661,2024-11-09,account access,Urgent,6,Open,5
TICK0001710,CUST00662,2026-03-18,Bug Report,Medium,168,Resolved,2
TICK0001711,CUST00662,2024-05-06,Integration,Low,104,Resolved,1
TICK0001712,CUST00662,2025-04-21,Integration,High,20,Resolved,2
TICK0001713,CUST00662,2025-10-15,Bug Report,Medium,132,Resolved,1
TICK0001714,CUST00663,01/24/2026,How-To Question,Low,74,Resolved,4
TICK0001715,CUST00663,2024-12-04,How-To Question,Medium,31,Resolved,2
TICK0001716,CUST00664,2025-05-10,Bug Report,Medium,76,Resolved,4
TICK0001717,CUST00664,2025-04-16,Bug Report,Medium,36,Resolved,2
TICK0001718,CUST00664,2025-03-23,Bug Report,High,12,Resolved,3
TICK0001719,CUST00664,2025-06-01,Integration,Medium,89,Open,4
TICK0001720,CUST00664,2025-05-02,Bug Report,Low,203,Resolved,1
TICK0001721,CUST00666,2025-10-24,How-To Question,Medium,30,Resolved,4
TICK0001722,CUST00666,2025-02-02,Feature Request,Low,23,Resolved,4
TICK0001723,CUST00666,2026-02-21,How-To Question,Low,71,Resolved,2
TICK0001724,CUST00667,2026-04-03,Account Access,Low,79,Resolved,5
TICK0001725,CUST00667,2026-07-16,Performance,High,12,Resolved,4
TICK0001726,CUST00669,2026-06-04,Feature Request,Low,17,Resolved,3
TICK0001727,CUST00669,2026-07-25,How-To Question,Low,44,Pending,3
TICK0001728,CUST00670,2025-10-13,Bug Report,Medium,114,Resolved,3
TICK0001729,CUST00670,2026-06-20,Technical Issue,Low,93,Resolved,1
TICK0001730,CUST00670,2025-07-06,Bug Report,Low,43,Resolved,2
TICK0001731,CUST00670,2026-04-07,Bug Report,Low,60,Resolved,3
TICK0001732,CUST00670,2025-06-30,Integration,Low,129,Resolved,1
TICK0001733,CUST00671,2026-08-19,How-To Question,High,24,Resolved,5
TICK0001734,CUST00671,2026-03-22,Integration,Low,26,Resolved,4
TICK0001735,CUST00673,2026-01-29,Integration,Medium,85,Resolved,1
TICK0001736,CUST00673,2026-06-15,Integration,Medium,59,Resolved,1
TICK0001737,CUST00673,2026-01-23,Performance,Low,134,Resolved,1
TICK0001738,CUST00673,2026-03-27,Integration,Medium,12,Resolved,4
TICK0001739,CUST00673,2026-05-04,Technical Issue,Medium,65,Resolved,4
TICK0001740,CUST00674,2024-12-29,Feature Request,Low,62,Resolved,3
TICK0001741,CUST00674,2026-05-25,Technical Issue,Low,70,Resolved,4
TICK0001742,CUST00675,2025-09-24,Account Access,Low,65,Resolved,3
TICK0001743,CUST00675,2026-05-31,Feature Request,Medium,8,open,4
TICK0001744,CUST00676,2026-05-18,How-To Question,Medium,46,Resolved,4
TICK0001745,CUST00677,2026-09-04,Integration,Low,131,Resolved,1
TICK0001746,CUST00677,2026-09-11,Bug Report,Medium,35,Resolved,3
TICK0001747,CUST00677,2026-09-04,Integration, high,19,Resolved,3
TICK0001748,CUST00677,2026-09-23,technical issue,MEDIUM,106,Resolved,1
TICK0001749,CUST00677,2026-08-24,Performance,Low,109,Open,4
TICK0001750,CUST00678,2026-03-03,Bug Report,High,35,Resolved,4
TICK0001751,CUST00678,2026-05-03,Account Access,Low,86,Resolved,5
TICK0001752,CUST00679,2026-07-21,How-To Question,Low,71,Resolved,5
TICK0001753,CUST00679,2026-05-15,Feature Request,Low,80,Open,4
TICK0001754,CUST00679,2026-08-19,Billing,Medium,74,Open,4
TICK0001755,CUST00679,2026-05-31,Feature Request,Low,85,Resolved,4
TICK0001756,CUST00680,2026-06-26,How-To Question,low,114,Resolved,5
TICK0001757,CUST00680,2026-06-26,Billing,Low,75,Resolved,2
TICK0001758,CUST00680,2026-07-03,Feature Request,Medium,49,Resolved,4
TICK0001759,CUST00680,2026-09-10,Feature Request,Medium,54,Resolved,5
TICK0001760,CUST00680,2026-02-09,Billing,Medium,61,Resolved,3
TICK0001761,CUST00680,2026-09-18,Billing,Urgent,13,Resolved,4
TICK0001762,CUST00680,2026-05-02,Billing,High,12,Resolved,3
TICK0001763,CUST00681,10/06/2025,Feature Request,Low,62,Resolved,5
TICK0001764,CUST00682,2026-03-16,Integration,Medium,87,Resolved,2
TICK0001765,CUST00682,2026-03-19,Technical Issue,High,7,Resolved,3
TICK0001766,CUST00682,2026-01-11,Performance,Medium,62,Resolved,2
TICK0001767,CUST00682,2026-09-09,Integration,Low,89,Resolved,2
TICK0001768,CUST00683,2025-11-26,Bug Report,Medium,82,Pending,1
TICK0001769,CUST00683,2025-08-13,Technical Issue,Medium,116,Resolved,4
TICK0001770,CUST00683,2025-10-26,Account Access,Medium,127,Resolved,1
TICK0001771,CUST00683,2025-09-03,Performance,High,48,Resolved,2
TICK0001772,CUST00683,2026-02-25,Integration,Low,129,Resolved,1
TICK0001773,CUST00683,2025-08-14,Performance,Medium,131,Open,3
TICK0001774,CUST00684,2026-01-01,Feature Request,Low,58,Resolved,5
TICK0001775,CUST00685,2025-08-17,How-To Question,Medium,83,Resolved,4
TICK0001776,CUST00686,2024-07-13,Billing,Low,91,Resolved,5
TICK0001777,CUST00688,2024-09-03,Feature Request,Low,36,Resolved,4
TICK0001778,CUST00688,2024-08-04,Billing,Low,54,Resolved,5
TICK0001779,CUST00688,2024-11-14,Performance,Medium,28,Resolved,3
TICK0001780,CUST00688,2024-11-16,How-To Question,Low,63,Resolved,2
TICK0001781,CUST00688,2024-08-28,Billing,Low,115,Resolved,3
TICK0001782,CUST00688,2024-10-04,Billing,Low,83,Resolved,3
TICK0001783,CUST00689,2025-02-14,Billing,Low,90,Resolved,5
TICK0001784,CUST00689,2025-04-28,Feature Request,Low,45,Resolved,4
TICK0001785,CUST00689,2025-10-25,How-To Question,High,19,Resolved,5
TICK0001786,CUST00689,2025-02-23,Feature Request,Medium,59,Pending,5
TICK0001787,CUST00690,2025-09-05,Technical Issue,Medium,39,Resolved,5
TICK0001788,CUST00690,2025-08-22,How-To Question,Low,116,Resolved,5
TICK0001789,CUST00691,2026-03-18,Technical Issue,Low,68,Resolved,3
TICK0001790,CUST00691,2026-06-01,Bug Report,Medium,80,Resolved,1
TICK0001791,CUST00691,2024-11-19,Performance,Low,121,Resolved,2
TICK0001792,CUST00691,2024-06-23,Integration,Medium,64,Resolved,1
TICK0001793,CUST00692,2024-06-13,Bug Report,Low,101,Resolved,5
TICK0001794,CUST00692,2025-05-04,Technical Issue,Medium,56,Resolved,5
TICK0001795,CUST00692,2025-06-19,Technical Issue,Medium,60,Resolved,5
TICK0001796,CUST00694,2025-12-19,How-To Question,Medium,46,Resolved,3
TICK0001797,CUST00694,2025-08-18,Performance,Medium,55,Resolved,5
TICK0001798,CUST00694,2026-01-23,Integration,Medium,66,Pending,5
TICK0001799,CUST00695,2025-04-20,Technical Issue,Low,94,Resolved,4
TICK0001800,CUST00695,2025-04-09,Technical Issue,Medium,104,Open,3
TICK0001801,CUST00695,2025-04-22,Technical Issue,Low,65,Resolved,3
TICK0001802,CUST00696,2025-01-13,Performance,Low,29,resolved,3
TICK0001803,CUST00696,2025-09-13,Performance,Medium,89,Resolved,3
TICK0001804,CUST00696,2026-02-04,Feature Request,Medium,75,Resolved,5
TICK0001805,CUST00697,2024-04-02,Integration,Medium,25,Resolved,3
TICK0001806,CUST00697,2025-07-15,Performance,Low,76,Resolved,3
TICK0001807,CUST00697,2024-05-12,Technical Issue,Medium,57,Resolved,5
TICK0001808,CUST00698,2025-08-05,How-To Question,Low,31,Resolved,4
TICK0001809,CUST00699 ,2025-03-29,Billing,Low,103,Resolved,5
TICK0001810,CUST00699,2026-08-20,Performance,Medium,43,Resolved,5
TICK0001811,CUST00699,2026-04-11,Feature Request,Low,70, PENDING,5
TICK0001812,CUST00700,2026-09-09,Technical Issue,High,54,Resolved,5
TICK0001813,CUST00700,2026-07-14,Performance,High,49,Resolved,1
TICK0001814,CUST00700,2026-07-23,Account Access,Low,106,Resolved,1
TICK0001815,CUST00700,2026-07-07,Performance,Low,104,Resolved,3
TICK0001816,CUST00701,2025-01-21,Feature Request,Low,100,Resolved,4
TICK0001817,CUST00701 ,2025-11-16,Bug Report,Urgent,8,Open,4
TICK0001818,CUST00701,2024-03-12,Bug Report,Medium,13,Resolved,4
TICK0001819,CUST00701,2024-05-27,Feature Request,Medium,74,Pending,4
TICK0001820,CUST00702,2026-08-13,Bug Report,Medium,51,Resolved,3
TICK0001821,CUST00702,2026-08-24,How-To Question,Medium,50,Resolved,4
TICK0001822,CUST00702,08/11/2026,Feature Request,Low,76,Resolved,5
TICK0001823,CUST00703,2026-08-13,How-To Question,Medium,65,Resolved,5
TICK0001824,CUST00703,2026-06-26,Billing,Low,104,Resolved,4
TICK0001825,CUST00703,2026-02-08,Technical Issue,Low,46,Resolved,4
TICK0001826,CUST00704,2025-12-10,Performance,Medium,71,Resolved,3
TICK0001827,CUST00704,2025-11-10,Bug Report,Low,140,Resolved,3
TICK0001828,CUST00704,2025-10-30,Technical Issue,Medium,77,Resolved,2
TICK0001829,CUST00704,2025-11-08,Account Access,Medium,90,Resolved,1
TICK0001830,CUST00704,2025-11-12,Technical Issue,Low,75,Resolved,3
TICK0001831,CUST00705,2024-05-31,Integration,Low,53,Resolved,4
TICK0001832,CUST00705,2026-04-08,Bug Report,Low,86,Resolved,5
TICK0001833,CUST00705,2024-07-10,Account Access,Medium,13,Resolved,5
TICK0001834,CUST00705,2024-10-01,Bug Report,Medium,49,Resolved,4
TICK0001835,CUST00706,2025-07-18,Account Access,Medium,68,Resolved,5
TICK0001836,CUST00707,2025-12-09,Billing,Medium,30,Resolved,1
TICK0001837,CUST00707,2026-04-05,How-To Question,Medium,51,Resolved,4
TICK0001838,CUST00707,2026-01-17,How-To Question,Medium,61,Resolved,2
TICK0001839,CUST00707,2025-10-23,Billing,Medium,45,Resolved,4
TICK0001840,CUST00707,2025-12-01,Billing,High,23,Resolved,1
TICK0001841,CUST00708,2026-02-09,How-To Question,Low,48,Resolved,5
TICK0001842,CUST00708,2026-06-11,How-To Question,Medium,57,Resolved,5
TICK0001843,CUST00709,2026-05-25,How-To Question,Low,52,Resolved,5
TICK0001844,CUST00709,2026-04-04,Account Access,Low,77,Resolved,5
TICK0001845,CUST00709,2025-02-26,Integration,Low,56,Resolved,4
TICK0001846,CUST00709,2025-07-09,How-To Question,Medium,55,Resolved,4
TICK0001847,CUST00710,2026-01-10,How-To Question,Low,68,Resolved,4
TICK0001848,CUST00710 ,2024-11-05,Account Access,Urgent,10,Open,5
TICK0001849,CUST00712,2026-06-12,Bug Report,Medium,85,Resolved,4
TICK0001850,CUST00712,2025-05-12,Integration,High,21,Resolved,4
TICK0001851,CUST00713,2025-07-25,Technical Issue,Low,107,Resolved,4
TICK0001852,CUST00713,2025-12-08,Technical Issue,Medium,33,Resolved,3
TICK0001853,CUST00713,2025-09-29,Technical Issue,Low,214,Resolved,2
TICK0001854,CUST00714,2026-06-03,Technical Issue,Low,45,Resolved,4
TICK0001855,CUST00715,2026-02-13,Technical Issue,Low,152,Resolved,1
TICK0001856,CUST00715,2024-11-26,Integration,Medium,140,Resolved,3
TICK0001857,CUST00715,2026-08-22,Performance,Low,91,Open,1
TICK0001858,CUST00716,2026-09-18,Feature Request,Medium,56,Open,4
TICK0001859,CUST00716,2025-04-02,Account Access,Low,68,Resolved,2
TICK0001860,CUST00717,2026-03-11,Bug Report,Low,108,Resolved,4
TICK0001861,CUST00717,2026-02-05,Feature Request,Low,127,Resolved,5
TICK0001862,CUST00717,2026-07-29,Bug Report,Medium,91,Resolved,5
TICK0001863,CUST00717,2026-06-18,Integration,High,15,Resolved,5
TICK0001864,CUST00719,2024-12-14,Performance,Medium,84,Resolved,1
TICK0001865,CUST00719,2025-10-05,Bug Report,Low,165,Open,1
TICK0001866,CUST00719,2025-03-20,Bug Report,Medium,127,Resolved,4
TICK0001867,CUST00719,2024-01-07,Account Access,Low,47,Resolved,5
TICK0001868,CUST00719,2024-02-04,Account Access,Medium,91,Resolved,2
TICK0001869,CUST00719,2025-01-24,Technical Issue,Medium,118,Resolved,2
TICK0001870,CUST00720,2025-12-02,Performance,Medium,66,Resolved,4
TICK0001871,CUST00720,2025-07-19,Integration,Low,76,Resolved,4
TICK0001872,CUST00721,2025-12-31,Account Access,Medium,32,Pending,4
TICK0001873,CUST00722,2026-09-08,Bug Report,Medium,17,Resolved,4
TICK0001874,CUST00722,2026-08-31,Performance,Low,86,Resolved,5
TICK0001875,CUST00722,2026-08-29,Account Access,Low,39,Resolved,4
TICK0001876,CUST00722,2026-09-11,Integration,Low,109,Resolved,2
TICK0001877,CUST00723,2026-02-04,Billing,High,27,Resolved,1
TICK0001878,CUST00723,2026-03-02,Billing,Low,51,Resolved,5
TICK0001879,CUST00723,2026-01-28,Billing,Low,40,Resolved,2
TICK0001880,CUST00723,2025-10-23,Feature Request,Medium,60,Resolved,3
TICK0001881,CUST00724,2025-12-13,Bug Report,Low,88,Resolved,5
TICK0001882,CUST00724,2025-12-23,Technical Issue,Low,53,Resolved,4
TICK0001883,CUST00725,2024-08-01,Performance,Medium,38,Resolved,4
TICK0001884,CUST00726,2026-07-13,Performance,Low,86,Resolved,4
TICK0001885,CUST00726,2026-08-29,Billing,High,24,Resolved,4
TICK0001886,CUST00726,2026-04-15,Feature Request,Low,104,Resolved,4
TICK0001887,CUST00726,2026-04-09,bug report,Low,92,Resolved,5
TICK0001888,CUST00727,2025-01-12,Technical Issue,Medium,59,Resolved,4
TICK0001889,CUST00727,2025-03-26,How-To Question,Low,120,Resolved,5
TICK0001890,CUST00727,2026-08-08,Technical Issue,Medium,82,Resolved,4
TICK0001891,CUST00728,2025-03-31,Bug Report,High,28,Resolved,3
TICK0001892,CUST00729,2026-01-27,Performance,Medium,49,Resolved,4
TICK0001893,CUST00729,2026-09-04,Technical Issue,High,12,Resolved,5
TICK0001894,CUST00730,2025-11-20,Performance,Low,81,Resolved,3
TICK0001895,CUST00731,2026-07-07,Billing,Low,105,Resolved,4
TICK0001896,CUST00731,2025-07-25,Technical Issue,Low,73,Resolved,4
TICK0001897,CUST00732,2025-12-14,Account Access,Low,106,Pending,5
TICK0001898,CUST00732,2026-06-27,Performance,Medium,44,Resolved,4
TICK0001899,CUST00733,2025-09-12,Performance,Low,52,Resolved,3
TICK0001900,CUST00734,2026-03-09,Technical Issue,Low,109,Resolved,2
TICK0001901,CUST00734,2026-01-15,Integration,Medium,91,Resolved,2
TICK0001902,CUST00734,2025-09-12,Technical Issue,Low,230,Pending,3
TICK0001903,CUST00734,2026-02-28,Technical Issue,Medium,83,Resolved,4
TICK0001904,CUST00734,2026-06-18,Technical Issue,Low,173,Resolved,2
TICK0001905,CUST00734,2026-07-06,Technical Issue,Low,73,Resolved,3
TICK0001906,CUST00734,2026-01-11,Bug Report,Medium,71,Resolved,3
TICK0001907,CUST00735,2026-07-05,How-To Question,Medium,53,Resolved,4
TICK0001908,CUST00736,2025-07-21,Account Access,Medium,72,Resolved,3
TICK0001909,CUST00736,2026-05-15,Integration,Low,69,Resolved,1
TICK0001910,CUST00736,2025-06-15,Bug Report,Medium,94,Resolved,3
TICK0001911,CUST00736,2024-06-22,Performance,Medium,39,Resolved,1
TICK0001912,CUST00736,2024-12-01,Integration,Low,98,Resolved,2
TICK0001913,CUST00737,2025-11-18,Feature Request,Medium,72,Resolved,3
TICK0001914,CUST00737,09/03/2025,Performance,Urgent,15,Resolved,4
TICK0001915,CUST00737,2025-08-01,Feature Request,MEDIUM,55,Pending,5
TICK0001916,CUST00737,2026-06-28,Feature Request,Medium,36,Resolved,4
TICK0001917,CUST00737,2025-08-13,How-To Question,Medium,48,Pending,3
TICK0001918,CUST00738,2025-08-05,Billing,MEDIUM,26,Resolved,2
TICK0001919,CUST00739,2026-08-13,Performance,Medium,18,Resolved,5
TICK0001920,CUST00739,2024-08-11,Performance,High,37,Resolved,3
TICK0001921,CUST00739,2024-08-16,Performance,Medium,62,Resolved,5
TICK0001922,CUST00739,2026-07-04,Feature Request,Medium,50,Resolved,1
TICK0001923,CUST00740,2025-04-29,Technical Issue,Medium,28,Resolved,3
TICK0001924,CUST00741,2026-01-13,How-To Question,Low,38,Open,4
TICK0001925,CUST00741,2025-05-13,Account Access,Low,52,Resolved,5
TICK0001926,CUST00742,2024-09-24,Performance,Low,12,Resolved,5
TICK0001927,CUST00742,2024-07-09,Performance,Medium,8,Resolved,4
TICK0001928,CUST00742,2025-07-30,How-To Question,Medium,21,Resolved,5
TICK0001929,CUST00742,2024-01-19,How-To Question,Medium,54,Resolved,3
TICK0001930,CUST00742,2026-05-21,Billing,Medium,29,Pending,2
TICK0001931,CUST00743,2026-05-24,Performance,Urgent,15,Resolved,1
TICK0001932,CUST00743,2025-06-14,Technical Issue,Medium,66,Resolved,3
TICK0001933,CUST00743,2026-09-06,Bug Report,Medium,11,Resolved,2
TICK0001934,CUST00743,2026-07-30,Performance,Low,69,Resolved,1
TICK0001935,CUST00743,2025-12-26,Bug Report,Urgent,22,Resolved,3
TICK0001936,CUST00743,2026-02-23,Account Access,Urgent,19,Resolved,1
TICK0001937,CUST00743,2026-06-07,Account Access,High,51,Resolved,4
TICK0001938,CUST00743,2025-04-26,Bug Report,Low,178,Resolved,1
TICK0001939,CUST00744,2026-06-11,Bug Report,Medium,85,Resolved,3
TICK0001940,CUST00744,2026-06-01,Bug Report,Low,114,Resolved,3
TICK0001941,CUST00744,08/22/2026,Technical Issue,Low,138,Resolved,1
TICK0001942,CUST00745,2025-01-24,How-To Question,Low,126,Resolved,3
TICK0001943,CUST00745,2024-12-25,Feature Request,Medium,59,Resolved,3
TICK0001944,CUST00745,2025-03-19,How-To Question,Medium,62,Resolved,4
TICK0001945,CUST00745,2024-12-06,How-To Question,Medium,19,Resolved,2
TICK0001946,CUST00747,2024-10-24,Bug Report,Low,154,Resolved,4
TICK0001947,CUST00747,2026-04-13,Integration,Medium,48,Resolved,2
TICK0001948,CUST00747,2026-06-02,Performance,Medium,16,Resolved,3
TICK0001949,CUST00747,2025-05-22,Bug Report,Medium,55,Resolved,3
TICK0001950,CUST00747,2026-05-20,Account Access,Medium,119,Resolved,1
TICK0001951,CUST00747,2026-02-20,Account Access,Medium,99,Resolved,2
TICK0001952,CUST00747,2025-08-29,Performance,Low,116,Resolved,2
TICK0001953,CUST00748,2026-03-18,Integration,Medium,191,Resolved,1
TICK0001954,CUST00748,2026-08-01,Integration,Medium,103,Resolved,2
TICK0001955,CUST00748,2026-05-08,Bug Report,Medium,50,Resolved,1
TICK0001956,CUST00749,2026-04-30,Performance,Medium,49,Resolved,3
TICK0001957,CUST00749,2025-01-09,Feature Request,High,16,Resolved,4
TICK0001958,CUST00749,2025-04-20,Performance,Medium,54,Resolved,3
TICK0001959,CUST00750,2026-08-20,Performance,Medium,85,Resolved,1
TICK0001960,CUST00750,2026-06-30,Performance,Medium,134,Resolved,1
TICK0001961,CUST00750,2026-09-14,Bug Report,Medium,79,Resolved,2
TICK0001962,CUST00750,2026-06-29,Integration,Low,26,Resolved,1
TICK0001963,CUST00750,2026-04-11,Technical Issue,Low,119,Resolved,2
TICK0001964,CUST00750,2026-04-12,Integration,Low,36,Resolved,2
TICK0001965,CUST00751,2025-12-23,Account Access,Medium,88,Resolved,2
TICK0001966,CUST00751,2025-09-28,Technical Issue,Medium,96,Resolved,2
TICK0001967,CUST00751,2025-12-30,Performance,Low,66,Pending,1
TICK0001968,CUST00751,2025-12-16,Performance,Medium,76,Resolved,3
TICK0001969,CUST00751,2025-12-25,Technical Issue,Medium,105,Resolved,2
TICK0001970,CUST00751,2025-11-25,Technical Issue,Low,26,Resolved,2
TICK0001971,CUST00751,2025-10-07,bug report,Medium,69,Resolved,1
TICK0001972,CUST00751,2025-09-11,Bug Report,Medium,66,Resolved,3
TICK0001973,CUST00751,2025-12-04,Bug Report,Low,112,Resolved,2
TICK0001974,CUST00752,2026-09-17,Feature Request,High,20,Resolved,4
TICK0001975,CUST00753,2026-09-20, billing,Medium,57,Resolved,3
TICK0001976,CUST00753,2026-07-14,Performance,Medium,28,Resolved,3
TICK0001977,CUST00753,2026-03-29,Feature Request,High,13,Resolved,4
TICK0001978,CUST00754,2026-04-09,Bug Report,Medium,41,Resolved,2
TICK0001979,CUST00754,2026-08-25,Bug Report,Low,106,Resolved,1
TICK0001980,CUST00754,2026-05-12,Performance,Low,63,Resolved,5
TICK0001981,CUST00754 ,2026-09-19,Billing,High,38,Resolved,4
TICK0001982,CUST00754,2026-08-10,Bug Report,Medium,47,Resolved,4
TICK0001983,CUST00755,2025-12-23,How-To Question,Low,98,Resolved,5
TICK0001984,CUST00755,2024-08-30,Feature Request,Low,30,Resolved,2
TICK0001985,CUST00755,2024-05-26,Billing,Medium,64,Resolved,4
TICK0001986,CUST00756,10/26/2025,Bug Report,Low,86,Resolved,3
TICK0001987,CUST00756,2026-08-16,Bug Report,High,24,Resolved,3
TICK0001988,CUST00757,2025-02-13,Account Access,Low,68,Resolved,5
TICK0001989,CUST00757,2025-10-14,Account Access,Medium,77,Resolved,1
TICK0001990,CUST00757,2025-02-27,Technical Issue,Low,124,Resolved,5
TICK0001991,CUST00758,2025-06-29,Account Access,Low,84,Resolved,3
TICK0001992,CUST00759,12/20/2024,Billing,MEDIUM,46,Resolved,5
TICK0001993,CUST00760,2026-07-02,Bug Report,Medium,98,Resolved,4
TICK0001994,CUST00760,2025-07-05,Technical Issue,Low,127,Resolved,3
TICK0001995,CUST00760,2026-07-29,Account Access,Urgent,17,Resolved,1
TICK0001996,CUST00760 ,2025-02-28,Account Access,Medium,64,Resolved,3
TICK0001997,CUST00760,2025-06-24,Bug Report,Medium,43,Open,2
TICK0001998,CUST00760,2025-04-29,Bug Report,Medium,126,Pending,1
TICK0001999,CUST00761,2025-09-30,Integration,Medium,44,resolved,4
TICK0002000,CUST00761,2025-10-21,Technical Issue,High,21,Resolved,3
TICK0002001,CUST00762,2024-07-30,Account Access,Low,52,Resolved,2
TICK0002002,CUST00762,2024-12-23,How-To Question,Medium,31,Resolved,3
TICK0002003,CUST00762,2024-08-31,Feature Request,High,38,Resolved,5
TICK0002004,CUST00762,07/28/2025,Feature Request,Low,63,Resolved,5
TICK0002005,CUST00762,2025-08-24,Feature Request,Medium,102,Resolved,2
TICK0002006,CUST00763,2026-09-14,How-To Question,Low,64,Resolved,3
TICK0002007,CUST00763,2026-08-28,Billing,Medium,25,Resolved,3
TICK0002008,CUST00763,2026-09-06,Billing,Medium,15,Resolved,4
TICK0002009,CUST00763,2026-09-16,Feature Request,Medium,40,Resolved,3
TICK0002010,CUST00765,2025-05-15,Bug Report,Medium,8,Resolved,4
TICK0002011,CUST00766,2025-08-29,Technical Issue,Low,73,Pending,3
TICK0002012,CUST00767,2025-04-30,Bug Report,Medium,105,Resolved,1
TICK0002013,CUST00767,2026-02-01,Account Access,Medium,14,Resolved,1
TICK0002014,CUST00767,2025-04-04,Account Access,Medium,41,Resolved,3
TICK0002015,CUST00767,2024-11-14,Account Access,Low,86,Resolved,2
TICK0002016,CUST00767,2026-06-03,Performance,High,57,Resolved,1
TICK0002017,CUST00767,2024-11-15,Performance,Low,97,Resolved,3
TICK0002018,CUST00767,2026-03-22,Account Access,High,41,Resolved,1
TICK0002019,CUST00768,2026-08-03,Bug Report,Medium,147,Resolved,4
TICK0002020,CUST00768,2026-09-12,Account Access,Medium,22,resolved,5
TICK0002021,CUST00768,2026-08-23,Performance,Low,133,Open,1
TICK0002022,CUST00768,2026-07-16,Performance,Medium,79,Resolved,1
TICK0002023,CUST00770,2026-06-18,Account Access,Medium,77,Resolved,4
TICK0002024,CUST00770,2026-08-06,Account Access,Low,96,Resolved,4
TICK0002025,CUST00771,2026-03-25,How-To Question,Urgent,16,Resolved,3
TICK0002026,CUST00771,2025-10-01,Account Access,High,31,Resolved,4
TICK0002027,CUST00771,2025-02-25,Feature Request,Medium,26,Resolved,5
TICK0002028,CUST00771,2025-10-24,Feature Request,High,15,Resolved,4
TICK0002029,CUST00772,2026-06-28,How-To Question,Low,61,Resolved,5
TICK0002030,CUST00773,2025-08-31,Account Access,High,27,Resolved,3
TICK0002031,CUST00773,2025-04-14,Feature Request,Medium,49,Resolved,4
TICK0002032,CUST00774,2026-06-13,How-To Question,Medium,28,Open,4
TICK0002033,CUST00774,2026-08-12,Account Access,Medium,62,Resolved,4
TICK0002034,CUST00774,2026-08-11,Account Access,Low,73,Open,2
TICK0002035,CUST00775,2026-09-20,Feature Request,Low,59,Resolved,4
TICK0002036,CUST00775,2026-08-23,Feature Request,Medium,44,Resolved,3
TICK0002037,CUST00775,2026-08-28,Account Access,High,27,Resolved,2
TICK0002038,CUST00776,2025-09-01,Performance,Medium,54,Resolved,5
TICK0002039,CUST00776,2024-10-20,Feature Request,Medium,59,Resolved,5
TICK0002040,CUST00777,2026-06-11,Bug Report,Low,58,Resolved,2
TICK0002041,CUST00777,2026-04-06,Account Access,Medium,73,Resolved,5
TICK0002042,CUST00778,2026-05-27,Bug Report,Low,66,Resolved,1
TICK0002043,CUST00778,2026-04-29,Integration,Low,161,Resolved,1
TICK0002044,CUST00778,2024-12-30,Bug Report,Low,163,Resolved,2
TICK0002045,CUST00778,2025-01-08,Performance,Medium,129,Resolved,1
TICK0002046,CUST00779,2024-08-02,Performance,Low,133,Resolved,1
TICK0002047,CUST00779,2026-06-21,Account Access,Medium,60,Resolved,2
TICK0002048,CUST00780,2025-11-18,Performance,Low,112,Resolved,5
TICK0002049,CUST00780 ,2026-01-04,Performance,Urgent,6,Resolved,4
TICK0002050,CUST00781,2024-12-24,How-To Question,Low,65,Resolved,5
TICK0002051,CUST00781,2026-07-12,How-To Question,Medium,47,Resolved,3
TICK0002052,CUST00781,2025-06-25,Account Access,High,36,Pending,5
TICK0002053,CUST00782,2026-08-19,Performance,Medium,124,Resolved,2
TICK0002054,CUST00782,2026-09-10,Technical Issue,Medium,89,Resolved,1
TICK0002055,CUST00782,2026-08-20,Technical Issue,Medium,66,Resolved,5
TICK0002056,CUST00783,2025-11-09,How-To Question,Low,97,Open,3
TICK0002057,CUST00783,2025-11-30,How-To Question,Medium,54,Resolved,2
TICK0002058,CUST00783,2025-12-01,How-To Question,Medium,21,Resolved,3
TICK0002059,CUST00783,2025-12-06,Feature Request,Medium,45,Resolved,4
TICK0002060,CUST00784,2026-07-06,How-To Question,Low,49,Open,2
TICK0002061,CUST00784,2024-08-31,Technical Issue,High,10,Resolved,5
TICK0002062,CUST00784,2025-09-15,Integration,Medium,45,Resolved,5
TICK0002063,CUST00784,2024-09-17,How-To Question,Low,67,Resolved,3
TICK0002064,CUST00785,2026-07-29,Feature Request,Medium,46,Resolved,2
TICK0002065,CUST00785,2026-07-07,How-To Question,Low,57,Resolved,3
TICK0002066,CUST00785,2026-08-06,How-To Question,Low,75,Resolved,5
TICK0002067,CUST00785,2026-09-07,Billing,Medium,31,Resolved,3
TICK0002068,CUST00785,2026-08-05,Billing,Medium,80,Pending,2
TICK0002069,CUST00785,2026-07-03,Performance,Medium,66,Resolved,3
TICK0002070,CUST00785,2026-08-04,Performance,Medium,25,Resolved,5
TICK0002071,CUST00787,2025-11-11,Billing,Medium,72,Resolved,5
TICK0002072,CUST00787,2026-04-21,Billing,Medium,54,Resolved,5
TICK0002073,CUST00788,2024-09-09,Account Access,Low,93,Resolved,4
TICK0002074,CUST00788,2025-01-03,How-To Question,Low,52,Resolved,3
TICK0002075,CUST00788,2025-03-09,Feature Request,High,31,Resolved,3
TICK0002076,CUST00789,2025-11-28,Integration,Medium,58,Resolved,3
TICK0002077,CUST00789,01/09/2025,Technical Issue,Low,102,Resolved,4
TICK0002078,CUST00789,2025-02-24,Billing,Low,46,Resolved,3
TICK0002079,CUST00789 ,2026-06-20,Performance,Urgent,14,Resolved,5
TICK0002080,CUST00790,2026-04-20,Account Access,Medium,33,Resolved,5
TICK0002081,CUST00790,2026-04-18,Technical Issue,Low,90,Resolved,1
TICK0002082,CUST00790,2026-07-11,Bug Report,Low,167,Open,2
TICK0002083,CUST00790,2026-05-03,Integration,Low,152,Resolved,2
TICK0002084,CUST00791,2025-09-16,Performance,High,16,Resolved,5
TICK0002085,CUST00792,2026-08-06,Billing,Urgent,11,Resolved,5
TICK0002086,CUST00792,2026-06-19,Technical Issue,Medium,57,Resolved,4
TICK0002087,CUST00793,2026-08-22,Feature Request,Low,144,Resolved,4
TICK0002088,CUST00793,2026-08-05,Account Access,Low,112,Resolved,2
TICK0002089,CUST00794,2024-08-09,Account Access,Medium,41,Resolved,5
TICK0002090,CUST00794,2025-06-05,Account Access,Low,62,Resolved,3
TICK0002091,CUST00794,2025-04-29,How-To Question,High,7,Resolved,5
TICK0002092,CUST00795,2024-07-28,Integration,Low,67,Pending,4
TICK0002093,CUST00796,2026-03-15,Performance,Low,96,Resolved,1
TICK0002094,CUST00796,2026-02-06,Technical Issue,Medium,101,Resolved,4
TICK0002095,CUST00796,2026-05-29,Technical Issue,Low,204,Resolved,1
TICK0002096,CUST00796,2026-09-10,Account Access,Low,124,Resolved,5
TICK0002097,CUST00796,2026-08-11,Account Access,High,46,Resolved,1
TICK0002098,CUST00796,2026-06-24,Account Access, high,59,Resolved,1
TICK0002099,CUST00797,2026-06-06,Billing,Medium,48,Resolved,5
TICK0002100,CUST00797,02/08/2025,Feature Request,Low,91,Resolved,5
TICK0002101,CUST00797,2024-07-11,Performance,Medium,67,Resolved,4
TICK0002102,CUST00797,2024-07-20,Feature Request,Low,39,Resolved,5
TICK0002103,CUST00797,2025-07-16,Performance,Medium,49,Resolved,4
TICK0002104,CUST00798,2024-12-03,Billing,Low,77,Resolved,4
TICK0002105,CUST00798,2026-03-07,Bug Report,High,29,Resolved,4
TICK0002106,CUST00799,07/02/2026,Feature Request,Medium,38,Resolved,1
TICK0002107,CUST00800,2025-03-29,Feature Request,Low,79,Pending,5
TICK0002108,CUST00801,2026-06-27,Integration,Medium,54,Resolved,5
TICK0002109,CUST00802,2024-09-28,Billing,Low,100,Pending,5
TICK0002110,CUST00802,2025-01-30,How-To Question,Low,75,Resolved,1
TICK0002111,CUST00802,2025-03-24,Billing,Urgent,15,Resolved,3
TICK0002112,CUST00802,2025-03-10,How-To Question,High,12,Resolved,1
TICK0002113,CUST00803,2026-06-28,Performance,Low,52,Resolved,4
TICK0002114,CUST00803,2026-08-05,Account Access,High,12,Resolved,5
TICK0002115,CUST00805,06/25/2026,Bug Report,Low,132,Resolved,5
TICK0002116,CUST00805,2026-05-28,Bug Report,Medium,65,Resolved,5
TICK0002117,CUST00805,2026-09-10,Bug Report,High,18,Resolved,5
TICK0002118,CUST00806,2026-07-14,How-To Question,Medium,8,Resolved,3
TICK0002119,CUST00806,2025-06-04,How-To Question,Medium,85,Resolved,4
TICK0002120,CUST00806,2025-02-09,How-To Question,Medium,36,Resolved,4
TICK0002121,CUST00807,2024-10-04,Performance,Low,97,Resolved,3
TICK0002122,CUST00807,2026-06-18,Feature Request,Medium,48,Resolved,2
TICK0002123,CUST00807,2025-03-03,Performance,Medium,56,Resolved,2
TICK0002124,CUST00808,2026-03-10,Feature Request,Low,125,Resolved,3
TICK0002125,CUST00808,2026-04-12,Billing,Medium,35,Resolved,5
TICK0002126,CUST00809,2026-09-09,Bug Report,low,91,Resolved,5
TICK0002127,CUST00810,2025-08-21,Feature Request,Medium,46,Resolved,3
TICK0002128,CUST00810,2025-10-02,Feature Request,Low,75,Resolved,3
TICK0002129,CUST00810 ,2025-04-22,How-To Question,Low,80,Open,2
TICK0002130,CUST00811,2026-03-16,How-To Question,Medium,75,Resolved,4
TICK0002131,CUST00812,2025-06-17,Billing,Low,66,Resolved,1
TICK0002132,CUST00812,2025-05-29,How-To Question,High,8,Resolved,3
TICK0002133,CUST00813,2026-05-24,Billing,Low,43,Resolved,5
TICK0002134,CUST00813,2026-05-26,Feature Request,Medium,38,Resolved,1
TICK0002135,CUST00814,2023-12-08,Feature Request,Low,80,Resolved,4
TICK0002136,CUST00815,2026-07-15,Feature Request,Low,59,Resolved,5
TICK0002137,CUST00815,2024-08-26,Performance,Low,65,Resolved,5
TICK0002138,CUST00815,2025-03-21,How-To Question,Low,101,Resolved,4
TICK0002139,CUST00816,2025-12-23,Feature Request,High,9,Resolved,5
TICK0002140,CUST00816,2023-12-18,Feature Request,Low,96,Resolved,4
TICK0002141,CUST00818,2025-03-03,Feature Request,Low,128,Resolved,5
TICK0002142,CUST00818,2025-07-16,Feature Request,Urgent,4,Resolved,5
TICK0002143,CUST00819,2026-04-16,Billing,MEDIUM,13,Resolved,4
TICK0002144,CUST00819,2026-07-02,Performance,Low,38,Resolved,4
TICK0002145,CUST00819,2026-07-04,Billing,High,37,Resolved,3
TICK0002146,CUST00819,2026-05-15,How-To Question,Medium,43,Resolved,3
TICK0002147,CUST00820,2026-08-28,Technical Issue,High,35,Resolved,3
TICK0002148,CUST00821,2025-05-19,Account Access,Low,112,Resolved,4
TICK0002149,CUST00821,2026-07-14,Integration,Low,87,Resolved,4
TICK0002150,CUST00821,2025-06-14,Technical Issue,Low,57,Resolved,4
TICK0002151,CUST00821,2026-04-22,How-To Question,Medium,8,resolved,3
TICK0002152,CUST00822,2026-08-06,Bug Report,Medium,50,Resolved,4
TICK0002153,CUST00822,2025-10-18,Integration,High,16,Resolved,5
TICK0002154,CUST00823,2026-07-24,How-To Question,Low,125,Resolved,5
TICK0002155,CUST00823,2025-11-21,Billing,Medium,36,Resolved,2
TICK0002156,CUST00823,2025-07-24,Bug Report,Low,69,Open,5
TICK0002157,CUST00823,2025-02-10,Billing,High,34,Resolved,4
TICK0002158,CUST00824,2026-03-18,How-To Question,Low,65,Resolved,4
TICK0002159,CUST00824,2024-09-22,Integration,Low,103,Resolved,5
TICK0002160,CUST00824,2026-06-18,Bug Report,Low,94,Resolved,5
TICK0002161,CUST00825,2026-07-16,How-To Question,Medium,31,Resolved,4
TICK0002162,CUST00827,2025-11-09,Account Access,Medium,66,Resolved,2
TICK0002163,CUST00827,2026-09-20,How-To Question,Low,50,Pending,3
TICK0002164,CUST00827,2026-09-05,How-To Question,Medium,75,Resolved,5
TICK0002165,CUST00828,2026-02-09,Technical Issue,Medium,13,Resolved,3
TICK0002166,CUST00829,2026-04-24,Billing,Medium,15,Resolved,3
TICK0002167,CUST00830,2026-06-22,How-To Question,Low,44,Pending,3
TICK0002168,CUST00830,2025-12-15,Technical Issue,Medium,54,Resolved,5
TICK0002169,CUST00830,2026-04-25,Technical Issue,Medium,62,Resolved,5
TICK0002170,CUST00831,2026-01-20,Account Access,Medium,63,Resolved,2
TICK0002171,CUST00831,2025-12-23,Bug Report,Low,77,Resolved,1
TICK0002172,CUST00831,2026-06-20,Performance,Low,144,Resolved,3
TICK0002173,CUST00833,2025-11-21,Billing,Low,85,Resolved,4
TICK0002174,CUST00833,2026-07-18,Performance,Medium,33,Resolved,2
TICK0002175,CUST00833,2025-11-09,Performance,Medium,57,resolved,3
TICK0002176,CUST00833,2025-09-10,bug report,Urgent,5,Resolved,5
TICK0002177,CUST00835,2024-06-14,Billing,Medium,54,Resolved,5
TICK0002178,CUST00836,2026-08-12,Feature Request,Low,68,Resolved,4
TICK0002179,CUST00836,2026-06-30,Account Access,Low,63,Pending,3
TICK0002180,CUST00837,2026-06-09,Feature Request,Low,55,Open,3
TICK0002181,CUST00837,2026-07-25,How-To Question,Medium,28,Pending,4
TICK0002182,CUST00837,2026-07-23,Feature Request,Medium,14,Resolved,1
TICK0002183,CUST00837,2026-06-20,Billing,Low,113,Resolved,3
TICK0002184,CUST00838,2026-09-09,Performance,Urgent,25,Resolved,1
TICK0002185,CUST00838,2026-07-05,Performance,Medium,19,Resolved,3
TICK0002186,CUST00838,2026-08-26,Account Access,Low,85,Resolved,3
TICK0002187,CUST00838,2026-07-25,Integration,Medium,72,Resolved,3
TICK0002188,CUST00838,2026-06-18,Performance,Medium,102,Resolved,1
TICK0002189,CUST00838,2026-09-07,Account Access,High,13,Resolved,3
TICK0002190,CUST00838,2026-09-21,Account Access,Medium,130,Resolved,1
TICK0002191,CUST00838,2026-08-31,Account Access,Medium,80,Resolved,2
TICK0002192,CUST00839,2025-05-22,How-To Question,Low,47,Resolved,4
TICK0002193,CUST00839,2026-04-05,Account Access,Low,59,Resolved,4
TICK0002194,CUST00839,2025-01-06,how-to question,Medium,34,Resolved,3
TICK0002195,CUST00840,2026-05-30,Performance,Low,20,Resolved,5
TICK0002196,CUST00840,2026-05-17,Performance,High,46,Resolved,4
TICK0002197,CUST00841,2024-10-14,Billing, high,21,Resolved,4
TICK0002198,CUST00841,2024-05-04,Billing,Low,95,Resolved,3
TICK0002199,CUST00842,2024-05-23,Feature Request,Low,51,Resolved,5
TICK0002200,CUST00842,2025-06-23,Integration,Medium,62,Resolved,5
TICK0002201,CUST00842,2025-10-28,Account Access,Low,78,Resolved,4
TICK0002202,CUST00843,2026-01-25,Feature Request,Urgent,12,Resolved,4
TICK0002203,CUST00843,2026-01-12,Feature Request,Medium,44,Resolved,4
TICK0002204,CUST00843,2026-02-19,Account Access,Low,36,Resolved,5
TICK0002205,CUST00843,2026-01-11,How-To Question,Medium,66,Resolved,3
TICK0002206,CUST00843,2026-02-01,Feature Request,Low,39,Resolved,4
TICK0002207,CUST00844,2023-10-27,Billing,Urgent,2,Resolved,3
TICK0002208,CUST00844,2025-04-19,Integration,Low,79,Resolved,4
TICK0002209,CUST00844,2024-12-30,Bug Report,Low,90,Resolved,4
TICK0002210,CUST00845,2025-07-11,Bug Report,Medium,8,Resolved,5
TICK0002211,CUST00845,2024-09-17,Integration,Low,83,Resolved,5
TICK0002212,CUST00845,2026-02-13,Bug Report,Medium,59,Resolved,4
TICK0002213,CUST00846,2026-05-30,How-To Question,High,32,Resolved,4
TICK0002214,CUST00846,2026-08-06,Feature Request,Medium,32,Resolved,1
TICK0002215,CUST00846,2026-06-16,Performance,Low,107,Resolved,4
TICK0002216,CUST00846,2026-06-24,How-To Question,Low,56,Open,4
TICK0002217,CUST00846 ,2026-07-13,Performance,High,9,Resolved,5
TICK0002218,CUST00846,2026-07-09,How-To Question,Medium,57,Resolved,3
TICK0002219,CUST00846,2026-08-09,Feature Request,High,21,Resolved,4
TICK0002220,CUST00847,2025-11-17,Performance,Low,76,Resolved,4
TICK0002221,CUST00847,2026-01-03,Feature Request,Medium,41,Resolved,3
TICK0002222,CUST00847,2025-10-27,Performance,Low,52,Resolved,3
TICK0002223,CUST00848,2025-04-06,Performance,Medium,79,Resolved,4
TICK0002224,CUST00848,2025-10-01,How-To Question,Medium,38,Resolved,5
TICK0002225,CUST00848,2026-01-04,Performance,Low,86,Resolved,4
TICK0002226,CUST00848,2025-11-16,Feature Request,Medium,50,Resolved,4
TICK0002227,CUST00849,2026-06-21,Performance,Low,106,Resolved,4
TICK0002228,CUST00849,2025-01-08,account access,Medium,29,Resolved,5
TICK0002229,CUST00851,2025-09-17,How-To Question,Low,39,Resolved,1
TICK0002230,CUST00851,2026-01-26,Performance,Low,62,Resolved,2
TICK0002231,CUST00852,2026-03-05,Performance,Low,124,Resolved,1
TICK0002232,CUST00852,2026-06-05,Performance,Low,202,Resolved,2
TICK0002233,CUST00852,2026-05-27,Bug Report,Medium,39,Resolved,5
TICK0002234,CUST00853,2025-11-02,How-To Question,Medium,76,Resolved,4
TICK0002235,CUST00853,2026-06-12,Account Access,Medium,54,Resolved,4
TICK0002236,CUST00853,2025-10-18,Feature Request,Medium,21,Resolved,5
TICK0002237,CUST00853,2025-11-04,Account Access,High,10,Resolved,3
TICK0002238,CUST00853,2025-08-04,Feature Request,Low,57,Resolved,5
TICK0002239,CUST00853,2025-11-14,How-To Question,Medium,30,Resolved,5
TICK0002240,CUST00854,2025-12-11,Bug Report,Medium,58,Resolved,4
TICK0002241,CUST00855,2024-06-29,How-To Question,High,6,Resolved,5
TICK0002242,CUST00855,2026-02-05,Technical Issue,Medium,37,Resolved,5
TICK0002243,CUST00858,2026-06-17,How-To Question,Medium,31,Resolved,5
TICK0002244,CUST00859,2026-08-03,Performance,Medium,123,Resolved,1
TICK0002245,CUST00859,2026-08-26,Performance,Medium,44,Resolved,2
TICK0002246,CUST00859,2026-09-10,Integration,Medium,111,Resolved,4
TICK0002247,CUST00861,2024-11-05,Account Access,Low,81,Resolved,1
TICK0002248,CUST00861,2025-05-26,Account Access,Low,111,Resolved,2
TICK0002249,CUST00861,2025-09-15,Integration,Low,242,Resolved,2
TICK0002250,CUST00861,2025-09-29,Technical Issue,Low,66,Resolved,4
TICK0002251,CUST00861,2025-05-01,Performance,Low,111,Resolved,1
TICK0002252,CUST00863,2025-07-26,Billing,High,11,Resolved,5
TICK0002253,CUST00863,2026-01-26,Technical Issue,Medium,39,Resolved,5
TICK0002254,CUST00863,2025-09-21,Bug Report,Medium,79,Resolved,4
TICK0002255,CUST00863,2026-05-18,Performance,Medium,54,Resolved,4
TICK0002256,CUST00864,2025-08-10,Technical Issue,Medium,52,Resolved,3
TICK0002257,CUST00864,2026-05-01,Billing,Low,92,Resolved,4
TICK0002258,CUST00864 ,2026-02-17,Performance,Low,108,Resolved,5
TICK0002259,CUST00864,2026-08-02,Feature Request,Medium,90,Open,5
TICK0002260,CUST00864,2026-08-14,Technical Issue,Medium,64,Resolved,1
TICK0002261,CUST00864,2026-02-04,Feature Request,Medium,58,Resolved,5
TICK0002262,CUST00865,2026-08-09,Bug Report,Low,75,Resolved,5
TICK0002263,CUST00866,2025-01-15,Integration,High,44,Resolved,4
TICK0002264,CUST00866,2025-04-16,Account Access,Medium,18,Open,5
TICK0002265,CUST00867,2025-03-30,How-To Question,Low,75,Resolved,4
TICK0002266,CUST00867,2026-08-06,Performance,Low,57,Pending,5
TICK0002267,CUST00868,2024-12-22,How-To Question,Low,125,Resolved,4
TICK0002268,CUST00868 ,2024-07-23,How-To Question,Medium,22,Resolved,4
TICK0002269,CUST00869,2026-06-13,Account Access,Low,139,Resolved,2
TICK0002270,CUST00869,2026-05-27,Account Access,Low,120,Resolved,2
TICK0002271,CUST00870,2025-02-26,Billing,Medium,21,Resolved,5
TICK0002272,CUST00871,2025-06-24,Feature Request,Medium,41,Resolved,2
TICK0002273,CUST00871,2026-07-24,Bug Report,Low,116,Resolved,3
TICK0002274,CUST00871,2025-07-01,Technical Issue,Low,138,Pending,5
TICK0002275,CUST00871,2025-12-13,how-to question,Medium,8,Resolved,4
TICK0002276,CUST00871,2025-11-07,Billing,Low,72,Resolved,2
TICK0002277,CUST00872,2026-05-26,Account Access,Medium,50,Resolved,4
TICK0002278,CUST00872,2026-06-06,Billing,High,25,Pending,5
TICK0002279,CUST00872,2026-04-29,Account Access,High,4,Resolved,2
TICK0002280,CUST00872,2026-08-26,How-To Question,High,4,Resolved,4
TICK0002281,CUST00873,2026-06-12,How-To Question,Medium,22,Resolved,5
TICK0002282,CUST00873,2026-09-08,Billing,Medium,74,Pending,5
TICK0002283,CUST00873,2026-08-30,Integration,Low,84,Resolved,5
TICK0002284,CUST00874,2026-06-27,Feature Request,Low,105,Resolved,3
TICK0002285,CUST00874,2026-04-24,Technical Issue,Medium,57,Resolved,1
TICK0002286,CUST00875,2025-10-26,Performance,Low,108,Resolved,5
TICK0002287,CUST00875,2025-12-02,Billing,Low,48,Resolved,3
TICK0002288,CUST00875,2025-12-22,Billing,Medium,33,Resolved,5
TICK0002289,CUST00875,01/31/2026,Feature Request,High,21,Resolved,3
TICK0002290,CUST00875,2025-10-27,Billing,High,41,Resolved,4
TICK0002291,CUST00875,2025-12-08,Performance,Medium,76,Resolved,2
TICK0002292,CUST00875,2026-01-27,Feature Request,Low,86,Resolved,1
TICK0002293,CUST00876,2025-10-31,How-To Question,Low,65,Resolved,5
TICK0002294,CUST00876,2026-05-11,How-To Question,MEDIUM,26,Resolved,5
TICK0002295,CUST00878,2026-03-22,How-To Question,Low,66,Resolved,4
TICK0002296,CUST00878,2026-02-20,Account Access,Medium,26,Resolved,
TICK0002297,CUST00878,2025-09-17,Feature Request,Medium,56,Resolved,3
TICK0002298,CUST00879,2024-08-23,Feature Request,Low,72,Resolved,3
TICK0002299,CUST00880,2024-05-15,Technical Issue,Medium,70,Resolved,4
TICK0002300,CUST00882,2025-11-05,Billing,Low,92,Resolved,5
TICK0002301,CUST00882,2024-06-25,Account Access,Medium,62,Resolved,5
TICK0002302,CUST00882,2025-08-08,How-To Question,High,10,Resolved,5
TICK0002303,CUST00882,2025-09-17,Technical Issue,Medium,30,Resolved,3
TICK0002304,CUST00882,2026-06-19,How-To Question,High,26,Resolved,4
TICK0002305,CUST00883,2026-06-13,Billing,Medium,29,Resolved,5
TICK0002306,CUST00883,2026-03-02,Performance,Medium,36,Resolved,3
TICK0002307,CUST00883,2026-04-29,Performance,Medium,104,Resolved,1
TICK0002308,CUST00885,2026-09-07,Bug Report,Low,111,Resolved,1
TICK0002309,CUST00885,2026-08-24,Bug Report,Medium,31,Resolved,5
TICK0002310,CUST00885,2026-08-27,Account Access,Low,64,Resolved,5
TICK0002311,CUST00886,2025-04-07,Account Access,Low,69,Resolved,5
TICK0002312,CUST00886,2026-04-04,How-To Question,Low,80,Resolved,4
TICK0002313,CUST00887,2025-01-22,Feature Request,Medium,88,Resolved,3
TICK0002314,CUST00887,2024-02-27,Bug Report,Medium,74,Resolved,5
TICK0002315,CUST00888,2026-05-23,Bug Report,Low,76,Resolved,4
TICK0002316,CUST00889,2025-01-02,Feature Request,High,30,Resolved,5
TICK0002317,CUST00890,2025-09-03,Account Access,Low,73,Resolved,2
TICK0002318,CUST00890,2026-01-10,Integration,High,29,Resolved,3
TICK0002319,CUST00890,2025-11-23,Account Access,Medium,123,Resolved,3
TICK0002320,CUST00890,2025-08-30,Bug Report,Medium,35,Pending,1
TICK0002321,CUST00890,2025-12-06,Performance,Low,93,Resolved,1
TICK0002322,CUST00890,09/05/2025,Integration,Medium,50,Resolved,1
TICK0002323,CUST00893,2026-03-27,Integration,Low,113,Resolved,3
TICK0002324,CUST00893,2026-01-22,Bug Report,High,28,Open,3
TICK0002325,CUST00894,2026-03-20,Feature Request,Medium,36,Resolved,5
TICK0002326,CUST00895,2026-07-12,Feature Request,Low,103,Resolved,5
TICK0002327,CUST00895,2026-04-01,How-To Question,High,17,Resolved,4
TICK0002328,CUST00895,2026-04-24,Feature Request,High,7,Pending,2
TICK0002329,CUST00895,2026-04-20,How-To Question,Medium,55,Resolved,5
TICK0002330,CUST00895,2026-08-24,Billing,Low,62,resolved,5
TICK0002331,CUST00897,2025-02-15,How-To Question,Urgent,14,Resolved,4
TICK0002332,CUST00898,2025-08-24,How-To Question,High,4,Resolved,4
TICK0002333,CUST00899,2025-12-03,Feature Request,Medium,43,Resolved,4
TICK0002334,CUST00899,2025-11-21,Feature Request,Low,87,Resolved,4
TICK0002335,CUST00899,2025-10-13,Performance,Low,81,Resolved,3
TICK0002336,CUST00900,2026-05-22,Feature Request,Low,12,Resolved,2
TICK0002337,CUST00900,2026-03-09,How-To Question,Low,59,Resolved,5
TICK0002338,CUST00901,2026-09-12,How-To Question,Medium,31,Resolved,5
TICK0002339,CUST00901,2026-09-14,Technical Issue,Low,99,Pending,5
TICK0002340,CUST00901,2026-09-23,Feature Request,Low,116,Open,3
TICK0002341,CUST00903,2025-12-10,Integration,Low,62,Resolved,5
TICK0002342,CUST00904,2025-09-10,How-To Question,Low,86,Resolved,3
TICK0002343,CUST00905,2026-02-11,Performance,Low,65,Resolved,4
TICK0002344,CUST00905,11/21/2025,How-To Question,Low,101,Resolved,2
TICK0002345,CUST00905,2026-08-03,How-To Question,Low,16,Resolved,5
TICK0002346,CUST00906,2026-07-25,Technical Issue,Low,90,Resolved,1
TICK0002347,CUST00906,2026-05-23,Technical Issue,Low,117,Resolved,2
TICK0002348,CUST00906,2025-08-17,Account Access,High,23,Resolved,1
TICK0002349,CUST00906,2026-02-01,Integration,Medium,76,Resolved,
TICK0002350,CUST00906,2026-01-05,Performance,Medium,80,Resolved,3
TICK0002351,CUST00907,2026-06-19,Feature Request,Medium,42,Resolved,2
TICK0002352,CUST00907,2026-05-29,Feature Request,Medium,65,Resolved,5
TICK0002353,CUST00907,2025-12-16,How-To Question,Low,120,Resolved,3
TICK0002354,CUST00908,2025-10-26,Performance,High,21,Resolved,4
TICK0002355,CUST00908,2026-01-08,Performance,Low,91,Resolved,4
TICK0002356,CUST00908,2026-05-29,Feature Request,Medium,22,Pending,5
TICK0002357,CUST00909,2023-11-23,Billing,Low,82,Resolved,5
TICK0002358,CUST00909,2026-08-06,Performance,Medium,67,Resolved,4
TICK0002359,CUST00909,2026-09-04,Bug Report,Medium,61,Resolved,5
TICK0002360,CUST00910,2026-08-26,Account Access,High,60,Resolved,1
TICK0002361,CUST00910,2026-06-23,Integration,Medium,102,Resolved,4
TICK0002362,CUST00910,2026-05-22,Performance,High,36,Pending,1
TICK0002363,CUST00910,2026-08-13,Technical Issue,Low,139,Resolved,2
TICK0002364,CUST00910,2026-05-15,Integration,Low,115,Resolved,5
TICK0002365,CUST00910,2026-05-23,Technical Issue,Urgent,34,Resolved,4
TICK0002366,CUST00911,2025-09-04,How-To Question,Low,49,Resolved,5
TICK0002367,CUST00911,2024-10-05,How-To Question,High,25,Resolved,4
TICK0002368,CUST00912,2026-06-30,How-To Question,Medium,21,Resolved,4
TICK0002369,CUST00912,2026-06-25,Integration,Medium,39,Resolved,5
TICK0002370,CUST00912,2026-08-13,Feature Request,Low,95,Resolved,5
TICK0002371,CUST00912,2026-07-30,Account Access,Medium,27,Resolved,4
TICK0002372,CUST00912,2026-07-17,Technical Issue,Low,42,Resolved,5
TICK0002373,CUST00912,2026-09-02,How-To Question,Low,43,Resolved,5
TICK0002374,CUST00913,2024-12-14,How-To Question,Low,101,Resolved,5
TICK0002375,CUST00913,2026-01-02,Billing,Low,69,Resolved,5
TICK0002376,CUST00913,2025-03-27,Billing,Medium,80,Resolved,3
TICK0002377,CUST00914,2026-08-13,Integration,Medium,20,Open,5
TICK0002378,CUST00914,2025-11-01,Technical Issue,Low,103,Resolved,4
TICK0002379,CUST00915,2026-02-07,performance,Medium,13,Resolved,1
TICK0002380,CUST00915,2026-07-18,Technical Issue,Medium,137,Resolved,2
TICK0002381,CUST00915,2025-09-11,Integration,Medium,64,Resolved,1
TICK0002382,CUST00915,2025-09-02,Bug Report,Low,126,Resolved,2
TICK0002383,CUST00915,2026-09-09,Technical Issue,Medium,55,Resolved,1
TICK0002384,CUST00915,2024-10-04,Bug Report,Low,113,Resolved,2
TICK0002385,CUST00916,2026-05-06,Billing,Low,42,Resolved,4
TICK0002386,CUST00917,2025-10-23,Feature Request,Medium,53,Resolved,
TICK0002387,CUST00918,2026-08-12,Bug Report,Urgent,4,Resolved,3
TICK0002388,CUST00918,2026-09-03,Account Access,Medium,8,Resolved,5
TICK0002389,CUST00919,2026-09-20,Technical Issue,Medium,18,Resolved,1
TICK0002390,CUST00919,2026-05-23,Account Access,Low,134,Resolved,4
TICK0002391,CUST00919,2026-09-21,Account Access,Low,204,Resolved,2
TICK0002392,CUST00919,2026-08-28,Integration,Medium,102,Resolved,2
TICK0002393,CUST00919,2026-07-24,Technical Issue,Low,126,Resolved,3
TICK0002394,CUST00919,2026-09-01,Integration,Medium,66,Resolved,5
TICK0002395,CUST00919,2026-06-23,Bug Report,Low,90,Resolved,3
TICK0002396,CUST00919,2026-07-27,Performance,Low,23,Pending,2
TICK0002397,CUST00920,2026-06-16,Account Access,Low,66,Resolved,5
TICK0002398,CUST00920,2026-01-12,How-To Question,Medium,34,Resolved,5
TICK0002399,CUST00921,2026-06-22,Feature Request,Medium,41,Resolved,3
TICK0002400,CUST00921,2025-10-10,Account Access,Low,12,Resolved,3
TICK0002401,CUST00921,2026-03-29,Feature Request,Low,108,Resolved,2
TICK0002402,CUST00922,2026-04-15,Account Access,Low,98,Resolved,4
TICK0002403,CUST00922,2026-05-19,Account Access,High,29,Pending,3
TICK0002404,CUST00922,2025-09-27,Technical Issue,Medium,38,Resolved,3
TICK0002405,CUST00923,2026-01-28,How-To Question,High,27,Resolved,3
TICK0002406,CUST00925,2024-10-29,Account Access,High,4,Resolved,2
TICK0002407,CUST00925,2025-01-13,Account Access,Medium,58,Resolved,5
TICK0002408,CUST00925,2026-06-24,Technical Issue,High,21,Resolved,1
TICK0002409,CUST00926,2026-08-19,Performance,Low,12,Resolved,1
TICK0002410,CUST00926,2026-08-20,Performance,Low,80,Resolved,3
TICK0002411,CUST00926,2026-08-20,How-To Question,Low,39,Resolved,5
TICK0002412,CUST00927,2026-01-22,Billing,Low,106,Resolved,5
TICK0002413,CUST00928,2026-07-29,Feature Request,Medium,57,Resolved,5
TICK0002414,CUST00928,2026-09-08,Billing,High,14,Resolved,2
TICK0002415,CUST00929,2026-05-09,Performance,Low,66,Resolved,4
TICK0002416,CUST00929,2026-07-14,Billing,High,8,Resolved,5
TICK0002417,CUST00929,2026-04-20,technical issue,Low,64,Resolved,5
TICK0002418,CUST00929,2026-04-11,Technical Issue,Low,102,Resolved,4
TICK0002419,CUST00930,2025-05-22,Integration,Medium,41,Resolved,5
TICK0002420,CUST00930,2025-10-26,Performance,Medium,61,Resolved,4
TICK0002421,CUST00930,2025-06-13,Performance,Medium,24,Pending,5
TICK0002422,CUST00930,2025-07-25,How-To Question,Low,34,Open,4
TICK0002423,CUST00931,2026-05-01,Account Access,Medium,27,Resolved,2
TICK0002424,CUST00931,2026-04-19,Account Access,Low,83,Resolved,4
TICK0002425,CUST00931,2026-07-08,How-To Question,Urgent,16,Resolved,4
TICK0002426,CUST00932,2026-01-27,Billing,High,27,Open,5
TICK0002427,CUST00933,2026-03-06,Feature Request,Low,116,Resolved,2
TICK0002428,CUST00934,2026-05-24,How-To Question,High,16,Resolved,3
TICK0002429,CUST00934,2026-07-18,Account Access,Medium,25,Resolved,5
TICK0002430,CUST00934,2026-05-07,How-To Question,Low,84,Resolved,1
TICK0002431,CUST00934,2026-06-30,Feature Request,High,18,Resolved,5
TICK0002432,CUST00934,2026-08-10,How-To Question,Low,29,Resolved,4
TICK0002433,CUST00935,2024-09-29,Technical Issue,Low,60,Resolved,5
TICK0002434,CUST00935,2025-02-27,Bug Report,Medium,66,Resolved,4
TICK0002435,CUST00935,2026-01-01,Integration,High,19,Resolved,5
TICK0002436,CUST00936,2026-07-23,Billing,Low,50,Resolved,3
TICK0002437,CUST00936,06/09/2026,Feature Request,Low,46,Resolved,5
TICK0002438,CUST00937,2025-07-07,Technical Issue,Medium,52,Resolved,1
TICK0002439,CUST00937,2025-03-14,Performance,Medium,68,Resolved,1
TICK0002440,CUST00937,2025-01-04,Integration,Medium,84,Pending,2
TICK0002441,CUST00937,2025-07-18,Technical Issue,Low,18,Resolved,1
TICK0002442,CUST00937,2025-04-28,Bug Report,Low,126,Resolved,4
TICK0002443,CUST00937,2024-12-10,Performance,Low,105,Resolved,2
TICK0002444,CUST00937,2025-02-05,Technical Issue,Low,134,Resolved,1
TICK0002445,CUST00937,2025-03-17,Integration,Medium,80,Resolved,2
TICK0002446,CUST00937,2025-02-17,Account Access,Low,160,Resolved,1
TICK0002447,CUST00937,2025-09-03,Bug Report,Medium,100,Resolved,1
TICK0002448,CUST00938,2025-10-20,Account Access,Urgent,8,Resolved,2
TICK0002449,CUST00938,2025-02-15,Bug Report,Medium,90,Resolved,1
TICK0002450,CUST00938,2026-08-10,Account Access,Medium,57,Resolved,1
TICK0002451,CUST00938,2025-03-27,Technical Issue,Medium,106,Resolved,1
TICK0002452,CUST00939,2026-01-17,Feature Request,Medium,59,Resolved,3
TICK0002453,CUST00939,2026-06-29,How-To Question,Medium,82,Resolved,4
TICK0002454,CUST00940,2025-08-26,INTEGRATION,Medium,64,Resolved,5
TICK0002455,CUST00940,2026-07-03,Billing,Low,55,Resolved,3
TICK0002456,CUST00941,2025-12-17,Account Access,Low,48,Resolved,3
TICK0002457,CUST00941,2026-08-13,Bug Report,High,11,Resolved,3
TICK0002458,CUST00941,2026-07-07,Integration,Low,77,Pending,5
TICK0002459,CUST00941,08/26/2026,Billing,Low,12,Resolved,4
TICK0002460,CUST00942,2025-04-27,How-To Question,Low,146,Resolved,5
TICK0002461,CUST00942,2024-06-01,Account Access,Low,54,Resolved,2
TICK0002462,CUST00943,2026-09-06,Integration,Medium,47,Resolved,3
TICK0002463,CUST00944,2025-08-11,Performance,Medium,54,Resolved,3
TICK0002464,CUST00944,09/22/2026,Feature Request,Low,77,Resolved,4
TICK0002465,CUST00944,2026-04-29,How-To Question,Low,63,Pending,3
TICK0002466,CUST00944,2025-05-16,Billing,High,46,Resolved,2
TICK0002467,CUST00944,2026-08-11,How-To Question,Low,128,Resolved,4
TICK0002468,CUST00944,2025-08-28,How-To Question,Low,105,Resolved,5
TICK0002469,CUST00944,2026-09-16,Billing,Low,62,Resolved,3
TICK0002470,CUST00945,2024-08-19,Performance,Low,114,Resolved,3
TICK0002471,CUST00945,2024-11-02,Feature Request,Medium,44,Resolved,3
TICK0002472,CUST00945,2024-08-21,Performance,Low,118,Resolved,5
TICK0002473,CUST00946,2025-05-31,Feature Request,Medium,43,Resolved,4
TICK0002474,CUST00946,2025-08-07,Account Access,Medium,65,Resolved,4
TICK0002475,CUST00947,2024-07-01,Bug Report,Low,71,Resolved,3
TICK0002476,CUST00947,2025-11-03,Technical Issue,Medium,20,Resolved,5
TICK0002477,CUST00948,2025-10-02,Billing,High,31,Resolved,4
TICK0002478,CUST00948,2026-01-05,Technical Issue,Urgent,11,Resolved,5
TICK0002479,CUST00948,2026-06-29,Technical Issue,High,21,Resolved,3
TICK0002480,CUST00949,2026-04-13,Integration,Medium,77,Resolved,4
TICK0002481,CUST00950,2026-08-22,Bug Report,Medium,53,Resolved,5
TICK0002482,CUST00950 ,2026-05-29,Account Access,Medium,51,Resolved,5
TICK0002483,CUST00951,2026-03-24,How-To Question,Low,69,Resolved,4
TICK0002484,CUST00952,2025-12-02,Performance,Low,55,Resolved,4
TICK0002485,CUST00952,2026-01-15,Billing,Medium,32,Resolved,5
TICK0002486,CUST00952,2026-06-25,Billing,Low,62,Resolved,5
TICK0002487,CUST00953,2026-04-29,Integration,Low,46,Resolved,5
TICK0002488,CUST00953,2026-06-29,Technical Issue,Low,88,Resolved,4
TICK0002489,CUST00953,2026-07-26,Feature Request,Medium,19,Resolved,3
TICK0002490,CUST00954,2026-03-26,Technical Issue,Low,125,Resolved,4
TICK0002491,CUST00954,2026-07-05,Account Access,Low,30,Resolved,2
TICK0002492,CUST00954,2026-05-23,account access,Urgent,21,Resolved,
TICK0002493,CUST00954,2026-09-13,Technical Issue,Low,87,Resolved,1
TICK0002494,CUST00955,2024-01-03,Account Access,Low,53,Resolved,5
TICK0002495,CUST00956,2025-05-13,Billing,Medium,30,Resolved,4
TICK0002496,CUST00956,2026-06-03,Integration,Medium,28,Resolved,5
TICK0002497,CUST00956,2025-08-17,Billing,Medium,57,Resolved,5
TICK0002498,CUST00957,2026-09-13,How-To Question,Medium,17,Resolved,3
TICK0002499,CUST00957,2025-10-22,Billing,High,30,Resolved,5
TICK0002500,CUST00957,2026-06-14,How-To Question,Low,40,Resolved,5
TICK0002501,CUST00957,2025-12-06,Billing,Low,62,Resolved,5
TICK0002502,CUST00958,2025-06-20,Performance,Low,114,Pending,3
TICK0002503,CUST00958,2025-12-08,Performance,Medium,15,Resolved,5
TICK0002504,CUST00958,2025-07-17,Feature Request,Medium,53,Resolved,5
TICK0002505,CUST00959,2026-06-23,Account Access,Low,78,Resolved,4
TICK0002506,CUST00959,2026-02-17,Technical Issue,High,21,Resolved,4
TICK0002507,CUST00961,2025-06-04,Performance,Medium,66,Resolved,2
TICK0002508,CUST00961,2025-03-31,Account Access,Low,113,Resolved,2
TICK0002509,CUST00961,2025-04-19,Bug Report,Low,146,Resolved,1
TICK0002510,CUST00961,2025-08-09,Account Access,Medium,117,Resolved,1
TICK0002511,CUST00963,2026-05-22,Billing,Medium,32,Resolved,3
TICK0002512,CUST00964,2026-08-14,Performance,Medium,100,Open,2
TICK0002513,CUST00964,2026-06-06,Bug Report,Low,98,Resolved,1
TICK0002514,CUST00964,2026-09-18,Bug Report,Medium,45,Pending,3
TICK0002515,CUST00964,2026-08-15,Account Access,Low,191,Pending,1
TICK0002516,CUST00965,2024-12-30,Feature Request,Medium,28,Resolved,4
TICK0002517,CUST00966,2026-06-01,Feature Request,Low,85,Resolved,4
TICK0002518,CUST00966,2026-06-05,Integration,Low,71,Resolved,3
TICK0002519,CUST00966 ,2026-05-11,Technical Issue,Medium,32,Pending,5
TICK0002520,CUST00967,2026-05-18,Account Access,Low,87,Resolved,4
TICK0002521,CUST00967,2025-03-09,Billing,Medium,30,Resolved,4
TICK0002522,CUST00968,2025-08-10,Feature Request,Low,107,Resolved,4
TICK0002523,CUST00969,2024-08-07,Account Access,Low,56,Resolved,3
TICK0002524,CUST00969,2025-12-07,Bug Report,Low,153,Resolved,3
TICK0002525,CUST00970,09/21/2026,Integration,Low,115,Resolved,5
TICK0002526,CUST00970,2026-09-19,Bug Report,Low,86,Resolved,5
TICK0002527,CUST00970,2025-12-25,Billing,Low,93,Resolved,5
TICK0002528,CUST00971,2026-04-06,Technical Issue,Low,120,Resolved,1
TICK0002529,CUST00971,2026-02-12,Account Access,Low,119,Resolved,3
TICK0002530,CUST00971,2026-07-21,Technical Issue,Medium,77,Resolved,3
TICK0002531,CUST00971,2026-08-18,Technical Issue,High,38,Resolved,4
TICK0002532,CUST00971,2026-05-08,Integration,Medium,70,Resolved,4
TICK0002533,CUST00972,2025-09-30,How-To Question,Medium,44,Pending,5
TICK0002534,CUST00972,2025-04-29,Performance,Medium,73,Resolved,4
TICK0002535,CUST00973,2026-06-14,Integration,Low,112,Resolved,1
TICK0002536,CUST00973,2026-01-04,Bug Report,Low,148,Resolved,1
TICK0002537,CUST00973,2026-05-04,Technical Issue,Medium,84,Resolved,1
TICK0002538,CUST00973,2026-06-25,Integration,Medium,35,Pending,1
TICK0002539,CUST00973,2025-12-29,Bug Report,Medium,45,Resolved,2
TICK0002540,CUST00973,2026-09-06,Integration,Low,147,Resolved,1
TICK0002541,CUST00973,2025-12-08,Technical Issue,Low,74,Open,2
TICK0002542,CUST00974,2024-10-12,Integration,Medium,95,Resolved,1
TICK0002543,CUST00974,2025-09-05,Technical Issue,Medium,62,Resolved,3
TICK0002544,CUST00975,2026-02-25,Technical Issue,High,27,Resolved,1
TICK0002545,CUST00975,2026-06-14,Account Access,Medium,70,Resolved,3
TICK0002546,CUST00975,2026-06-17,Bug Report,Medium,95,Resolved,1
TICK0002547,CUST00975,2026-06-25,Bug Report,Medium,120,Resolved,1
TICK0002548,CUST00976,2026-06-29,Feature Request,Medium,28,Resolved,5
TICK0002549,CUST00977,2026-03-21,Account Access,High,41,Resolved,4
TICK0002550,CUST00977,2025-11-22,How-To Question,Medium,71,Resolved,4
TICK0002551,CUST00978,2026-02-09,Feature Request,Low,55,Resolved,5
TICK0002552,CUST00980,2026-04-29,Technical Issue,Low,86,Resolved,2
TICK0002553,CUST00980,2025-09-20,Integration,Low,76,Resolved,2
TICK0002554,CUST00981,2025-11-09,Technical Issue,Low,99,Resolved,1
TICK0002555,CUST00981,2025-02-21,Technical Issue,Low,135,Resolved,2
TICK0002556,CUST00981,2024-02-02,Integration,Low,154,Resolved,2
TICK0002557,CUST00981,2025-07-13,Performance,Low,112,Resolved,1
TICK0002558,CUST00983,2026-03-03,Technical Issue,Low,73,Resolved,4
TICK0002559,CUST00983,2026-04-29,Performance,High,22,Resolved,5
TICK0002560,CUST00984,2025-02-07,Billing,High,8,Resolved,5
TICK0002561,CUST00984,2025-02-05,Account Access,Low,78,Resolved,4
TICK0002562,CUST00984,2025-04-07,Feature Request,Medium,54,Resolved,3
TICK0002563,CUST00985,2025-10-26,Account Access,Medium,65,Resolved,3
TICK0002564,CUST00986,2026-03-20,How-To Question,Medium,28,Resolved,4
TICK0002565,CUST00986,2026-07-22,How-To Question,High,25,Resolved,3
TICK0002566,CUST00987,2025-11-23,Account Access,High,20,Resolved,5
TICK0002567,CUST00987,2026-04-13,How-To Question,Medium,33,Resolved,4
TICK0002568,CUST00988,2026-02-18,Integration,Low,75,Resolved,5
TICK0002569,CUST00988,2026-07-12,Integration,Medium,41,Resolved,5
TICK0002570,CUST00988,2025-06-30,Integration,Medium,59,Resolved,5
TICK0002571,CUST00990,2026-07-04,Feature Request,Low,45,Resolved,2
TICK0002572,CUST00990,2026-03-02,Account Access,Low,111,Resolved,4
TICK0002573,CUST00990,2026-06-25,Feature Request,Medium,56,Resolved,2
TICK0002574,CUST00991,2026-02-25,Bug Report,Medium,41,Resolved,5
TICK0002575,CUST00992,2026-03-30,how-to question,Low,62,Resolved,5
TICK0002576,CUST00992,2026-02-14,Technical Issue,Medium,60,Resolved,3
TICK0002577,CUST00993,2025-05-31,Feature Request,Low,95,Resolved,3
TICK0002578,CUST00993,2026-02-07,How-To Question,High,39,Resolved,4
TICK0002579,CUST00994,2025-04-02,Feature Request,Low,57,Resolved,4
TICK0002580,CUST00995,2024-06-20,Billing,Medium,70,Resolved,2
TICK0002581,CUST00995,2025-09-05,Integration,Medium,65,Resolved,5
TICK0002582,CUST00995,2024-09-30,Integration,Low,71,Resolved,5
TICK0002583,CUST00995,2026-04-01,Performance,Medium,70,Resolved,4
TICK0002584,CUST00996,2026-06-19,Performance,Medium,29,Resolved,4
TICK0002585,CUST00997,2026-07-19,Integration,Medium,90,Resolved,1
TICK0002586,CUST00997,2026-09-05,Performance,High,41,Resolved,5
TICK0002587,CUST00997,04/20/2026,Bug Report,Low,119,Resolved,1
TICK0002588,CUST00997,2026-09-11,Integration,Low,21,Resolved,2
TICK0002589,CUST00998,2024-09-26,Billing,Medium,29,Resolved,4
TICK0002590,CUST00998,2024-09-11,Feature Request,Medium,66,Resolved,3
TICK0002591,CUST00998,2024-10-13,How-To Question,Low,95,Resolved,3
TICK0002592,CUST00998,2025-01-07,How-To Question,Low,115,Resolved,5
TICK0002593,CUST00998,2024-12-25,Billing,Low,77,Resolved,5
TICK0002594,CUST00998,2024-10-18,Feature Request,Low,73,Resolved,4
TICK0002595,CUST00999,2026-05-28,Performance,Low,56,Resolved,3
TICK0002596,CUST00999,2026-06-25,Billing,Urgent,20,Pending,3
TICK0002597,CUST01000,2026-08-19,Technical Issue,Medium,55,Resolved,4
TICK0002598,CUST01000,2026-05-16,Bug Report,Low,86,Resolved,3
TICK0002599,CUST01000,2026-03-20,Bug Report,Low,40,Resolved,4
TICK0002600,CUST01001,2026-09-15,Integration,Medium,16,Resolved,3
TICK0002601,CUST01001,2026-05-25,How-To Question,Medium,52,Resolved,4
TICK0002602,CUST01002,2026-01-14,Technical Issue,Low,47,Resolved,5
TICK0002603,CUST01002,2025-12-26,How-To Question,Medium,73,Resolved,3
TICK0002604,CUST01002,2026-07-03,Account Access,Low,76,Resolved,4
TICK0002605,CUST01003,2026-05-10,Integration,High,32,Resolved,5
TICK0002606,CUST01003,2026-04-25,Technical Issue,Low,74,Resolved,4
TICK0002607,CUST01004,2024-10-19,Bug Report,High,36,Resolved,4
TICK0002608,CUST01004,2024-01-13,How-To Question,Medium,43,Resolved,2
TICK0002609,CUST01005,2026-07-05,Performance,Medium,63,Resolved,2
TICK0002610,CUST01005,2024-05-20,Technical Issue,Low,189,Resolved,1
TICK0002611,CUST01005,2025-01-23,Performance,Low,18,Resolved,1
TICK0002612,CUST01005,2025-05-14,Account Access,Low,72,Resolved,1
TICK0002613,CUST01005,2025-08-01,Account Access,Medium,72,Pending,1
TICK0002614,CUST01005,2026-05-01,Bug Report,Low,108,Resolved,3
TICK0002615,CUST01005,2025-06-06,Bug Report,Medium,114,Resolved,2
TICK0002616,CUST01005,2025-05-29,Account Access,Medium,61,Resolved,1
TICK0002617,CUST01005,2025-12-13,Technical Issue,Low,120,Resolved,1
TICK0002618,CUST01005,2025-07-15,Account Access,Medium,62,Resolved,4
TICK0002619,CUST01006,2026-07-06,Feature Request,High,30,Resolved,3
TICK0002620,CUST01006,2026-02-26,How-To Question,Medium,42,Resolved,
TICK0002621,CUST01006,2026-02-01,Feature Request,Low,48,Resolved,4
TICK0002622,CUST01007,2025-02-21,Account Access,Medium,12,Resolved,5
TICK0002623,CUST01008,2026-01-25,Performance,Medium,29,Resolved,4
TICK0002624,CUST01008,2026-08-20,Performance,Medium,44,Pending,3
TICK0002625,CUST01008,2026-05-07,Feature Request,Low,72,Pending,3
TICK0002626,CUST01009,03/11/2026,Bug Report,High,32,Open,3
TICK0002627,CUST01010,2026-05-28,Integration,Medium,51,Resolved,2
TICK0002628,CUST01010,2026-08-07,Bug Report,High,50,Resolved,1
TICK0002629,CUST01010,2026-09-23,Account Access,Low,160,Resolved,1
TICK0002630,CUST01010,2026-08-12,Technical Issue,Low,121,Pending,4
TICK0002631,CUST01010,2026-07-09,Technical Issue,Medium,44,Resolved,4
TICK0002632,CUST01010,2026-07-05,Performance,Medium,72,Resolved,1
TICK0002633,CUST01010,2026-01-24,Technical Issue,Low,156,Resolved,1
TICK0002634,CUST01010,2026-04-29,Bug Report,Urgent,19, PENDING,2
TICK0002635,CUST01011,2025-07-27,Account Access,Medium,83,Resolved,5
TICK0002636,CUST01011,11/14/2024,Feature Request,Medium,26,Resolved,3
TICK0002637,CUST01011,2025-01-12,Account Access,Low,70,Pending,4
TICK0002638,CUST01011,2025-07-13,How-To Question,Medium,58,Resolved,4
TICK0002639,CUST01011,2024-05-11,Account Access,Medium,41,Resolved,3
TICK0002640,CUST01012,2024-10-13,Billing,Low,79,Resolved,4
TICK0002641,CUST01012,2026-05-08,How-To Question,Low,86,Resolved,5
TICK0002642,CUST01013,2026-06-22,Account Access,Low,158,Resolved,5
TICK0002643,CUST01015,2024-09-10,How-To Question,Low,90,Resolved,5
TICK0002644,CUST01016,2025-12-14,Performance,Medium,28,Resolved,5
TICK0002645,CUST01016,2026-06-06,How-To Question,Medium,49,Resolved,3
TICK0002646,CUST01017,2026-04-18,Account Access,Medium,23,resolved,5
TICK0002647,CUST01019,2023-11-26,Billing,Medium,47,Resolved,4
TICK0002648,CUST01019,2025-08-19,Bug Report,Low,116,Resolved,4
TICK0002649,CUST01020,2025-02-13,How-To Question,Low,107,Resolved,3
TICK0002650,CUST01020,2025-02-07,Feature Request,Medium,42,Pending,4
TICK0002651,CUST01020,2024-10-16,Account Access,Low,56,Pending,4
TICK0002652,CUST01020,2024-09-03,How-To Question,Low,92,Resolved,1
TICK0002653,CUST01021,2025-08-12,Account Access,Urgent,11,Resolved,4
TICK0002654,CUST01022,2024-03-22,Performance,Low,43,Resolved,2
TICK0002655,CUST01022,2024-02-19,performance,Low,125,Resolved,4
TICK0002656,CUST01022,2024-07-04,Feature Request,Medium,44,Open,4
TICK0002657,CUST01022,2024-10-27,Billing,Medium,65,Resolved,2
TICK0002658,CUST01023,2025-07-15,Performance,Medium,11,Resolved,5
TICK0002659,CUST01023,2026-07-30,Bug Report,Low,58,Resolved,4
TICK0002660,CUST01023,2026-07-09,How-To Question,Medium,8,Resolved,3
TICK0002661,CUST01024,2025-11-20,Billing,Medium,60,Resolved,2
TICK0002662,CUST01024,2026-06-25,Integration,Urgent,19,Resolved,4
TICK0002663,CUST01024,2026-06-29,Performance,Medium,61,Resolved,4
TICK0002664,CUST01025,2026-07-07,Bug Report,Medium,68,resolved,4
TICK0002665,CUST01025,2026-07-16,Account Access,Low,77,Pending,5
TICK0002666,CUST01025,2026-07-23,Bug Report,High,16,Resolved,5
TICK0002667,CUST01026,2026-01-17,Performance,Low,41,Resolved,5
TICK0002668,CUST01027,2026-05-16,Performance,High,42,Resolved,4
TICK0002669,CUST01027,2025-05-03,How-To Question,Medium,64,Resolved,2
TICK0002670,CUST01027,2024-10-05,How-To Question,Low,90,Resolved,4
TICK0002671,CUST01027,2026-04-19,How-To Question,Low,48,Resolved,3
TICK0002672,CUST01028,2025-11-28,Feature Request,Low,53,Resolved,4
TICK0002673,CUST01028,2025-09-15,Feature Request,Low,71,Resolved,5
TICK0002674,CUST01028,2026-05-17,How-To Question,Low,72,Resolved,3
TICK0002675,CUST01029,2025-01-14,Feature Request,Low,25,Pending,3
TICK0002676,CUST01029,2025-04-18,How-To Question,Urgent,10,Resolved,4
TICK0002677,CUST01030,2026-08-16,Performance,Low,188,Resolved,2
TICK0002678,CUST01030,2026-03-12,Bug Report,Medium,118,Resolved,4
TICK0002679,CUST01030,2026-03-01,Performance,Medium,93,Resolved,4
TICK0002680,CUST01030,2025-01-30,Bug Report,Low,131,Resolved,4
TICK0002681,CUST01030,2026-02-23,Account Access,Medium,159,Open,3
TICK0002682,CUST01030,04/15/2026,Performance,Medium,106,Resolved,2
TICK0002683,CUST01030,2026-07-14,Integration,Low,154,Resolved,1
TICK0002684,CUST01031,2026-02-01,Performance,Urgent,13,Resolved,3
TICK0002685,CUST01031,2026-03-27,How-To Question,High,19,Resolved,3
TICK0002686,CUST01031,2026-05-12,Performance,Medium,26,Resolved,4
TICK0002687,CUST01032,08/29/2026,Technical Issue,Low,159,Resolved,3
TICK0002688,CUST01032,2026-09-15,Technical Issue,Low,121,Resolved,2
TICK0002689,CUST01032,2026-09-07,Integration,Low,99,Resolved,3
TICK0002690,CUST01032,2026-09-16,Technical Issue,Low,83,Resolved,5
TICK0002691,CUST01032,2026-08-25,Integration,Low,136,Pending,4
TICK0002692,CUST01032,2026-09-16,Performance,Low,265,Resolved,1
TICK0002693,CUST01033,2026-08-24,Integration,Medium,75,Resolved,2
TICK0002694,CUST01033,2026-08-10,Bug Report,Urgent,22,Open,2
TICK0002695,CUST01033,2026-07-14,Bug Report,Medium,79,Resolved,2
TICK0002696,CUST01033,2026-08-06,Performance,High,46,Resolved,5
TICK0002697,CUST01033,2026-08-28,Account Access,Low,95,Resolved,2
TICK0002698,CUST01033,2026-07-14,Account Access,Medium,75,Resolved,3
TICK0002699,CUST01033,2026-08-19,Performance,Low,231,Resolved,3
TICK0002700,CUST01033,2026-07-24,Account Access,Medium,68,Resolved,2
TICK0002701,CUST01034,2026-05-19,Technical Issue,Medium,12,Resolved,4
TICK0002702,CUST01034,2026-06-24,Account Access,Low,213,Resolved,2
TICK0002703,CUST01034,2026-06-17,Bug Report,Medium,67,Resolved,1
TICK0002704,CUST01034,2026-06-23,Technical Issue,Low,155,Resolved,2
TICK0002705,CUST01034,2026-05-02,Account Access,Medium,88,Pending,3
TICK0002706,CUST01034,2026-07-11,Performance,Low,132,Resolved,2
TICK0002707,CUST01035,2024-02-12,Integration,Low,82,Resolved,5
TICK0002708,CUST01035,09/08/2024,Performance,Medium,45,Resolved,4
TICK0002709,CUST01037,2026-03-20,Feature Request,Low,90,Resolved,4
TICK0002710,CUST01037,2026-09-13,Billing,Medium,42,Resolved,3
TICK0002711,CUST01038,2025-05-24,bug report,Low,50,Resolved,5
TICK0002712,CUST01038,2024-10-23,Performance,Medium,36,Resolved,4
TICK0002713,CUST01039,2026-07-26,How-To Question,Low,51,Resolved,5
TICK0002714,CUST01039,2026-07-16,Feature Request,Low,72,Resolved,5
TICK0002715,CUST01040,2024-12-20,How-To Question,Medium,58,Resolved,5
TICK0002716,CUST01041,2024-08-28,Billing,Low,95,Resolved,4
TICK0002717,CUST01041,2024-09-20,Performance,Medium,45,Resolved,3
TICK0002718,CUST01041,2026-01-04,How-To Question,Medium,41,Open,1
TICK0002719,CUST01042,2026-02-18,Bug Report,Low,140,Open,4
TICK0002720,CUST01043,2025-09-12,Performance,Low,63,Resolved,4
TICK0002721,CUST01043,2026-03-04,Billing,Low,135,Resolved,5
TICK0002722,CUST01044,2026-09-02,Bug Report,Medium,40,Resolved,5
TICK0002723,CUST01044,2026-09-02,Account Access,Low,26,Resolved,4
TICK0002724,CUST01044,2026-09-02,Feature Request,Medium,35,Resolved,2
TICK0002725,CUST01045,2026-05-22,technical issue,Medium,78,Pending,2
TICK0002726,CUST01045,2025-06-29,Integration,Medium,84,Resolved,3
TICK0002727,CUST01045,2026-07-12,Bug Report,Low,100,Resolved,2
TICK0002728,CUST01045,2026-07-05,Performance,High,37,Resolved,5
TICK0002729,CUST01045,2025-05-11,Technical Issue,High,62,Resolved,1
TICK0002730,CUST01047,2026-06-28,How-To Question,Low,55,Resolved,2
TICK0002731,CUST01047,2026-07-04,Feature Request,Low,26,Resolved,4
TICK0002732,CUST01048,2025-03-20,Feature Request,Medium,65,Open,4
TICK0002733,CUST01048,2024-06-29,Performance,Low,59,Resolved,3
TICK0002734,CUST01048,2024-09-07,Billing,Low,47,Resolved,4
TICK0002735,CUST01049,2025-11-09,Feature Request,High,8,Resolved,5
TICK0002736,CUST01049,2025-08-10,Feature Request,Medium,40,Resolved,4
TICK0002737,CUST01051,2026-08-19,Feature Request,Low,51,Resolved,5
TICK0002738,CUST01051,2026-09-11,Account Access,Medium,14,Resolved,4
TICK0002739,CUST01053,2025-12-21,Billing,Low,12,Resolved,4
TICK0002740,CUST01054,2025-04-12,Performance,Medium,69,Resolved,5
TICK0002741,CUST01055,2025-09-24,Bug Report,High,27,Resolved,4
TICK0002742,CUST01055,2025-02-12,Feature Request,Medium,58,Resolved,4
TICK0002743,CUST01056,2026-08-17,How-To Question,Low,74,Resolved,5
TICK0002744,CUST01057,2026-04-28,Performance,High,28,Resolved,1
TICK0002745,CUST01057,2026-04-12,Bug Report,Medium,39,Resolved,2
TICK0002746,CUST01057,2025-11-19,Integration,Medium,73,Resolved,3
TICK0002747,CUST01057,2026-07-07,Integration,low,96,Resolved,5
TICK0002748,CUST01057,2026-07-06,Integration,Low,120,Resolved,3
TICK0002749,CUST01057,2026-04-03,Integration,Medium,86,Resolved,3
TICK0002750,CUST01057,2026-07-16,Performance,Medium,110,Resolved,1
TICK0002751,CUST01058,2026-03-28,How-To Question,Medium,40,Resolved,3
TICK0002752,CUST01058,2025-08-04,How-To Question,Medium,76,Pending,4
TICK0002753,CUST01059,2026-09-22,Billing,Low,56,Resolved,3
TICK0002754,CUST01059,2026-04-26,Performance,Low,35,Resolved,3
TICK0002755,CUST01060,2026-08-14,Account Access,Low,85,Resolved,5
TICK0002756,CUST01060,2026-06-19,Performance,Medium,68,Resolved,4
TICK0002757,CUST01061,2026-01-08,Billing,Medium,56,Open,5
TICK0002758,CUST01061,2026-03-30,Integration,Medium,76,Resolved,4
TICK0002759,CUST01062,2026-07-01,Account Access,Low,71,Resolved,2
TICK0002760,CUST01062,2026-07-22,Bug Report,Low,57,Resolved,4
TICK0002761,CUST01062,2026-05-12,Bug Report,Low,78,Resolved,5
TICK0002762,CUST01062,2026-09-11,Billing,Medium,62,Resolved,5
TICK0002763,CUST01062,2026-02-20,Feature Request,Medium,37,Resolved,5
TICK0002764,CUST01063,2026-05-09,Feature Request,High,30,Resolved,3
TICK0002765,CUST01063,2026-03-19,Technical Issue,Low,110,Resolved,5
TICK0002766,CUST01064,2025-06-28,Integration,High,14,Resolved,3
TICK0002767,CUST01065,2025-05-19,Technical Issue,High,30,Resolved,3
TICK0002768,CUST01065,2024-08-15,Bug Report,Low,66,Resolved,5
TICK0002769,CUST01065,2025-12-20,Account Access,Low,40,Resolved,5
TICK0002770,CUST01065,2026-07-17,Billing,Low,19,Pending,5
TICK0002771,CUST01065,2024-12-10,Billing,Medium,35,Resolved,5
TICK0002772,CUST01066,2025-06-17,Feature Request,Low,69,Resolved,5
TICK0002773,CUST01066,2026-02-22,Billing,High,4,Pending,1
TICK0002774,CUST01066,2024-12-27,Performance,Low,61,Pending,2
TICK0002775,CUST01066,2026-01-28,How-To Question,High,39,Resolved,4
TICK0002776,CUST01066,2025-10-30,How-To Question,Medium,76,Pending,5
TICK0002777,CUST01066,2025-11-07,How-To Question,Low,58,Resolved,3
TICK0002778,CUST01067,2024-03-05,Billing,Medium,73,Pending,3
TICK0002779,CUST01067,2024-01-18,How-To Question,Medium,60,Resolved,4
TICK0002780,CUST01067,2024-05-11,Billing,Medium,48,Resolved,5
TICK0002781,CUST01067,2024-04-03,Performance,Low,120,Resolved,5
TICK0002782,CUST01067,2024-02-22,Performance,Low,64,Resolved,4
TICK0002783,CUST01068,2025-08-05,Performance,High,24,Resolved,5
TICK0002784,CUST01069,2026-08-31,Account Access,Low,41,Resolved,5
TICK0002785,CUST01070,2024-04-29,Bug Report,Low,151,Pending,3
TICK0002786,CUST01070,2024-11-11,Performance,Low,164,Resolved,1
TICK0002787,CUST01070,2026-09-23,Integration,Medium,164,Resolved,3
TICK0002788,CUST01070,2026-09-21,Account Access,Medium,75,Resolved,4
TICK0002789,CUST01071,2026-08-25,Technical Issue,Low,78,Resolved,3
TICK0002790,CUST01071,2025-12-30,Technical Issue,Low,66,Open,5
TICK0002791,CUST01072,01/23/2026,How-To Question,High,22,Resolved,3
TICK0002792,CUST01073,2024-07-07,How-To Question,Medium,48,Resolved,3
TICK0002793,CUST01074,2026-04-12,Performance,Urgent,8,Resolved,4
TICK0002794,CUST01074,2026-03-14,Feature Request,Medium,41,Resolved,5
TICK0002795,CUST01074,2026-03-31,Technical Issue,Medium,22,Resolved,5
TICK0002796,CUST01075,2026-04-08,Billing,Medium,69,Resolved,5
TICK0002797,CUST01075,2026-01-24,Feature Request,Low,75,Resolved,3
TICK0002798,CUST01076,2026-09-08,Technical Issue,Low,82,Resolved,5
TICK0002799,CUST01076,2026-09-15,Bug Report,Medium,21,Resolved,4
TICK0002800,CUST01076,2026-08-17,Bug Report,Low,16,Resolved,4
TICK0002801,CUST01076,2026-08-15,Technical Issue,High,12,Resolved,3
TICK0002802,CUST01077,2026-09-11,Account Access,High,15,Resolved,5
TICK0002803,CUST01077,2026-03-18,Technical Issue,Medium,65,Resolved,4
TICK0002804,CUST01078,2025-07-18,Bug Report,Medium,59,Resolved,5
TICK0002805,CUST01078,2026-05-11,Performance,Medium,8,Resolved,5
TICK0002806,CUST01078,2026-06-12,Bug Report,Low,112,Resolved,5
TICK0002807,CUST01080,2025-07-05,Technical Issue,Urgent,13,Pending,5
TICK0002808,CUST01080,2025-08-21,Bug Report,Low,103,Resolved,5
TICK0002809,CUST01080,05/22/2025,Feature Request,High,20,Resolved,4
TICK0002810,CUST01081,2025-01-27,Technical Issue,High,40,Resolved,4
TICK0002811,CUST01081,2025-02-06,Technical Issue,Medium,10,Resolved,4
TICK0002812,CUST01081,2024-04-21,Performance,Medium,23,Resolved,3
TICK0002813,CUST01082,2026-06-12,Technical Issue,Low,59,Resolved,5
TICK0002814,CUST01083,2024-07-18,Bug Report,High,18,Resolved,5
TICK0002815,CUST01084,2024-06-14,Feature Request,Low,71,Resolved,5
TICK0002816,CUST01084,2024-09-29,How-To Question,MEDIUM,69,Resolved,4
TICK0002817,CUST01084,06/15/2024,How-To Question,Low,91,Resolved,1
TICK0002818,CUST01084,2024-07-26,Performance,Medium,82,Resolved,3
TICK0002819,CUST01085,2025-12-15,Feature Request,Low,74,Resolved,4
TICK0002820,CUST01085,2025-10-23,Bug Report,Medium,42,Open,3
TICK0002821,CUST01085,2024-02-28,Technical Issue,Medium,73,Open,5
TICK0002822,CUST01085,2024-12-28,Account Access,Low,68,Resolved,5
TICK0002823,CUST01086,2026-09-04,How-To Question,High,37,Resolved,4
TICK0002824,CUST01086,2026-03-16,How-To Question,Low,127,Resolved,3
TICK0002825,CUST01087,2025-06-26,Technical Issue,Medium,75,Resolved,3
TICK0002826,CUST01087,2025-07-05,Account Access,High,31,Resolved,3
TICK0002827,CUST01087,2026-04-27,Bug Report,Low,89,Resolved,2
TICK0002828,CUST01087,2026-05-28,Technical Issue,Medium,81,Resolved,1
TICK0002829,CUST01088,2025-10-20,How-To Question,Low,75,Resolved,4
TICK0002830,CUST01088,2026-07-14,Feature Request,Low,86,Resolved,4
TICK0002831,CUST01088,2026-02-19,Technical Issue,Medium,81,Resolved,5
TICK0002832,CUST01088,2026-09-08,Integration,Low,152,Resolved,4
TICK0002833,CUST01089,2026-03-23,Account Access,Medium,37,Resolved,4
TICK0002834,CUST01089,2025-09-26,Billing,Medium,30,Resolved,5
TICK0002835,CUST01089,2025-02-26,Performance,Low,145,Resolved,4
TICK0002836,CUST01090,2025-04-28,How-To Question,High,19,Resolved,1
TICK0002837,CUST01090,2025-03-16,Billing,Low,83,Resolved,1
TICK0002838,CUST01091,2026-02-26,Performance,Low,50,Resolved,4
TICK0002839,CUST01092,2025-12-13,Feature Request,Low,100,Resolved,5
TICK0002840,CUST01093,2026-06-10,Feature Request,Low,12,Open,2
TICK0002841,CUST01093,2026-03-17,Performance,Medium,25,Resolved,4
TICK0002842,CUST01093,2026-06-24,Feature Request,Low,76,Resolved,4
TICK0002843,CUST01094,2026-08-17,Technical Issue,Medium,41,Resolved,4
TICK0002844,CUST01094,2026-08-02,Integration,Medium,84,Resolved,2
TICK0002845,CUST01095,2026-06-16,Integration,Medium,110,Resolved,3
TICK0002846,CUST01095,2026-09-17,Bug Report,High,27,Resolved,3
TICK0002847,CUST01095,2026-07-10,Integration,High,48,Resolved,1
TICK0002848,CUST01095,2026-07-17,Bug Report,Medium,73,Resolved,2
TICK0002849,CUST01095,2026-09-13,Technical Issue,Medium,143,Resolved,1
TICK0002850,CUST01096,2026-02-17,How-To Question,Medium,54,Resolved,4
TICK0002851,CUST01096,2026-02-23,How-To Question,Low,96,resolved,4
TICK0002852,CUST01097,2024-08-07,Billing,Low,24,Pending,4
TICK0002853,CUST01097,2024-09-26,Billing,Low,72,Resolved,5
TICK0002854,CUST01097,2024-05-02,How-To Question,Medium,36,Resolved,1
TICK0002855,CUST01098,2026-04-14,Feature Request,Low,87,Open,4
TICK0002856,CUST01098,2026-06-10,Integration,Low,27,Resolved,5
TICK0002857,CUST01098,2026-07-17,Performance,Medium,57,Resolved,2
TICK0002858,CUST01099,2026-08-28,Feature Request,Low,85,Resolved,5
TICK0002859,CUST01100,2025-02-20,Billing,Low,50,Resolved,5
TICK0002860,CUST01100,2026-04-24,How-To Question,Medium,53,Resolved,4
TICK0002861,CUST01101,2025-12-20,Integration,Low,84,Resolved,3
TICK0002862,CUST01101,2026-02-15,Performance,Medium,91,Resolved,1
TICK0002863,CUST01101,2025-12-13,Bug Report,Medium,79,Resolved,4
TICK0002864,CUST01101,2026-04-27,Technical Issue,Low,124,Pending,3
TICK0002865,CUST01101,2026-02-08,Technical Issue,High,17,Open,2
TICK0002866,CUST01101,2025-09-30,Performance,Medium,63,Pending,2
TICK0002867,CUST01101,2025-09-25,Bug Report,Medium,81,Open,3
TICK0002868,CUST01101,2026-07-09,Technical Issue,Medium,81,Resolved,2
TICK0002869,CUST01102,2025-10-31,Performance,Medium,42,Resolved,4
TICK0002870,CUST01102,2026-02-28,How-To Question,Low,12,Resolved,4
TICK0002871,CUST01102,2026-03-03,Performance,Medium,43,Resolved,4
TICK0002872,CUST01103,2025-07-03,Billing,Medium,20,Resolved,4
TICK0002873,CUST01103,2026-04-03,Feature Request,Medium,43,Resolved,4
TICK0002874,CUST01103,2026-05-24,Performance,Urgent,2,Resolved,4
TICK0002875,CUST01103,2026-05-18,Account Access,Low,33,Resolved,5
TICK0002876,CUST01104,2026-08-12,Feature Request,Low,78,Resolved,5
TICK0002877,CUST01105,2026-05-05,Integration,Low,84,Resolved,4
TICK0002878,CUST01105,2026-04-30,Integration,Low,177,Resolved,3
TICK0002879,CUST01105,2026-02-22,Account Access,Low,71,Resolved,1
TICK0002880,CUST01105,2026-04-05,Account Access,Medium,52,Resolved,2
TICK0002881,CUST01105,2026-08-08,Account Access,Low,141,Resolved,4
TICK0002882,CUST01105,2026-08-31,Integration,High,11,Resolved,4
TICK0002883,CUST01105,01/06/2026,Bug Report,Low,125,Resolved,2
TICK0002884,CUST01107,2026-07-29,Feature Request,Medium,73,Resolved,1
TICK0002885,CUST01107,2026-07-27,How-To Question,High,32,Resolved,5
TICK0002886,CUST01108,2026-09-19,How-To Question,Low,40,Resolved,4
TICK0002887,CUST01108,2026-08-22,Feature Request,Medium,83,Resolved,4
TICK0002888,CUST01109,2026-01-23,Billing,Low,83,Resolved,5
TICK0002889,CUST01109,2026-04-20,Technical Issue,Low,142,Resolved,5
TICK0002890,CUST01110,2026-08-30,How-To Question,Medium,78,Pending,4
TICK0002891,CUST01110,2026-09-12,Feature Request,Low,43,Resolved,1
TICK0002892,CUST01110,2026-09-04,Feature Request,Medium,46,Resolved,5
TICK0002893,CUST01111,2026-08-14,Billing,Medium,26,Resolved,4
TICK0002894,CUST01111,2025-06-28,Account Access,Low,62,Resolved,5
TICK0002895,CUST01111,2026-02-06,Bug Report,Low,87,Resolved,4
TICK0002896,CUST01112,2026-04-18,Account Access,Medium,54,Resolved,3
TICK0002897,CUST01112,2026-02-02,Account Access,Medium,57,Resolved,3
TICK0002898,CUST01112,2026-04-16,Feature Request,Low,98,Resolved,4
TICK0002899,CUST01113,2025-12-24,Feature Request,Medium,78,Resolved,3
TICK0002900,CUST01113,2025-12-15,Billing,Urgent,5,Resolved,4
TICK0002901,CUST01113,2026-02-06,Billing,Medium,32,Resolved,4
TICK0002902,CUST01114,2026-06-25,Feature Request,Low,104,Resolved,5
TICK0002903,CUST01114,2026-04-02,Feature Request,Low,12,Resolved,4
TICK0002904,CUST01114,2026-05-20,Billing,Low,70,Resolved,5
TICK0002905,CUST01114,2026-02-25,Billing,Low,82,Resolved,3
TICK0002906,CUST01115,2025-08-04,Account Access,Low,65,Pending,4
TICK0002907,CUST01115,2024-08-03,Bug Report,Medium,17,Resolved,5
TICK0002908,CUST01115,2024-09-20,Account Access,Low,58,Open,2
TICK0002909,CUST01116,2026-08-10,How-To Question,High,32,Resolved,4
TICK0002910,CUST01117,2026-04-07,Account Access,Medium,17,Resolved,3
TICK0002911,CUST01117,2026-04-15,Account Access,Medium,62,Resolved,3
TICK0002912,CUST01117,2025-06-15,How-To Question,Low,74,Resolved,2
TICK0002913,CUST01117,2026-06-08,Feature Request,High,34,Resolved,4
TICK0002914,CUST01118,2025-10-28,Integration,Medium,59,Resolved,1
TICK0002915,CUST01118,2025-06-01,Bug Report,Medium,142,Open,1
TICK0002916,CUST01118,2026-06-01,Account Access,Low,100,Resolved,2
TICK0002917,CUST01118,2026-08-06,Integration,Low,45,Resolved,1
TICK0002918,CUST01119,2026-07-27,How-To Question,Low,52,Resolved,5
TICK0002919,CUST01119,2026-07-30,Technical Issue,Medium,32,Resolved,4
TICK0002920,CUST01121,2025-02-04,Integration,High,41,Resolved,3
TICK0002921,CUST01121,2025-11-16,Integration,Low,123,Resolved,1
TICK0002922,CUST01121,2024-03-21,Integration,High,73,Resolved,1
TICK0002923,CUST01121,2026-02-10,Bug Report,Medium,59,Resolved,2
TICK0002924,CUST01121,2024-03-10,Integration,Low,137,Resolved,1
TICK0002925,CUST01123,2024-08-23,Feature Request,Urgent,4,Resolved,4
TICK0002926,CUST01124,2026-07-15,Technical Issue,Low,99,Resolved,5
TICK0002927,CUST01125,2026-02-12,Technical Issue,Urgent,10,Resolved,2
TICK0002928,CUST01125,2025-10-05,Bug Report,Low,79,Resolved,5
TICK0002929,CUST01125,2026-06-22,Bug Report,High,35,Resolved,3
TICK0002930,CUST01125,11/28/2025,Billing,Low,123,Resolved,5
TICK0002931,CUST01125,2025-05-14,Performance,Low,79,Resolved,4
TICK0002932,CUST01127,2024-09-26,Billing,Low,79,Resolved,3
TICK0002933,CUST01127,2025-01-20,Account Access,Low,83,Pending,5
TICK0002934,CUST01127,2024-11-04,Performance,Medium,59,Resolved,3
TICK0002935,CUST01127,2024-08-04,Feature Request,Low,81,Resolved,3
TICK0002936,CUST01128,2026-06-01,Technical Issue,Low,86,Resolved,5
TICK0002937,CUST01129,2025-11-09,Feature Request,Medium,49,Resolved,5
TICK0002938,CUST01129,2026-03-13,Billing,Low,63,Resolved,3
TICK0002939,CUST01129,2026-09-03,Performance,Low,115,Pending,4
TICK0002940,CUST01130,2026-01-02,Bug Report,High,36,Resolved,4
TICK0002941,CUST01131,2025-08-30,Feature Request,Low,99,Resolved,2
TICK0002942,CUST01131,2026-02-18,Billing,Medium,67,Resolved,5
TICK0002943,CUST01131,2026-05-27,Feature Request,Low,119,Resolved,2
TICK0002944,CUST01131,2026-06-16,Performance,Low,84,Resolved,3
TICK0002945,CUST01131,2025-08-13,Performance,Low,49,Resolved,5
TICK0002946,CUST01132,2025-07-26,How-To Question,Low,65,Resolved,4
TICK0002947,CUST01133,2026-03-06,How-To Question,Low,100,Resolved,3
TICK0002948,CUST01133,2026-03-28,How-To Question,Low,63,Resolved,3
TICK0002949,CUST01133,2026-03-19,Account Access,Low,81,Resolved,2
TICK0002950,CUST01133,2026-05-24,Account Access,Medium,74,Resolved,2
TICK0002951,CUST01133,2026-04-10,Feature Request,Low,71,Resolved,4
TICK0002952,CUST01134,2026-06-24,Account Access,High,28,Resolved,3
TICK0002953,CUST01134,2025-08-05,Performance,Medium,61,Resolved,5
TICK0002954,CUST01135,2025-03-05,Account Access,Urgent,11,Resolved,5
TICK0002955,CUST01136,2024-07-02,Technical Issue,Medium,67,Resolved,5
TICK0002956,CUST01137,2025-05-05,Integration,Low,96,Resolved,1
TICK0002957,CUST01137,2025-08-08,Account Access,High,48,Resolved,5
TICK0002958,CUST01137,2026-01-29,Bug Report,Medium,68,Resolved,1
TICK0002959,CUST01137,2026-06-26,Technical Issue,Medium,131,Resolved,2
TICK0002960,CUST01137,2025-08-11,Integration,Low,70,Resolved,1
TICK0002961,CUST01137,2025-04-04,Bug Report,Medium,32,Resolved,3
TICK0002962,CUST01138,2024-08-16,How-To Question,Low,67,Resolved,4
TICK0002963,CUST01139,2026-03-25,Technical Issue,Low,144,Resolved,3
TICK0002964,CUST01139,2025-12-03,Technical Issue,Medium,75,Resolved,3
TICK0002965,CUST01139,2026-01-17,Bug Report,Low,18,Resolved,2
TICK0002966,CUST01140,2025-12-03,How-To Question,Low,23,Resolved,3
TICK0002967,CUST01140,2026-02-05,Feature Request,Low,64,Open,5
TICK0002968,CUST01141,2024-06-13,Technical Issue,High,17,Resolved,5
TICK0002969,CUST01142,2026-08-09,Account Access,Medium,93,Resolved,1
TICK0002970,CUST01142,2025-10-02,Technical Issue,High,55,Resolved,2
TICK0002971,CUST01142,2025-11-28,Bug Report,Medium,53,Resolved,1
TICK0002972,CUST01142,2026-09-17,Account Access,Medium,24,Resolved,1
TICK0002973,CUST01142,2026-07-27,Bug Report,High,6,Resolved,1
TICK0002974,CUST01142,2025-12-01,Account Access,Low,131,Resolved,3
TICK0002975,CUST01142,2026-08-23,Technical Issue,Medium,72,Resolved,2
TICK0002976,CUST01144,2026-01-05,Technical Issue,Medium,99,Pending,1
TICK0002977,CUST01144,2026-09-13,Performance,Medium,67,Resolved,3
TICK0002978,CUST01145,2026-08-10,Feature Request,Medium,67,Resolved,5
TICK0002979,CUST01146,2026-04-11,Integration,Low,53,Resolved,4
TICK0002980,CUST01147,2024-04-09,Integration,Medium,147,Resolved,2
TICK0002981,CUST01147,2025-09-28,Technical Issue,Low,66,Resolved,1
TICK0002982,CUST01147,2025-06-11,Bug Report,Low,124,Resolved,1
TICK0002983,CUST01147,2024-08-31,Bug Report,Low,170,Pending,2
TICK0002984,CUST01147,2024-09-28,Performance,Medium,123,Resolved,3
TICK0002985,CUST01147,2025-06-23,Bug Report,Urgent,21,Resolved,1
TICK0002986,CUST01147,2025-07-17,Bug Report,High,33,Resolved,1
TICK0002987,CUST01147,2024-05-04,Bug Report,Low,143,Resolved,3
TICK0002988,CUST01148,2026-07-24,Technical Issue,Medium,78,Resolved,4
TICK0002989,CUST01148,2025-08-01,Billing,Low,86,Resolved,5
TICK0002990,CUST01149,2025-06-13,Feature Request,Medium,24,Resolved,3
TICK0002991,CUST01149,2026-07-20,How-To Question,Medium,34,Resolved,2
TICK0002992,CUST01150,2026-08-16,Feature Request,Low,12,Resolved,5
TICK0002993,CUST01150,2026-08-22,Performance,Low,78,Resolved,3
TICK0002994,CUST01150,2026-09-14,How-To Question,Urgent,9,Resolved,2
TICK0002995,CUST01151,2025-05-27,Feature Request,Low,139,Resolved,2
TICK0002996,CUST01152,2026-07-28,How-To Question,Low,59,Resolved,5
TICK0002997,CUST01152,2026-08-28,Performance,Low,76,Resolved,4
TICK0002998,CUST01153,2025-11-27,Account Access,Medium,51,Resolved,4
TICK0002999,CUST01154,2026-04-22,Billing,Low,36,Resolved,4
TICK0003000,CUST01154,2024-10-28,Technical Issue,Urgent,16,Resolved,5
TICK0003001,CUST01154,2025-09-09,How-To Question,Low,61,Resolved,5
TICK0003002,CUST01155,2026-04-27,Account Access,Low,52,Resolved,4
TICK0003003,CUST01155,2026-06-17,Billing,Low,12,Resolved,4
TICK0003004,CUST01155,2026-05-07,Integration,Medium,33,Open,4
TICK0003005,CUST01156,2026-05-06,Bug Report,Low,108,Resolved,4
TICK0003006,CUST01157,2026-06-11,Integration,Low,90,Resolved,5
TICK0003007,CUST01158,2026-09-02,How-To Question,Medium,68,Resolved,4
TICK0003008,CUST01158,2026-09-14,Bug Report,Medium,44,Pending,4
TICK0003009,CUST01159,2026-04-28,Feature Request,Medium,59,Resolved,4
TICK0003010,CUST01159,2024-10-07,Bug Report,High,13,Resolved,4
TICK0003011,CUST01160,2024-11-29,How-To Question,Medium,37,Resolved,5
TICK0003012,CUST01160,2025-05-04,Account Access,Medium,51,Resolved,1
TICK0003013,CUST01160,2024-11-28,Account Access,Medium,24,Resolved,4
TICK0003014,CUST01160,2024-10-01,How-To Question,Low,86,Resolved,4
TICK0003015,CUST01161,2024-10-27,Feature Request,Medium,46,Pending,3
TICK0003016,CUST01161,2023-12-17,How-To Question,Urgent,20,Resolved,5
TICK0003017,CUST01161,2026-04-23,Technical Issue,Low,13,Resolved,5
TICK0003018,CUST01161,2023-12-13,Performance,Medium,49,Resolved,3
TICK0003019,CUST01162,2026-07-25,how-to question,Low,62,Resolved,5
TICK0003020,CUST01162,2025-08-10,Bug Report,Medium,57,Resolved,4
TICK0003021,CUST01162,2026-06-30,Integration,Medium,67,Resolved,5
TICK0003022,CUST01162,2026-07-07,Bug Report,Low,148,Resolved,5
TICK0003023,CUST01163,2026-08-18,Account Access,Low,185,Resolved,1
TICK0003024,CUST01163,2026-08-20,Technical Issue,Low,226,Resolved,4
TICK0003025,CUST01163,2026-07-17,Technical Issue,Medium,128,Pending,1
TICK0003026,CUST01163,2026-07-21,Bug Report,Low,95,Resolved,3
TICK0003027,CUST01163,2026-08-24,Bug Report,Low,44,Resolved,4
TICK0003028,CUST01164,2026-04-11,Performance,High,73,Resolved,1
TICK0003029,CUST01164,2025-07-14,Integration,Medium,150,Resolved,1
TICK0003030,CUST01164,09/16/2026,Account Access,Medium,144,Resolved,2
TICK0003031,CUST01164,2026-05-18,Performance,Low,109,Resolved,
TICK0003032,CUST01165,2026-06-15,Feature Request,High,12,Resolved,4
TICK0003033,CUST01166,2024-07-09,Account Access,Urgent,15,Resolved,4
TICK0003034,CUST01166,2025-08-03,Performance,Low,43,Resolved,5
TICK0003035,CUST01166,2024-10-07,Bug Report,Low,79,Resolved,4
TICK0003036,CUST01167,2025-08-28,Performance,Medium,57,Resolved,4
TICK0003037,CUST01167,2024-06-03,Feature Request,Medium,62,Resolved,3
TICK0003038,CUST01168,2025-10-02,Bug Report,Low,78,Resolved,3
TICK0003039,CUST01168,2026-04-16,Technical Issue,High,7,Resolved,3
TICK0003040,CUST01168,2025-12-17,Performance,Medium,130,Resolved,3
TICK0003041,CUST01168,2026-03-06,Account Access,Medium,70,Resolved,2
TICK0003042,CUST01168,2025-07-15,Integration,Medium,86,Resolved,4
TICK0003043,CUST01169,2025-08-02,Bug Report,Medium,140,Resolved,1
TICK0003044,CUST01169,2026-03-02,Integration,Medium,29,Resolved,1
TICK0003045,CUST01169,2025-11-26,Bug Report,Low,127,Resolved,4
TICK0003046,CUST01169,2025-09-15,Performance,Low,46,Resolved,2
TICK0003047,CUST01169,2025-06-27,Technical Issue,Low,181,Resolved,3
TICK0003048,CUST01170,2023-12-26,Feature Request,High,19,Resolved,5
TICK0003049,CUST01170,2023-12-11,Feature Request,Low,25,Open,3
TICK0003050,CUST01170,2024-02-06,How-To Question,Medium,45,Resolved,3
TICK0003051,CUST01171,2025-08-02,Integration,Medium,96,Pending,1
TICK0003052,CUST01171,2026-03-28,Bug Report,Low,106,Resolved,3
TICK0003053,CUST01171,06/19/2026,Bug Report,Low,97,Resolved,1
TICK0003054,CUST01171,2026-05-27,Account Access,Low,151,Resolved,2
TICK0003055,CUST01171,2026-02-24,Integration,low,18,Resolved,2
TICK0003056,CUST01172,2024-06-20,Billing,Medium,27,Resolved,2
TICK0003057,CUST01172,2025-02-01,Performance,Medium,28,Resolved,3
TICK0003058,CUST01173,2024-11-26,Technical Issue,Low,87,Resolved,4
TICK0003059,CUST01173 ,2025-05-04,Performance,Low,106,Resolved,
TICK0003060,CUST01174,2026-04-02,Technical Issue,Medium,50,Resolved,5
TICK0003061,CUST01174,2026-03-27,Billing,Low,95,Resolved,4
TICK0003062,CUST01174,2026-08-24,Billing,Medium,38,Resolved,3
TICK0003063,CUST01175,2026-02-05,Performance,Low,90,Resolved,4
TICK0003064,CUST01175,2026-09-05,How-To Question,Low,135,Resolved,5
TICK0003065,CUST01176,2026-03-10,Billing,Medium,74,Resolved,5
TICK0003066,CUST01177,2024-02-16,Performance,Medium,47,Pending,1
TICK0003067,CUST01177,2025-06-13,Technical Issue,Medium,37,Resolved,2
TICK0003068,CUST01177,2026-08-04,Bug Report,Low,67,Resolved,1
TICK0003069,CUST01177,2024-04-08,Technical Issue,Low,77,Resolved,1
TICK0003070,CUST01177,2024-06-15,Performance,Low,21,Resolved,2
TICK0003071,CUST01177,2026-07-15,Performance,High,33,Resolved,4
TICK0003072,CUST01178,2025-06-05,Technical Issue,High,42,Resolved,2
TICK0003073,CUST01178,2025-07-03,Performance,Low,75,Resolved,
TICK0003074,CUST01178,2025-07-17,Bug Report,Urgent,28,Resolved,1
TICK0003075,CUST01178,2025-04-20,Performance,Low,134,Resolved,3
TICK0003076,CUST01178,2025-08-28,Account Access,High,47,Resolved,2
TICK0003077,CUST01179,2025-10-29,Feature Request,Low,138,Resolved,4
TICK0003078,CUST01179,2026-01-18,Account Access,Medium,70,Resolved,4
TICK0003079,CUST01180,2024-04-02,Technical Issue,Low,32,Resolved,1
TICK0003080,CUST01180,2024-02-12,Billing,Medium,40,Pending,5
TICK0003081,CUST01181,2025-11-06,Performance,Low,204,Resolved,2
TICK0003082,CUST01181,2025-10-07,Integration,Low,21,Resolved,1
TICK0003083,CUST01181,2025-09-26,Technical Issue,Low,101,Resolved,1
TICK0003084,CUST01182,2025-08-30,Integration,Medium,69,Resolved,5
TICK0003085,CUST01182,2025-05-16,Performance,Medium,22,Resolved,4
TICK0003086,CUST01183,2026-03-28,Feature Request,High,20,Resolved,4
TICK0003087,CUST01183,2025-04-04,How-To Question,Medium,16,Resolved,4
TICK0003088,CUST01184,2026-05-01,Bug Report,Low,57,Resolved,3
TICK0003089,CUST01184,2026-01-06,Integration,Medium,56,Resolved,1
TICK0003090,CUST01184,2025-08-05,Account Access,High,37,Resolved,3
TICK0003091,CUST01184,2025-08-02,Technical Issue,Low,139,Resolved,1
TICK0003092,CUST01185,2026-07-21,Performance,Low,116,resolved,5
TICK0003093,CUST01185,2026-08-26,Bug Report,Medium,59,Pending,3
TICK0003094,CUST01185,2026-08-07,Integration,High,7,Resolved,5
TICK0003095,CUST01187,2026-07-13,Technical Issue,High,29,Resolved,1
TICK0003096,CUST01187,2026-03-11,Integration,Low,169,Resolved,1
TICK0003097,CUST01187,2026-05-02,Account Access,Low,145,Resolved,2
TICK0003098,CUST01187,2024-05-05,Account Access,Medium,51,Resolved,2
TICK0003099,CUST01187,2025-05-18,Account Access,Low,130,Resolved,3
TICK0003100,CUST01187,2024-05-19,Bug Report,Low,139,Resolved,3
TICK0003101,CUST01188,2026-02-07,Feature Request,Medium,106,Resolved,5
TICK0003102,CUST01188,2026-01-10,How-To Question,Low,122,Resolved,2
TICK0003103,CUST01189,2024-01-14,Account Access,Low,15,Resolved,4
TICK0003104,CUST01190,2026-07-21,Bug Report,High,22,Resolved,3
TICK0003105,CUST01190,2026-06-25,Bug Report,Low,35,Resolved,2
TICK0003106,CUST01190,2026-09-17,Account Access,Low,88,Resolved,2
TICK0003107,CUST01190,2026-09-01,Account Access,Low,22,Resolved,1
TICK0003108,CUST01190,2026-09-20,Bug Report,Medium,139,Pending,2
TICK0003109,CUST01190,2026-06-05,Bug Report,Medium,72,Resolved,2
TICK0003110,CUST01190,2026-06-28,Performance,Medium,81,Resolved,5
TICK0003111,CUST01190,2026-07-13,Account Access,Low,90,Resolved,1
TICK0003112,CUST01191,2024-07-17,Performance,Low,75,Resolved,4
TICK0003113,CUST01191,2026-03-11,Bug Report,Low,63,Resolved,3
TICK0003114,CUST01192,2025-10-26,Billing,Medium,88,Open,3
TICK0003115,CUST01192,2025-10-21,Bug Report,Low,114,Resolved,4
TICK0003116,CUST01193,2026-05-26,Account Access,Medium,58,Resolved,3
TICK0003117,CUST01193,2026-05-14,Account Access,Low,115,Pending,4
TICK0003118,CUST01193,2026-05-01,Account Access,Low,63,Resolved,5
TICK0003119,CUST01194,2026-09-05,bug report,Medium,69,Resolved,4
TICK0003120,CUST01194,2026-07-01,Account Access,Medium,54,Pending,4
TICK0003121,CUST01195,2025-08-29,Technical Issue,High,61,Resolved,3
TICK0003122,CUST01195,2025-07-02,Account Access,Medium,139,Resolved,1
TICK0003123,CUST01195,2025-08-28,Account Access,Low,81,Resolved,4
TICK0003124,CUST01195,2025-06-30,Technical Issue,Medium,115,Resolved,3
TICK0003125,CUST01195,2025-09-04,Integration,Low,157,Resolved,3
TICK0003126,CUST01197,2026-09-06,Technical Issue,High,32,resolved,4
TICK0003127,CUST01198,2026-08-20,Bug Report,Medium,65,Resolved,4
TICK0003128,CUST01198,2026-08-09,Account Access,Low,80,Resolved,2
TICK0003129,CUST01198,2026-09-08,Account Access,Low,175,Resolved,1
TICK0003130,CUST01198,2026-08-31,Bug Report,Medium,63,Resolved,2
TICK0003131,CUST01199,2026-04-17,Technical Issue,Medium,50,Resolved,3
TICK0003132,CUST01199,2026-02-05,How-To Question,High,7,Resolved,5
TICK0003133,CUST01200,2026-04-09,How-To Question,Medium,51,Resolved,4
TICK0003134,CUST01201,2026-07-19,Performance,Low,39,Resolved,5
TICK0003135,CUST01201,2026-08-10,Feature Request,High,28,Resolved,4
TICK0003136,CUST01203,2026-04-14,Billing,Medium,28,Resolved,1
TICK0003137,CUST01203,2026-06-02,How-To Question,High,12,Resolved,4
TICK0003138,CUST01203,2026-06-07,Feature Request,Medium,48,Resolved,5
TICK0003139,CUST01203,2026-06-20,How-To Question,Low,90,Resolved,3
TICK0003140,CUST01203,2026-03-16,Feature Request,Low,82,Open,3
TICK0003141,CUST01203,2026-05-09,Performance,Medium,16,Resolved,4
TICK0003142,CUST01203,2026-03-13,Billing,Medium,51,Resolved,3
TICK0003143,CUST01204,2026-04-09,Account Access,Medium,55,Resolved,1
TICK0003144,CUST01204,2026-05-09,Integration,Low,100,Resolved,2
TICK0003145,CUST01204,2024-07-23,Performance,High,31,Resolved,2
TICK0003146,CUST01205,2026-06-13,How-To Question,Urgent,2,Resolved,3
TICK0003147,CUST01205,2026-09-12,Feature Request,High,5,Open,
TICK0003148,CUST01206,2026-01-01,Bug Report,Low,79,Resolved,5
TICK0003149,CUST01207,2026-01-20,How-To Question,Low,47,Resolved,4
TICK0003150,CUST01207,2025-11-05,FEATURE REQUEST,Low,70,Resolved,5
TICK0003151,CUST01207,2026-01-16,Integration,Medium,50,Resolved,4
TICK0003152,CUST01209,2026-06-11,Feature Request,Low,68,Resolved,4
TICK0003153,CUST01209,2026-03-25,Account Access,Low,17,Resolved,3
TICK0003154,CUST01209,2026-06-06,How-To Question,Medium,79,Pending,4
TICK0003155,CUST01210,2026-07-11,Performance,Low,125,Resolved,5
TICK0003156,CUST01210,2026-07-01,Billing,Medium,46,Resolved,2
TICK0003157,CUST01210,2025-09-04,Feature Request,Medium,43,Resolved,3
TICK0003158,CUST01210,2026-03-18,How-To Question,Urgent,17,Resolved,4
TICK0003159,CUST01212,2024-12-04,Performance,Medium,54,Open,5
TICK0003160,CUST01212,2025-06-12,Bug Report,Medium,66,Resolved,5
TICK0003161,CUST01213,2026-04-25,How-To Question,Medium,41,Resolved,3
TICK0003162,CUST01214,2026-08-29,How-To Question,Low,70,Resolved,5
TICK0003163,CUST01214,2026-08-06,Account Access,Medium,18,Resolved,4
TICK0003164,CUST01215,2025-10-21,Performance,Low,25,Resolved,4
TICK0003165,CUST01216,2026-05-01,Technical Issue,Low,58,Resolved,5
TICK0003166,CUST01216,2025-05-18,Bug Report,Medium,71,Resolved,5
TICK0003167,CUST01216,2025-05-12,How-To Question,Medium,17,Resolved,3
TICK0003168,CUST01217,2025-12-22,Integration,Low,195,Resolved,1
TICK0003169,CUST01217,2026-02-07,Integration,Medium,70,Resolved,3
TICK0003170,CUST01217,2024-09-19,Performance,Low,193,Resolved,1
TICK0003171,CUST01218,2026-03-29,Billing,High,19,Resolved,5
TICK0003172,CUST01219,2026-05-15,Performance,Medium,60,Resolved,4
TICK0003173,CUST01219,2024-05-03,Account Access,Low,109,Resolved,3
TICK0003174,CUST01220,2026-01-17,Performance,High,21,Resolved,5
TICK0003175,CUST01220,2026-03-10,Bug Report,low,66,Resolved,2
TICK0003176,CUST01221,2026-08-27,How-To Question,Medium,8,Resolved,5
TICK0003177,CUST01221,2026-09-15,Technical Issue,Low,81,Resolved,5
TICK0003178,CUST01221,2026-08-07,Billing,Low,23,Resolved,4
TICK0003179,CUST01222,2024-07-01,Bug Report,Medium,73,Resolved,2
TICK0003180,CUST01222,2024-08-01,Technical Issue,Medium,126,Resolved,2
TICK0003181,CUST01222,2024-09-21,Bug Report,Medium,87,Resolved,1
TICK0003182,CUST01222,2024-12-01,Performance,Medium,79,Resolved,3
TICK0003183,CUST01222,2024-06-18,Bug Report,Medium,99,Resolved,1
TICK0003184,CUST01222,2024-11-24,Integration,Low,180,Pending,1
TICK0003185,CUST01222,2024-10-30,Bug Report,Low,45,Resolved,3
TICK0003186,CUST01223,2025-07-12,Billing,Medium,56,Resolved,4
TICK0003187,CUST01223,12/29/2024,Performance,Medium,9,Pending,5
TICK0003188,CUST01224,2025-01-01,Feature Request,Medium,90,Resolved,5
TICK0003189,CUST01225,2024-11-01,How-To Question,Urgent,15,Resolved,2
TICK0003190,CUST01225,2026-03-31,Technical Issue,Low,136,Resolved,5
TICK0003191,CUST01225,2026-08-28,Performance,Medium,32,Resolved,4
TICK0003192,CUST01225,2025-12-20,Performance,Low,67,Resolved,5
TICK0003193,CUST01226,2025-03-12,Performance,Medium,8,Resolved,4
TICK0003194,CUST01226,2026-08-23,Performance,Medium,26,Resolved,3
TICK0003195,CUST01226,2024-11-16,Bug Report,Medium,48,Pending,5
TICK0003196,CUST01226,2026-07-31,Integration,Medium,22,Resolved,4
TICK0003197,CUST01227,2026-04-02,Bug Report,Medium,48,Resolved,4
TICK0003198,CUST01227,2026-05-03,Bug Report,Low,113,Resolved,3
TICK0003199,CUST01228,2025-09-15,Performance,Low,39,Resolved,
TICK0003200,CUST01230,2025-12-10,Feature Request,Medium,42,Resolved,3
TICK0003201,CUST01230,2025-10-06,Performance,Medium,24,Resolved,5
TICK0003202,CUST01230,04/23/2026,How-To Question,Medium,43,Resolved,2
TICK0003203,CUST01230,2026-07-28,Billing,Low,34,Resolved,5
TICK0003204,CUST01231,2025-12-19,Integration,Medium,39,Resolved,4
TICK0003205,CUST01232,2025-07-15,Bug Report,Medium,48,Resolved,4
TICK0003206,CUST01232,2026-06-06,Bug Report,Low,50,Resolved,3
TICK0003207,CUST01232,2025-03-20,Performance,Low,95,Resolved,5
TICK0003208,CUST01232,2025-08-02,Account Access,Medium,57,Open,4
TICK0003209,CUST01233,2025-03-15,Billing,Medium,24,Resolved,5
TICK0003210,CUST01233,2026-06-12,How-To Question,Medium,25,Resolved,5
TICK0003211,CUST01233,2026-01-19,How-To Question,High,15,Resolved,3
TICK0003212,CUST01233,2025-04-05,Feature Request,Medium,40,Resolved,4
TICK0003213,CUST01234,2026-05-04,Bug Report,Low,124,Resolved,3
TICK0003214,CUST01234,2026-06-06,Performance,Medium,154,Resolved,
TICK0003215,CUST01234,2026-06-18,Technical Issue,Low,84,Resolved,2
TICK0003216,CUST01234,2026-04-17,Performance,High,52,Resolved,2
TICK0003217,CUST01234,2026-08-14,Performance,Medium,73,Resolved,1
TICK0003218,CUST01234,2026-05-21,Bug Report,Medium,59,Resolved,1
TICK0003219,CUST01234,2026-06-12,Performance,High,38,Resolved,3
TICK0003220,CUST01235,2026-09-16,Feature Request,Low,51,Resolved,3
TICK0003221,CUST01236,2026-07-03,Technical Issue,Medium,33,Resolved,4
TICK0003222,CUST01236,2025-08-26,Feature Request,Medium,67,Resolved,4
TICK0003223,CUST01237,2026-06-17,Performance,Medium,46,Resolved,3
TICK0003224,CUST01238,2025-05-29,How-To Question,Low,79,Resolved,3
TICK0003225,CUST01238,2026-06-03,Account Access,Low,45,Resolved,2
TICK0003226,CUST01239,2024-06-18,Technical Issue,Low,80,Resolved,2
TICK0003227,CUST01239,2026-05-22,Technical Issue,Urgent,20,Resolved,3
TICK0003228,CUST01239,2024-11-15,Account Access,Medium,60,Resolved,5
TICK0003229,CUST01239,2026-01-25,Bug Report,Medium,37,Resolved,1
TICK0003230,CUST01239,2026-03-16,Performance,Low,75,Resolved,3
TICK0003231,CUST01239,2025-11-04,Account Access,MEDIUM,148,Pending,3
TICK0003232,CUST01240,2026-03-07,Performance,Medium,55,Resolved,1
TICK0003233,CUST01240,2025-05-20,Bug Report,Low,20,Resolved,1
TICK0003234,CUST01240,2025-01-30,Performance,Low,129,Resolved,2
TICK0003235,CUST01240,2025-11-26,Technical Issue,Low,173,Resolved,1
TICK0003236,CUST01240,2025-06-25,Performance,Medium,78,Resolved,3
TICK0003237,CUST01241,2026-04-03,How-To Question,Medium,23,Resolved,4
TICK0003238,CUST01241,2025-09-23,Account Access,Medium,20,Resolved,4
TICK0003239,CUST01242,2026-07-25,Performance,High,26,Resolved,3
TICK0003240,CUST01243,2026-02-15,Bug Report,Low,58,Resolved,2
TICK0003241,CUST01243,2026-02-01,Feature Request,Medium,77,Resolved,5
TICK0003242,CUST01244,2024-11-15,How-To Question,Low,12,Resolved,4
TICK0003243,CUST01244,2025-05-09,Account Access,Low,89,Resolved,5
TICK0003244,CUST01245,2025-10-20,Feature Request,High,25,Resolved,4
TICK0003245,CUST01245,08/18/2026,Account Access,Low,72,Resolved,4
TICK0003246,CUST01245,2025-12-24,Feature Request,Medium,48,Resolved,3
TICK0003247,CUST01245,2026-08-23,Account Access,Low,52,Resolved,4
TICK0003248,CUST01246,2026-07-13,Account Access,Low,36,Resolved,4
TICK0003249,CUST01246,2026-06-11,How-To Question,Low,47,Resolved,5
TICK0003250,CUST01246,2026-07-23,Feature Request,Medium,36,Resolved,5
TICK0003251,CUST01248,2025-11-25,Technical Issue,Medium,58,Resolved,1
TICK0003252,CUST01248,2025-04-23,Account Access,Low,143,Resolved,1
TICK0003253,CUST01248,2025-05-01,Integration,Low,93,Resolved,1
TICK0003254,CUST01248,2024-10-10,Integration,Medium,96,Resolved,1
TICK0003255,CUST01248,2025-01-07,Performance,Low,192,Resolved,2
TICK0003256,CUST01249,2026-02-27,Integration,Medium,59,Resolved,
TICK0003257,CUST01249,08/03/2026,Billing,High,32,Resolved,4
TICK0003258,CUST01250,2026-04-09,Account Access,Medium,42,Resolved,4
TICK0003259,CUST01251,2025-11-12,Account Access,Low,122,Resolved,4
TICK0003260,CUST01251,2025-08-28,Billing,High,21,Resolved,5
TICK0003261,CUST01251,2026-05-12,Integration,Low,100,Resolved,5
TICK0003262,CUST01251,2026-09-15,Billing,Low,58,Resolved,3
TICK0003263,CUST01252,2026-08-02,Billing,Low,38,Resolved,5
TICK0003264,CUST01252,2026-01-19,Feature Request,Medium,37,Open,2
TICK0003265,CUST01252,2026-05-03,Feature Request,Medium,19,Resolved,4
TICK0003266,CUST01252,2026-01-05,Feature Request,Low,53,Resolved,4
TICK0003267,CUST01253,2026-09-13,Billing,Low,65,Resolved,3
TICK0003268,CUST01253,2026-08-14,Feature Request,Low,43,Resolved,
TICK0003269,CUST01253,2026-07-25,Billing,High,9,Resolved,4
TICK0003270,CUST01253,2026-08-09,Performance,Medium,55,Resolved,5
TICK0003271,CUST01253,2026-09-03,How-To Question,High,27,Resolved,2
TICK0003272,CUST01254,2026-06-22,Technical Issue,MEDIUM,24,Resolved,5
TICK0003273,CUST01254,2024-12-18,Integration,Medium,53,Open,3
TICK0003274,CUST01255,2026-09-04,Bug Report,Medium,32,Resolved,5
TICK0003275,CUST01255,2026-07-22,Bug Report,High,13,Open,4
TICK0003276,CUST01255,2026-08-16,Feature Request,Medium,62,Resolved,5
TICK0003277,CUST01255,2026-09-02,Billing,Low,35,Resolved,4
TICK0003278,CUST01256,2025-12-22,Account Access,Medium,53,Resolved,3
TICK0003279,CUST01256,2026-09-04,How-To Question,Low,12,Resolved,1
TICK0003280,CUST01256,2025-09-17,Feature Request,Low,69,Resolved,4
TICK0003281,CUST01257,2026-08-04,Account Access,Low,206,Resolved,1
TICK0003282,CUST01257,2026-07-18,Integration,Low,65,Resolved,1
TICK0003283,CUST01257,2026-08-28,Integration,Medium,45,Resolved,1
TICK0003284,CUST01257,2026-08-01,Bug Report,Low,119,Resolved,2
TICK0003285,CUST01258,2026-07-03,Account Access,Urgent,4,Resolved,4
TICK0003286,CUST01258,2026-07-13,Bug Report,Low,68,Resolved,3
TICK0003287,CUST01260,2026-05-19,Bug Report,Medium,102,Resolved,1
TICK0003288,CUST01260,2026-07-18,Bug Report,Medium,98,Resolved,1
TICK0003289,CUST01261,2026-03-26,Billing,Medium,25,Resolved,1
TICK0003290,CUST01261,2026-04-09,Billing,Low,63,Resolved,5
TICK0003291,CUST01261,2025-11-20,How-To Question,Low,58,Resolved,3
TICK0003292,CUST01261,02/28/2026,Performance,Low,15,Resolved,2
TICK0003293,CUST01262,2026-05-27,Performance,Low,81,Resolved,5
TICK0003294,CUST01262,2025-03-11,Feature Request,High,20,Resolved,5
TICK0003295,CUST01263,2026-08-27,How-To Question,Low,120,Pending,5
TICK0003296,CUST01263,2026-09-21,Bug Report,Low,94,Resolved,3
TICK0003297,CUST01264,2026-02-18,Feature Request,High,28,Resolved,4
TICK0003298,CUST01264,2026-05-27,How-To Question,Medium,88,Resolved,3
TICK0003299,CUST01264,2026-07-21,Feature Request,Medium,66,Resolved,4
TICK0003300,CUST01264,2026-03-04,Account Access,Medium,36,Resolved,5
TICK0003301,CUST01265,2024-06-23,Technical Issue,Low,52,Resolved,1
TICK0003302,CUST01265,2025-06-17,Bug Report,Medium,129,Resolved,1
TICK0003303,CUST01265,2026-02-15,Bug Report,Low,95,Resolved,2
TICK0003304,CUST01265,2024-12-02,Integration,Medium,10,Resolved,1
TICK0003305,CUST01265,01/23/2025,Integration,Medium,84,Resolved,3
TICK0003306,CUST01266,2025-11-15,Performance,Medium,56,Resolved,3
TICK0003307,CUST01266,2026-02-11,Feature Request,Low,50,Resolved,4
TICK0003308,CUST01266,2026-02-24,Billing,Low,54,Resolved,3
TICK0003309,CUST01266,2025-12-23,Feature Request,Low,77,Resolved,5
TICK0003310,CUST01266,2026-02-03,How-To Question,Low,110,Resolved,5
TICK0003311,CUST01267,2024-02-17,Feature Request,Medium,70,Open,4
TICK0003312,CUST01267,2025-04-11,Account Access,Low,102,Resolved,5
TICK0003313,CUST01269,2026-08-09,Integration,Medium,75,Resolved,3
TICK0003314,CUST01270,2026-02-13,Account Access,Low,61,Resolved,5
TICK0003315,CUST01271,2026-01-26,Performance,Low,103,Resolved,4
TICK0003316,CUST01271,2025-10-28,How-To Question,High,38,Resolved,4
TICK0003317,CUST01271,2025-11-16,How-To Question,Low,23,Resolved,3
TICK0003318,CUST01271,2026-06-12,Feature Request,Urgent,8,Open,4
TICK0003319,CUST01271,2026-01-09,How-To Question,Low,134,Resolved,4
TICK0003320,CUST01271 ,2026-05-24,Performance,High,22,Resolved,4
TICK0003321,CUST01272,2026-06-28,Feature Request,Medium,48,Resolved,5
TICK0003322,CUST01272,2025-07-20,Account Access,Medium,76,Resolved,3
TICK0003323,CUST01272,2025-10-13,Performance,Medium,15,Resolved,4
TICK0003324,CUST01272,2025-09-26,Account Access,Low,113,Resolved,5
TICK0003325,CUST01273,2024-05-08,Account Access,Low,102,Resolved,2
TICK0003326,CUST01275,2025-11-19,Feature Request,Medium,56,Resolved,5
TICK0003327,CUST01275,2026-05-31,How-To Question,Low,36,Pending,5
TICK0003328,CUST01275,2026-02-10,Integration,Medium,16,Pending,4
TICK0003329,CUST01275,2026-03-20,Billing,Low,41,resolved,5
TICK0003330,CUST01276,2025-11-30,How-To Question,Medium,49,Resolved,5
TICK0003331,CUST01276,2026-01-17,How-To Question,Low,52,Resolved,3
TICK0003332,CUST01277,2025-12-04,FEATURE REQUEST,Medium,65,Resolved,5
TICK0003333,CUST01277,2026-05-14,How-To Question,Medium,59,Resolved,5
TICK0003334,CUST01277,2026-05-06,Feature Request,Medium,49,Resolved,5
TICK0003335,CUST01277,2026-05-11,How-To Question,Medium,14,Resolved,2
TICK0003336,CUST01277,2025-09-30,Account Access,Low,19,Resolved,3
TICK0003337,CUST01278,2025-11-11,Account Access,Low,166,Resolved,1
TICK0003338,CUST01278,2025-05-21,Account Access,Medium,66,Pending,3
TICK0003339,CUST01278,2026-02-05,Integration,Low,97,Resolved,3
TICK0003340,CUST01279,2025-03-27,Technical Issue,Low,92,Resolved,2
TICK0003341,CUST01279,2025-04-26,Billing,Low,54,Resolved,5
TICK0003342,CUST01280,2026-03-04,Feature Request,Medium,62,Pending,3
TICK0003343,CUST01280,2026-09-04,Technical Issue,Medium,70,Resolved,5
TICK0003344,CUST01280,2025-03-13,Performance,Medium,35,Resolved,4
TICK0003345,CUST01280,2026-02-19,Bug Report,Medium,50,Open,5
TICK0003346,CUST01281,2026-09-11,Account Access,Medium,8,Resolved,5
TICK0003347,CUST01281,2026-05-16,Account Access,Medium,77,Pending,5
TICK0003348,CUST01281,2026-02-20,Feature Request,Medium,25,Resolved,1
TICK0003349,CUST01282,2025-07-23,Feature Request,Low,62,Resolved,4
TICK0003350,CUST01282,2025-03-12,How-To Question,Low,50,Resolved,5
TICK0003351,CUST01284,2024-07-27,Technical Issue,Medium,19,Resolved,3
TICK0003352,CUST01284,2024-07-15,Technical Issue,Medium,44,Resolved,5
TICK0003353,CUST01285,2025-11-05,How-To Question,Low,40,Resolved,4
TICK0003354,CUST01285,2026-08-24,Feature Request,Medium,71,Resolved,3
TICK0003355,CUST01286,2026-09-08,Performance,Medium,49,resolved,5
TICK0003356,CUST01286,2025-03-30,Performance, high,27,Resolved,2
TICK0003357,CUST01286,2025-04-21,Feature Request,High,21,Pending,2
TICK0003358,CUST01287,2025-06-24,How-To Question,High,19,Resolved,3
TICK0003359,CUST01288,2026-06-03,How-To Question,Medium,31,Resolved,5
TICK0003360,CUST01288,2026-07-18,How-To Question,Low,12,Resolved,2
TICK0003361,CUST01288,2026-07-13,How-To Question,Low,57,Open,4
TICK0003362,CUST01288,2026-08-04,Feature Request,High,11,Resolved,4
TICK0003363,CUST01289,2024-10-26,Performance,Medium,30,Resolved,3
TICK0003364,CUST01289,2024-12-11,Bug Report,Medium,52,Resolved,1
TICK0003365,CUST01289,2024-12-14,Bug Report,Medium,61,Pending,1
TICK0003366,CUST01289,2024-07-23,Technical Issue,Low,142,Resolved,5
TICK0003367,CUST01289,2024-08-21,Account Access,Low,61,Pending,1
TICK0003368,CUST01290,2025-04-02,Account Access,Medium,81,Resolved,5
TICK0003369,CUST01290,2026-02-28,Performance,Low,145,Resolved,1
TICK0003370,CUST01290,2026-03-04,Performance,Low,67,Resolved,4
TICK0003371,CUST01290,2025-11-15,Bug Report,Low,27,Resolved,5
TICK0003372,CUST01293,2024-04-18,How-To Question,Low,43,Resolved,2
TICK0003373,CUST01294,2026-07-25,Performance,Low,66,Resolved,5
TICK0003374,CUST01295,2025-10-22,How-To Question,Low,68,Resolved,4
TICK0003375,CUST01295,2026-09-06,Account Access,MEDIUM,42,Resolved,3
TICK0003376,CUST01296,2026-07-25,Account Access,Urgent,17,Resolved,5
TICK0003377,CUST01297,2025-06-25,Technical Issue,Low,55,Resolved,4
TICK0003378,CUST01297,2025-08-10,Feature Request,Medium,31,Resolved,5
TICK0003379,CUST01297,2026-04-29,Technical Issue,Low,41,Resolved,4
TICK0003380,CUST01297,2026-09-14,Feature Request,High,58,Resolved,4
TICK0003381,CUST01298,2025-04-14,Feature Request,Urgent,2,Resolved,5
TICK0003382,CUST01299,06/26/2025,Integration,Urgent,5,Resolved,2
TICK0003383,CUST01299,2025-02-28,Account Access,Low,79,Resolved,3
TICK0003384,CUST01299,2025-05-07,Technical Issue,High,47,Resolved,1
TICK0003385,CUST01299,07/27/2026,Performance,Medium,80,Resolved,1
TICK0003386,CUST01299,2024-12-05,Integration,High,26,Resolved,1
TICK0003387,CUST01299,2025-05-21,Performance,Medium,94,Pending,2
TICK0003388,CUST01300,2024-05-14,How-To Question,Low,84,Resolved,1
TICK0003389,CUST01300,2024-05-19,Billing,Medium,45,Resolved,4
TICK0003390,CUST01301,2024-11-17,Billing,Low,41,Resolved,3
TICK0003391,CUST01301,2024-11-05,How-To Question,High,29,Resolved,5
TICK0003392,CUST01301,2024-08-25,How-To Question,Medium,14,Resolved,5
TICK0003393,CUST01301,2024-06-07,Performance,Low,70,Resolved,1
TICK0003394,CUST01302,2025-06-28,How-To Question,Medium,86,Resolved,5
TICK0003395,CUST01303,2026-01-30,Account Access,Medium,50,Resolved,3
TICK0003396,CUST01303,2026-01-10,technical issue,Low,108,Resolved,4
TICK0003397,CUST01304,2025-04-09,Billing,Low,75,Resolved,4
TICK0003398,CUST01304,2026-07-18,Performance,High,18,Resolved,3
TICK0003399,CUST01304,2025-12-12,Performance,Low,56,Resolved,3
TICK0003400,CUST01304,2026-07-05,Billing,Low,78,Resolved,2
TICK0003401,CUST01304,2026-05-20,Billing,Medium,51,Pending,3
TICK0003402,CUST01304,2025-06-26,Feature Request,Low,58,Resolved,4
TICK0003403,CUST01305,2025-04-24,How-To Question,Medium,43,Resolved,1
TICK0003404,CUST01305,2026-04-26,Feature Request,Medium,62,Pending,2
TICK0003405,CUST01305,2024-07-16,Account Access,High,23,Resolved,3
TICK0003406,CUST01305,2025-05-10,How-To Question,Low,75,Resolved,5
TICK0003407,CUST01306,2024-09-05,Bug Report,Medium,56,Resolved,3
TICK0003408,CUST01306,2026-08-31,Technical Issue,Low,44,Resolved,2
TICK0003409,CUST01306,2025-12-01,Account Access,Low,106,Resolved,2
TICK0003410,CUST01307,2026-08-02,Bug Report,Medium,60,Pending,5
TICK0003411,CUST01307,2026-09-14,Billing,Medium,8,Open,4
TICK0003412,CUST01307,2026-06-19,Bug Report,High,15,Resolved,5
TICK0003413,CUST01307,2026-09-19,How-To Question,Medium,48,Pending,4
TICK0003414,CUST01308,2026-03-20,Integration,High,31,Resolved,5
TICK0003415,CUST01308,2025-07-21,Integration,Medium,40,Resolved,5
TICK0003416,CUST01309,2026-04-06,Feature Request,Urgent,8,Resolved,1
TICK0003417,CUST01309,2026-03-09,Feature Request,Low,103,Resolved,5
TICK0003418,CUST01309,2026-03-11,Performance,Medium,20,Resolved,3
TICK0003419,CUST01309,2025-06-29,Feature Request,Low,40,Resolved,5
TICK0003420,CUST01310,2026-05-01,How-To Question,Medium,59,Resolved,4
TICK0003421,CUST01311,2024-11-02,Integration,Low,130,Resolved,3
TICK0003422,CUST01311,2024-05-17,Account Access,Medium,62,Resolved,2
TICK0003423,CUST01311,2024-01-20,Technical Issue,Medium,84,Resolved,4
TICK0003424,CUST01311,2024-10-23,Bug Report,High,15,Resolved,2
TICK0003425,CUST01311,2024-02-08,Account Access,Low,174,Resolved,3
TICK0003426,CUST01311,2024-03-28,Technical Issue,Low,171,Resolved,4
TICK0003427,CUST01311,2025-06-11,Performance,Medium,94,Resolved,1
TICK0003428,CUST01311,2024-01-29,Account Access,Urgent,25,Resolved,4
TICK0003429,CUST01311,2025-05-02,Bug Report,Medium,134,Resolved,1
TICK0003430,CUST01311,2024-09-24,Bug Report,Low,117,Resolved,1
TICK0003431,CUST01312,2023-10-23,Performance,Medium,30,Resolved,3
TICK0003432,CUST01313,2026-01-31,Technical Issue,Low,101,Resolved,2
TICK0003433,CUST01314,2025-02-27,Technical Issue,Medium,60,Resolved,4
TICK0003434,CUST01315,2026-05-29,Performance,Low,78,Resolved,5
TICK0003435,CUST01315,2026-07-22,Billing,Medium,53,Resolved,2
TICK0003436,CUST01315,2026-08-12,Feature Request,Low,49,Resolved,5
TICK0003437,CUST01315,2026-01-29,Billing,Medium,55,Resolved,5
TICK0003438,CUST01315,2025-10-12,Feature Request,High,28,Resolved,4
TICK0003439,CUST01315,2026-04-11,How-To Question,Medium,17,Resolved,4
TICK0003440,CUST01316,2026-04-26,Feature Request,Medium,22,Resolved,1
TICK0003441,CUST01316,2026-04-18,Feature Request,Low,92,Resolved,
TICK0003442,CUST01317,2026-01-14,Account Access,Medium,32,Resolved,5
TICK0003443,CUST01317,2025-04-26,Bug Report,Medium,25,Resolved,3
TICK0003444,CUST01317,2025-12-11,Performance,Medium,61,Resolved,5
TICK0003445,CUST01317,2026-05-04,How-To Question,Low,68,Resolved,5
TICK0003446,CUST01318,2025-10-12,Integration,Low,148,Pending,1
TICK0003447,CUST01319,2025-03-25,Account Access,Low,125,Resolved,4
TICK0003448,CUST01319,09/18/2024,Feature Request,Low,88,Resolved,4
TICK0003449,CUST01319,2025-05-21,bug report,Medium,80,Resolved,4
TICK0003450,CUST01319,2025-01-16,Account Access,Medium,38,Resolved,3
TICK0003451,CUST01320,2025-03-10,How-To Question,Low,89,Resolved,4
TICK0003452,CUST01320,2024-10-23,Billing,Medium,60,Resolved,3
TICK0003453,CUST01321,2026-03-29,How-To Question,Medium,70,Resolved,5
TICK0003454,CUST01322,2026-06-19,Performance,Medium,56,Resolved,5
TICK0003455,CUST01322,2026-02-27,Billing,Low,46,Resolved,4
TICK0003456,CUST01322,2026-01-19,Performance,Low,50,Resolved,4
TICK0003457,CUST01322,2026-05-04,Feature Request,Medium,26,Pending,3
TICK0003458,CUST01322,2026-02-21,Billing,Low,12,Resolved,4
TICK0003459,CUST01324,2024-07-23,Account Access,Low,37,Resolved,3
TICK0003460,CUST01324,2025-05-07,Account Access,Medium,26,Resolved,1
TICK0003461,CUST01324,2024-06-04,How-To Question,Low,107,resolved,4
TICK0003462,CUST01324,2025-09-05,Account Access,Medium,85,Resolved,3
TICK0003463,CUST01326,2026-09-17,Billing,High,35,Resolved,5
TICK0003464,CUST01326,2026-07-09,How-To Question,High,24,Resolved,4
TICK0003465,CUST01326,2026-06-09,How-To Question,Low,77,Resolved,3
TICK0003466,CUST01326,2026-08-23,Performance,Medium,59,Resolved,4
TICK0003467,CUST01327,2026-06-15,Technical Issue,Urgent,11,Open,3
TICK0003468,CUST01328,2026-08-07,How-To Question,Low,93,Resolved,5
TICK0003469,CUST01329,2025-12-18,Billing,High,17,Resolved,5
TICK0003470,CUST01329,2025-04-28,How-To Question,Medium,34,Pending,5
TICK0003471,CUST01330,2025-12-24,Feature Request,Medium,98,Resolved,5
TICK0003472,CUST01330,2026-06-30,How-To Question,Medium,39,Resolved,3
TICK0003473,CUST01331,2026-08-29,Billing,Low,16,Open,3
TICK0003474,CUST01331,2025-08-16,Feature Request,Low,116,Resolved,2
TICK0003475,CUST01331,2025-11-11,How-To Question,Low,34,Resolved,4
TICK0003476,CUST01331,2025-04-29,How-To Question,Low,44,Resolved,1
TICK0003477,CUST01331,2026-01-13,Performance,Medium,47,Resolved,5
TICK0003478,CUST01331,2025-03-18,Billing,High,11,Resolved,2
TICK0003479,CUST01332,2026-04-06,Billing,Low,127,Resolved,5
TICK0003480,CUST01332,2025-10-18,Bug Report,Low,60,Resolved,5
TICK0003481,CUST01332,2025-07-07,Technical Issue,Low,125,Pending,1
TICK0003482,CUST01332,2025-08-02,Billing,Low,83,Open,5
TICK0003483,CUST01332,2025-12-24,Technical Issue,Low,66,Resolved,5
TICK0003484,CUST01333,2025-07-28,Account Access,Medium,51,Resolved,3
TICK0003485,CUST01334,2025-04-15,Performance,Medium,25,Resolved,5
TICK0003486,CUST01336,06/30/2025,Integration,Medium,12,Open,5
TICK0003487,CUST01336,2026-09-06,Feature Request,Urgent,9,Pending,4
TICK0003488,CUST01336,2025-04-22,Account Access,Medium,59,Resolved,5
TICK0003489,CUST01337,2026-04-14,Feature Request,High,15,Resolved,1
TICK0003490,CUST01337,2026-06-18,Performance,Low,102,Resolved,5
TICK0003491,CUST01337,2026-06-22,How-To Question,Low,66,Resolved,2
TICK0003492,CUST01337,2026-06-26,Billing,Low,31,Open,2
TICK0003493,CUST01337,2026-06-14,Billing,Medium,35,Resolved,3
TICK0003494,CUST01338,2026-03-16,Performance,High,48,Resolved,1
TICK0003495,CUST01338,08/11/2025,Account Access,Medium,51,Resolved,3
TICK0003496,CUST01338,2025-08-10,Technical Issue,Medium,82,Resolved,4
TICK0003497,CUST01338,2026-09-16,Bug Report,Low,96,Resolved,1
TICK0003498,CUST01338,2025-08-23,Account Access,Medium,96,Resolved,3
TICK0003499,CUST01338,2026-09-09,Integration,Medium,85,Resolved,1
TICK0003500,CUST01338,2026-03-01,Bug Report,Medium,69,Resolved,3
TICK0003501,CUST01339,2025-10-02,Account Access,Urgent,6,Resolved,5
TICK0003502,CUST01339,2025-11-14,Account Access,Medium,63,Resolved,2
TICK0003503,CUST01340,2023-12-31,How-To Question,Medium,52,Resolved,5
TICK0003504,CUST01340,2024-01-08,Feature Request,Medium,83,Resolved,5
TICK0003505,CUST01340,2024-05-04,How-To Question,Low,31,Resolved,4
TICK0003506,CUST01341,2026-03-08,Feature Request,Low,51,Resolved,2
TICK0003507,CUST01341,2026-01-14,Billing,Low,32,Open,5
TICK0003508,CUST01341,2026-07-30,Feature Request,Low,33,Resolved,1
TICK0003509,CUST01341,2026-05-30,Performance,Low,67,Pending,4
TICK0003510,CUST01341,2026-04-23,Feature Request,High,51,Open,5
TICK0003511,CUST01342,2026-06-25,Feature Request,Urgent,7,Resolved,4
TICK0003512,CUST01342,2026-03-08,Bug Report,High,25,Resolved,5
TICK0003513,CUST01342,2025-09-22,How-To Question,Low,69,Resolved,5
TICK0003514,CUST01342,2025-09-15,technical issue,Medium,35,Resolved,5
TICK0003515,CUST01342,2026-06-08,Bug Report,Low,64,Resolved,5
TICK0003516,CUST01343,2026-08-31,Billing,Medium,29,Resolved,1
TICK0003517,CUST01344,2026-05-12,Account Access,Low,157,Resolved,4
TICK0003518,CUST01345,2026-08-14,Feature Request,Low,62,Resolved,4
TICK0003519,CUST01347,2026-07-17,Billing,Low,50,Resolved,4
TICK0003520,CUST01348,2024-04-17,Performance,Low,76,Resolved,3
TICK0003521,CUST01348,2024-04-01,Integration,Low,120,Resolved,3
TICK0003522,CUST01349,2026-08-01,Feature Request,Low,37,Resolved,1
TICK0003523,CUST01349,2026-07-20,Performance,Low,48,Resolved,3
TICK0003524,CUST01349,2026-03-19,How-To Question,Medium,24,Resolved,2
TICK0003525,CUST01349,2026-06-21,How-To Question,Medium,27,Open,4
TICK0003526,CUST01350,2025-04-03,Performance,Medium,76,Resolved,2
TICK0003527,CUST01350,2025-05-03,Bug Report,Low,57,Resolved,4
TICK0003528,CUST01351,2026-08-15,Integration,Medium,52,Resolved,5
TICK0003529,CUST01351,2026-09-22,Integration,Low,109,Resolved,3
TICK0003530,CUST01352,2026-09-08,Performance,Medium,86,Open,5
TICK0003531,CUST01353,2026-09-09,Account Access,Low,66,Resolved,4
TICK0003532,CUST01354,2026-01-26,Bug Report,Medium,19,Open,5
TICK0003533,CUST01354,2025-01-12,Billing,Low,81,Resolved,5
TICK0003534,CUST01354,2024-08-18,Integration,Low,88,Resolved,3
TICK0003535,CUST01355,2026-06-24,Account Access,Medium,38,Resolved,5
TICK0003536,CUST01356,2025-12-20,Account Access,Low,97,Resolved,4
TICK0003537,CUST01356,2025-11-22,Integration,Low,21,Resolved,4
TICK0003538,CUST01357,2024-12-06,Feature Request,Low,28,Resolved,4
TICK0003539,CUST01357,2024-09-03,Account Access,High,7,Resolved,4
TICK0003540,CUST01358,2025-08-07,Bug Report,Medium,81,Resolved,5
TICK0003541,CUST01358,2026-01-16,Performance,High,44,Resolved,4
TICK0003542,CUST01359,2026-01-26,Bug Report,Low,60,Resolved,4
TICK0003543,CUST01360,2026-01-14,Bug Report,Medium,37,Resolved,2
TICK0003544,CUST01360,2025-10-01,Account Access,Low,58,Resolved,3
TICK0003545,CUST01360,2025-08-18,Performance,High,42,Resolved,1
TICK0003546,CUST01360,2026-05-03,Technical Issue,High,32,Resolved,1
TICK0003547,CUST01360,2026-03-24,Integration,Low,105,Resolved,2
TICK0003548,CUST01360,2026-08-20,Performance,Medium,48,Resolved,1
TICK0003549,CUST01360,2026-06-24,Performance,Low,59,Open,1
TICK0003550,CUST01360,2025-04-28,Performance,Low,25,Open,4
TICK0003551,CUST01361,2026-07-23,Account Access,Medium,42,Resolved,4
TICK0003552,CUST01361,2026-08-21,Integration,Medium,82,Resolved,4
TICK0003553,CUST01361,2024-11-30,Bug Report,High,22,Resolved,5
TICK0003554,CUST01362,2026-07-16,How-To Question,Low,126,Resolved,4
TICK0003555,CUST01362,2026-04-25,Performance,Urgent,8,Resolved,5
TICK0003556,CUST01362,2026-07-25,Account Access,Medium,47,Resolved,5
TICK0003557,CUST01363,2025-04-30,Feature Request,Low,54,Resolved,
TICK0003558,CUST01363,2024-08-18,Feature Request,Low,32,Resolved,5
TICK0003559,CUST01364,2024-07-19,Technical Issue,Medium,60,Resolved,5
TICK0003560,CUST01364,2024-07-30,Billing,Medium,31,Resolved,5
TICK0003561,CUST01365,2025-10-13,Integration,Medium,87,Resolved,2
TICK0003562,CUST01365,2025-10-29,Performance,Medium,24,Resolved,2
TICK0003563,CUST01365,2025-11-10,Performance,Medium,11,Resolved,2
TICK0003564,CUST01365,2025-12-23,Account Access,High,45,Resolved,2
TICK0003565,CUST01366,2026-02-02,How-To Question,Medium,66,Resolved,3
TICK0003566,CUST01366,2024-10-06,Performance,Medium,55,Resolved,3
TICK0003567,CUST01368,2026-07-02,Integration,Low,110,Resolved,4
TICK0003568,CUST01368,2026-05-16,Bug Report,Medium,53,Resolved,5
TICK0003569,CUST01368,2026-08-22,Feature Request,Low,47,Resolved,4
TICK0003570,CUST01370,2024-11-04,Technical Issue,Medium,86,Resolved,1
TICK0003571,CUST01370,2025-05-11,Performance,Medium,85,Resolved,1
TICK0003572,CUST01370,2025-01-01,Integration,Low,161,Resolved,4
TICK0003573,CUST01370,06/16/2024,Technical Issue,Medium,50,Resolved,1
TICK0003574,CUST01370,2025-08-21,Technical Issue,Low,84,resolved,3
TICK0003575,CUST01370,2023-11-19,Integration,Medium,119,Resolved,2
TICK0003576,CUST01371,2024-01-11,How-To Question,Medium,44,Resolved,3
TICK0003577,CUST01371,2025-12-20,Account Access,Low,103,Resolved,3
TICK0003578,CUST01372,2026-03-06,Integration,Low,96,Resolved,4
TICK0003579,CUST01373,2026-06-11,How-To Question,Medium,22,Resolved,4
TICK0003580,CUST01374,2026-09-04,Integration,Medium,48,Resolved,4
TICK0003581,CUST01374,2026-04-16,Feature Request,Low,84,Resolved,3
TICK0003582,CUST01374,2026-03-16,Bug Report,High,26,Resolved,5
TICK0003583,CUST01375,03/29/2025,Bug Report,Medium,87,Resolved,5
TICK0003584,CUST01376,2026-08-26,Feature Request,Low,56,Resolved,3
TICK0003585,CUST01377,2025-10-07,Technical Issue,Low,65,Resolved,4
TICK0003586,CUST01378,2025-03-22,Integration,Medium,60,Resolved,5
TICK0003587,CUST01378,2026-04-26,Feature Request,High,26,Resolved,5
TICK0003588,CUST01380,2026-09-14,Account Access,Low,94,Pending,3
TICK0003589,CUST01380,2025-11-04,Technical Issue,Medium,45,Resolved,4
TICK0003590,CUST01381,2026-06-25,Technical Issue,Low,22,Resolved,2
TICK0003591,CUST01381,2025-06-01,Integration,Medium,25,Resolved,2
TICK0003592,CUST01381,2025-12-13,Account Access,High,42,resolved,1
TICK0003593,CUST01381,2025-09-15,Account Access,Low,111,Resolved,1
TICK0003594,CUST01381,2026-03-03,Bug Report,Low,118,Resolved,2
TICK0003595,CUST01381,2026-01-23,Integration,High,31,Resolved,3
TICK0003596,CUST01381,2026-06-01,Bug Report,Medium,102,Resolved,3
TICK0003597,CUST01382,2026-04-05,Bug Report,Medium,23,Resolved,3
TICK0003598,CUST01382,2026-05-28,Account Access,Medium,78,Resolved,1
TICK0003599,CUST01382,2026-08-05,Billing,Medium,36,Resolved,4
TICK0003600,CUST01383,2025-04-29,Integration,Medium,56,Resolved,5
TICK0003601,CUST01384,2026-02-04,Account Access,Low,90,Resolved,5
TICK0003602,CUST01385,2025-03-08,Feature Request,Low,99,Resolved,5
TICK0003603,CUST01385,2026-02-27,Billing,Low,83,Pending,5
TICK0003604,CUST01385,06/24/2025,Billing,Medium,8,Resolved,4
TICK0003605,CUST01386,2025-08-28,Billing,Medium,37,Resolved,4
TICK0003606,CUST01386,2026-09-14,How-To Question,Low,75,Resolved,5
TICK0003607,CUST01386,2026-09-18,Feature Request,Low,32,Pending,1
TICK0003608,CUST01386,2026-01-13,How-To Question,Medium,59,Resolved,1
TICK0003609,CUST01388,2026-07-22,Bug Report,Medium,72,Resolved,1
TICK0003610,CUST01388,2026-07-10,Bug Report,Medium,89,Resolved,2
TICK0003611,CUST01388,2026-07-21,Bug Report,Medium,15,Resolved,1
TICK0003612,CUST01388,2026-06-24,Performance,Low,143,Resolved,4
TICK0003613,CUST01389,2025-11-19,How-To Question,Low,128,Resolved,3
TICK0003614,CUST01389 ,2025-04-05,Feature Request,Urgent,15,Resolved,5
TICK0003615,CUST01389,2026-07-14,Feature Request,Low,66,Resolved,2
TICK0003616,CUST01389,2026-01-23,Performance,Medium,51,Resolved,5
TICK0003617,CUST01390,2025-06-19,Feature Request,Medium,33,Resolved,4
TICK0003618,CUST01390 ,2025-03-05,How-To Question,Medium,55,Resolved,2
TICK0003619,CUST01391,2024-12-31,How-To Question,Medium,56,Resolved,4
TICK0003620,CUST01393,2025-04-12,Technical Issue,Low,112,Resolved,3
TICK0003621,CUST01393,2026-04-18,Billing,Medium,61,Resolved,5
TICK0003622,CUST01394,2026-09-21,how-to question,Medium,93,Resolved,4
TICK0003623,CUST01395,2025-12-21,Bug Report,High,14,Resolved,3
TICK0003624,CUST01396,2026-09-04,Bug Report,High,25,Resolved,3
TICK0003625,CUST01396,2026-08-07,Integration,Low,74,Resolved,1
TICK0003626,CUST01396,2026-08-10,Bug Report,Low,94,Open,1
TICK0003627,CUST01396,2026-08-21,Account Access,Low,111,Resolved,1
TICK0003628,CUST01396,2026-09-06,Integration,Low,163,Pending,3
TICK0003629,CUST01396,2026-09-13,Bug Report,Low,79,Resolved,2
TICK0003630,CUST01396,2026-08-14,Technical Issue,Medium,70,Resolved,2
TICK0003631,CUST01396,2026-09-23,Integration,Medium,39,Resolved,3
TICK0003632,CUST01396,2026-07-31,Performance,High,48,Resolved,1
TICK0003633,CUST01396,2026-09-05,Bug Report,Low,172,Resolved,2
TICK0003634,CUST01396,2026-08-05,Bug Report,Low,127,Resolved,1
TICK0003635,CUST01397,2023-12-05,Billing,Low,101,Pending,5
TICK0003636,CUST01397,2025-05-04,How-To Question,High,4,Resolved,3
TICK0003637,CUST01397,2024-05-18,Feature Request,Low,32,Resolved,4
TICK0003638,CUST01398,2026-07-30,Billing, high,29,Resolved,4
TICK0003639,CUST01398,2024-12-14,Account Access,Medium,56,Resolved,2
TICK0003640,CUST01399,2024-12-22,Integration,Low,66,Pending,5
TICK0003641,CUST01401,2026-02-06,Technical Issue,Low,31,Resolved,5
TICK0003642,CUST01402,2026-06-22,Technical Issue,High,22,Resolved,3
TICK0003643,CUST01402,2026-06-14,Technical Issue,High,17,Resolved,4
TICK0003644,CUST01402,2026-06-06,How-To Question,Medium,67,Resolved,5
TICK0003645,CUST01403,2025-02-26,Account Access,High,14,resolved,2
TICK0003646,CUST01403,2025-05-30,Integration,High,19,Resolved,5
TICK0003647,CUST01403,2025-06-22,Feature Request,High,26,Resolved,4
TICK0003648,CUST01403,2025-08-11,Technical Issue,Medium,40,Resolved,5
TICK0003649,CUST01405,2025-09-09,Bug Report,Medium,55,Resolved,3
TICK0003650,CUST01405,2024-12-12,Integration,Medium,44,Resolved,2
TICK0003651,CUST01405,2025-05-24,Integration,Urgent,23,Resolved,1
TICK0003652,CUST01405,2024-08-02,Technical Issue, high,18,resolved,3
TICK0003653,CUST01405,2024-03-26,Bug Report,Medium,21,Resolved,4
TICK0003654,CUST01405,2025-07-14,Account Access,Low,185,Resolved,5
TICK0003655,CUST01405,2026-08-06,Integration,Low,129,Resolved,2
TICK0003656,CUST01405,2024-11-18,Account Access,Medium,25,Resolved,1
TICK0003657,CUST01406,2024-08-31,Billing,Low,79,Resolved,4
TICK0003658,CUST01406 ,2025-11-16,Billing,Medium,53,Resolved,4
TICK0003659,CUST01406,2025-01-02,How-To Question,Low,65,Resolved,2
TICK0003660,CUST01406,2025-11-26,How-To Question,Medium,45,resolved,3
TICK0003661,CUST01407,2026-03-18,Feature Request,Low,88,Pending,4
TICK0003662,CUST01407,2025-06-19,Feature Request,Low,12,Open,5
TICK0003663,CUST01408,2025-12-23,Billing,High,20,Resolved,5
TICK0003664,CUST01409,2026-03-06,Account Access,Low,86,Resolved,3
TICK0003665,CUST01409,2026-05-10,Feature Request,Low,60,Resolved,5
TICK0003666,CUST01410,2025-06-30,How-To Question,Medium,45,Resolved,5
TICK0003667,CUST01410,2025-09-02,Feature Request,Medium,44,Resolved,4
TICK0003668,CUST01410,2025-01-06,Feature Request,Low,58,Resolved,4
TICK0003669,CUST01410,2025-05-09,Performance,Medium,33,Resolved,3
TICK0003670,CUST01410,2025-03-01,How-To Question,Medium,53,Resolved,3
TICK0003671,CUST01411,2025-05-01,Performance,Medium,70,Resolved,2
TICK0003672,CUST01411,2025-04-19,Technical Issue,Low,155,Resolved,2
TICK0003673,CUST01411,2025-04-27,Bug Report,Low,44,Open,1
TICK0003674,CUST01411,2025-04-29,Bug Report,Medium,92,Resolved,1
TICK0003675,CUST01411,2025-04-29,Integration,Medium,73,Resolved,
TICK0003676,CUST01412,2024-11-02,Feature Request,Low,70,Resolved,4
TICK0003677,CUST01412,2024-07-27,Account Access,Medium,77,Resolved,5
TICK0003678,CUST01412,2023-12-06,How-To Question,low,145,Resolved,4
TICK0003679,CUST01413,2024-07-04,Bug Report,Medium,24,Resolved,4
TICK0003680,CUST01413,2024-03-18,Technical Issue,Low,74,Resolved,5
TICK0003681,CUST01414,2024-08-15,Feature Request,High,29,Resolved,2
TICK0003682,CUST01415,2026-07-22,Feature Request,Low,49,Resolved,5
TICK0003683,CUST01415,2026-04-04,Bug Report,Medium,36,Resolved,3
TICK0003684,CUST01416,2026-06-29,Technical Issue,High,24,Resolved,4
TICK0003685,CUST01416,2026-05-18,Integration,High,27,Resolved,4
TICK0003686,CUST01416,2026-06-23,Feature Request,Medium,61,Resolved,4
TICK0003687,CUST01416,2026-09-19,Account Access,High,11,Resolved,5
TICK0003688,CUST01419,2026-05-07,How-To Question,Medium,51,Resolved,3
TICK0003689,CUST01419,2026-08-03,How-To Question,High,22,Resolved,3
TICK0003690,CUST01422,2026-02-14,How-To Question,Low,99,Resolved,4
TICK0003691,CUST01422,2026-02-05,Feature Request,Low,12,Resolved,3
TICK0003692,CUST01422,2026-05-30,Billing,High,41,Pending,5
TICK0003693,CUST01422,2026-08-09,Billing,Medium,29,Resolved,5
TICK0003694,CUST01423,2025-03-25,Integration,High,27,Resolved,4
TICK0003695,CUST01423,2025-02-01,Technical Issue,Low,77,Resolved,5
TICK0003696,CUST01424,2026-05-17,Performance,Medium,49,Resolved,5
TICK0003697,CUST01425,2026-06-14,Performance,Medium,30,Resolved,3
TICK0003698,CUST01425,2026-01-22,Feature Request,Low,55,Resolved,4
TICK0003699,CUST01425,2026-08-21,Billing,Medium,63,Resolved,2
TICK0003700,CUST01425,2026-04-12,Performance,Low,56,Resolved,2
TICK0003701,CUST01426,2026-03-01,Account Access,High,24,Pending,5
TICK0003702,CUST01426,2026-01-09,Account Access,Low,78,Resolved,5
TICK0003703,CUST01426,2026-02-16,Account Access,Medium,13,Resolved,3
TICK0003704,CUST01428,2024-09-10,Billing,Medium,56,Resolved,1
TICK0003705,CUST01429,2026-07-20,Performance,Medium,35,Resolved,3
TICK0003706,CUST01430,2026-05-17,Feature Request,High,32,Resolved,3
TICK0003707,CUST01430,2025-12-25,Billing,Medium,55,Resolved,5
TICK0003708,CUST01431,2025-02-11,Performance,Medium,8,Resolved,3
TICK0003709,CUST01431,2025-01-27, billing,MEDIUM,54,Resolved,3
TICK0003710,CUST01431,2025-02-17,Feature Request,Low,14,Pending,4
TICK0003711,CUST01432,2026-09-01,Feature Request,Medium,43,Resolved,3
TICK0003712,CUST01432,2026-01-08,How-To Question,Medium,56,Resolved,4
TICK0003713,CUST01433,2024-12-10,Technical Issue,Low,53,Resolved,4
TICK0003714,CUST01433,2024-11-16,Feature Request,Low,147,Resolved,4
TICK0003715,CUST01433,2025-09-15,Feature Request,Low,62,Resolved,4
TICK0003716,CUST01434,2025-07-23,Account Access,Low,61,Resolved,3
TICK0003717,CUST01435,2025-01-31,How-To Question,Medium,48,Resolved,3
TICK0003718,CUST01435,2024-11-26,Feature Request,Medium,43,resolved,4
TICK0003719,CUST01435,2024-05-22,How-To Question,High,28,Resolved,4
TICK0003720,CUST01435,2024-12-30,Billing,Medium,45,Resolved,4
TICK0003721,CUST01435,2024-04-07,How-To Question,Medium,78,Resolved,5
TICK0003722,CUST01435,2024-10-09,Feature Request,Medium,32,Resolved,3
TICK0003723,CUST01436,2026-09-13,how-to question,Urgent,11,Resolved,3
TICK0003724,CUST01436,2026-07-06,Performance,Medium,8,Resolved,4
TICK0003725,CUST01437,2025-01-13,Integration,Medium,39,Resolved,2
TICK0003726,CUST01437,2026-07-13,Feature Request,Medium,10,Resolved,4
TICK0003727,CUST01437,2025-11-28,Technical Issue,Medium,50,Pending,5
TICK0003728,CUST01439,2026-07-03,Feature Request,Low,112,Resolved,4
TICK0003729,CUST01439,2025-08-18,How-To Question,Low,66,Resolved,5
TICK0003730,CUST01439,12/15/2024,Bug Report,low,44,Pending,5
TICK0003731,CUST01439,2025-08-10,Billing,Low,91,Open,4
TICK0003732,CUST01439,2026-09-05,Integration,Low,35,Resolved,5
TICK0003733,CUST01440,2025-05-06,How-To Question,Medium,69,Resolved,5
TICK0003734,CUST01440,2026-06-02,Billing,High,32,Resolved,3
TICK0003735,CUST01440,2026-04-06,Performance,Medium,34,Resolved,4
TICK0003736,CUST01442,2025-12-09,Billing,Low,66,Resolved,4
TICK0003737,CUST01442,2024-09-09,Account Access,Medium,8,Resolved,4
TICK0003738,CUST01443,2026-03-26,Bug Report,Low,175,Resolved,1
TICK0003739,CUST01443,2025-11-29,Integration,Medium,19,Resolved,1
TICK0003740,CUST01443,2026-05-22,Integration,Low,145,Resolved,3
TICK0003741,CUST01443,2026-05-30,Account Access,Medium,37,Resolved,4
TICK0003742,CUST01443,2026-05-13,Bug Report,Medium,90,Resolved,1
TICK0003743,CUST01444,2025-09-05,How-To Question,Low,34,Resolved,5
TICK0003744,CUST01445,2026-02-13,Bug Report,Medium,77,Resolved,1
TICK0003745,CUST01446,2024-03-20,account access,Low,68,Resolved,4
TICK0003746,CUST01447,2025-12-05,Performance,Low,146,Resolved,5
TICK0003747,CUST01449,2026-05-13,Account Access,Medium,74,Resolved,1
TICK0003748,CUST01449,2026-07-19,Technical Issue,Low,79,Resolved,1
TICK0003749,CUST01449,2025-05-12,Technical Issue,Medium,103,Resolved,1
TICK0003750,CUST01449,2026-06-04,Account Access,Low,73,Resolved,2
TICK0003751,CUST01449,2025-06-06,Performance,Medium,91,Open,2
TICK0003752,CUST01449,2026-08-21,Technical Issue,Medium,98,Resolved,4
TICK0003753,CUST01449,2025-04-03,Bug Report,Medium,47,Resolved,2
TICK0003754,CUST01450,2026-02-20,Bug Report,Low,125,Resolved,2
TICK0003755,CUST01450,2025-06-10,Feature Request,Low,105,Open,5
TICK0003756,CUST01452,2026-08-05,How-To Question,Medium,89,Resolved,4
TICK0003757,CUST01452,2026-07-17,Billing,Medium,59,Resolved,3
TICK0003758,CUST01452,2025-02-14,Performance,Medium,54,Resolved,5
TICK0003759,CUST01452,2026-08-22,Feature Request,High,30,Resolved,3
TICK0003760,CUST01453,2026-08-08,Bug Report,Medium,52,Resolved,3
TICK0003761,CUST01454,2026-04-20,How-To Question,Low,77,Resolved,5
TICK0003762,CUST01454,2026-09-10,Billing,Medium,56,Resolved,3
TICK0003763,CUST01454,08/24/2026,Performance,Medium,25,Pending,5
TICK0003764,CUST01455,2025-10-29,Feature Request,Medium,86,Resolved,5
TICK0003765,CUST01457,2026-05-16,Integration,High,46,Resolved,4
TICK0003766,CUST01457,2026-08-17,Performance,Medium,78,Resolved,2
TICK0003767,CUST01457,2026-03-21,Technical Issue,High,43,Pending,2
TICK0003768,CUST01457,2026-09-19,Bug Report,Medium,60,Open,3
TICK0003769,CUST01457,2026-06-17,Performance,High,24,Resolved,5
TICK0003770,CUST01458,2026-05-15,Bug Report,Medium,27,Resolved,3
TICK0003771,CUST01458,2024-02-25,Integration,Low,87,Resolved,5
TICK0003772,CUST01459,2024-09-28,How-To Question,High,14,Resolved,5
TICK0003773,CUST01459,2025-08-21,Feature Request,Medium,41,Resolved,5
TICK0003774,CUST01460,2025-11-23,Performance,High,14,Resolved,4
TICK0003775,CUST01461,2025-03-30,Account Access,Low,56,Resolved,4
TICK0003776,CUST01461,2024-08-13,Technical Issue,Low,92,Resolved,5
TICK0003777,CUST01461,2025-04-19,How-To Question,Medium,21,Resolved,4
TICK0003778,CUST01461 ,2025-09-12,Account Access,High,38,Resolved,4
TICK0003779,CUST01462,2026-06-26,Billing,Medium,73,Resolved,5
TICK0003780,CUST01464,2026-05-05,Account Access,Low,54,Open,4
TICK0003781,CUST01465,2026-01-19,Billing,Medium,43,Resolved,1
TICK0003782,CUST01465,05/20/2026,Feature Request,Medium,39,Resolved,4
TICK0003783,CUST01465,2025-10-13,How-To Question,Medium,71,Resolved,5
TICK0003784,CUST01466,2025-03-16,Technical Issue,Low,21,Resolved,1
TICK0003785,CUST01466,2025-04-10,Bug Report,Low,172,Resolved,1
TICK0003786,CUST01466,2025-03-17,Account Access,Medium,94,Resolved,3
TICK0003787,CUST01467,2025-12-25,Feature Request,Medium,60,Resolved,5
TICK0003788,CUST01468,2026-02-28,Performance,Medium,49,Resolved,5
TICK0003789,CUST01468,2026-06-23,bug report,Low,80,Resolved,4
TICK0003790,CUST01469,2025-06-25,How-To Question,Low,76,Resolved,5
TICK0003791,CUST01470,2024-07-10,Billing,Medium,46,Resolved,4
TICK0003792,CUST01471,2025-11-26,Feature Request,High,23,Resolved,4
TICK0003793,CUST01471,2024-12-17,Feature Request,Low,30,Resolved,5
TICK0003794,CUST01471,2025-02-17,Account Access,Low,34,Resolved,4
TICK0003795,CUST01472,2024-10-31,Bug Report,Medium,40,Resolved,4
TICK0003796,CUST01473,2026-09-03,Technical Issue,Low,90,Resolved,4
TICK0003797,CUST01473,2026-08-29,Technical Issue,Low,64,Resolved,5
TICK0003798,CUST01473,2026-09-11,Bug Report,Low,108,Resolved,5
TICK0003799,CUST01474,2025-12-11, billing,Low,79,Pending,5
TICK0003800,CUST01475,2024-01-05,Feature Request,High,32,Resolved,3
TICK0003801,CUST01475,2024-01-26,How-To Question,Low,70,Resolved,4
TICK0003802,CUST01476,2025-11-23,Performance,Medium,46,Resolved,3
TICK0003803,CUST01477,2025-11-30,Billing,Low,46,Resolved,4
TICK0003804,CUST01478,2026-04-25,Billing,Low,25,Resolved,5
TICK0003805,CUST01478,2026-04-05,Performance,Low,78,Resolved,3
TICK0003806,CUST01479,2026-08-04,Performance,Low,72,Resolved,2
TICK0003807,CUST01480,2025-04-30,Feature Request,Medium,57,Resolved,4
TICK0003808,CUST01480,2026-06-18,Feature Request,High,17,Resolved,5
TICK0003809,CUST01481,2026-02-15,Feature Request,Medium,17,Resolved,4
TICK0003810,CUST01481,2026-02-14,Bug Report,Medium,50,Open,5
TICK0003811,CUST01482,2025-12-06,Integration,Low,86,Pending,5
TICK0003812,CUST01482,2025-11-12,Integration,Medium,88,Resolved,2
TICK0003813,CUST01482,11/08/2025,Technical Issue,Low,122,resolved,1
TICK0003814,CUST01482,2026-01-28,Account Access,Medium,84,Resolved,4
TICK0003815,CUST01482,2025-11-17,Technical Issue,Low,202,Open,1
TICK0003816,CUST01482,2025-11-25,Bug Report,Medium,66,Resolved,3
TICK0003817,CUST01483,2026-08-14,How-To Question,High,27,Resolved,2
TICK0003818,CUST01483,2026-07-22,Billing,Low,106,Resolved,3
TICK0003819,CUST01484 ,2026-05-26,How-To Question,Low,33,Resolved,5
TICK0003820,CUST01485,2026-08-24,Billing,Low,69,Resolved,3
TICK0003821,CUST01485,2026-05-01,Technical Issue,low,81,Resolved,5
TICK0003822,CUST01486,2026-04-03,Billing,Medium,28,Resolved,4
TICK0003823,CUST01486,2026-01-18,How-To Question,Low,43,Resolved,4
TICK0003824,CUST01486,2026-04-25,Feature Request,Low,57,Pending,3
TICK0003825,CUST01486,2025-12-13,Performance,Medium,103,Resolved,5
TICK0003826,CUST01486,2026-08-26,Feature Request,Low,95,Resolved,3
TICK0003827,CUST01488,2025-09-14,Bug Report,Low,30,Resolved,3
TICK0003828,CUST01488,2026-04-02,Technical Issue,Medium,31,Resolved,4
TICK0003829,CUST01489,2026-01-24,Bug Report,Low,43,Resolved,4
TICK0003830,CUST01489,2026-03-25,Technical Issue,Medium,48,Resolved,3
TICK0003831,CUST01490,2026-09-03,Integration,Low,65,Resolved,5
TICK0003832,CUST01490,2026-07-17,Billing,Medium,41,Resolved,5
TICK0003833,CUST01490,2026-02-13,Billing,Medium,45,Resolved,5
TICK0003834,CUST01491,01/02/2025,Feature Request,Medium,53,Resolved,5
TICK0003835,CUST01491,2025-07-22,Feature Request,Low,62,Resolved,3
TICK0003836,CUST01491,2025-04-10,Billing,Low,116,Resolved,5
TICK0003837,CUST01491,2026-01-15,Billing,Medium,55,Resolved,3
TICK0003838,CUST01492,2024-11-20,Technical Issue,Medium,29,Resolved,5
TICK0003839,CUST01492,2025-07-14,Billing,Low,12,Resolved,3
TICK0003840,CUST01493,2025-08-20,Billing,Medium,29,Resolved,5
TICK0003841,CUST01493,2025-09-22,How-To Question,Medium,8,Resolved,4
TICK0003842,CUST01493,2025-08-03,Performance,Low,25,Resolved,4
TICK0003843,CUST01493,2025-09-02,Feature Request,Low,47,Resolved,4
TICK0003844,CUST01494,2024-08-18,Feature Request,Low,75,Resolved,4
TICK0003845,CUST01494,2026-05-15,Performance,High,12,Resolved,3
TICK0003846,CUST01494,2025-09-15,Feature Request,Low,92,Resolved,4
TICK0003847,CUST01495,2024-07-06,Performance,Low,124,Resolved,4
TICK0003848,CUST01495,2025-11-11,Integration,Medium,28,Resolved,5
TICK0003849,CUST01495,2025-05-09,Bug Report,Medium,53,Resolved,4
TICK0003850,CUST01495,2024-12-04,Feature Request,Medium,36,Resolved,4
TICK0003851,CUST01496,2026-04-03,Billing,Medium,38,Pending,5
TICK0003852,CUST01496,2024-11-25,Account Access,Medium,61,Resolved,3
TICK0003853,CUST01497,2026-05-24,Account Access,Low,40,Resolved,2
TICK0003854,CUST01497,2026-09-03,Account Access,Low,54,Resolved,2
TICK0003855,CUST01497,2025-08-17,Performance,Low,164,Resolved,
TICK0003856,CUST01497,2024-08-28,Technical Issue,Low,93,Resolved,1
TICK0003857,CUST01497,2024-05-01,Integration,Low,113,Resolved,2
TICK0003858,CUST01497,2026-06-23,Account Access,Low,133,Resolved,2
TICK0003859,CUST01497,11/16/2025,Integration,Low,38,Resolved,1
TICK0003860,CUST01497,2026-07-23,Technical Issue,Low,132,Resolved,1
TICK0003861,CUST01498,2026-08-08,Account Access,Medium,22,Resolved,4
TICK0003862,CUST01499,2025-06-03,Billing,Low,50,Resolved,1
TICK0003863,CUST01499,2025-10-24,How-To Question,Medium,72,Resolved,5
TICK0003864,CUST01500,2026-07-24,Technical Issue,Low,110,Resolved,5
TICK0003865,CUST01500,2026-05-27,Bug Report,Low,39,Resolved,2
TICK0003866,CUST01502,2025-01-02,Feature Request,Low,15,Resolved,1
TICK0003867,CUST01503,2026-09-03,Feature Request,Medium,49,Resolved,4
TICK0003868,CUST01503,2026-09-17,Performance,Low,73,Resolved,5
TICK0003869,CUST01503,2026-08-20,Feature Request,Medium,39,Pending,1
TICK0003870,CUST01503,2026-09-06,How-To Question,Medium,54,Resolved,5
TICK0003871,CUST01503,2026-09-21,Feature Request,Low,84,Resolved,3
TICK0003872,CUST01504,2026-03-17,Performance,Medium,60,Resolved,4
TICK0003873,CUST01504,2026-06-14,Feature Request,Low,60,Resolved,4
TICK0003874,CUST01504,2025-10-02,Technical Issue,High,17,Resolved,5
TICK0003875,CUST01505,2026-07-14,Performance,Low,69,Resolved,5
TICK0003876,CUST01507,2025-09-11,Bug Report,Low,64,Resolved,2
TICK0003877,CUST01507,2024-08-27,Bug Report,Medium,138,Resolved,1
TICK0003878,CUST01507,2023-11-04,Account Access,Medium,70,Resolved,1
TICK0003879,CUST01507,2025-08-24,Account Access,Low,73,Resolved,3
TICK0003880,CUST01507,2024-07-04,bug report,Low,16,Resolved,2
TICK0003881,CUST01508,2026-09-09,Performance,Medium,71,Resolved,1
TICK0003882,CUST01508,2026-08-10,Performance,Medium,112,Resolved,1
TICK0003883,CUST01508,2026-05-24,Integration,MEDIUM,92,Resolved,3
TICK0003884,CUST01508,2026-08-03,Account Access,Urgent,11,Resolved,2
TICK0003885,CUST01508,2026-09-01,Technical Issue,High,30,Resolved,2
TICK0003886,CUST01509,2026-06-20,How-To Question,Low,121,Resolved,2
TICK0003887,CUST01509,2024-12-10,Account Access,Medium,87,Resolved,5
TICK0003888,CUST01510,2026-08-15,Feature Request,Medium,23,Resolved,3
TICK0003889,CUST01510,2026-09-02,Performance,Medium,55,Resolved,3
TICK0003890,CUST01510,2026-08-09,Feature Request,Medium,39,Resolved,4
TICK0003891,CUST01510,2026-09-11,Performance,Low,38,Resolved,5
TICK0003892,CUST01511,2026-05-05,Bug Report,Low,92,Resolved,5
TICK0003893,CUST01511,2025-04-19,Bug Report,Medium,49,Resolved,3
TICK0003894,CUST01512,2026-09-20,How-To Question,Low,110,Resolved,5
TICK0003895,CUST01512,2026-07-30,Account Access,Medium,54,Pending,5
TICK0003896,CUST01512,2026-08-20,Technical Issue,Medium,50,Pending,4
TICK0003897,CUST01513,2026-06-18,Bug Report,Low,218,Resolved,3
TICK0003898,CUST01513,2026-08-17,Bug Report,Medium,59,Resolved,1
TICK0003899,CUST01513,2026-08-07,Account Access,Medium,60,Resolved,1
TICK0003900,CUST01513,07/03/2026,Account Access,Low,100,Resolved,3
TICK0003901,CUST01513,2026-06-20,Integration,Medium,55,Resolved,4
TICK0003902,CUST01514,01/07/2025,Performance,Low,45,Resolved,2
TICK0003903,CUST01514,2025-11-08,Account Access,Low,45,Pending,5
TICK0003904,CUST01514,2026-03-04,Account Access,Low,102,Resolved,4
TICK0003905,CUST01515,2024-01-30,Account Access,Medium,92,Resolved,1
TICK0003906,CUST01515,2023-12-29,Performance,Low,153,Resolved,1
TICK0003907,CUST01515,2025-04-13,Integration,Low,86,Resolved,5
TICK0003908,CUST01516,2024-06-22,Feature Request,Medium,52,Pending,1
TICK0003909,CUST01516,2024-07-30,Billing,Low,28,Resolved,5
TICK0003910,CUST01516,2024-01-19,Performance,Low,157,Resolved,4
TICK0003911,CUST01516,2024-07-04,Performance,Low,33,Resolved,2
TICK0003912,CUST01516,2024-03-01,Performance,Low,81,Resolved,5
TICK0003913,CUST01516,2024-06-25,Feature Request,Low,46,Resolved,5
TICK0003914,CUST01516,2024-01-09,Feature Request,Medium,46,Resolved,5
TICK0003915,CUST01517,2025-06-30,Account Access,Low,122,Resolved,3
TICK0003916,CUST01517,2025-10-31,How-To Question,Low,56,Resolved,5
TICK0003917,CUST01518,2024-12-08,Bug Report,Medium,29,Resolved,4
TICK0003918,CUST01518,2024-04-21,Feature Request,Medium,37,Resolved,5
TICK0003919,CUST01519,2026-02-25,Integration,low,40,Open,5
TICK0003920,CUST01520,2025-01-09,Performance,Low,31,Resolved,2
TICK0003921,CUST01522,2026-02-26,Integration,Low,124,Resolved,4
TICK0003922,CUST01522,2026-05-31,Bug Report,Low,122,Resolved,1
TICK0003923,CUST01522,2026-07-21,Performance,Medium,14,Resolved,4
TICK0003924,CUST01522,2026-08-20,Account Access,Medium,95,Resolved,2
TICK0003925,CUST01522,2026-07-26,Performance,Medium,81,Pending,3
TICK0003926,CUST01524,2025-01-12,How-To Question,Low,64,Pending,4
TICK0003927,CUST01524,2024-11-12,Feature Request,Low,83,Resolved,3
TICK0003928,CUST01525,2026-08-25,How-To Question,Medium,32,Resolved,3
TICK0003929,CUST01525,2025-12-25,Performance,Medium,62,Resolved,3
TICK0003930,CUST01525,2026-07-01,Feature Request,Medium,45,Resolved,2
TICK0003931,CUST01525,2026-01-07,Feature Request,Low,62,Resolved,5
TICK0003932,CUST01526,2025-05-25,Bug Report,High,34,Resolved,4
TICK0003933,CUST01527,2026-07-16,Account Access,Low,64,Resolved,4
TICK0003934,CUST01527,2026-08-10,Feature Request,Low,87,Pending,3
TICK0003935,CUST01528,2026-08-18,Technical Issue,Urgent,22,Resolved,1
TICK0003936,CUST01529,2026-07-27,Feature Request,Low,70,Resolved,4
TICK0003937,CUST01529,2025-11-20,Bug Report,Medium,37,Resolved,4
TICK0003938,CUST01530,2026-06-23,Account Access,Medium,50,Resolved,3
TICK0003939,CUST01530,2026-06-05,Account Access,Low,117,Resolved,1
TICK0003940,CUST01530,11/02/2025,Technical Issue,Low,170,Resolved,1
TICK0003941,CUST01530 ,08/23/2026,Integration,Low,196,Resolved,4
TICK0003942,CUST01530,2026-01-05,Performance,Low,119,Resolved,1
TICK0003943,CUST01533,03/14/2026,Billing,Medium,47,Resolved,2
TICK0003944,CUST01533,2026-09-22,How-To Question,Medium,52,Resolved,4
TICK0003945,CUST01533,2026-08-04,Billing,High,22,Resolved,5
TICK0003946,CUST01533,2026-04-12,How-To Question,Medium,46,Resolved,3
TICK0003947,CUST01533,2026-06-29,Feature Request,Medium,21,Resolved,4
TICK0003948,CUST01534,2026-08-02,Technical Issue,High,36,resolved,4
TICK0003949,CUST01534,2026-06-16,Performance,Medium,177,Pending,3
TICK0003950,CUST01534,2026-05-10,Account Access,Medium,133,Resolved,2
TICK0003951,CUST01534,2025-11-12,Account Access,Low,94,Pending,1
TICK0003952,CUST01535,2026-09-14,Account Access,Medium,103,Resolved,2
TICK0003953,CUST01535,2026-08-23,Performance,Medium,98,Resolved,4
TICK0003954,CUST01535,2026-08-07,Technical Issue,Medium,97,Resolved,2
TICK0003955,CUST01535,2026-09-17,Performance,Low,130,Resolved,5
TICK0003956,CUST01535,2026-09-07,Performance,Medium,109,Resolved,1
TICK0003957,CUST01535,2026-08-19,Bug Report,Low,220,Resolved,1
TICK0003958,CUST01535,2026-09-10,Integration,Medium,26,Resolved,4
TICK0003959,CUST01536,2024-12-30,Technical Issue,Low,111,Resolved,5
TICK0003960,CUST01536,2026-01-11,Bug Report,High,27,Resolved,5
TICK0003961,CUST01537,2026-08-13,Bug Report,High,20,Resolved,5
TICK0003962,CUST01538,2026-07-22,How-To Question,High,17,Pending,1
TICK0003963,CUST01538,2026-08-07,Account Access,High,29,Resolved,2
TICK0003964,CUST01539,2026-01-04,Account Access,Low,290,Resolved,5
TICK0003965,CUST01539,2025-11-15,Account Access,High,61,Resolved,3
TICK0003966,CUST01539,2025-11-25,Performance,High,29,Resolved,3
TICK0003967,CUST01539,2025-10-28,Performance,Low,38,Open,2
TICK0003968,CUST01539,2026-04-06,Bug Report,High,36,Resolved,3
TICK0003969,CUST01540,2026-07-20,Performance,High,23,Open,5
TICK0003970,CUST01541,2025-11-11,Technical Issue,Medium,60,Resolved,5
TICK0003971,CUST01541,2024-07-05,Account Access,Low,76,Resolved,2
TICK0003972,CUST01542,2026-01-17,Account Access,Medium,85,Resolved,3
TICK0003973,CUST01542,2025-12-20,How-To Question,Medium,54,Resolved,5
TICK0003974,CUST01543,2026-04-27,Performance,Medium,60,Resolved,5
TICK0003975,CUST01543,2026-06-25,Bug Report,Low,55,Resolved,5
TICK0003976,CUST01544,2026-07-31,FEATURE REQUEST,Medium,75,Resolved,4
TICK0003977,CUST01544,2026-04-02,How-To Question,Medium,58,Resolved,3
TICK0003978,CUST01545,2025-06-10,Integration,Low,100,Resolved,3
TICK0003979,CUST01545,2025-08-30,Integration,Low,97,Resolved,2
TICK0003980,CUST01546,2025-09-13,account access,Medium,9,Resolved,4
TICK0003981,CUST01546,2023-10-28,Account Access,Low,107,Resolved,4
TICK0003982,CUST01546,2026-06-25,How-To Question,Medium,40,Resolved,4
TICK0003983,CUST01547,2024-03-12,Account Access,Medium,39,Resolved,4
TICK0003984,CUST01547,2025-02-14,Feature Request,Medium,39,Resolved,3
TICK0003985,CUST01547,2026-05-02,Billing,Medium,19,Resolved,5
TICK0003986,CUST01547,2025-12-06,Account Access,Medium,63,Resolved,4
TICK0003987,CUST01548,2025-09-15,Performance,Low,200,Resolved,2
TICK0003988,CUST01548,2026-08-06,Bug Report,Medium,82,Resolved,5
TICK0003989,CUST01548,2026-09-23,Integration,Medium,88,Resolved,4
TICK0003990,CUST01549,2025-08-19,How-To Question,Medium,51,Resolved,3
TICK0003991,CUST01550,2025-09-17,Bug Report,High,20,Resolved,4
TICK0003992,CUST01551,2026-06-26,How-To Question,Low,50,Resolved,4
TICK0003993,CUST01551,2026-08-18,Feature Request,Low,78,Resolved,4
TICK0003994,CUST01552,2026-06-27,How-To Question,Medium,63,Resolved,3
TICK0003995,CUST01553,2025-11-05,Account Access,Medium,46,Resolved,3
TICK0003996,CUST01554,2025-04-29,Performance,Medium,63,Resolved,4
TICK0003997,CUST01554,2024-12-13,Performance,Medium,32,Resolved,5
TICK0003998,CUST01554,2024-12-05,Technical Issue,Low,46,Resolved,5
TICK0003999,CUST01555,2025-07-17,Billing,High,31,Resolved,3
TICK0004000,CUST01555,2024-11-28,How-To Question,Low,51,Resolved,4
TICK0004001,CUST01555,2025-01-03,Bug Report,High,17,Resolved,5
TICK0004002,CUST01555,2026-09-18,Integration,Low,115,Resolved,5
TICK0004003,CUST01555,2025-04-27,How-To Question,Low,102,Resolved,3
TICK0004004,CUST01556,2026-09-22,Performance,Medium,39,Pending,2
TICK0004005,CUST01557,2024-12-06,Feature Request,Medium,26,Resolved,1
TICK0004006,CUST01557,2025-05-04,How-To Question,Low,96,Resolved,1
TICK0004007,CUST01558,2025-02-24,Bug Report,Low,89,Resolved,4
TICK0004008,CUST01558,2024-10-05,Integration,Medium,63,Open,5
TICK0004009,CUST01558,2025-01-22,Bug Report,Low,12,Pending,5
TICK0004010,CUST01559,08/21/2024,Feature Request,Low,126,Open,4
TICK0004011,CUST01559,2025-04-05,Performance,High,25,Resolved,5
TICK0004012,CUST01559,2025-01-19,Account Access,High,7,Resolved,5
TICK0004013,CUST01559,2024-05-04,Feature Request,Low,46,Resolved,5
TICK0004014,CUST01560,2026-03-04,Bug Report,Low,92,Resolved,3
TICK0004015,CUST01560,2026-07-04,Billing,Low,12,Resolved,5
TICK0004016,CUST01560,2026-05-26,Integration,High,22,Resolved,5
TICK0004017,CUST01561,2026-07-02,Technical Issue,Low,154,Resolved,5
TICK0004018,CUST01561,2025-12-05,Technical Issue,High,30,Resolved,5
TICK0004019,CUST01562,2025-12-14,Integration,Medium,58,Resolved,2
TICK0004020,CUST01562,2026-07-22,Integration,Low,59,Resolved,4
TICK0004021,CUST01562 ,2026-03-14,Account Access,High,45,Resolved,2
TICK0004022,CUST01562,2026-07-14,Performance,Medium,28,Pending,1
TICK0004023,CUST01562,2026-06-09,Performance,Low,116,Resolved,2
TICK0004024,CUST01563,2025-12-24,Feature Request,High,22,Resolved,2
TICK0004025,CUST01564,2024-10-10,Billing,Medium,54,Resolved,4
TICK0004026,CUST01564,2026-03-30,Bug Report,Low,75,Resolved,3
TICK0004027,CUST01564,2024-09-29,Bug Report,Medium,9,Pending,5
TICK0004028,CUST01564,2024-12-23,Account Access,Medium,63,Resolved,5
TICK0004029,CUST01564,2024-08-28,How-To Question,Low,60,Resolved,4
TICK0004030,CUST01565,2026-02-12,Account Access,Medium,47,Resolved,2
TICK0004031,CUST01566,2025-03-09,How-To Question,Low,49,Resolved,5
TICK0004032,CUST01567,2026-06-10,Technical Issue,Medium,16,Resolved,4
TICK0004033,CUST01568,2026-08-03,Performance,High,23,Resolved,5
TICK0004034,CUST01569,2024-11-11,Feature Request,High,16,Resolved,3
TICK0004035,CUST01569,2025-02-12,How-To Question,Low,74,Resolved,5
TICK0004036,CUST01570,2025-11-15,How-To Question,Low,52,Resolved,4
TICK0004037,CUST01570,2025-04-14,Feature Request,Low,97,Resolved,4
TICK0004038,CUST01570,2024-12-12,How-To Question,High,17,Pending,4
TICK0004039,CUST01570,2024-12-10,How-To Question,Low,102,Resolved,3
TICK0004040,CUST01571,2026-05-04,Performance,Medium,33,Resolved,2
TICK0004041,CUST01571,2026-03-07,Technical Issue,Medium,27,Resolved,1
TICK0004042,CUST01571,2025-08-21,Technical Issue,Medium,61,Resolved,2
TICK0004043,CUST01571,2026-05-16,Technical Issue,High,9,Resolved,2
TICK0004044,CUST01572,2025-04-08,Billing,Medium,61,Pending,5
TICK0004045,CUST01572,2025-03-15,Billing,Medium,81,Resolved,4
TICK0004046,CUST01573,2026-06-08,Performance,Medium,66,Resolved,3
TICK0004047,CUST01576,2024-04-04,Performance,Medium,31,Resolved,4
TICK0004048,CUST01577,2024-08-19,Feature Request,Low,145,Resolved,5
TICK0004049,CUST01577,2024-06-05,Billing,Low,84,Resolved,3
TICK0004050,CUST01577,2024-08-31,How-To Question,Low,42,Open,1
TICK0004051,CUST01577,2024-06-24,Feature Request,Medium,8,Pending,4
TICK0004052,CUST01578,2024-12-12,Integration,Low,39,Resolved,5
TICK0004053,CUST01578,2026-01-21,Integration,Low,44,Pending,3
TICK0004054,CUST01579,2024-09-21,Feature Request,Low,47,Resolved,4
TICK0004055,CUST01580,2026-07-06,Performance,Low,94,Resolved,5
TICK0004056,CUST01580,2026-06-02,How-To Question,Medium,30,Resolved,4
TICK0004057,CUST01580,2025-08-20,Performance,Low,80,Pending,4
TICK0004058,CUST01580,2025-09-24,Billing,Low,61,Resolved,
TICK0004059,CUST01580,2026-05-13,Billing,Medium,73,Resolved,5
TICK0004060,CUST01580,2025-09-17,How-To Question,Low,94,Resolved,1
TICK0004061,CUST01581,2025-10-09,Account Access,Medium,51,Resolved,4
TICK0004062,CUST01581,2026-07-24,Technical Issue,High,25,Resolved,5
TICK0004063,CUST01582,2026-02-04,Bug Report,Low,23,Resolved,4
TICK0004064,CUST01582,2026-03-25,Technical Issue,Medium,88,Resolved,5
TICK0004065,CUST01583,2026-07-05,Bug Report,High,29,Open,5
TICK0004066,CUST01583,2026-07-04,Integration,Low,44,Resolved,3
TICK0004067,CUST01583,2026-08-21,Integration,Medium,50,Resolved,4
TICK0004068,CUST01584,2026-08-22,Integration,Low,157,Resolved,1
TICK0004069,CUST01584,2026-07-24,Technical Issue,Medium,85,Resolved,4
TICK0004070,CUST01584,2026-07-13,Integration,Medium,120,Resolved,2
TICK0004071,CUST01584,2026-08-15,Technical Issue,Medium,55,resolved,1
TICK0004072,CUST01584,2026-08-30,Bug Report,Medium,35,Resolved,2
TICK0004073,CUST01585,2025-07-21,Account Access,Low,16,Resolved,5
TICK0004074,CUST01585,2026-09-22,Feature Request,Low,65,Resolved,4
TICK0004075,CUST01585,2026-06-13,Performance,Medium,29,Resolved,4
TICK0004076,CUST01587,2026-04-24,Integration,Low,104,Resolved,5
TICK0004077,CUST01587,2026-09-18,Integration,Medium,49,Resolved,4
TICK0004078,CUST01587,2026-09-14,How-To Question,Low,47,Resolved,3
TICK0004079,CUST01587,2026-09-15,Feature Request,Medium,40,Resolved,4
TICK0004080,CUST01588,2024-09-30,Account Access,Medium,72,Pending,5
TICK0004081,CUST01589,2025-07-07,Feature Request,Medium,76,Open,4
TICK0004082,CUST01589,2025-01-07,Integration,Medium,70,Resolved,4
TICK0004083,CUST01590,2025-11-07,Performance,Urgent,10,Resolved,5
TICK0004084,CUST01590,2025-11-01,Performance,Low,95,Resolved,5
TICK0004085,CUST01590,2025-06-20,Feature Request,Medium,46,Resolved,4
TICK0004086,CUST01591,2026-08-30,How-To Question,Low,123,Resolved,5
TICK0004087,CUST01591,2026-08-05,How-To Question,Medium,27,Resolved,5
TICK0004088,CUST01591,2026-09-09,Feature Request,Medium,46,Resolved,5
TICK0004089,CUST01591,2026-08-02,Feature Request,Low,96,Resolved,3
TICK0004090,CUST01591,2026-07-09,Performance,Low,75,Resolved,4
TICK0004091,CUST01591,2026-08-02,Billing,Low,71,Resolved,2
TICK0004092,CUST01591,2026-08-07,Performance,Medium,42,Resolved,3
TICK0004093,CUST01592,2025-09-05,Feature Request,Medium,37,Resolved,5
TICK0004094,CUST01592,2024-10-05,Integration,Low,80,Pending,5
TICK0004095,CUST01593,2026-03-22,How-To Question,Medium,59,Resolved,4
TICK0004096,CUST01593,2026-05-20,Feature Request,Low,77,Resolved,4
TICK0004097,CUST01594,2025-07-30,Performance,Medium,45,Pending,3
TICK0004098,CUST01594,2026-02-25,Bug Report,Medium,126,Resolved,1
TICK0004099,CUST01594,07/16/2025,Integration,Low,64,Resolved,1
TICK0004100,CUST01594,2025-01-19,Integration,Medium,63,Resolved,2
TICK0004101,CUST01594,2025-04-04,Integration,Low,104,Resolved,3
TICK0004102,CUST01594,2025-02-07,Performance,Low,92,Resolved,1
TICK0004103,CUST01594,2026-02-19,Account Access,High,59,Resolved,2
TICK0004104,CUST01594,2025-11-18,Performance,High,48,Resolved,3
TICK0004105,CUST01594,2026-05-10,Technical Issue,Low,138,Resolved,1
TICK0004106,CUST01594,2026-07-19,Account Access,High,27,Resolved,5
TICK0004107,CUST01596,2026-04-14,Integration,Low,168,Resolved,5
TICK0004108,CUST01596,2025-10-16,Technical Issue,Low,75,Open,3
TICK0004109,CUST01596,2025-01-08,Performance,High,30,Resolved,2
TICK0004110,CUST01596,2025-12-02,Technical Issue,Low,259,resolved,
TICK0004111,CUST01597,2025-06-01,How-To Question,Low,111,Resolved,4
TICK0004112,CUST01597,2025-10-14,How-To Question,Low,96,Resolved,1
TICK0004113,CUST01598,2024-12-31,How-To Question,Low,56,Resolved,3
TICK0004114,CUST01598,2024-08-11,Billing,High,16,Resolved,4
TICK0004115,CUST01598,2024-08-13,Bug Report,Low,96,Resolved,5
TICK0004116,CUST01599,2025-05-07,Bug Report,Urgent,17,Resolved,4
TICK0004117,CUST01600,2026-08-08,Feature Request,Medium,64,Resolved,3
TICK0004118,CUST01600,2024-08-11,Bug Report,High,33,Resolved,5
TICK0004119,CUST01600,2026-03-24,Bug Report,Low,88,Resolved,4
TICK0004120,CUST01600,2024-09-30,Bug Report,Low,62,Resolved,5
TICK0004121,CUST01601,2024-01-14,Feature Request,Low,64,Resolved,5
TICK0004122,CUST01602,2025-08-16,How-To Question,Medium,56,Resolved,4
TICK0004123,CUST01602,2025-08-09,Integration,Low,110,Resolved,4
TICK0004124,CUST01602,2026-06-27,Account Access,Low,60,Pending,4
TICK0004125,CUST01605,2025-06-08,Performance,Low,63,Resolved,4
TICK0004126,CUST01605,2026-05-06,Billing,Medium,27,Resolved,4
TICK0004127,CUST01605,2025-04-10,How-To Question,Low,25,Resolved,2
TICK0004128,CUST01606,2026-02-03,How-To Question,Medium,42,Resolved,5
TICK0004129,CUST01606,2026-03-07,Billing,Low,46,Resolved,4
TICK0004130,CUST01606,2026-02-18,Billing,Low,83,Resolved,5
TICK0004131,CUST01606,05/12/2026,Feature Request,Low,16,Resolved,4
TICK0004132,CUST01606,2026-06-05,How-To Question,Medium,53,Resolved,1
TICK0004133,CUST01608,2025-11-19,Performance,Low,83,Open,4
TICK0004134,CUST01608,2025-05-29,How-To Question,Low,41,Resolved,2
TICK0004135,CUST01608,2025-05-25,Billing,Low,12,Resolved,2
TICK0004136,CUST01610,2025-03-08,How-To Question,High,24,Resolved,5
TICK0004137,CUST01611,2026-06-18,Performance,Medium,19,Resolved,2
TICK0004138,CUST01611,2026-09-09,Technical Issue,Low,97,Resolved,3
TICK0004139,CUST01611,2026-05-12,Bug Report,Medium,16,Resolved,1
TICK0004140,CUST01611,2026-06-10,Integration,Medium,71,Resolved,2
TICK0004141,CUST01611,2026-05-16,Performance,Low,116,Resolved,2
TICK0004142,CUST01611,2026-04-06,Account Access,Low,119,Resolved,1
TICK0004143,CUST01612,2025-07-12,Account Access,Medium,37,Resolved,5
TICK0004144,CUST01613,2026-06-07,Integration,Medium,51,Resolved,5
TICK0004145,CUST01615,2023-10-12,Performance,High,17,Resolved,2
TICK0004146,CUST01615,2026-06-28,Feature Request,Low,33,Resolved,5
TICK0004147,CUST01616,2025-01-17,How-To Question,Urgent,12,Resolved,5
TICK0004148,CUST01617,2026-01-21,Account Access,High,68,Resolved,2
TICK0004149,CUST01617,2026-06-20,Technical Issue,Low,101,Resolved,1
TICK0004150,CUST01617,2025-03-11,Technical Issue,Medium,97,Resolved,1
TICK0004151,CUST01617,2026-06-17,Bug Report,Low,104,Resolved,1
TICK0004152,CUST01617,2024-12-30,Technical Issue,Low,185,Open,3
TICK0004153,CUST01617,2025-02-27,Technical Issue,High,54,Resolved,2
TICK0004154,CUST01617,2025-10-14,Technical Issue,High,55,Resolved,4
TICK0004155,CUST01617,2026-04-27,Account Access,Low,70,Resolved,2
TICK0004156,CUST01618,2026-09-16,Account Access,Low,98,Resolved,5
TICK0004157,CUST01618,2026-09-21,Feature Request,Medium,56,Resolved,3
TICK0004158,CUST01618,2026-08-15,How-To Question,Low,33,Resolved,4
TICK0004159,CUST01618,2026-08-23,How-To Question,High,23,Resolved,3
TICK0004160,CUST01618,2026-09-15,Feature Request,Medium,29,Resolved,3
TICK0004161,CUST01618,2026-06-15,Feature Request,Medium,75,Resolved,5
TICK0004162,CUST01619,2026-09-07,Integration,Low,155,Resolved,2
TICK0004163,CUST01619,2026-09-20,Integration,High,51,Resolved,3
TICK0004164,CUST01619,2026-09-07,Integration,low,85,Resolved,4
TICK0004165,CUST01619,2026-09-12,Bug Report,Medium,55,Resolved,1
TICK0004166,CUST01619,2026-08-05,Technical Issue,Medium,99,Resolved,5
TICK0004167,CUST01621,2026-08-19,Integration,High,13,Resolved,5
TICK0004168,CUST01621,2026-04-10,How-To Question,Medium,54,Resolved,5
TICK0004169,CUST01621,2026-08-06,Billing,Low,47,Resolved,5
TICK0004170,CUST01623,2026-01-26,Billing,Medium,40,Resolved,5
TICK0004171,CUST01624,2026-03-03,Performance,Medium,44,Resolved,5
TICK0004172,CUST01625,2025-04-01,Billing,Low,42,Pending,4
TICK0004173,CUST01625,2025-12-19,Feature Request,Medium,50,Resolved,5
TICK0004174,CUST01625,2025-12-20,Bug Report,Low,59,Resolved,4
TICK0004175,CUST01625,2026-08-15,Account Access,Low,47,Resolved,5
TICK0004176,CUST01626,2025-08-04,How-To Question,Low,69,Resolved,5
TICK0004177,CUST01626 ,2024-11-27,How-To Question,Medium,53,Resolved,2
TICK0004178,CUST01626,2024-06-30,Feature Request,Medium,57,Resolved,2
TICK0004179,CUST01627,2026-07-27,How-To Question,Medium,60,Resolved,3
TICK0004180,CUST01627,2025-07-04,Integration,Low,49,Resolved,5
TICK0004181,CUST01627,2025-05-18,Technical Issue,Low,72,Open,5
TICK0004182,CUST01628,2026-04-26,Account Access,Medium,54,Resolved,3
TICK0004183,CUST01628,2025-07-21,Feature Request,Medium,56,Resolved,4
TICK0004184,CUST01628,2026-08-04,How-To Question,Medium,14,Resolved,4
TICK0004185,CUST01629,2025-09-23,Account Access,Low,60,Resolved,3
TICK0004186,CUST01630,2025-12-31,Technical Issue,Low,62,Resolved,4
TICK0004187,CUST01630,2026-08-28,Technical Issue,Medium,41,Resolved,4
TICK0004188,CUST01630,2026-04-04,Account Access,Low,81,Resolved,4
TICK0004189,CUST01630,2026-06-28,Integration,Medium,45,Resolved,5
TICK0004190,CUST01630,2026-02-26,Technical Issue,Low,107,Resolved,5
TICK0004191,CUST01632,2025-06-13,Technical Issue,Low,92,Resolved,5
TICK0004192,CUST01632,2025-12-25,Performance,Medium,16,Pending,5
TICK0004193,CUST01632,2026-07-08,Performance,Medium,71,Open,5
TICK0004194,CUST01633,04/02/2024,How-To Question,High,20,Resolved,4
TICK0004195,CUST01633,2026-05-08,Feature Request,Low,54,Resolved,1
TICK0004196,CUST01633,2025-10-24,How-To Question,Medium,59,resolved,5
TICK0004197,CUST01633,2024-07-17,Feature Request,Low,97,Pending,2
TICK0004198,CUST01634,2026-06-28,How-To Question,Low,83,Resolved,5
TICK0004199,CUST01634,2025-08-12,Feature Request,Low,61,Resolved,4
TICK0004200,CUST01635,2025-09-14,Billing,Medium,39,Resolved,4
TICK0004201,CUST01636,2026-09-11,Billing,Low,105,Resolved,5
TICK0004202,CUST01636,2026-07-23,How-To Question,Medium,82,Resolved,3
TICK0004203,CUST01636,2026-08-13,Billing,Low,98,Resolved,5
TICK0004204,CUST01636,2026-07-19,Performance,Medium,44,Open,3
TICK0004205,CUST01637,2025-11-26,Bug Report,Medium,43,Resolved,2
TICK0004206,CUST01637,2026-06-15,Integration,Low,12,Resolved,5
TICK0004207,CUST01637,2025-03-13,Technical Issue,Low,13,Pending,5
TICK0004208,CUST01638,2026-05-29,Integration,High,46,Resolved,2
TICK0004209,CUST01638,2026-02-10,Integration,Low,75,Resolved,5
TICK0004210,CUST01638,2026-04-25,Integration,Low,84,Resolved,1
TICK0004211,CUST01638,2026-01-18,Account Access,Medium,15,Resolved,1
TICK0004212,CUST01639,2026-09-08,Billing,Medium,59,Resolved,5
TICK0004213,CUST01640,2026-07-23,How-To Question,Low,104,Resolved,3
TICK0004214,CUST01640,2026-07-12,Bug Report,Low,67,Resolved,4
TICK0004215,CUST01641,2026-04-04,Billing,Medium,44,Resolved,3
TICK0004216,CUST01642,2026-09-03,Bug Report,Low,136,Pending,2
TICK0004217,CUST01642,2026-09-15,Performance,Low,125,Resolved,2
TICK0004218,CUST01642,2026-08-03,Account Access,Low,191,Resolved,1
TICK0004219,CUST01642,2026-07-19,Integration,Medium,96,Resolved,4
TICK0004220,CUST01642,2026-05-24,Account Access,Low,118,Resolved,1
TICK0004221,CUST01643,2025-12-06,Bug Report,Low,62,Resolved,3
TICK0004222,CUST01643,2024-05-28,Billing,Medium,34,Resolved,3
TICK0004223,CUST01643,2023-12-25,Billing,Medium,39,Resolved,5
TICK0004224,CUST01643,2025-10-12,Bug Report,High,34,Resolved,5
TICK0004225,CUST01644,2025-03-08,Performance,Medium,67,Resolved,4
TICK0004226,CUST01644,2026-04-24,Technical Issue,High,33,Resolved,5
TICK0004227,CUST01644,2025-12-08,Billing,Low,65,Resolved,4
TICK0004228,CUST01644,2026-06-16,Performance,Low,22,Resolved,5
TICK0004229,CUST01644 ,2025-10-21,Feature Request,High,11,Resolved,4
TICK0004230,CUST01645,2025-09-24,Technical Issue,Medium,82,Resolved,2
TICK0004231,CUST01645,2025-09-28,Bug Report,Low,84,Resolved,2
TICK0004232,CUST01645,2025-05-03,Technical Issue,Medium,12,Resolved,1
TICK0004233,CUST01645,07/21/2025,Performance,Low,136,Pending,2
TICK0004234,CUST01646,2026-07-27,Performance,Low,94,Resolved,4
TICK0004235,CUST01646,2026-08-15,performance,Low,98,Resolved,5
TICK0004236,CUST01646,2025-03-31,Technical Issue,Medium,53,Resolved,4
TICK0004237,CUST01648,2026-07-25,Account Access,Low,36,Resolved,5
TICK0004238,CUST01648,2026-05-04,Account Access,Medium,93,Pending,1
TICK0004239,CUST01648,2026-07-26,Technical Issue,Medium,139,Resolved,1
TICK0004240,CUST01648,2026-05-19,Bug Report,Medium,80,Resolved,4
TICK0004241,CUST01648,2026-09-15,Integration,Low,123,Resolved,2
TICK0004242,CUST01649,2026-09-09,Technical Issue,Low,92,Open,2
TICK0004243,CUST01649,2026-05-30,Bug Report,Medium,59,Resolved,2
TICK0004244,CUST01649,2026-07-12,Technical Issue,High,39,Open,1
TICK0004245,CUST01649,2026-04-15,Integration,High,13,Resolved,2
TICK0004246,CUST01649,2026-07-15,Performance,Medium,164,Resolved,2
TICK0004247,CUST01649,2026-06-27,Bug Report,Medium,38,Resolved,2
TICK0004248,CUST01649,2026-08-15,Bug Report,Low,68,Resolved,1
TICK0004249,CUST01649,2026-04-27,Performance,Medium,12,Resolved,2
TICK0004250,CUST01649,2026-09-14,Account Access,Low,169,Resolved,4
TICK0004251,CUST01650,2026-01-06,Account Access,Low,12,Resolved,4
TICK0004252,CUST01651,2026-05-04,Technical Issue,Low,61,Resolved,4
TICK0004253,CUST01652,2025-11-14,Bug Report,Medium,62,resolved,2
TICK0004254,CUST01652,2025-09-02,Performance,Low,90,Resolved,5
TICK0004255,CUST01653,2025-06-09,Billing,Medium,39,Resolved,3
TICK0004256,CUST01654,2026-03-09,Technical Issue,Low,67,Resolved,4
TICK0004257,CUST01655,2026-07-19,Technical Issue,Medium,43,Resolved,2
TICK0004258,CUST01656,2026-06-11,How-To Question,Low,149,Resolved,4
TICK0004259,CUST01657,2026-02-12,How-To Question,Low,71,Resolved,4
TICK0004260,CUST01657,2026-01-15,Feature Request,Medium,122,Resolved,4
TICK0004261,CUST01658,2025-12-26,Billing,Low,44,Resolved,5
TICK0004262,CUST01658,2026-05-02,Billing,Medium,65,Resolved,5
TICK0004263,CUST01659,2025-02-21,Billing,Low,109,Pending,4
TICK0004264,CUST01660,2026-09-05,Performance,Low,82,Resolved,5
TICK0004265,CUST01660,2026-03-23,How-To Question,Low,131,resolved,5
TICK0004266,CUST01660,2026-09-02,Performance,High,16,Resolved,4
TICK0004267,CUST01661,03/15/2026,Account Access,Medium,62,Resolved,5
TICK0004268,CUST01661,2025-08-11,Account Access,Medium,67,Resolved,3
TICK0004269,CUST01662,2024-06-22,How-To Question,Medium,70,Resolved,5
TICK0004270,CUST01663,2026-08-20,Integration,Medium,39,Resolved,1
TICK0004271,CUST01663,2026-06-06,Account Access,Low,113,Pending,3
TICK0004272,CUST01663,2026-04-04,Performance,Medium,97,Resolved,1
TICK0004273,CUST01663,2026-09-06,Integration,Medium,75,Resolved,1
TICK0004274,CUST01663,2026-06-16,Bug Report,Medium,33,Resolved,1
TICK0004275,CUST01663,2026-07-04,Performance,Urgent,33,Resolved,2
TICK0004276,CUST01664,2024-04-17,Technical Issue,Medium,81,Resolved,5
TICK0004277,CUST01664,2025-10-23,Technical Issue,Medium,62,Resolved,4
TICK0004278,CUST01665,2026-08-26,Bug Report,Medium,80,Resolved,5
TICK0004279,CUST01666,2024-03-05,Integration,Medium,61,Resolved,1
TICK0004280,CUST01666,2026-01-31,Bug Report,Medium,91,Resolved,3
TICK0004281,CUST01666,2024-08-22,Account Access,High,37,Pending,1
TICK0004282,CUST01667,2025-06-13,Bug Report,Medium,39,Resolved,4
TICK0004283,CUST01667,2026-07-21,Billing,Low,44,Resolved,5
TICK0004284,CUST01667,2026-07-25,Bug Report,Medium,41,Resolved,4
TICK0004285,CUST01667,2025-06-12,Billing,Low,106,Resolved,5
TICK0004286,CUST01669,2025-05-12,Account Access,Low,78,Resolved,5
TICK0004287,CUST01670,2026-08-28,Feature Request,Low,32,Resolved,5
TICK0004288,CUST01670,2026-07-16,Feature Request,Low,12,Resolved,2
TICK0004289,CUST01670,2026-07-28,Billing,Low,123,Open,4
TICK0004290,CUST01670,2026-09-18,Feature Request,Medium,87,Resolved,3
TICK0004291,CUST01671,2025-06-02,Integration,Medium,29,Resolved,2
TICK0004292,CUST01671,2025-05-17,Integration,Urgent,9,Resolved,4
TICK0004293,CUST01671,2026-03-22,Bug Report,Low,101,Resolved,2
TICK0004294,CUST01671,2026-02-10,Integration,High,35,Resolved,1
TICK0004295,CUST01671,2025-04-30,Integration,Low,163,Resolved,2
TICK0004296,CUST01672,2024-06-11,Account Access,Medium,30,Pending,5
TICK0004297,CUST01672,2023-12-09,How-To Question,Low,88,Resolved,2
TICK0004298,CUST01672,2025-05-17,How-To Question,Medium,62,Resolved,4
TICK0004299,CUST01673,2026-03-28,How-To Question,Medium,15,Resolved,1
TICK0004300,CUST01674,2026-06-29,Performance,High,17,Resolved,1
TICK0004301,CUST01674,2026-07-18,Technical Issue,Medium,47,Resolved,4
TICK0004302,CUST01674,2026-08-10,Technical Issue,Low,114,Resolved,3
TICK0004303,CUST01674 ,2026-06-18,Bug Report,Low,119,Resolved,5
TICK0004304,CUST01674,2026-08-21,Performance,Medium,23,Resolved,2
TICK0004305,CUST01674,2026-06-04,Integration,High,49,Resolved,3
TICK0004306,CUST01674,2026-09-08,Technical Issue,Low,132,Resolved,1
TICK0004307,CUST01674,2026-05-24,Technical Issue,Medium,87,Resolved,2
TICK0004308,CUST01674,2026-05-26,Integration,Low,60,Resolved,3
TICK0004309,CUST01675,2026-06-12,Feature Request,Medium,52,Resolved,1
TICK0004310,CUST01676,2026-07-20,Integration,Medium,74,Resolved,1
TICK0004311,CUST01676,2026-06-30,Technical Issue,Low,158,Resolved,4
TICK0004312,CUST01676,2026-06-19,Bug Report,Medium,79,Resolved,3
TICK0004313,CUST01677 ,2026-07-21,Technical Issue,Low,45,Resolved,5
TICK0004314,CUST01677,2026-07-30,Account Access,Medium,33,Resolved,3
TICK0004315,CUST01677,2026-07-22,Performance,Medium,65,Resolved,5
TICK0004316,CUST01678,2026-05-04,Feature Request,Low,123,Resolved,5
TICK0004317,CUST01678,2025-06-20,Technical Issue,Medium,49,Pending,4
TICK0004318,CUST01679,2026-01-31,Feature Request,Low,109,Resolved,4
TICK0004319,CUST01679,2026-01-16,Performance,Medium,43,Resolved,5
TICK0004320,CUST01679,2025-10-03,Feature Request,Medium,74,Resolved,5
TICK0004321,CUST01679,2026-02-04,bug report,Medium,61,Resolved,5
TICK0004322,CUST01680,2026-06-02,Feature Request,Medium,84,Resolved,4
TICK0004323,CUST01681,2025-10-17,Billing,Low,12,Resolved,5
TICK0004324,CUST01681,2025-06-22,Billing,Medium,30,Resolved,2
TICK0004325,CUST01681,2025-08-22,Performance,Medium,34,Resolved,3
TICK0004326,CUST01682,2026-09-06,Technical Issue,Low,130,Resolved,2
TICK0004327,CUST01682,2026-06-17,Performance,Low,88,Resolved,4
TICK0004328,CUST01683,2025-07-24,How-To Question,Medium,20,Resolved,5
TICK0004329,CUST01683,2025-02-22,Feature Request,Low,31,Resolved,5
TICK0004330,CUST01683,2026-06-24,Account Access,Low,78,Resolved,4
TICK0004331,CUST01683,2025-05-13,How-To Question,Low,55,Resolved,5
TICK0004332,CUST01683,2025-03-04,Feature Request,Low,41,Resolved,3
TICK0004333,CUST01683,2026-06-29,How-To Question,Medium,41,Resolved,4
TICK0004334,CUST01683,2024-12-28,Feature Request,Medium,66,Resolved,5
TICK0004335,CUST01684,2024-09-30,Account Access,Low,49,Open,4
TICK0004336,CUST01684,2025-02-11,Account Access,High,21,Resolved,1
TICK0004337,CUST01684,2024-05-22,Feature Request,High,35,Pending,3
TICK0004338,CUST01684,2026-08-18,Account Access,Medium,50,Resolved,4
TICK0004339,CUST01684,2026-07-25,Feature Request,Medium,62,Resolved,4
TICK0004340,CUST01685,2026-02-03,Feature Request,Medium,72,Resolved,4
TICK0004341,CUST01685,2026-05-18,Performance,Low,37,Resolved,4
TICK0004342,CUST01686,2026-08-16,Performance,Low,96,Resolved,3
TICK0004343,CUST01686,2026-08-06,How-To Question,Low,100,Resolved,2
TICK0004344,CUST01686,2026-08-31,How-To Question,Medium,45,Resolved,3
TICK0004345,CUST01686,2026-08-29,How-To Question,Low,60,Resolved,4
TICK0004346,CUST01687,2026-05-20,Billing,Medium,70,Resolved,5
TICK0004347,CUST01687,2025-07-07,How-To Question,Medium,56,Resolved,5
TICK0004348,CUST01689,2025-04-24,Technical Issue,Medium,74,Resolved,5
TICK0004349,CUST01689,2026-01-06,Billing,MEDIUM,26,Resolved,4
TICK0004350,CUST01690,2026-04-30,How-To Question,Medium,36,Resolved,2
TICK0004351,CUST01692,2025-05-15,Account Access,Low,141,Pending,2
TICK0004352,CUST01692,2025-09-07,Bug Report,Low,168,Resolved,4
TICK0004353,CUST01692,2026-08-12,Account Access,High,26,Open,1
TICK0004354,CUST01692,2026-04-16,Account Access,Low,148,Resolved,2
TICK0004355,CUST01692,2025-08-09,Integration,Low,100,Resolved,4
TICK0004356,CUST01692,2025-07-31,Bug Report,Medium,79,Resolved,1
TICK0004357,CUST01692,2026-09-03,Technical Issue,Low,69,Resolved,1
TICK0004358,CUST01693,2026-03-17,Billing,Medium,47,Resolved,2
TICK0004359,CUST01693,2025-04-22,Integration,High,27,Resolved,5
TICK0004360,CUST01693,2025-03-18,Account Access,Low,64,Resolved,4
TICK0004361,CUST01693,2025-07-20,How-To Question,Low,48,Resolved,5
TICK0004362,CUST01694,2026-07-24,Feature Request,Medium,66,Resolved,4
TICK0004363,CUST01694,2026-08-25,How-To Question,Urgent,8,Resolved,4
TICK0004364,CUST01695,2026-05-04,Account Access,High,14,Resolved,4
TICK0004365,CUST01696,2026-07-25,Billing,Medium,59,Resolved,5
TICK0004366,CUST01696,2025-02-01,Performance,Medium,50,Resolved,4
TICK0004367,CUST01697,2024-12-18,Performance,High,75,Resolved,1
TICK0004368,CUST01697,2025-03-22,Technical Issue,Medium,140,Resolved,3
TICK0004369,CUST01697,03/29/2025,Integration,Low,161,Resolved,3
TICK0004370,CUST01697,2025-04-22,Account Access,Medium,120,Resolved,3
TICK0004371,CUST01697,2025-10-05,Bug Report,Medium,77,Resolved,3
TICK0004372,CUST01698,2025-12-14,Account Access,Low,98,Resolved,4
TICK0004373,CUST01698,2025-03-09,Feature Request,High,29,Resolved,5
TICK0004374,CUST01699,2026-05-24,Integration,Low,110,Resolved,5
TICK0004375,CUST01700,2026-02-15,Integration,Medium,42,Resolved,4
TICK0004376,CUST01700,2026-07-24,Account Access,Low,64,Resolved,3
TICK0004377,CUST01701,2024-10-30,Account Access,Medium,22,Resolved,5
TICK0004378,CUST01701,2025-01-11,Bug Report,Medium,46,Resolved,4
TICK0004379,CUST01701,2024-05-04,Bug Report,Low,19,Resolved,5
TICK0004380,CUST01702,2026-05-09,Performance,Medium,83,Resolved,3
TICK0004381,CUST01702,2024-08-23,Bug Report,Low,31,Resolved,3
TICK0004382,CUST01702,2026-02-20,Integration,Medium,52,Resolved,1
TICK0004383,CUST01702,2025-04-03,Account Access,Medium,90,Resolved,2
TICK0004384,CUST01703,2025-12-16,Feature Request,Medium,51,Resolved,3
TICK0004385,CUST01703,2025-08-08,Billing,High,30,Resolved,4
TICK0004386,CUST01703,2025-07-14,Performance,Medium,43,Resolved,4
TICK0004387,CUST01703,2024-09-22,How-To Question,Low,107,Resolved,4
TICK0004388,CUST01703,2024-08-17,Feature Request,Low,62,Resolved,3
TICK0004389,CUST01704,2026-05-08,Performance,Medium,30,Pending,5
TICK0004390,CUST01705,2025-12-24,Performance,Low,72,Pending,5
TICK0004391,CUST01706,2026-01-12,Account Access,High,27,Resolved,2
TICK0004392,CUST01706,2025-10-18,How-To Question,Low,50,Resolved,4
TICK0004393,CUST01706,2025-12-29,How-To Question,MEDIUM,47,Pending,4
TICK0004394,CUST01708,2025-09-28,Billing,Low,109,Resolved,5
TICK0004395,CUST01709,2024-12-29,Bug Report,Medium,104,Resolved,1
TICK0004396,CUST01709,2024-04-06,Integration,Medium,113,Resolved,2
TICK0004397,CUST01709,2025-01-14,Bug Report,Medium,139,Resolved,5
TICK0004398,CUST01709,2026-07-03,Integration,Low,42,Resolved,4
TICK0004399,CUST01709,2025-10-24,Account Access,Medium,143,Resolved,1
TICK0004400,CUST01709,2025-11-30,Account Access,Medium,94,Resolved,3
TICK0004401,CUST01709,2024-05-01,Performance,Medium,47,Pending,1
TICK0004402,CUST01709,2026-09-23,Performance,Low,192,Resolved,3
TICK0004403,CUST01710,2026-06-09,Account Access,High,28,Resolved,2
TICK0004404,CUST01710,2026-06-25,Feature Request,Low,96,Resolved,1
TICK0004405,CUST01711,2026-03-05,Technical Issue,Medium,57,Resolved,3
TICK0004406,CUST01712,2024-09-21,Billing,Medium,22,Resolved,2
TICK0004407,CUST01712,2025-06-24,Performance,Low,109,Resolved,4
TICK0004408,CUST01712,2025-06-05,Technical Issue,Low,59,resolved,4
TICK0004409,CUST01713,2026-03-10,Performance,Low,85,Resolved,5
TICK0004410,CUST01713,2025-08-03,Billing,High,4,Resolved,4
TICK0004411,CUST01714,2026-03-27,How-To Question,Low,99,Resolved,5
TICK0004412,CUST01714,2026-05-31,How-To Question,Medium,33,Resolved,4
TICK0004413,CUST01715,2025-12-10,Performance,Medium,46,Resolved,2
TICK0004414,CUST01716,2026-03-04,INTEGRATION,Low,72,Resolved,1
TICK0004415,CUST01716,2025-05-12,Account Access,High,36,Resolved,2
TICK0004416,CUST01716,2025-02-10,Performance,Medium,37,Resolved,3
TICK0004417,CUST01716,2026-01-17,Integration,Low,145,Resolved,5
TICK0004418,CUST01716,2024-06-28,Technical Issue,Low,220,Resolved,1
TICK0004419,CUST01716,2025-08-13,Integration,Medium,100,Resolved,1
TICK0004420,CUST01717,2025-07-12,How-To Question,High,20,Resolved,2
TICK0004421,CUST01717,2025-03-25,How-To Question,Low,64,Resolved,2
TICK0004422,CUST01717,2025-03-10,Account Access,Low,33,Resolved,2
TICK0004423,CUST01718,2025-02-26,Bug Report,Medium,91,resolved,3
TICK0004424,CUST01718,2024-09-19,Technical Issue,Medium,104,Resolved,3
TICK0004425,CUST01718,2025-11-04,Integration,Medium,73,Resolved,5
TICK0004426,CUST01718,2026-05-30,Integration,Medium,79,Resolved,2
TICK0004427,CUST01718,2025-06-15,Performance,Medium,70,Resolved,3
TICK0004428,CUST01719,2026-02-14,Billing,Low,64,Resolved,4
TICK0004429,CUST01719,2026-08-10,Technical Issue,Low,50,Resolved,5
TICK0004430,CUST01720,2026-05-09,account access,Medium,60,Pending,1
TICK0004431,CUST01720,2026-02-08,How-To Question,Urgent,11,Resolved,4
TICK0004432,CUST01722,2025-04-26,Performance,Low,76,Resolved,5
TICK0004433,CUST01722,2025-06-20,How-To Question,Low,78,Resolved,4
TICK0004434,CUST01722,2025-06-06,Billing,Medium,50,Resolved,4
TICK0004435,CUST01723,2026-09-07,Performance,Medium,21,Resolved,2
TICK0004436,CUST01723,2026-08-27,Feature Request,Medium,61,Resolved,4
TICK0004437,CUST01723,2026-08-27,Billing,Medium,28,Resolved,4
TICK0004438,CUST01724,2025-10-23,Performance,High,14,Resolved,5
TICK0004439,CUST01724,2025-11-14,Performance,Low,33,Resolved,
TICK0004440,CUST01724,2026-08-27,Technical Issue,Medium,46,Resolved,5
TICK0004441,CUST01725,2026-06-24,Performance,Low,140,Resolved,5
TICK0004442,CUST01725,2026-04-06,How-To Question,Medium,39,Resolved,5
TICK0004443,CUST01726,2025-04-07,Integration,Urgent,7,Resolved,2
TICK0004444,CUST01726,2025-03-20,Account Access,High,6,Resolved,4
TICK0004445,CUST01726,2024-11-13,Billing,Medium,63,Resolved,5
TICK0004446,CUST01727,2026-01-12,Feature Request,Low,33,Resolved,5
TICK0004447,CUST01727 ,2026-07-26,Feature Request,High,23,Resolved,4
TICK0004448,CUST01728,2025-10-24,Feature Request,Medium,82,Resolved,4
TICK0004449,CUST01728,2025-11-29,Billing,Low,102,Resolved,3
TICK0004450,CUST01728,2025-12-13,Feature Request,Low,62,Resolved,5
TICK0004451,CUST01729,2026-04-10,Integration,High,33,Resolved,3
TICK0004452,CUST01730,2026-03-04,Performance,Low,60,Resolved,5
TICK0004453,CUST01730,2026-04-27,Feature Request,Low,60,Resolved,4
TICK0004454,CUST01730,2025-11-19,Billing,High,38,Resolved,5
TICK0004455,CUST01731,04/17/2026,Account Access,Medium,82,Resolved,2
TICK0004456,CUST01731,2026-02-26,Feature Request,Low,68,Resolved,3
TICK0004457,CUST01732,2025-09-06,Billing,Medium,54,Resolved,4
TICK0004458,CUST01732,2026-04-21,Billing,Low,73,Resolved,4
TICK0004459,CUST01732,2026-08-20,Feature Request,Medium,55,Resolved,3
TICK0004460,CUST01734,2026-05-11,Account Access,Low,128,Resolved,2
TICK0004461,CUST01734,2025-04-25,Integration,Low,241,Resolved,4
TICK0004462,CUST01734,2025-01-14,Performance,Medium,94,Resolved,1
TICK0004463,CUST01734,2025-07-08,Technical Issue,Medium,88,Resolved,4
TICK0004464,CUST01734,2026-08-09,Integration,Low,202,Resolved,1
TICK0004465,CUST01734,2025-04-13,Integration,Low,176,Resolved,3
TICK0004466,CUST01734,2026-02-17,Technical Issue,Low,64,Resolved,5
TICK0004467,CUST01734,2026-06-19,Technical Issue,Medium,19,Resolved,2
TICK0004468,CUST01735,2026-05-29,Feature Request,Urgent,2,Resolved,5
TICK0004469,CUST01736,2025-03-13,Integration,Medium,73,Resolved,1
TICK0004470,CUST01736,2024-02-05,Performance,Medium,67,Resolved,1
TICK0004471,CUST01736,2026-08-28,Account Access,Low,143,Resolved,1
TICK0004472,CUST01736,2025-05-23,Bug Report,Medium,115,Resolved,3
TICK0004473,CUST01736,2026-09-05,Performance,Low,119,Resolved,3
TICK0004474,CUST01736,2024-06-24,Bug Report,Medium,24,Resolved,1
TICK0004475,CUST01736,2025-06-27,Performance,Low,121,Resolved,3
TICK0004476,CUST01736,05/03/2026,Account Access,Low,80,Resolved,1
TICK0004477,CUST01736,2024-10-02,Integration,Medium,99,Resolved,5
TICK0004478,CUST01736,2025-03-17,Integration,Low,59,Pending,3
TICK0004479,CUST01737,2026-05-03,Integration,Medium,66,Resolved,5
TICK0004480,CUST01739,2025-03-30,Feature Request,Low,63,Resolved,5
TICK0004481,CUST01739,2026-09-11,How-To Question,Low,86,Resolved,5
TICK0004482,CUST01739,2026-01-17,Integration,Medium,73,Resolved,5
TICK0004483,CUST01741,2026-02-05,Performance,Low,73,Resolved,5
TICK0004484,CUST01741,2025-12-25,Feature Request,Medium,17,Resolved,4
TICK0004485,CUST01741,2026-09-16,Billing,Medium,93,Open,4
TICK0004486,CUST01742,2026-08-06,How-To Question,High,43,Resolved,5
TICK0004487,CUST01743,2024-07-29,Account Access,Urgent,23,Resolved,2
TICK0004488,CUST01743,2024-01-07,Technical Issue,Medium,51,Resolved,3
TICK0004489,CUST01744,2026-06-08,Integration,Low,86,Resolved,4
TICK0004490,CUST01744,2026-07-18,Account Access,High,15,Pending,2
TICK0004491,CUST01744,2026-06-28,Technical Issue,Low,100,Pending,1
TICK0004492,CUST01744,2026-07-04,Bug Report,Low,74,Resolved,4
TICK0004493,CUST01744,2026-08-30,Account Access,High,47,Resolved,2
TICK0004494,CUST01744,2026-07-22,Performance,Low,116,Resolved,2
TICK0004495,CUST01744,2026-06-14,Technical Issue,Low,153,Resolved,2
TICK0004496,CUST01744,2026-07-11,Integration,Medium,93,Resolved,2
TICK0004497,CUST01745,2025-01-18,Billing,Medium,43,Pending,5
TICK0004498,CUST01745,2024-05-13,How-To Question,Medium,45,Resolved,4
TICK0004499,CUST01745,2026-04-13,Billing,High,25,Resolved,5
TICK0004500,CUST01745,2026-01-05,Performance,Medium,46,Resolved,5
TICK0004501,CUST01746,2024-09-27,Feature Request,High,12,Resolved,5
TICK0004502,CUST01746,2025-01-30,Billing,Low,46,Resolved,5
TICK0004503,CUST01746,2024-09-25,How-To Question,Low,65,Resolved,5
TICK0004504,CUST01747,2024-07-09,Account Access,Medium,44,Resolved,4
TICK0004505,CUST01748,2026-07-21,Technical Issue,Low,76,Resolved,5
TICK0004506,CUST01748,2026-05-30,Bug Report,Low,82,Resolved,4
TICK0004507,CUST01748,2026-09-02,How-To Question,Medium,50,Resolved,5
TICK0004508,CUST01748,2026-06-03,How-To Question,Medium,58,Resolved,5
TICK0004509,CUST01748,2026-03-31,Performance,Low,79,Resolved,5
TICK0004510,CUST01749,2025-10-16,Billing,Low,126,Resolved,5
TICK0004511,CUST01749,2023-11-03,Billing,Low,74,Resolved,5
TICK0004512,CUST01749,2024-03-26,Feature Request,Medium,8,Resolved,5
TICK0004513,CUST01750,2025-05-18,Feature Request,MEDIUM,48,Resolved,4
TICK0004514,CUST01750,2025-02-15,How-To Question,Low,49,Resolved,5
TICK0004515,CUST01751,2026-06-17,Bug Report,High,21,Resolved,4
TICK0004516,CUST01751,2026-08-27,Billing,Medium,44,Resolved,5
TICK0004517,CUST01751,2026-07-18,Performance,Medium,42,Resolved,5
TICK0004518,CUST01751,2026-09-09,How-To Question,Low,45,Resolved,5
TICK0004519,CUST01754,2026-03-12,Bug Report,Urgent,18,Resolved,4
TICK0004520,CUST01754,2026-08-14,Feature Request,Medium,33,Resolved,5
TICK0004521,CUST01754,2026-08-03,Integration,Low,12,Resolved,5
TICK0004522,CUST01754,2026-06-19,Account Access,Medium,42,Resolved,3
TICK0004523,CUST01756,2025-07-21,Technical Issue,Low,56,Resolved,2
TICK0004524,CUST01756,2025-11-11,Bug Report,Medium,79,Resolved,2
TICK0004525,CUST01756,2025-11-30,Technical Issue,Low,60,Resolved,5
TICK0004526,CUST01757,2025-05-16,Integration,Medium,47,Resolved,3
TICK0004527,CUST01757,2025-03-15,Technical Issue,Low,112,Resolved,3
TICK0004528,CUST01757,2025-01-19,Account Access,Medium,42,Resolved,3
TICK0004529,CUST01757,2025-09-18,Technical Issue,Medium,106,Resolved,2
TICK0004530,CUST01758,2024-05-14,Feature Request,Medium,13,Resolved,3
TICK0004531,CUST01760,2024-05-18,Feature Request,High,29,Resolved,4
TICK0004532,CUST01760,2024-07-09,How-To Question,Low,67,Resolved,5
TICK0004533,CUST01762,2026-04-02,Technical Issue,Low,193,Pending,4
TICK0004534,CUST01762,2026-06-17,Technical Issue,Medium,80,Resolved,1
TICK0004535,CUST01762,2026-09-16,Integration,Medium,134,Resolved,2
TICK0004536,CUST01762,2026-05-10,Performance,Low,28,Resolved,1
TICK0004537,CUST01762,2026-05-03,Account Access,High,45,Resolved,1
TICK0004538,CUST01762,2026-09-07,Bug Report,Low,101,Resolved,2
TICK0004539,CUST01762,2026-02-10,Bug Report,High,13,Resolved,1
TICK0004540,CUST01763,2026-04-06,How-To Question,Low,36,Resolved,4
TICK0004541,CUST01763,2026-02-21,Performance,Low,118,Resolved,2
TICK0004542,CUST01764,2025-07-08,How-To Question,Low,39,Resolved,2
TICK0004543,CUST01765,2025-07-22,Feature Request,Medium,61,Resolved,3
TICK0004544,CUST01765,2025-09-23,Billing,Medium,38,Resolved,2
TICK0004545,CUST01766,2025-07-08,Billing,Urgent,14,Resolved,4
TICK0004546,CUST01766,2025-05-23,Feature Request,High,17,Resolved,5
TICK0004547,CUST01766,2026-04-18,How-To Question,Medium,26,Open,5
TICK0004548,CUST01767,2026-07-28,Technical Issue,Medium,25,Resolved,4
TICK0004549,CUST01767,2026-07-18,Feature Request,Low,44,Resolved,2
TICK0004550,CUST01767,2026-09-21,Billing,High,19,Resolved,5
TICK0004551,CUST01769,2025-02-07,How-To Question,Medium,34,Resolved,5
TICK0004552,CUST01769,2025-08-21,Performance,Medium,63,Resolved,5
TICK0004553,CUST01769,2025-08-29,Feature Request,Low,43,Resolved,1
TICK0004554,CUST01769,2026-08-14,Feature Request,Low,31,Resolved,4
TICK0004555,CUST01771,2026-06-26,How-To Question,Low,103,Resolved,3
TICK0004556,CUST01771,2026-02-15,Account Access,Medium,46,Resolved,5
TICK0004557,CUST01771,2026-07-02,How-To Question,Medium,62,Resolved,5
TICK0004558,CUST01773,2026-05-11,Integration,Low,129,Resolved,1
TICK0004559,CUST01773,2026-01-24,Integration,Low,19,Open,4
TICK0004560,CUST01773,2024-11-15,Technical Issue,Medium,38,Resolved,4
TICK0004561,CUST01773,2025-03-30,Account Access,Medium,69,Resolved,2
TICK0004562,CUST01773,2025-09-20,Account Access,Medium,57,Resolved,1
TICK0004563,CUST01773,2025-12-27,Performance,Medium,54,Open,2
TICK0004564,CUST01775,2026-09-19,Technical Issue,Low,60,Resolved,4
TICK0004565,CUST01775,2026-08-05,How-To Question,Medium,61,Resolved,5
TICK0004566,CUST01775,2026-09-11,Feature Request,Medium,42,Resolved,5
TICK0004567,CUST01776,2025-09-25,Account Access,High,19,Resolved,4
TICK0004568,CUST01776,2025-07-04,Integration,Urgent,11,Resolved,4
TICK0004569,CUST01776,2026-03-22,Performance,Low,75,Pending,4
TICK0004570,CUST01776,2025-03-09,Technical Issue,Medium,37,Resolved,5
TICK0004571,CUST01778,2026-06-12,Bug Report,Medium,68,Resolved,2
TICK0004572,CUST01778,2026-05-13,Bug Report,Low,86,Pending,1
TICK0004573,CUST01778,2026-06-28,Technical Issue,Low,184,Resolved,3
TICK0004574,CUST01778,2026-08-01,Account Access,Medium,114,Resolved,4
TICK0004575,CUST01778,2026-04-30,Account Access,Low,110,Resolved,2
TICK0004576,CUST01780,2025-06-07,How-To Question,Low,81,Resolved,3
TICK0004577,CUST01780,2025-07-17,Account Access,Medium,55,Resolved,4
TICK0004578,CUST01781,2026-07-30,Technical Issue,Low,69,Resolved,5
TICK0004579,CUST01781,2026-05-17,Account Access,Low,12,Resolved,4
TICK0004580,CUST01782,2026-08-23,How-To Question,Medium,87,Resolved,4
TICK0004581,CUST01782,2026-08-15,Feature Request,Medium,64,Resolved,2
TICK0004582,CUST01782,2026-08-14,Account Access,High,30,Resolved,4
TICK0004583,CUST01783,2025-09-26,How-To Question,Low,38,Resolved,2
TICK0004584,CUST01783,2025-08-31,Account Access,Medium,78,Resolved,2
TICK0004585,CUST01783,2025-08-31,Account Access,Low,97,Pending,5
TICK0004586,CUST01784,2024-11-07,Account Access,Medium,66,Open,3
TICK0004587,CUST01784,2024-06-02,Account Access,Low,91,Resolved,5
TICK0004588,CUST01785,2024-12-23,Technical Issue,Low,128,Resolved,5
TICK0004589,CUST01786,2026-08-29,Account Access,Medium,78,Resolved,5
TICK0004590,CUST01786,2026-08-16,Feature Request,Low,53,Resolved,5
TICK0004591,CUST01786,2026-08-16,Account Access,Low,58,Resolved,4
TICK0004592,CUST01786,2026-09-23,Account Access,Low,95,Resolved,4
TICK0004593,CUST01786,2026-07-23,Technical Issue,Low,68,Resolved,5
TICK0004594,CUST01787,2024-06-30,Performance,Medium,49,Resolved,2
TICK0004595,CUST01787,2024-10-28,Performance,Low,110,Resolved,1
TICK0004596,CUST01787,2026-07-01,Account Access,Medium,111,Resolved,3
TICK0004597,CUST01787,2024-12-17,Technical Issue,Low,55,Resolved,1
TICK0004598,CUST01787,2024-06-10,Performance,Medium,30,Resolved,1
TICK0004599,CUST01788,2025-08-20,Technical Issue,Medium,59,Resolved,1
TICK0004600,CUST01788,2026-07-30,Performance,Low,78,Resolved,4
TICK0004601,CUST01789,2026-07-20,Technical Issue,Medium,72,Resolved,5
TICK0004602,CUST01790,2026-02-25,Feature Request,High,23,Resolved,5
TICK0004603,CUST01790,2025-02-06,Feature Request,Low,28,Resolved,2
TICK0004604,CUST01790,2026-04-27,Performance,Low,99,Resolved,5
TICK0004605,CUST01791,2026-09-03,Performance,Low,59,Resolved,2
TICK0004606,CUST01792,2026-08-14,Account Access,Urgent,11,Resolved,4
TICK0004607,CUST01792,2024-11-19,Integration,Low,44,Resolved,5
TICK0004608,CUST01792,2026-05-02,Billing,High,4,Pending,4
TICK0004609,CUST01794,2025-05-18,How-To Question,High,27,Resolved,4
TICK0004610,CUST01794,2025-05-18,Technical Issue,Low,36,resolved,5
TICK0004611,CUST01795,2026-07-23,Feature Request,Medium,57,Resolved,4
TICK0004612,CUST01795,2026-07-21,How-To Question,Low,51,Resolved,2
TICK0004613,CUST01795,2026-08-22,Integration,Medium,46,Resolved,4
TICK0004614,CUST01795,2026-09-14,Billing,Low,84,Resolved,3
TICK0004615,CUST01795,2026-07-29,Integration,Urgent,11,Resolved,5
TICK0004616,CUST01796,2025-02-18,Billing,High,28,Resolved,4
TICK0004617,CUST01796,2025-10-31,Performance,Medium,73, PENDING,5
TICK0004618,CUST01797,2025-11-29,Feature Request,Medium,75,Resolved,3
TICK0004619,CUST01797,2026-08-08,Account Access,Medium,27,Resolved,5
TICK0004620,CUST01798,2026-05-15,Billing,Low,88,Resolved,3
TICK0004621,CUST01799,2026-04-17,Bug Report,High,35,Resolved,5
TICK0004622,CUST01799,2024-07-29,Billing,Medium,99,Resolved,4
TICK0004623,CUST01800,2025-05-19,How-To Question,Low,58,Resolved,2
TICK0004624,CUST01800,2026-04-27,Account Access,Low,114,Resolved,5
TICK0004625,CUST01800,2025-08-30,Account Access,Medium,84,Resolved,4
TICK0004626,CUST01800,2025-11-01,Account Access,Low,91,Resolved,5
TICK0004627,CUST01800,2025-03-17,How-To Question,Low,88,Pending,5
TICK0004628,CUST01801,2025-12-12,Technical Issue,Medium,49,Resolved,3
TICK0004629,CUST01801,2026-04-28,Performance,Medium,33,Resolved,4
TICK0004630,CUST01802,2026-03-05,Feature Request,Medium,47,Resolved,4
TICK0004631,CUST01802,2026-03-20,Feature Request,Low,89,Resolved,4
TICK0004632,CUST01802,2026-08-11,How-To Question,Low,56,Resolved,4
TICK0004633,CUST01802,2025-12-24,How-To Question,Urgent,10,Resolved,2
TICK0004634,CUST01804,2024-09-23,How-To Question,Medium,41,Resolved,1
TICK0004635,CUST01805,2026-07-01,Feature Request,Low,77,Resolved,5
TICK0004636,CUST01805,2026-05-19,Feature Request,Medium,42,Resolved,3
TICK0004637,CUST01806,2026-06-18,Account Access,Low,85,Resolved,2
TICK0004638,CUST01806,2026-06-16,Bug Report,Low,126,Resolved,1
TICK0004639,CUST01806,2026-08-02,Integration,Low,115,Resolved,4
TICK0004640,CUST01806,2026-08-13,Technical Issue,Low,195,Resolved,2
TICK0004641,CUST01807,2025-02-12,Feature Request,Low,80,Resolved,5
TICK0004642,CUST01808,2026-04-04,Bug Report,Medium,41,Resolved,4
TICK0004643,CUST01808,2026-08-28,Performance,Low,81,Resolved,5
TICK0004644,CUST01809,2026-08-08,How-To Question,Medium,93,Resolved,5
TICK0004645,CUST01810,2025-11-03,How-To Question,Low,60,Resolved,3
TICK0004646,CUST01810,2025-09-04,How-To Question,Medium,26,Resolved,4
TICK0004647,CUST01811,2025-11-27,Account Access,High,17,Resolved,5
TICK0004648,CUST01811,2025-01-03,Billing,Low,78,Resolved,3
TICK0004649,CUST01812,2025-11-26,How-To Question,Medium,77,Resolved,5
TICK0004650,CUST01812,2025-08-17,Account Access,Medium,47,Resolved,5
TICK0004651,CUST01813,2024-08-08,Feature Request,Low,105,Resolved,5
TICK0004652,CUST01814,2024-12-02,Performance,Medium,58,Resolved,4
TICK0004653,CUST01814,2024-12-18,Integration,Low,117,Resolved,4
TICK0004654,CUST01814,2025-03-22,Integration,Medium,55,Resolved,5
TICK0004655,CUST01814,2024-12-16,How-To Question,Medium,61,Resolved,4
TICK0004656,CUST01815,2026-08-13,Bug Report,Medium,42,Pending,2
TICK0004657,CUST01815 ,2026-08-09,Feature Request,Low,66,Resolved,5
TICK0004658,CUST01816,2025-11-04,How-To Question,High,38,Resolved,3
TICK0004659,CUST01816,2025-03-04,Integration,Medium,63,Pending,3
TICK0004660,CUST01816,2025-11-13,How-To Question,Low,74,Resolved,3
TICK0004661,CUST01817,2026-09-03,Performance,Medium,69,Resolved,4
TICK0004662,CUST01817,2026-09-18,Integration,Low,84,Resolved,3
TICK0004663,CUST01817,2026-08-18,Integration,Low,89,Open,3
TICK0004664,CUST01817,2026-08-25,Performance,Urgent,3,Pending,3
TICK0004665,CUST01818,2025-01-01,Performance,Low,82,Resolved,2
TICK0004666,CUST01818,2025-06-20,Account Access,Medium,54,Resolved,1
TICK0004667,CUST01818,2026-08-13,Integration,High,28,Resolved,1
TICK0004668,CUST01819,2025-07-27,Account Access,Medium,32,Resolved,1
TICK0004669,CUST01820,2025-04-15,Integration,Medium,73,Resolved,5
TICK0004670,CUST01820,2025-11-10,Technical Issue,Medium,14,Resolved,4
TICK0004671,CUST01820,2025-05-14,Performance,Medium,8,Resolved,2
TICK0004672,CUST01821,2026-07-23,Bug Report,Low,58,Resolved,3
TICK0004673,CUST01821,2026-06-11,Integration,High,7,Resolved,4
TICK0004674,CUST01821,2026-07-09,Integration,Low,69,Resolved,3
TICK0004675,CUST01823,2025-11-21,Billing,Low,54,Resolved,4
TICK0004676,CUST01823,2026-03-05,Technical Issue,Medium,51,Resolved,2
TICK0004677,CUST01823,2025-05-19,Account Access,Low,82,Resolved,5
TICK0004678,CUST01824,2024-10-31,Integration,Medium,66,Resolved,5
TICK0004679,CUST01825,2026-05-31,Account Access,Medium,21,Resolved,5
TICK0004680,CUST01825,2026-01-28,Technical Issue,Low,64,Resolved,5
TICK0004681,CUST01825,2026-03-14,How-To Question,Low,42,Resolved,2
TICK0004682,CUST01826,2026-06-26,Performance,Medium,41,Resolved,5
TICK0004683,CUST01826,2026-07-02,Billing,High,21,Resolved,5
TICK0004684,CUST01826,2026-06-04,Performance,High,32,Resolved,5
TICK0004685,CUST01826,2025-07-19,Performance,Medium,26,Resolved,3
TICK0004686,CUST01827,2026-08-06,Feature Request,High,25,Resolved,2
TICK0004687,CUST01827,2026-09-04,Performance,Low,46,Open,5
TICK0004688,CUST01828,2024-10-12,Account Access,Medium,45,Resolved,5
TICK0004689,CUST01829,2025-11-09,Bug Report,Medium,69,Resolved,5
TICK0004690,CUST01829,2026-04-08,Billing,Low,102,Open,4
TICK0004691,CUST01830,2024-07-19,Account Access,Medium,73,Resolved,3
TICK0004692,CUST01830,2025-03-17,Account Access,MEDIUM,89,Resolved,5
TICK0004693,CUST01831,2026-01-03,Performance,Medium,19,Resolved,5
TICK0004694,CUST01831,2025-12-14,Performance,Urgent,8,Resolved,4
TICK0004695,CUST01831,2026-07-30,How-To Question,Medium,8,Resolved,4
TICK0004696,CUST01831,2026-03-13,Billing,Medium,74,Resolved,3
TICK0004697,CUST01831,2026-01-23,Feature Request,Low,87,Resolved,5
TICK0004698,CUST01831,2026-01-16,Feature Request,Low,12,Resolved,3
TICK0004699,CUST01831,2026-05-25,Billing,Medium,50,Resolved,2
TICK0004700,CUST01833,2026-03-06,Integration,High,12,Pending,5
TICK0004701,CUST01833,2026-08-20,Account Access,Low,12,Resolved,5
TICK0004702,CUST01833,2026-03-19,Integration,Low,101,Resolved,2
TICK0004703,CUST01834,2025-08-28,Integration,Medium,137,Resolved,3
TICK0004704,CUST01834,2026-03-16,Technical Issue,Low,147,Resolved,4
TICK0004705,CUST01834,2025-11-11,Bug Report,Low,153,Resolved,1
TICK0004706,CUST01834,2025-11-22,Bug Report,Low,151,Resolved,5
TICK0004707,CUST01834,2026-04-23,Bug Report,Low,94,Resolved,4
TICK0004708,CUST01834,2026-08-07,Account Access,High,47,Resolved,1
TICK0004709,CUST01834,2026-02-03,Technical Issue,Low,107,Resolved,2
TICK0004710,CUST01834,2026-01-03,Account Access,Medium,90,Resolved,1
TICK0004711,CUST01834,2025-11-05,Technical Issue,Medium,46,Resolved,2
TICK0004712,CUST01835,2024-09-29,Technical Issue,Low,62,Resolved,2
TICK0004713,CUST01835,2026-09-06,Technical Issue,Medium,93,Resolved,1
TICK0004714,CUST01835,2024-09-20,Integration,Medium,141,Resolved,2
TICK0004715,CUST01835,2026-04-07,Account Access,Low,137,Resolved,2
TICK0004716,CUST01835,2026-06-24,Technical Issue,Medium,85,Resolved,5
TICK0004717,CUST01835,2024-04-22,Performance,High,63,Resolved,4
TICK0004718,CUST01836,2026-04-28,Billing,Medium,43,Resolved,2
TICK0004719,CUST01836,2026-08-03,Performance,Low,66,Pending,4
TICK0004720,CUST01837,2025-11-29,Integration,Low,105,Resolved,3
TICK0004721,CUST01837,2025-08-14,Feature Request,Urgent,11,Resolved,4
TICK0004722,CUST01837,2026-09-19,How-To Question,Medium,48,Resolved,5
TICK0004723,CUST01837,2025-12-10,Bug Report,Urgent,12,Resolved,5
TICK0004724,CUST01838,2026-07-01,Integration,High,18,Resolved,3
TICK0004725,CUST01839,2026-03-02,Technical Issue,Low,95,Resolved,3
TICK0004726,CUST01839,2026-04-29,Bug Report,Low,80,Resolved,5
TICK0004727,CUST01839,2026-07-11,Bug Report,Low,123,Resolved,5
TICK0004728,CUST01839,2026-09-04,Account Access,Medium,48,Resolved,2
TICK0004729,CUST01839,2025-12-11,Integration,Low,109,Resolved,4
TICK0004730,CUST01841,2025-11-19,Bug Report,Medium,20,Resolved,4
TICK0004731,CUST01841,2024-06-25,Bug Report,Low,115,Resolved,4
TICK0004732,CUST01842,2024-06-02,Performance,High,11,Resolved,5
TICK0004733,CUST01842,2024-06-23,Billing,Medium,53,Resolved,5
TICK0004734,CUST01842,2026-04-06,Integration,High,28,Resolved,5
TICK0004735,CUST01843,2026-05-07,How-To Question,Medium,29,Resolved,5
TICK0004736,CUST01843,2025-04-13,Feature Request,Low,81,Resolved,5
TICK0004737,CUST01844,2025-04-27,Technical Issue,Low,112,Resolved,4
TICK0004738,CUST01844,2024-07-31,Bug Report,Low,72,Resolved,5
TICK0004739,CUST01844,2024-07-14,Bug Report,Medium,23,Resolved,5
TICK0004740,CUST01844,2025-09-20,Account Access,Medium,46,Resolved,5
TICK0004741,CUST01844,2024-12-02,Billing,Low,53,Resolved,5
TICK0004742,CUST01845,2026-06-26,Bug Report,Low,69,Resolved,5
TICK0004743,CUST01846,2025-06-08,How-To Question,Low,146,Pending,3
TICK0004744,CUST01846,2025-05-15,Integration,Medium,71,Resolved,5
TICK0004745,CUST01846,2025-11-03,Integration,Medium,54,Resolved,4
TICK0004746,CUST01846,2025-06-04,Integration,Low,81,Resolved,4
TICK0004747,CUST01846,2025-12-26,Integration,Low,143,Pending,3
TICK0004748,CUST01846,2025-09-28,Bug Report,Low,62,Resolved,5
TICK0004749,CUST01847,2025-03-01,How-To Question,Low,37,Resolved,4
TICK0004750,CUST01847,2025-02-26,Billing,Low,81,Resolved,3
TICK0004751,CUST01847,2025-05-05,Technical Issue,Low,92,Resolved,5
TICK0004752,CUST01848,2025-09-23,Performance,Urgent,17,Pending,5
TICK0004753,CUST01848,2026-09-19,Integration,Medium,65,Resolved,5
TICK0004754,CUST01849,2026-05-01,Account Access,Low,35,Resolved,3
TICK0004755,CUST01849,2025-12-30,Feature Request,High,20,Resolved,5
TICK0004756,CUST01850,2025-01-01,Technical Issue,Low,36,Open,5
TICK0004757,CUST01851,2025-09-01,Feature Request,High,14,Resolved,5
TICK0004758,CUST01851,2025-11-22,Feature Request,Low,106,Resolved,3
TICK0004759,CUST01851,2025-09-10,How-To Question,Low,80,Resolved,5
TICK0004760,CUST01851,2025-10-21,How-To Question,Low,62,Resolved,5
TICK0004761,CUST01851,2025-11-21,How-To Question,Low,68,Resolved,3
TICK0004762,CUST01851,2025-09-07,How-To Question,MEDIUM,54,Resolved,3
TICK0004763,CUST01852 ,12/04/2025,How-To Question,Medium,28,Resolved,5
TICK0004764,CUST01852,2025-08-12,Integration,Low,40,Resolved,4
TICK0004765,CUST01852,2024-10-15,Integration,Medium,62,Resolved,3
TICK0004766,CUST01853,2026-02-01,Billing,Medium,38,Resolved,2
TICK0004767,CUST01853,2026-03-26,Performance,Low,101,Resolved,5
TICK0004768,CUST01853,2025-10-20,How-To Question,High,14,Resolved,4
TICK0004769,CUST01854,2026-01-23,Billing,Medium,41,Resolved,2
TICK0004770,CUST01854,2026-09-03,Feature Request,Medium,39,Resolved,4
TICK0004771,CUST01854,2026-08-05,Billing,Low,70,Resolved,4
TICK0004772,CUST01855,2026-05-05,Integration,Medium,48,Resolved,5
TICK0004773,CUST01855,2026-05-17,Performance,Low,12,Pending,5
TICK0004774,CUST01856,2025-12-03,Feature Request,Medium,31,Resolved,5
TICK0004775,CUST01856,2026-03-19,How-To Question,Medium,43,Resolved,4
TICK0004776,CUST01857,2026-09-22,How-To Question,Medium,90,Resolved,2
TICK0004777,CUST01857,2026-08-16,Feature Request,Medium,45,Resolved,2
TICK0004778,CUST01857,2026-09-15,How-To Question,Medium,55,Resolved,4
TICK0004779,CUST01858,2026-05-02,Performance,High,32,Resolved,2
TICK0004780,CUST01858,2026-06-04,Account Access,Low,93,Resolved,2
TICK0004781,CUST01858,2026-03-24,Account Access,Medium,118,Open,3
TICK0004782,CUST01858,2024-02-01,Integration,Low,124,Resolved,1
TICK0004783,CUST01859,2026-07-18,Integration,Medium,80,Resolved,5
TICK0004784,CUST01859,2023-10-24,Feature Request,Urgent,6,Resolved,3
TICK0004785,CUST01859,2023-10-30,How-To Question,Low,36,Resolved,5
TICK0004786,CUST01860,2026-08-27,Performance,Urgent,16,Resolved,2
TICK0004787,CUST01860,2024-12-11,Technical Issue,Medium,17,Resolved,1
TICK0004788,CUST01860,2025-05-12,Bug Report,Medium,136,Resolved,1
TICK0004789,CUST01860,2025-12-13,Account Access,Low,78,Resolved,3
TICK0004790,CUST01861,2025-05-26,Integration,High,28,Resolved,4
TICK0004791,CUST01861,2025-05-10,Technical Issue,High,27,Resolved,4
TICK0004792,CUST01862,2026-09-17,Account Access,High,21,Resolved,5
TICK0004793,CUST01862,2026-04-20,How-To Question,Medium,20,Resolved,3
TICK0004794,CUST01863,2026-03-29,Performance,Low,97,Resolved,2
TICK0004795,CUST01863,2026-05-30,Bug Report,Medium,57,Resolved,3
TICK0004796,CUST01863 ,2026-02-26,Integration,High,64,Resolved,2
TICK0004797,CUST01863,2026-04-22,Technical Issue,Low,56,Resolved,1
TICK0004798,CUST01863,2026-06-19,Account Access,Medium,100,Resolved,1
TICK0004799,CUST01863,2026-05-31,Integration,Medium,116,Resolved,2
TICK0004800,CUST01864,2026-08-27,Feature Request,Medium,47,Resolved,3
TICK0004801,CUST01865,2026-08-15,Bug Report,Low,114,Resolved,5
TICK0004802,CUST01866,2026-01-06,Technical Issue,High,30,Resolved,4
TICK0004803,CUST01866,2025-11-03,Bug Report,MEDIUM,37,Resolved,5
TICK0004804,CUST01866,2026-08-17,Bug Report,High,27,Resolved,5
TICK0004805,CUST01867,2026-09-13,Feature Request,Low,33,Resolved,5
TICK0004806,CUST01867,2026-09-03,Feature Request,Low,82,Pending,4
TICK0004807,CUST01867 ,2026-08-29,Feature Request,Low,69,Resolved,5
TICK0004808,CUST01869,2025-11-26,Feature Request,Medium,45,Resolved,5
TICK0004809,CUST01869,2025-06-15,Account Access,Medium,62,Resolved,5
TICK0004810,CUST01870,2026-02-28,Technical Issue,Medium,75,Resolved,5
TICK0004811,CUST01870,2025-05-05,Account Access,Low,114,Resolved,5
TICK0004812,CUST01870,2025-08-12,Technical Issue,Medium,30,Resolved,5
TICK0004813,CUST01870,2026-03-17,Feature Request,High,23,Resolved,4
TICK0004814,CUST01870,2025-10-03,Billing,High,45,Resolved,4
TICK0004815,CUST01870,2025-03-31,Feature Request,Low,121,Open,2
TICK0004816,CUST01871,2026-07-03,Billing,Low,38,Resolved,4
TICK0004817,CUST01871,2025-12-10,Billing,High,14,Resolved,2
TICK0004818,CUST01871,2026-02-19,How-To Question,Medium,50,Resolved,3
TICK0004819,CUST01871,2026-08-28,Performance,Low,50,Resolved,1
TICK0004820,CUST01871,2025-12-01,How-To Question,High,17,Resolved,4
TICK0004821,CUST01871,2025-07-18,Feature Request,Low,64,Resolved,1
TICK0004822,CUST01872,2025-01-28,Feature Request,Medium,80,Resolved,5
TICK0004823,CUST01872,2024-10-25,Feature Request,Low,81,Resolved,3
TICK0004824,CUST01873,2026-04-19,Feature Request,Low,53,Resolved,4
TICK0004825,CUST01873,2026-04-24,Feature Request,Low,70,Open,3
TICK0004826,CUST01873,2026-04-16,How-To Question,High,24,Resolved,3
TICK0004827,CUST01874,2026-07-31,How-To Question,Low,103,Resolved,5
TICK0004828,CUST01874,2026-04-12,Feature Request,Low,64,Pending,3
TICK0004829,CUST01876,2026-06-18,How-To Question,Low,60,Resolved,3
TICK0004830,CUST01876,2025-07-27,Account Access,Medium,81,Resolved,4
TICK0004831,CUST01877,2026-06-28,How-To Question,Low,98,Resolved,5
TICK0004832,CUST01878,2023-12-23,Integration,Medium,27,Resolved,5
TICK0004833,CUST01878,2026-08-02,Integration,High,16,Resolved,5
TICK0004834,CUST01878,2023-12-26,Bug Report,Medium,34,Resolved,4
TICK0004835,CUST01879,2026-06-06,Feature Request,Medium,59,Resolved,5
TICK0004836,CUST01879,2026-03-21,Feature Request,Medium,47,Resolved,4
TICK0004837,CUST01879,2026-04-08,Account Access,Low,123,Resolved,3
TICK0004838,CUST01879,2026-01-12,Feature Request,Low,73,Pending,5
TICK0004839,CUST01882,10/15/2025,Billing,High,34,Resolved,5
TICK0004840,CUST01882,2025-10-31,Technical Issue,Low,98,Resolved,5
TICK0004841,CUST01882,2026-07-29,Account Access,High,24,Resolved,5
TICK0004842,CUST01882,2026-06-17, billing,Low,59,Resolved,5
TICK0004843,CUST01883,2026-08-28,Billing,Medium,17,Resolved,4
TICK0004844,CUST01883,2025-07-18,Feature Request,Low,72,Resolved,2
TICK0004845,CUST01883,2025-12-31,How-To Question,Medium,72,Resolved,1
TICK0004846,CUST01883,2026-01-21,Billing,Low,12,Resolved,5
TICK0004847,CUST01884,2024-11-24,Feature Request,Low,53,resolved,4
TICK0004848,CUST01884,2026-09-11,Feature Request,Low,87,Resolved,5
TICK0004849,CUST01884,2026-02-11,Integration,High,23,Resolved,4
TICK0004850,CUST01885,2025-08-07,Performance,Medium,28,Resolved,5
TICK0004851,CUST01886,2026-04-05,Account Access,Low,65,Resolved,5
TICK0004852,CUST01886,2026-04-29,How-To Question,Low,55,Resolved,1
TICK0004853,CUST01886,2025-09-28,Feature Request,Urgent,7,Resolved,4
TICK0004854,CUST01887,2026-05-23,Feature Request,Medium,68,Resolved,4
TICK0004855,CUST01889,2026-09-19,Bug Report,High,40,Resolved,1
TICK0004856,CUST01889,2026-08-16,Bug Report,Low,70,Resolved,1
TICK0004857,CUST01889,2026-09-08,Account Access,Low,116,Resolved,2
TICK0004858,CUST01890,2026-09-22,Account Access,Low,114,Resolved,2
TICK0004859,CUST01890,2026-06-07,Technical Issue,Low,15,Resolved,3
TICK0004860,CUST01890,2026-05-17,Integration,Low,180,Resolved,2
TICK0004861,CUST01890,2026-04-15,Integration,Low,65,Resolved,1
TICK0004862,CUST01890,2026-03-01,Account Access,Medium,62,Resolved,2
TICK0004863,CUST01890,2026-06-24,Account Access,Low,220,Resolved,2
TICK0004864,CUST01890,2026-03-09,Bug Report,Urgent,23,Resolved,4
TICK0004865,CUST01890,2026-08-22,Integration,Medium,57,Resolved,4
TICK0004866,CUST01891,2026-07-21,Billing,Low,105,Resolved,2
TICK0004867,CUST01891,2026-05-19,Billing,Medium,84,Resolved,4
TICK0004868,CUST01891,2026-07-18,Feature Request,Low,62,Resolved,5
TICK0004869,CUST01892,2026-05-02,How-To Question,Medium,44,Resolved,5
TICK0004870,CUST01892,2026-07-13,Account Access,Medium,50,Resolved,4
TICK0004871,CUST01892,2026-07-30,How-To Question,Medium,62,Resolved,2
TICK0004872,CUST01893,2025-09-11,Feature Request,Low,39,Resolved,5
TICK0004873,CUST01895,2026-01-04,Technical Issue,Low,88,Resolved,3
TICK0004874,CUST01896,2026-04-05,Feature Request,High,17,Resolved,3
TICK0004875,CUST01896,2025-06-27,Performance,Low,26,Resolved,5
TICK0004876,CUST01896,2025-01-14,How-To Question,Low,109,Resolved,5
TICK0004877,CUST01897,2026-07-05,Account Access,Low,40,Resolved,4
TICK0004878,CUST01898,2026-07-06,Billing,High,28,Resolved,4
TICK0004879,CUST01898,2026-08-30,Feature Request,Medium,57,Resolved,3
TICK0004880,CUST01898,2026-08-02,Performance,Urgent,6,Resolved,3
TICK0004881,CUST01898,2026-07-23,Feature Request,Low,48,Open,3
TICK0004882,CUST01898,2026-06-29,How-To Question,Low,75,Resolved,4
TICK0004883,CUST01899,2025-06-25,Performance,Low,88,Resolved,4
TICK0004884,CUST01899,2026-03-18,How-To Question,High,36,Pending,5
TICK0004885,CUST01899,2025-09-14,How-To Question,Low,48,Resolved,5
TICK0004886,CUST01899,2025-06-30,Performance,Low,30,Resolved,5
TICK0004887,CUST01900,2026-05-20,How-To Question,MEDIUM,40,Resolved,3
TICK0004888,CUST01900,2026-07-23,How-To Question,High,28,Resolved,5
TICK0004889,CUST01901,2025-07-24,How-To Question,Medium,33,Resolved,5
TICK0004890,CUST01901,2026-09-12,Billing,Low,108,Resolved,4
TICK0004891,CUST01901,2025-03-15,Performance,Low,139,Resolved,3
TICK0004892,CUST01901,2025-04-18,performance,Low,86,Resolved,4
TICK0004893,CUST01902,2026-09-03,Billing,Medium,57,Resolved,3
TICK0004894,CUST01902,2026-08-02,Feature Request,Low,12,Open,2
TICK0004895,CUST01902,2026-07-20,How-To Question,Low,33,Resolved,3
TICK0004896,CUST01904,2024-07-28,Billing,Medium,41,Resolved,2
TICK0004897,CUST01904,2024-07-05,Feature Request,Medium,8,Resolved,3
TICK0004898,CUST01904,2024-02-05,Account Access,High,4,Resolved,5
TICK0004899,CUST01905,2026-08-17,Feature Request,Low,23,Resolved,5
TICK0004900,CUST01906,2026-07-03,Technical Issue,Urgent,4,Resolved,2
TICK0004901,CUST01907,2025-02-03,Account Access,Medium,155,Resolved,1
TICK0004902,CUST01907,2026-03-27,Technical Issue,Medium,50,Resolved,4
TICK0004903,CUST01907,2026-02-19,Performance,High,34,Resolved,3
TICK0004904,CUST01907,2026-02-24,Technical Issue,Medium,66,Resolved,1
TICK0004905,CUST01907,2025-07-12,Integration,Low,167,Pending,5
TICK0004906,CUST01907,2026-06-23,Integration,Low,100,Resolved,3
TICK0004907,CUST01907,2024-12-11,Account Access,Medium,44,Resolved,4
TICK0004908,CUST01907,2026-05-04,Technical Issue,Medium,58,Resolved,1
TICK0004909,CUST01907,2025-06-03,Integration,Medium,84,Resolved,4
TICK0004910,CUST01909,2026-03-16,Feature Request,Low,81,Resolved,5
TICK0004911,CUST01909,2025-11-12,Account Access,High,32,Resolved,5
TICK0004912,CUST01909,2026-06-22,Account Access,Medium,43,Resolved,5
TICK0004913,CUST01911,2025-01-16,How-To Question,Medium,8,Pending,4
TICK0004914,CUST01911,2025-04-20,Feature Request,Medium,50,Pending,5
TICK0004915,CUST01912,2024-08-16,Technical Issue,Medium,52,Open,1
TICK0004916,CUST01912,2024-05-31,Bug Report,Low,62,Resolved,1
TICK0004917,CUST01912,2026-09-19,Performance,Low,138,Resolved,1
TICK0004918,CUST01912,2025-01-01,Performance,High,47,Resolved,1
TICK0004919,CUST01912,2024-05-30,Bug Report,Low,35,Resolved,
TICK0004920,CUST01912,2025-12-14,Performance,Low,196,Resolved,3
TICK0004921,CUST01912,2026-06-09,Account Access,Low,68,Resolved,5
TICK0004922,CUST01915,2025-07-11,Performance,Low,118,Resolved,5
TICK0004923,CUST01915,2026-09-03,How-To Question,Medium,32,Resolved,5
TICK0004924,CUST01915,2026-06-24,Integration,Low,52,Resolved,4
TICK0004925,CUST01916,2026-07-12,Account Access,Low,107,Open,2
TICK0004926,CUST01917,2025-09-28,Feature Request,High,29,Resolved,5
TICK0004927,CUST01917,2026-05-20,Performance,High,27,Resolved,4
TICK0004928,CUST01918,2025-02-23,Feature Request,Medium,40,Resolved,4
TICK0004929,CUST01918,2025-04-04,Integration,Medium,45,Resolved,4
TICK0004930,CUST01919,2025-05-24,How-To Question,Medium,55,Resolved,5
TICK0004931,CUST01919,2025-12-21,Feature Request,Low,67,Resolved,5
TICK0004932,CUST01920,2025-08-06,How-To Question,High,15,Resolved,2
TICK0004933,CUST01920,2025-01-15,Feature Request,Medium,40,Resolved,2
TICK0004934,CUST01920,2024-10-23,Account Access,High,7,Resolved,5
TICK0004935,CUST01921,2025-01-27,Account Access, high,48,Resolved,5
TICK0004936,CUST01922,2025-02-24,Performance,Low,77,Resolved,1
TICK0004937,CUST01922,2026-02-05,Integration,Medium,74,Resolved,1
TICK0004938,CUST01922,2026-08-24,Account Access,Medium,70,Resolved,1
TICK0004939,CUST01922,2025-06-06,Performance,Medium,97,Resolved,1
TICK0004940,CUST01922,2025-03-02,Performance,Low,138,Pending,1
TICK0004941,CUST01922,2024-10-19,Performance,Medium,144,Resolved,2
TICK0004942,CUST01923,2026-07-02,Bug Report,Medium,47,Pending,4
TICK0004943,CUST01924,2025-08-03,Billing,Medium,44,Resolved,4
TICK0004944,CUST01924,2025-07-02,Performance,Low,70,Resolved,3
TICK0004945,CUST01925,2025-09-21,Billing,High,14,Resolved,4
TICK0004946,CUST01925,2026-02-03,FEATURE REQUEST,Medium,30,Resolved,4
TICK0004947,CUST01925,2026-04-29,Performance,Medium,19,Resolved,1
TICK0004948,CUST01925,2026-06-01,Billing,Medium,64,Resolved,5
TICK0004949,CUST01925,2026-09-04,Feature Request,Medium,37,Pending,3
TICK0004950,CUST01926,2026-07-25,Integration,Low,114,Resolved,5
TICK0004951,CUST01927,2026-06-28,Bug Report,Medium,107,Open,5
TICK0004952,CUST01928,2025-05-25,Performance,Low,77,Resolved,4
TICK0004953,CUST01928,2024-03-18,Integration,Low,38,Resolved,3
TICK0004954,CUST01928,2023-10-22,Bug Report,Medium,44,Resolved,5
TICK0004955,CUST01928,2025-04-22,Integration,Medium,43,Resolved,5
TICK0004956,CUST01928,2024-05-28,Account Access,High,14,Resolved,4
TICK0004957,CUST01929,2025-02-14,Billing,Low,87,Resolved,4
TICK0004958,CUST01929,2024-10-03,Performance,Low,103,Resolved,4
TICK0004959,CUST01929 ,2025-09-10,Feature Request,Medium,56,Resolved,3
TICK0004960,CUST01930,2024-01-03,Billing,Urgent,18,Open,5
TICK0004961,CUST01931,2026-01-28,Integration,Medium,38,Resolved,5
TICK0004962,CUST01931,2026-06-23,Bug Report,Medium,50,Resolved,5
TICK0004963,CUST01931,2025-07-21,How-To Question,Medium,34,Resolved,4
TICK0004964,CUST01931,2025-09-28,Integration,Medium,68,Resolved,4
TICK0004965,CUST01932,2026-04-25,Account Access,Low,99,Resolved,4
TICK0004966,CUST01932,2026-06-21,Account Access,High,27,Resolved,1
TICK0004967,CUST01932,2026-05-03,How-To Question,Low,87,Resolved,3
TICK0004968,CUST01933,2026-06-22,How-To Question,Low,51,Resolved,4
TICK0004969,CUST01933,2025-05-16,Performance,Medium,45,Resolved,3
TICK0004970,CUST01933,2025-11-18,Billing,Medium,54,Resolved,4
TICK0004971,CUST01933,2024-11-08,Billing,Low,96,Resolved,3
TICK0004972,CUST01933,2025-06-27,Feature Request,Low,90,Resolved,4
TICK0004973,CUST01934,2026-02-06,Billing,Low,111,Resolved,4
TICK0004974,CUST01934,2026-08-24,Feature Request,Medium,58,Resolved,5
TICK0004975,CUST01934,2026-07-24,Billing,Low,109,Resolved,5
TICK0004976,CUST01934,2026-05-27,Account Access,Low,62,Resolved,4
TICK0004977,CUST01936,2026-06-26,Bug Report,Low,203,Resolved,4
TICK0004978,CUST01936,2026-09-23,Performance,Medium,20,Resolved,1
TICK0004979,CUST01937,2026-01-12,Feature Request,Medium,22,Resolved,5
TICK0004980,CUST01937,2025-10-10,Feature Request,Medium,74,Resolved,1
TICK0004981,CUST01937,2025-03-18,How-To Question,Medium,88,Resolved,3
TICK0004982,CUST01937,2025-09-15,How-To Question,Low,94,Resolved,1
TICK0004983,CUST01938,2026-07-09,How-To Question,Low,83,Resolved,5
TICK0004984,CUST01939,2026-03-14,Integration,Low,94,Pending,1
TICK0004985,CUST01939,2026-06-21,Account Access,High,29,Resolved,3
TICK0004986,CUST01940,2025-03-27,Integration,Medium,83,Resolved,4
TICK0004987,CUST01940,2024-12-06,Performance,Medium,43,Resolved,5
TICK0004988,CUST01940,2024-12-17,How-To Question,Low,62,Resolved,2
TICK0004989,CUST01941,2025-07-25,Performance,Medium,21,Resolved,5
TICK0004990,CUST01942,2025-01-21,Account Access,Low,113,Open,3
TICK0004991,CUST01942,2026-09-22,Technical Issue,Low,85,Pending,1
TICK0004992,CUST01942,2024-04-08,Account Access,Low,76,Resolved,1
TICK0004993,CUST01942,01/07/2025,Performance,Low,126,Resolved,4
TICK0004994,CUST01942,2025-02-03,Performance,High,37,Resolved,1
TICK0004995,CUST01942,2026-01-27,Account Access,Low,138,Resolved,1
TICK0004996,CUST01943,2025-02-04,How-To Question,Medium,27,Resolved,5
TICK0004997,CUST01944,2026-08-11,How-To Question,Medium,48,Resolved,3
TICK0004998,CUST01944,2026-09-06,Billing,Low,83,Pending,4
TICK0004999,CUST01944,2026-09-06,Billing,Urgent,18,Resolved,3
TICK0005000,CUST01945,2026-01-05,Bug Report,Low,98,Resolved,2
TICK0005001,CUST01945,2025-03-01,Integration,Low,107,Resolved,1
TICK0005002,CUST01945,2025-06-24,Account Access,Medium,137,Resolved,1
TICK0005003,CUST01945,2025-11-23,Performance,Medium,74,Pending,1
TICK0005004,CUST01946,2025-06-21,Performance,High,26,Resolved,5
TICK0005005,CUST01947,2026-01-13,Technical Issue,Medium,65,Resolved,4
TICK0005006,CUST01948,2026-05-18,Billing,Low,69,Resolved,3
TICK0005007,CUST01948,2025-04-05,Feature Request,High,14,Resolved,3
TICK0005008,CUST01949,2025-04-19,Feature Request,Medium,37,Resolved,5
TICK0005009,CUST01950,2024-08-02,Technical Issue,Low,116,Resolved,4
TICK0005010,CUST01951,2024-09-13,Bug Report,Low,25,Resolved,4
TICK0005011,CUST01952,2026-08-08,Feature Request,Low,89,Resolved,4
TICK0005012,CUST01953,2025-11-05,Integration,Medium,12,Resolved,5
TICK0005013,CUST01953,2026-09-09,Performance,Low,82,Resolved,1
TICK0005014,CUST01953,2025-06-16,Bug Report,Low,94,Resolved,3
TICK0005015,CUST01953,2025-10-27,Bug Report,Medium,91,Resolved,2
TICK0005016,CUST01953,2026-05-01,Account Access,Medium,94,Resolved,1
TICK0005017,CUST01953,2025-09-24,Integration,Medium,56,Resolved,1
TICK0005018,CUST01953,2026-01-23,Integration,Medium,146,Resolved,3
TICK0005019,CUST01953,2026-04-14,Technical Issue,Low,35,Resolved,2
TICK0005020,CUST01953,2025-06-03,Integration,Low,154,Resolved,1
TICK0005021,CUST01954,2024-10-23,Integration,Medium,77,Resolved,1
TICK0005022,CUST01955,2026-02-08,Account Access,High,26,Resolved,5
TICK0005023,CUST01955,2025-09-17,How-To Question,Low,85,Resolved,5
TICK0005024,CUST01955,2024-04-06,Account Access,Low,88,Resolved,3
TICK0005025,CUST01956,2025-08-26,Performance,Low,117,Resolved,5
TICK0005026,CUST01956,2025-08-21,Billing,High,21,Resolved,4
TICK0005027,CUST01957,2026-01-19,Performance,Medium,46,Resolved,3
TICK0005028,CUST01957,2026-08-01,Feature Request,Medium,47,Resolved,3
TICK0005029,CUST01958,2026-06-14,Account Access,Medium,54,Resolved,1
TICK0005030,CUST01958,2026-08-21,Technical Issue,Low,113,Resolved,1
TICK0005031,CUST01958,2026-07-05,Account Access,Medium,100,Resolved,2
TICK0005032,CUST01958,2026-03-30,Performance,Medium,38,Resolved,1
TICK0005033,CUST01959,2025-12-27,Integration,Urgent,7,Resolved,4
TICK0005034,CUST01959,2025-05-15,Performance,Low,105,Resolved,5
TICK0005035,CUST01960,2026-08-26,How-To Question,Medium,66,Resolved,5
TICK0005036,CUST01960,2026-01-21,Billing,Low,78,Pending,2
TICK0005037,CUST01960,2026-02-07,Billing,Medium,52,Pending,4
TICK0005038,CUST01960,2025-05-28,Feature Request,High,27,Resolved,5
TICK0005039,CUST01960,2026-06-06,How-To Question,Low,58,Resolved,4
TICK0005040,CUST01961,2025-12-09,Technical Issue,High,31,Resolved,4
TICK0005041,CUST01962,2026-08-07,Billing,Medium,64,Resolved,5
TICK0005042,CUST01963,2026-01-22,Integration,Low,189,Resolved,2
TICK0005043,CUST01963,2025-01-05,Performance,Medium,82,Resolved,4
TICK0005044,CUST01963,2024-10-16,Technical Issue,Medium,50,Resolved,3
TICK0005045,CUST01963,2023-11-24,Account Access,High,22,Resolved,3
TICK0005046,CUST01963,2024-11-28,Technical Issue,Low,150,Resolved,3
TICK0005047,CUST01963,2024-02-15,Bug Report,Low,180,Resolved,3
TICK0005048,CUST01963,2024-02-14,Bug Report,Medium,60,Resolved,1
TICK0005049,CUST01963,2025-11-27,Performance,Medium,87,Resolved,1
TICK0005050,CUST01965,2026-08-29,Bug Report,Low,97,Pending,5
TICK0005051,CUST01965,2026-03-08,Feature Request,Medium,17,Resolved,4
TICK0005052,CUST01966,2025-11-18,Bug Report,Low,59,Resolved,3
TICK0005053,CUST01967,2025-08-26,Account Access,Low,82,Resolved,3
TICK0005054,CUST01968,2025-02-23,How-To Question,Urgent,14,Resolved,3
TICK0005055,CUST01968,2024-07-24,Technical Issue,Low,31,Resolved,4
TICK0005056,CUST01968,2026-02-14,Integration,Low,73,Resolved,3
TICK0005057,CUST01968,2025-04-12,How-To Question,Low,113,Resolved,4
TICK0005058,CUST01968,08/09/2025,Bug Report,Low,79,Resolved,4
TICK0005059,CUST01968,2023-12-28,Billing,Medium,40,Resolved,5
TICK0005060,CUST01968,2025-04-28,How-To Question,Medium,48,Open,4
TICK0005061,CUST01969,2025-11-28,Integration,Medium,66,Resolved,3
TICK0005062,CUST01969,2025-01-30,Performance,Low,55,Resolved,5
TICK0005063,CUST01970,2024-09-12,Integration,Low,30,Resolved,4
TICK0005064,CUST01970,2024-11-21,Account Access,Low,60,Resolved,5
TICK0005065,CUST01971,2025-04-24,Bug Report,High,47,Resolved,1
TICK0005066,CUST01971,2024-12-21,Integration,Medium,89,Resolved,3
TICK0005067,CUST01971,2025-09-19,Integration,Low,215,Open,2
TICK0005068,CUST01971,2024-11-13,Technical Issue,Medium,110,Resolved,2
TICK0005069,CUST01971,2025-02-19,Technical Issue,Low,46,Resolved,4
TICK0005070,CUST01971,2025-06-05,Bug Report,High,51,Resolved,1
TICK0005071,CUST01971,2025-08-09,Account Access,Medium,108,Resolved,3
TICK0005072,CUST01971,2024-11-07,Integration,Medium,125,Resolved,1
TICK0005073,CUST01971,2025-11-03,Account Access,Medium,93,Resolved,2
TICK0005074,CUST01971,2025-12-19,Technical Issue,Low,66,Resolved,2
TICK0005075,CUST01971,2024-12-22,Technical Issue,Low,147,Resolved,1
TICK0005076,CUST01971,2026-03-02,Performance,Medium,53,Resolved,2
TICK0005077,CUST01971,2025-03-22,Performance,Medium,67,Pending,2
TICK0005078,CUST01971,2025-07-05,Account Access,Low,63,Resolved,1
TICK0005079,CUST01973,2026-08-23,How-To Question,Low,19,Open,2
TICK0005080,CUST01974,2025-06-18,Account Access,Medium,22,Resolved,4
TICK0005081,CUST01975,2024-05-24,Account Access,Medium,44,Resolved,3
TICK0005082,CUST01976,2026-04-11,Bug Report,Low,117,Resolved,4
TICK0005083,CUST01976,2025-01-02,Integration,MEDIUM,42,Resolved,4
TICK0005084,CUST01977,2026-02-21,Performance,Low,132,Resolved,3
TICK0005085,CUST01977,2026-04-30,Bug Report,Medium,43,Resolved,1
TICK0005086,CUST01977,2026-04-27,Technical Issue,Medium,51,Resolved,5
TICK0005087,CUST01979,2026-02-08,Bug Report,Low,100,Resolved,2
TICK0005088,CUST01979,2026-04-01,Technical Issue,High,25,Resolved,1
TICK0005089,CUST01979,2026-03-14,Bug Report,High,29,Open,3
TICK0005090,CUST01979,2026-05-19,Integration,High,40,Resolved,2
TICK0005091,CUST01979,2026-04-05,Technical Issue,Low,46,Resolved,2
TICK0005092,CUST01980,2026-09-03,Account Access,Low,65,Resolved,3
TICK0005093,CUST01980,2026-08-25,How-To Question,High,23,Resolved,5
TICK0005094,CUST01981,2025-07-20,Billing,High,11,Open,5
TICK0005095,CUST01981,2026-01-15,Integration,Low,70,Resolved,5
TICK0005096,CUST01982,07/06/2026,Bug Report,Medium,52,Resolved,4
TICK0005097,CUST01982,2026-08-17,Feature Request,Low,39,Resolved,4
TICK0005098,CUST01982,2026-07-21,Account Access,Medium,68,Resolved,4
TICK0005099,CUST01983,2024-08-13,Account Access,Low,63,Resolved,5
TICK0005100,CUST01983,2026-04-17,Integration,Medium,59,Resolved,1
TICK0005101,CUST01983,2026-05-27,Performance,Medium,44,Resolved,1
TICK0005102,CUST01983,2024-12-03,Account Access,Medium,78,Resolved,2
TICK0005103,CUST01985,2026-04-02,Performance,Low,143,Resolved,3
TICK0005104,CUST01985,2026-01-28,Performance,High,36,Resolved,1
TICK0005105,CUST01985,2026-04-02,Bug Report,Low,101,Resolved,2
TICK0005106,CUST01985,2026-05-29,Integration,Low,154,Resolved,3
TICK0005107,CUST01985,2025-12-19,Integration,Low,85,Resolved,1
TICK0005108,CUST01985,2026-07-08,Bug Report,Low,53,Resolved,2
TICK0005109,CUST01985 ,2025-12-07,Technical Issue,High,27,Resolved,2
TICK0005110,CUST01986,2026-05-28,Bug Report,High,35,Resolved,2
TICK0005111,CUST01986,2026-07-03,Performance,Medium,38,Open,2
TICK0005112,CUST01986,2026-06-24,Performance,High,40,resolved,2
TICK0005113,CUST01986,2026-08-01,Technical Issue,Low,179,Resolved,4
TICK0005114,CUST01987,2026-09-15,How-To Question,Medium,63,Resolved,4
TICK0005115,CUST01987,2026-05-08,Feature Request,Low,142,Resolved,2
TICK0005116,CUST01987,2026-07-23,How-To Question,Low,28,Resolved,5
TICK0005117,CUST01988,2026-03-20,Bug Report,Medium,54,Resolved,4
TICK0005118,CUST01989,2026-01-13,How-To Question,Medium,80,Resolved,3
TICK0005119,CUST01989,2026-09-16,Account Access,Medium,50,Resolved,4
TICK0005120,CUST01989,2025-10-08,Feature Request,Medium,59,Resolved,5
TICK0005121,CUST01989,2026-09-21,Bug Report,Low,69,Resolved,5
TICK0005122,CUST01990,2026-01-31,Account Access,Medium,87,Resolved,4
TICK0005123,CUST01990,2026-08-15,Account Access,High,14,Resolved,3
TICK0005124,CUST01990,2026-03-11,Account Access,High,58,Resolved,3
TICK0005125,CUST01991,2024-12-06,How-To Question,Medium,51,Resolved,4
TICK0005126,CUST01992,2024-10-14,How-To Question,Medium,51,Resolved,3
TICK0005127,CUST01992,2024-11-10,Feature Request,Low,56,Resolved,3
TICK0005128,CUST01993,2025-08-07,Performance,Medium,35,Resolved,4
TICK0005129,CUST01993,2026-02-20,Bug Report,Low,73,Resolved,5
TICK0005130,CUST01994,2026-08-07,Account Access,Medium,13,Resolved,5
TICK0005131,CUST01994,2026-04-19,Performance,High,17,Resolved,5
TICK0005132,CUST01996,2026-09-09,Feature Request,Medium,36,Resolved,4
TICK0005133,CUST01996,2026-02-19,Performance,Medium,62,Resolved,5
TICK0005134,CUST01996,2026-03-24,Feature Request,Medium,8,Resolved,3
TICK0005135,CUST01997,2026-07-05, billing,Medium,64,Resolved,4
TICK0005136,CUST01997,2026-04-21,Performance,Medium,51,Resolved,4
TICK0005137,CUST01997,2026-02-03,Technical Issue,Medium,90,Resolved,3
TICK0005138,CUST01998,2024-08-20,Performance,Low,55,Resolved,3
TICK0005139,CUST01998,2025-02-13,Billing,Low,51,Resolved,5
TICK0005140,CUST02000,2025-09-01,Technical Issue,Low,46,Open,5
TICK0005141,CUST02000,2024-12-04,Technical Issue,Urgent,14,Resolved,5
TICK0005142,CUST02000,2026-05-24,Integration,Low,59,Resolved,4
TICK0005143,CUST02002,2026-08-25,Bug Report,Medium,59,Resolved,4
TICK0005144,CUST02003,2026-09-08,Feature Request,Medium,43,Resolved,4
TICK0005145,CUST02003,2026-09-14,Billing,Low,90,Resolved,4
TICK0005146,CUST02003,2026-08-01,Billing,Low,90,Resolved,4
TICK0005147,CUST02003,2026-07-20,Account Access,Medium,43,Resolved,5
TICK0005148,CUST02004,2025-01-20,Performance,Medium,106,Pending,3
TICK0005149,CUST02004,2025-09-10,Technical Issue,Low,160,Resolved,2
TICK0005150,CUST02004,2026-06-03,Integration,Low,162,Resolved,2
TICK0005151,CUST02004,2026-05-29,Performance,Medium,138,Resolved,1
TICK0005152,CUST02004,2025-06-28,Performance,Medium,66,Resolved,3
TICK0005153,CUST02005,2026-09-06,Feature Request,High,8,Resolved,5
TICK0005154,CUST02006,2026-02-08,Integration,Medium,47,Resolved,3
TICK0005155,CUST02006,2024-08-30,Account Access,Medium,71,Resolved,1
TICK0005156,CUST02006,2025-06-11,Technical Issue,Low,155,Resolved,1
TICK0005157,CUST02006,2025-05-22,Account Access,low,95,Resolved,1
TICK0005158,CUST02006,2025-01-23,Account Access,Medium,121,Open,2
TICK0005159,CUST02006,2026-06-11,Integration,High,25,Pending,1
TICK0005160,CUST02007,2026-07-17,Integration,Medium,49,Resolved,1
TICK0005161,CUST02007,2026-09-05,Performance,Low,179,Resolved,2
TICK0005162,CUST02007,2026-08-15,Performance,Low,72,Resolved,2
TICK0005163,CUST02009,2025-07-09,Billing,Medium,16,Resolved,
TICK0005164,CUST02010,2026-09-16,How-To Question,Low,68,Resolved,4
TICK0005165,CUST02011,2024-11-04,Integration,Medium,65,Resolved,1
TICK0005166,CUST02011,2025-03-16,Technical Issue,Low,123,Resolved,3
TICK0005167,CUST02011,2024-12-29,Bug Report,Low,122,Resolved,3
TICK0005168,CUST02011,2025-02-17,Integration,Low,83,Resolved,1
TICK0005169,CUST02011,2024-12-29,Technical Issue,Low,115,Resolved,1
TICK0005170,CUST02011 ,2025-02-24,Integration,Medium,104,Open,2
TICK0005171,CUST02011 ,2024-11-27,Technical Issue,Low,54,Resolved,3
TICK0005172,CUST02011,2024-12-28,Account Access,High,31,Resolved,1
TICK0005173,CUST02012,2025-05-21,How-To Question,Low,76,resolved,5
TICK0005174,CUST02012,2025-07-19,Performance,MEDIUM,30,Resolved,4
TICK0005175,CUST02013,2026-03-09,Billing,Medium,41,Resolved,4
TICK0005176,CUST02013,2026-06-11,Feature Request,Low,59,Resolved,1
TICK0005177,CUST02014,2024-08-06,How-To Question,Low,78,Resolved,5
TICK0005178,CUST02014,2024-12-20,Account Access,High,16,Resolved,4
TICK0005179,CUST02014,2026-06-29,Bug Report,Low,34,Resolved,5
TICK0005180,CUST02014,2024-06-12,Technical Issue,Low,63,Open,4
TICK0005181,CUST02015,2025-08-22,Feature Request,Medium,44,Resolved,3
TICK0005182,CUST02015,2024-04-22,Feature Request,Low,100,Resolved,5
TICK0005183,CUST02015,2025-03-21,Account Access,Medium,59,Resolved,3
TICK0005184,CUST02016,2026-06-27,Technical Issue,Medium,43,Resolved,3
TICK0005185,CUST02016,2026-07-29,Billing,Medium,46,Resolved,5
TICK0005186,CUST02016,2026-07-27,Account Access,Low,96,Resolved,4
TICK0005187,CUST02016,2026-06-17,bug report,Low,96,Resolved,4
TICK0005188,CUST02016,2026-09-06,Performance,Medium,24,Resolved,4
TICK0005189,CUST02017,2025-11-24,Billing,Medium,16,Resolved,5
TICK0005190,CUST02019,2024-07-19,Technical Issue,Low,12,resolved,4
TICK0005191,CUST02020,2026-07-22,Feature Request,Low,119,Resolved,4
TICK0005192,CUST02020,2026-07-09,Integration,Medium,24,Resolved,5
TICK0005193,CUST02021,2024-09-13,How-To Question,Low,41,Resolved,4
TICK0005194,CUST02021,2025-04-21,How-To Question,Medium,29,Resolved,2
TICK0005195,CUST02021,2025-04-07,Feature Request,High,38,Resolved,3
TICK0005196,CUST02021,2025-03-06,How-To Question,Low,57,Resolved,3
TICK0005197,CUST02023,2026-02-27,Account Access,Medium,28,Resolved,4
TICK0005198,CUST02023,2025-04-20,How-To Question,High,25,Resolved,4
TICK0005199,CUST02024,2026-04-11,Performance,Low,73,Resolved,4
TICK0005200,CUST02024,2025-11-10,Integration,Low,24,Resolved,4
TICK0005201,CUST02024,2026-03-27,Integration,Low,49,Resolved,3
TICK0005202,CUST02025,2025-11-16,Billing,Medium,109,Resolved,3
TICK0005203,CUST02025,2026-09-14,Feature Request,Low,89,Resolved,5
TICK0005204,CUST02025,2025-07-28,Feature Request,High,20,Resolved,4
TICK0005205,CUST02025,2025-12-02,Feature Request,Low,48,Resolved,4
TICK0005206,CUST02026,2024-07-24,Bug Report,Low,114,Resolved,5
TICK0005207,CUST02026,2024-10-20,Feature Request,Low,72,Resolved,5
TICK0005208,CUST02026,2026-09-02,How-To Question,Low,72,Resolved,4
TICK0005209,CUST02026,2025-02-21,How-To Question,High,31,Resolved,3
TICK0005210,CUST02027,2026-08-11,Technical Issue,Low,46,Open,3
TICK0005211,CUST02027,2026-04-26,Performance,Medium,64,Resolved,1
TICK0005212,CUST02027,2026-09-10,Technical Issue,Medium,16,Resolved,1
TICK0005213,CUST02027,2026-07-11,Performance,Medium,77,Resolved,1
TICK0005214,CUST02027,2026-08-28,Account Access,Low,120,Resolved,2
TICK0005215,CUST02027,2026-07-12,Performance,Medium,88,Resolved,3
TICK0005216,CUST02027,2026-05-25,Bug Report,Medium,83,Resolved,1
TICK0005217,CUST02028,2026-05-24,Account Access,Medium,37,Resolved,3
TICK0005218,CUST02028,2026-08-06,Feature Request,Low,53,Resolved,4
TICK0005219,CUST02029,2026-08-08,Technical Issue,High,29,Resolved,2
TICK0005220,CUST02029,2025-06-22,Integration,Medium,55,Pending,4
TICK0005221,CUST02030,2026-08-14,Performance,High,33,Resolved,4
TICK0005222,CUST02030,2026-06-25,How-To Question,Low,34,Resolved,3
TICK0005223,CUST02030,2026-07-29,Billing,Low,85,Resolved,4
TICK0005224,CUST02030,2026-04-12,How-To Question,Medium,43,resolved,4
TICK0005225,CUST02030,2026-06-11,Billing,High,16,Resolved,3
TICK0005226,CUST02031,2026-01-02,Performance,Low,124,Resolved,2
TICK0005227,CUST02032 ,2026-08-05,Bug Report,Medium,101,Pending,2
TICK0005228,CUST02032,2025-10-12,Account Access,Low,78,Resolved,2
TICK0005229,CUST02032,2026-08-08,Performance,Medium,108,Open,2
TICK0005230,CUST02032,2025-11-25,Bug Report,Low,91,Open,1
TICK0005231,CUST02034,2025-03-22,Integration,Medium,46,Resolved,4
TICK0005232,CUST02034,2026-03-03,Feature Request,Low,38,Resolved,4
TICK0005233,CUST02035,2025-07-29,Feature Request,Medium,46,Resolved,1
TICK0005234,CUST02035,2025-02-10,Billing,Low,14,Resolved,3
TICK0005235,CUST02036,2025-10-19,Bug Report,Low,74,Resolved,4
TICK0005236,CUST02037,2025-02-22,Billing,Medium,62,Resolved,5
TICK0005237,CUST02038,2025-07-14,Feature Request,Medium,27,Resolved,5
TICK0005238,CUST02038,2025-04-20,Feature Request,Low,91,Resolved,5
TICK0005239,CUST02039,2026-06-21,Integration,Medium,22,Resolved,4
TICK0005240,CUST02039,2026-09-13,Integration,Low,51,Resolved,5
TICK0005241,CUST02039,09/07/2026,Bug Report,Medium,87,Resolved,3
TICK0005242,CUST02040,2025-04-03,Billing,Urgent,22,Resolved,4
TICK0005243,CUST02040,2026-02-12,Bug Report,Low,50,Resolved,4
TICK0005244,CUST02041,2026-08-18,Billing,High,12,Resolved,3
TICK0005245,CUST02041,2026-09-08,Billing,Low,78,Resolved,4
TICK0005246,CUST02041,2026-09-22,How-To Question,High,18,Resolved,3
TICK0005247,CUST02042,2026-06-10,Integration,Medium,82,Resolved,3
TICK0005248,CUST02042,2026-08-29,Bug Report,Low,84,Resolved,5
TICK0005249,CUST02042,2026-06-09,Performance,Medium,80,Resolved,1
TICK0005250,CUST02042,2026-05-17,Performance,Medium,53,Resolved,1
TICK0005251,CUST02043,2025-11-11,Feature Request,Medium,53,Resolved,5
TICK0005252,CUST02044,2026-08-23,Account Access,Low,76,Resolved,5
TICK0005253,CUST02044,2026-06-18,Performance,Low,24,Resolved,4
TICK0005254,CUST02045,2024-08-13,Bug Report,Medium,40,Resolved,4
TICK0005255,CUST02045,2024-12-25,Feature Request,Low,100,Resolved,4
TICK0005256,CUST02047,2025-09-24,Feature Request,Medium,52,Resolved,5
TICK0005257,CUST02047,2025-11-01,Performance,High,31,Resolved,5
TICK0005258,CUST02047,2025-10-12,Feature Request,Low,82,Resolved,2
TICK0005259,CUST02048,2026-03-31,Bug Report,Low,139,Resolved,5
TICK0005260,CUST02049,2026-08-08,Billing,Low,94,Resolved,2
TICK0005261,CUST02050,2025-12-01,Feature Request,Medium,49,Resolved,5
TICK0005262,CUST02051,2025-10-24,Technical Issue,Low,128,Pending,5
TICK0005263,CUST02051,2025-11-05,Integration,Low,55,Resolved,3
TICK0005264,CUST02051,2026-04-11,Billing,Low,105,Resolved,4
TICK0005265,CUST02051,2026-03-10,Feature Request,High,21,Resolved,5
TICK0005266,CUST02052,2024-11-12,How-To Question,Urgent,11,Resolved,1
TICK0005267,CUST02053,2025-11-30,Technical Issue,Low,37,Resolved,5
TICK0005268,CUST02053,2026-05-19,Bug Report,High,33,Resolved,5
TICK0005269,CUST02053,2026-01-31,Integration,Low,85,Resolved,3
TICK0005270,CUST02054,2026-04-27,Technical Issue,High,39,Resolved,4
TICK0005271,CUST02054,2026-01-09,Account Access,Low,102,Resolved,5
TICK0005272,CUST02054,2025-03-27,Billing,Low,75,Resolved,5
TICK0005273,CUST02055,2024-08-06,Performance,Low,23,Resolved,3
TICK0005274,CUST02056,2024-08-20,Integration,Medium,36,Resolved,4
TICK0005275,CUST02057,2026-05-23,Integration,Low,111,Resolved,2
TICK0005276,CUST02057,2025-10-02,Integration,High,13,Resolved,2
TICK0005277,CUST02057,2025-12-01,Performance,Low,78,Pending,5
TICK0005278,CUST02058,2026-08-27,Performance,Urgent,26,Resolved,4
TICK0005279,CUST02058,2026-08-02,How-To Question,Low,12,Resolved,3
TICK0005280,CUST02059,2025-01-11,Billing,Low,12,Resolved,1
TICK0005281,CUST02059,2025-08-08,Feature Request,Medium,49,Resolved,2
TICK0005282,CUST02059,2026-01-01,Performance,Medium,10,Resolved,3
TICK0005283,CUST02059,2025-08-18,How-To Question,Medium,79,Resolved,3
TICK0005284,CUST02059,2025-12-16,Billing,Medium,38,Resolved,3
TICK0005285,CUST02060,2025-12-05,Feature Request,Urgent,14,Resolved,3
TICK0005286,CUST02060,2026-08-08,How-To Question,Medium,85,Pending,5
TICK0005287,CUST02061,2025-06-16,Bug Report,Low,90,Resolved,5
TICK0005288,CUST02061,2024-07-11,Feature Request,Medium,48,Resolved,3
TICK0005289,CUST02062,2026-04-08,Technical Issue,Medium,78,Resolved,2
TICK0005290,CUST02062,2026-04-02,Bug Report,Medium,49,Resolved,3
TICK0005291,CUST02062,2026-06-29,Integration,Medium,146,Resolved,2
TICK0005292,CUST02062,2026-06-22,Bug Report,Low,191,Resolved,1
TICK0005293,CUST02062,2026-02-06,Integration,Low,111,Resolved,3
TICK0005294,CUST02062,2025-10-07,Bug Report,Low,114,Pending,1
TICK0005295,CUST02063,2026-07-08,Integration,Low,171,Pending,1
TICK0005296,CUST02063,2026-08-11,Performance,Medium,117,Resolved,5
TICK0005297,CUST02063,2026-04-26,Account Access,Low,141,Resolved,3
TICK0005298,CUST02064,2026-06-02,Billing,Low,68,Resolved,5
TICK0005299,CUST02064,2025-12-14,Performance,Low,118,Resolved,5
TICK0005300,CUST02064,2024-04-25,Technical Issue,Low,78,Pending,3
TICK0005301,CUST02065,2026-03-10,Integration,Urgent,13,Resolved,2
TICK0005302,CUST02065,2025-11-01,Technical Issue,Medium,81,Resolved,1
TICK0005303,CUST02065,2026-04-07,Integration,Medium,112,Resolved,1
TICK0005304,CUST02065,2025-11-22,Bug Report,Low,77,Resolved,2
TICK0005305,CUST02065,10/13/2025,Bug Report,Low,64,Resolved,1
TICK0005306,CUST02065,10/07/2025,Account Access,Low,91,Resolved,1
TICK0005307,CUST02065,2026-01-13,INTEGRATION,Medium,57,Resolved,3
TICK0005308,CUST02065,2026-02-09,Integration,Medium,26,Open,1
TICK0005309,CUST02066,2026-08-09,Bug Report,Medium,62,Resolved,4
TICK0005310,CUST02066,2026-06-19,Account Access,Low,56,Resolved,5
TICK0005311,CUST02066,2026-09-13,Account Access,Low,40,Resolved,5
TICK0005312,CUST02066,2026-06-09,Technical Issue,MEDIUM,59,Open,5
TICK0005313,CUST02066,2026-08-17,Performance,Low,30,Resolved,3
TICK0005314,CUST02067,2025-07-27,How-To Question,Medium,68,Pending,1
TICK0005315,CUST02067,2025-04-05,How-To Question,Medium,43,Resolved,2
TICK0005316,CUST02068,2026-08-29,Performance,Medium,57,Pending,5
TICK0005317,CUST02068,2026-07-20,Feature Request,Medium,46,Resolved,4
TICK0005318,CUST02069,2025-03-24,How-To Question,Low,71,Resolved,4
TICK0005319,CUST02069,2026-08-20,Billing,Medium,45,Resolved,4
TICK0005320,CUST02069,2026-02-05,Account Access,Medium,54,Resolved,5
TICK0005321,CUST02070,2026-07-31,Billing,Low,87,Resolved,1
TICK0005322,CUST02071,2024-09-21,Performance,Low,80,Resolved,2
TICK0005323,CUST02071,2024-06-29,Bug Report,Low,191,Resolved,1
TICK0005324,CUST02071,2024-07-26,Account Access,Medium,52,Resolved,1
TICK0005325,CUST02071,2025-12-17,Bug Report,Medium,86,Resolved,2
TICK0005326,CUST02071,2026-06-08,Bug Report,Low,122,Resolved,2
TICK0005327,CUST02072,2026-01-19,Performance,Low,95,Resolved,5
TICK0005328,CUST02072,2025-10-13,Performance,Medium,51,Resolved,2
TICK0005329,CUST02072,2026-06-16,Account Access,Low,53,Resolved,5
TICK0005330,CUST02072,2026-04-22,Bug Report,Low,81,Open,2
TICK0005331,CUST02072,2026-04-08,Technical Issue,High,39,Resolved,1
TICK0005332,CUST02072,12/03/2025,Integration,Medium,65,Resolved,5
TICK0005333,CUST02073,2026-09-19,Bug Report,High,4,Resolved,5
TICK0005334,CUST02074,2025-12-18,Integration,High,55,Resolved,1
TICK0005335,CUST02074,2026-06-20,Account Access,Medium,64,Resolved,1
TICK0005336,CUST02074,2025-12-03,Account Access,High,43,Resolved,2
TICK0005337,CUST02074,2026-08-02,Technical Issue,Medium,38,Resolved,1
TICK0005338,CUST02075,2025-08-20,Performance,Medium,87,Resolved,2
TICK0005339,CUST02075,2025-09-01,Performance,Low,42,Resolved,1
TICK0005340,CUST02075,06/04/2025,Performance,Medium,36,Resolved,4
TICK0005341,CUST02075,2026-05-31,Account Access,Medium,97,Open,4
TICK0005342,CUST02076,2026-02-17,Feature Request,Medium,52,Resolved,3
TICK0005343,CUST02076,2026-03-08,Technical Issue,Medium,30,Resolved,3
TICK0005344,CUST02076,2026-09-10,Billing,Low,59,Resolved,5
TICK0005345,CUST02076,2026-09-21,Bug Report,Medium,28,Resolved,4
TICK0005346,CUST02077,2025-07-20,Bug Report,Medium,112,Resolved,1
TICK0005347,CUST02077,2026-07-04,Technical Issue,Medium,92,Resolved,5
TICK0005348,CUST02077,2026-06-12,Bug Report,Low,95,Resolved,1
TICK0005349,CUST02077,2025-11-18,Technical Issue,Low,191,Resolved,1
TICK0005350,CUST02077,2026-07-24,Bug Report,Urgent,27,Resolved,2
TICK0005351,CUST02078,2026-05-13,Feature Request,Urgent,15,Resolved,4
TICK0005352,CUST02078,2026-09-08,Technical Issue,Medium,33,Resolved,5
TICK0005353,CUST02078,2026-04-07,Performance,Medium,61,Resolved,5
TICK0005354,CUST02079,2026-06-25,How-To Question,Low,26,Resolved,3
TICK0005355,CUST02079,2024-05-22,Integration,Medium,56,Resolved,4
TICK0005356,CUST02080,10/02/2025,Technical Issue,Medium,88,Resolved,2
TICK0005357,CUST02080,2026-01-27,Performance,Low,77,Resolved,2
TICK0005358,CUST02080,2026-05-12,Account Access,Low,153,Resolved,5
TICK0005359,CUST02080,2025-10-22,Technical Issue,High,69,Resolved,3
TICK0005360,CUST02080,2025-04-25,Integration,Low,27,Resolved,5
TICK0005361,CUST02080,2025-04-27,Technical Issue,Low,80,Resolved,2
TICK0005362,CUST02081,2025-10-25,Performance,Low,173,Resolved,1
TICK0005363,CUST02081,2025-12-30,Integration,Low,168,Resolved,1
TICK0005364,CUST02081,2025-12-27,Bug Report,High,45,Resolved,1
TICK0005365,CUST02081,2025-10-10,bug report,Medium,30,Resolved,3
TICK0005366,CUST02081,2026-01-15,Account Access,Medium,35,Resolved,4
TICK0005367,CUST02082,2025-06-05,Billing,Medium,47,Resolved,4
TICK0005368,CUST02082,2025-07-17,Feature Request,Low,57,Resolved,5
TICK0005369,CUST02082,2025-06-28,How-To Question,Medium,72,Resolved,5
TICK0005370,CUST02083,2024-08-11,How-To Question,Medium,35,Resolved,3
TICK0005371,CUST02084,2026-06-21,Billing,Low,12,Resolved,5
TICK0005372,CUST02084,2025-11-20,How-To Question,High,24,Resolved,4
TICK0005373,CUST02085,2026-05-11,Performance,Low,63,Resolved,4
TICK0005374,CUST02086,2024-08-15,How-To Question,Low,81,Resolved,3
TICK0005375,CUST02086,2025-08-19,Performance,Medium,38,Resolved,2
TICK0005376,CUST02086,2025-08-31,Feature Request,Medium,62,Resolved,5
TICK0005377,CUST02086,2026-02-21,Performance,Medium,58,Resolved,5
TICK0005378,CUST02087,2025-01-08,Performance,Urgent,22,Resolved,1
TICK0005379,CUST02087,2025-04-25,Performance,Low,99,Resolved,2
TICK0005380,CUST02087,2024-10-03,Integration,Low,78,Resolved,3
TICK0005381,CUST02087,2024-06-07,Integration,Low,147,Resolved,4
TICK0005382,CUST02089,2025-11-12,Feature Request,Low,75,Resolved,4
TICK0005383,CUST02089,2025-01-23,Feature Request,Low,12,Resolved,1
TICK0005384,CUST02089,2025-01-16,Bug Report,Low,82,Resolved,5
TICK0005385,CUST02089,2026-08-03,Bug Report,Medium,87,Pending,5
TICK0005386,CUST02090,2026-04-14,Performance,Medium,32,Resolved,3
TICK0005387,CUST02090,2025-01-25,Feature Request,Medium,58,Resolved,3
TICK0005388,CUST02090,2023-12-26,Performance,Low,63,Resolved,1
TICK0005389,CUST02091,2025-03-02,How-To Question,High,32,Resolved,5
TICK0005390,CUST02091,2025-12-04,Account Access,High,30,Pending,3
TICK0005391,CUST02092,2025-10-30,Feature Request,Medium,52,Resolved,5
TICK0005392,CUST02092,2026-08-18,Technical Issue,Urgent,2,Resolved,4
TICK0005393,CUST02093,05/16/2026,How-To Question,Medium,30,Resolved,5
TICK0005394,CUST02094 ,2026-01-16,How-To Question,Low,27,Resolved,4
TICK0005395,CUST02095,2026-01-12,How-To Question,Low,65,Resolved,4
TICK0005396,CUST02095,2025-09-20,Account Access,Medium,73,Resolved,3
TICK0005397,CUST02096,2025-10-17,Feature Request,Low,82,Resolved,3
TICK0005398,CUST02096,2026-01-25,Performance,Low,30,Resolved,5
TICK0005399,CUST02097,2024-07-28,Technical Issue,Medium,54,Resolved,4
TICK0005400,CUST02097,2026-02-05,Bug Report,High,19,Resolved,5
TICK0005401,CUST02097,2025-09-05,Technical Issue,Medium,68,Resolved,4
TICK0005402,CUST02098,2026-08-22,Account Access,Medium,34,Resolved,4
TICK0005403,CUST02098,2026-07-17,Feature Request,Medium,54,Pending,3
TICK0005404,CUST02098,2026-07-08,How-To Question,Medium,49,Resolved,4
TICK0005405,CUST02099,2026-01-04,How-To Question,Urgent,15,Resolved,4
TICK0005406,CUST02099,2026-04-27,Feature Request,High,4,Resolved,1
TICK0005407,CUST02099,2025-08-16,How-To Question,Low,68,Pending,3
TICK0005408,CUST02100,2024-10-27,Integration,Low,122,Resolved,4
TICK0005409,CUST02101,2026-03-30, billing,Medium,35,Resolved,4
TICK0005410,CUST02101,2026-07-28,How-To Question,Medium,74,Open,5
TICK0005411,CUST02102,2026-03-09,Account Access,Medium,69,Resolved,4
TICK0005412,CUST02102,2024-02-10,Technical Issue,Medium,29,Pending,4
TICK0005413,CUST02102,2024-01-13,Technical Issue,Low,93,Resolved,5
TICK0005414,CUST02102,2025-08-14,Bug Report,Medium,50,Resolved,5
TICK0005415,CUST02103,2026-07-22,Integration,Medium,49,Pending,5
TICK0005416,CUST02103,2026-01-26,Billing,Medium,57,Resolved,4
TICK0005417,CUST02103,2026-09-11,How-To Question,Medium,32,Resolved,4
TICK0005418,CUST02103,2025-12-12,Billing,Low,51,Resolved,4
TICK0005419,CUST02104,2024-09-03,Integration,Medium,35,Resolved,5
TICK0005420,CUST02104,2024-08-07,Technical Issue,Low,61,Resolved,5
TICK0005421,CUST02104,2025-09-30,Performance,Low,51,Resolved,4
TICK0005422,CUST02105,2025-07-24,How-To Question,Medium,30,Resolved,5
TICK0005423,CUST02105,2026-06-07,Feature Request,Medium,53,Resolved,3
TICK0005424,CUST02105,2025-09-28,How-To Question,Medium,27,Resolved,3
TICK0005425,CUST02106,2026-04-09,Account Access,Low,66,Resolved,4
TICK0005426,CUST02107,2024-11-27,Account Access,Urgent,29,Resolved,2
TICK0005427,CUST02107,2026-07-15,Integration,Low,163,Resolved,1
TICK0005428,CUST02107,2024-12-06,Technical Issue,Low,113,Open,1
TICK0005429,CUST02107,2025-11-24,Integration,Medium,81,Resolved,2
TICK0005430,CUST02107,2025-05-08,Integration,Medium,68,Open,
TICK0005431,CUST02107,2026-07-27,Bug Report,Medium,23,Resolved,1
TICK0005432,CUST02107,2025-08-17,INTEGRATION,High,26,Resolved,2
TICK0005433,CUST02108,2025-02-22,Integration,Medium,36,Resolved,4
TICK0005434,CUST02108,2025-12-18,How-To Question,Medium,40,Open,4
TICK0005435,CUST02108,2025-08-10,Account Access,Low,106,Resolved,4
TICK0005436,CUST02108,2026-07-11,Billing,Low,146,Resolved,3
TICK0005437,CUST02108,2025-05-26,Integration,Low,94,Resolved,3
TICK0005438,CUST02108,2025-04-03,Integration,Low,61,Resolved,
TICK0005439,CUST02108,2026-06-23,Bug Report,Medium,71,Resolved,4
TICK0005440,CUST02109,2026-05-26,How-To Question,High,34,Pending,5
TICK0005441,CUST02109,2026-04-28,How-To Question,Medium,50,Resolved,1
TICK0005442,CUST02109,2026-04-04,How-To Question,Medium,49,Resolved,4
TICK0005443,CUST02109,2026-05-25,How-To Question,Medium,63,Resolved,4
TICK0005444,CUST02110,2025-05-28,Account Access,Low,66,Open,5
TICK0005445,CUST02110,2025-01-14,Performance,Medium,23,Resolved,2
TICK0005446,CUST02111,2025-03-27,Billing,Medium,39,Resolved,3
TICK0005447,CUST02111,2025-10-28,Billing,High,21,Resolved,4
TICK0005448,CUST02111,2025-08-16,How-To Question,Medium,45,Resolved,4
TICK0005449,CUST02111,2024-12-14,Billing,Low,27,resolved,4
TICK0005450,CUST02112,2026-04-04,Performance,Medium,58,Resolved,5
TICK0005451,CUST02112,2026-01-14,Bug Report,Low,41,Resolved,5
TICK0005452,CUST02112,2026-08-07,Feature Request,Low,65,Resolved,2
TICK0005453,CUST02113,2026-01-06,Feature Request,Medium,50,Resolved,4
TICK0005454,CUST02114,2025-01-20,Performance,Medium,38,Resolved,4
TICK0005455,CUST02115,2026-03-11,Integration,Low,54,Resolved,3
TICK0005456,CUST02115,2026-02-24,How-To Question,Low,55,Resolved,5
TICK0005457,CUST02115,2026-08-29,Integration,Medium,40,Resolved,5
TICK0005458,CUST02115,2026-08-31,Bug Report,High,15,Resolved,5
TICK0005459,CUST02116 ,2026-09-07,Feature Request,Medium,17,Resolved,5
TICK0005460,CUST02116,2026-07-07,Performance,Medium,83,Resolved,4
TICK0005461,CUST02117,2026-09-12,Integration,Low,122,Resolved,3
TICK0005462,CUST02117,2025-10-11,Technical Issue,High,29,Resolved,2
TICK0005463,CUST02117,2025-09-25,Technical Issue,Medium,71,Resolved,3
TICK0005464,CUST02117,2025-01-01,Performance,Medium,95,Resolved,4
TICK0005465,CUST02118,2025-11-10,Feature Request,Low,38,Resolved,3
TICK0005466,CUST02118,2025-07-21,account access,Medium,76,Resolved,4
TICK0005467,CUST02118,2026-06-01,Feature Request,Medium,41,Resolved,5
TICK0005468,CUST02119,2026-05-19,Feature Request,Medium,48,Resolved,4
TICK0005469,CUST02119,2026-07-13,Performance,Low,16,Resolved,5
TICK0005470,CUST02119,2026-07-13,Performance,Low,65,Resolved,5
TICK0005471,CUST02120,2026-08-24,Account Access,Low,121,Pending,4
TICK0005472,CUST02121,2025-01-24,Bug Report,Low,94,Resolved,4
TICK0005473,CUST02123,2026-07-04,Performance,Medium,83,Resolved,1
TICK0005474,CUST02124,2026-03-29,Billing,Low,116,Resolved,3
TICK0005475,CUST02124,2026-08-08,How-To Question,Urgent,14,Resolved,3
TICK0005476,CUST02124,2024-12-19,Account Access,Low,66,Open,5
TICK0005477,CUST02125,2026-06-28,How-To Question,Urgent,20,Resolved,1
TICK0005478,CUST02126,2025-10-16,Billing,Medium,67,Resolved,5
TICK0005479,CUST02126,2025-11-08,Feature Request,Low,79,Resolved,5
TICK0005480,CUST02127,2025-07-12,Technical Issue,Low,74,Resolved,5
TICK0005481,CUST02127,2026-09-14,Account Access,High,37,Resolved,3
TICK0005482,CUST02130,2026-08-25,Performance,Low,88,Open,5
TICK0005483,CUST02130,2025-11-08,Feature Request,Medium,67,Resolved,5
TICK0005484,CUST02130,2026-02-26,Billing,High,20,Resolved,5
TICK0005485,CUST02131,2025-02-11,How-To Question,Medium,36,Resolved,3
TICK0005486,CUST02131,2025-06-19,Account Access,High,38,Resolved,3
TICK0005487,CUST02131,2025-03-28,How-To Question,Low,58,Resolved,5
TICK0005488,CUST02132,2025-11-04,Technical Issue,Low,66,Resolved,2
TICK0005489,CUST02132,2026-02-27,Billing,Medium,37,Resolved,1
TICK0005490,CUST02133,2026-03-29,How-To Question,Urgent,18,Resolved,5
TICK0005491,CUST02133,2026-03-10,How-To Question,High,9,Resolved,3
TICK0005492,CUST02133,2026-04-06,Account Access,Medium,22,Resolved,4
TICK0005493,CUST02133,2026-04-09,Billing,Low,68,Resolved,
TICK0005494,CUST02134,2025-10-07,Technical Issue,Low,116,Resolved,2
TICK0005495,CUST02134,2024-06-20,Performance,Low,59,Resolved,1
TICK0005496,CUST02134,2024-03-19,Integration,Low,49,Resolved,2
TICK0005497,CUST02134,2024-08-17,Integration,Low,38,Resolved,1
TICK0005498,CUST02134,2026-06-24,Bug Report,Medium,67,Open,3
TICK0005499,CUST02134,2025-03-09,Bug Report,Low,171,Resolved,1
TICK0005500,CUST02134,2023-12-11,Performance,Medium,29,Resolved,3
TICK0005501,CUST02134,2024-10-28,Technical Issue,Medium,91,Resolved,5
TICK0005502,CUST02134,2026-03-27,Bug Report,low,135,Resolved,1
TICK0005503,CUST02134,2024-04-16,Technical Issue,Low,169,Open,2
TICK0005504,CUST02135,2025-03-17,Performance,Medium,60,Resolved,5
TICK0005505,CUST02135,2025-12-09,Performance,Low,92,Resolved,4
TICK0005506,CUST02135,2025-10-03,Account Access,Medium,69,Resolved,4
TICK0005507,CUST02136,2025-10-12,Bug Report,Medium,52,Resolved,3
TICK0005508,CUST02137,2026-04-25,Feature Request,Low,19,Resolved,2
TICK0005509,CUST02137,2026-04-30,How-To Question,High,14,Pending,5
TICK0005510,CUST02137,2026-05-02,account access,Low,79,Resolved,3
TICK0005511,CUST02137,2026-04-01,How-To Question,Low,132,Resolved,1
TICK0005512,CUST02137,2026-01-19,How-To Question,Low,59,Resolved,2
TICK0005513,CUST02137,2026-03-23,Account Access,Low,63,Resolved,2
TICK0005514,CUST02137,2026-04-14,Feature Request,Low,103,Resolved,4
TICK0005515,CUST02138,2026-07-19,Technical Issue,Low,96,Resolved,5
TICK0005516,CUST02138,2026-04-23,Technical Issue,Low,87,Resolved,5
TICK0005517,CUST02140,2026-07-29,Bug Report,Low,79,Resolved,5
TICK0005518,CUST02140,2026-01-11,Technical Issue,Low,52,Resolved,4
TICK0005519,CUST02140,2026-05-05,Bug Report,High,34,Open,5
TICK0005520,CUST02140,2025-09-30,Bug Report,Low,25,Pending,4
TICK0005521,CUST02140,2025-12-26,How-To Question,Medium,32,Resolved,4
TICK0005522,CUST02140,2026-08-23,How-To Question,Medium,23,Resolved,5
TICK0005523,CUST02142,2026-07-19,Account Access,Medium,73,Resolved,5
TICK0005524,CUST02142,2025-07-04,Account Access,Medium,90,Resolved,5
TICK0005525,CUST02142,2026-05-24,Feature Request,High,37,Resolved,3
TICK0005526,CUST02142,2026-01-08,How-To Question,High,38,Resolved,5
TICK0005527,CUST02143,2026-07-07,Account Access,Low,98,Resolved,2
TICK0005528,CUST02144,2025-12-30,Feature Request,Medium,27,Resolved,4
TICK0005529,CUST02144,2025-06-09,How-To Question,Low,97,Pending,5
TICK0005530,CUST02144,2025-12-03,How-To Question,Low,86,Resolved,3
TICK0005531,CUST02145,2026-09-02,Account Access,Low,130,Resolved,3
TICK0005532,CUST02145,2026-08-08,Performance,Medium,94,Resolved,4
TICK0005533,CUST02145,2026-08-15,Technical Issue,Medium,105, PENDING,2
TICK0005534,CUST02146,2026-01-03,Account Access,Low,73,Resolved,2
TICK0005535,CUST02146,2025-11-24,Account Access,Low,108,Resolved,2
TICK0005536,CUST02146,2026-03-23,Performance,Low,105,Resolved,4
TICK0005537,CUST02146,2026-03-23,Technical Issue,Medium,102,Pending,1
TICK0005538,CUST02147,2025-06-23,How-To Question,Low,102,Resolved,2
TICK0005539,CUST02147,2026-03-02,Account Access,Medium,62,Resolved,5
TICK0005540,CUST02147,2024-11-06,How-To Question,Medium,63,Resolved,3
TICK0005541,CUST02148,2024-12-01,Account Access,Medium,27,Resolved,5
TICK0005542,CUST02148,2025-05-23,Feature Request,High,31,Resolved,3
TICK0005543,CUST02149,2026-04-05,Technical Issue,Low,56,Pending,1
TICK0005544,CUST02149,2026-01-26,Technical Issue,High,37,Resolved,1
TICK0005545,CUST02149,2026-07-25,Bug Report,Low,96,Resolved,4
TICK0005546,CUST02149,2026-08-16,Bug Report,Low,215,Resolved,3
TICK0005547,CUST02149,2026-08-26,Account Access,Medium,132,Resolved,3
TICK0005548,CUST02149,2026-02-12,Technical Issue,Medium,82,Resolved,4
TICK0005549,CUST02149,2026-03-23,Bug Report,Medium,89,Resolved,2
TICK0005550,CUST02149,2026-01-30,Account Access,low,199,Resolved,1
TICK0005551,CUST02150,2026-07-03,Feature Request,Urgent,8,Open,3
TICK0005552,CUST02151,2026-05-18,Bug Report,Low,62,Resolved,4
TICK0005553,CUST02152,2026-03-25,Bug Report,Low,87,Resolved,3
TICK0005554,CUST02152,2025-12-15,Technical Issue,Medium,46,Open,3
TICK0005555,CUST02153,2026-06-19,Bug Report,Medium,39,Resolved,2
TICK0005556,CUST02153,2024-09-10,Performance,Low,84,Resolved,5
TICK0005557,CUST02153,2024-10-23,Performance,Low,50,Resolved,4
TICK0005558,CUST02153,2026-05-03,FEATURE REQUEST,High,20,Resolved,5
TICK0005559,CUST02154,2026-08-21,Performance,Low,38,Resolved,4
TICK0005560,CUST02155,2024-09-16,Bug Report,Low,63,Resolved,2
TICK0005561,CUST02155,2025-06-11,Performance,Medium,75,Resolved,1
TICK0005562,CUST02155,2025-08-17,Technical Issue,Low,134,Resolved,1
TICK0005563,CUST02156,2025-10-03,Account Access,Low,264,Resolved,2
TICK0005564,CUST02156 ,2025-01-11,Performance,Medium,52,Resolved,1
TICK0005565,CUST02156,2025-08-19,Technical Issue,Urgent,37,Resolved,2
TICK0005566,CUST02156,2026-07-26,Integration,Low,149,Resolved,2
TICK0005567,CUST02156,2025-01-18,Account Access,Low,155,Resolved,2
TICK0005568,CUST02156,2025-07-31,Performance,Medium,92,Pending,1
TICK0005569,CUST02156,2025-01-31,Performance,Low,166,Resolved,1
TICK0005570,CUST02156,2026-02-10,Account Access,Medium,77,Resolved,2
TICK0005571,CUST02157,2025-02-22,Integration,Medium,105,Resolved,5
TICK0005572,CUST02157,2025-12-25,Bug Report,low,150,Resolved,1
TICK0005573,CUST02157,2025-03-18,Bug Report,Medium,28,Resolved,5
TICK0005574,CUST02157,2025-06-14,Integration,Low,167,Resolved,1
TICK0005575,CUST02157,2025-09-03,Account Access,High,55,Resolved,1
TICK0005576,CUST02157,2025-02-05,Performance,Medium,82,Resolved,1
TICK0005577,CUST02157,2025-08-10,Bug Report,Low,151,resolved,1
TICK0005578,CUST02157,2025-09-03,Performance,Low,144,Resolved,3
TICK0005579,CUST02157,2025-06-09,Bug Report,Low,98,Resolved,1
TICK0005580,CUST02157,2025-03-20,Integration,Low,132,Open,5
TICK0005581,CUST02158,2026-08-27,Feature Request,Medium,43,Resolved,1
TICK0005582,CUST02158,2026-08-14,How-To Question,Medium,45,Resolved,3
TICK0005583,CUST02158,2026-08-13,Billing,Medium,55,Resolved,4
TICK0005584,CUST02158,2026-07-07,Performance,Low,55,Resolved,1
TICK0005585,CUST02159,2026-08-30,Account Access,Medium,133,Resolved,3
TICK0005586,CUST02159,2025-12-16,Integration,Low,47,Resolved,1
TICK0005587,CUST02159,2025-07-06,Performance,High,15,Resolved,1
TICK0005588,CUST02159,2026-04-10,Performance,High,15,Resolved,1
TICK0005589,CUST02159,2026-04-02,Bug Report,Low,94,Resolved,2
TICK0005590,CUST02159,2025-12-16,Account Access,Medium,66,Resolved,2
TICK0005591,CUST02159,2026-07-31,Performance,Medium,81,Resolved,2
TICK0005592,CUST02160 ,2025-02-12,Billing,High,24,Resolved,3
TICK0005593,CUST02160,2025-02-05,Performance,Medium,32,Pending,5
TICK0005594,CUST02160,2025-01-06,Billing,Low,66,Resolved,3
TICK0005595,CUST02160,2024-06-09,Performance,Low,72,Resolved,3
TICK0005596,CUST02160,2024-11-04,Performance,Low,66,Resolved,3
TICK0005597,CUST02161,2026-05-22,Billing,Medium,18,Resolved,4
TICK0005598,CUST02161,2026-02-12,Billing,Medium,51,Resolved,4
TICK0005599,CUST02161,2025-03-26,Feature Request,Low,63,Resolved,4
TICK0005600,CUST02162,2026-03-31,Feature Request,Low,76,Resolved,5
TICK0005601,CUST02162,2026-07-22,Account Access,Medium,26,Resolved,4
TICK0005602,CUST02162,2026-03-28,Account Access,Low,77,Resolved,5
TICK0005603,CUST02163,2025-08-25,Performance,Medium,56,Resolved,5
TICK0005604,CUST02163,2026-07-23,Billing,Low,108,Resolved,2
TICK0005605,CUST02163,2026-05-28,Billing,Low,76,Resolved,5
TICK0005606,CUST02164,2026-04-26,Billing,Low,107,Resolved,4
TICK0005607,CUST02164,2025-11-02,Integration,Medium,29,Pending,4
TICK0005608,CUST02164,2026-08-17,Bug Report,Medium,39,Resolved,5
TICK0005609,CUST02165,2026-06-21,How-To Question,Medium,67,Resolved,4
TICK0005610,CUST02166,2025-07-22,Bug Report,High,30,Resolved,4
TICK0005611,CUST02166,2025-01-30,Account Access,Medium,59,Resolved,5
TICK0005612,CUST02167,2026-08-02,Performance,Medium,62,Resolved,4
TICK0005613,CUST02168,2026-08-25,Performance,Low,60,Pending,5
TICK0005614,CUST02168,2026-05-23,How-To Question,Medium,45,Resolved,5
TICK0005615,CUST02168,2026-02-05,Technical Issue,High,20,Open,5
TICK0005616,CUST02169,2026-07-09,Integration,Low,96,Resolved,4
TICK0005617,CUST02169,2026-07-11,Bug Report,Low,173,Resolved,3
TICK0005618,CUST02169,2026-09-05,INTEGRATION,Low,113,Resolved,2
TICK0005619,CUST02169,2026-09-14,Technical Issue,High,63,Resolved,2
TICK0005620,CUST02169,2026-08-11,Account Access,Medium,106,Pending,1
TICK0005621,CUST02170,2026-03-18,Technical Issue,Low,104,Resolved,5
TICK0005622,CUST02170,2026-03-15,Feature Request,Medium,42,Resolved,4
TICK0005623,CUST02170,2025-11-03,Feature Request,Medium,64,Resolved,4
TICK0005624,CUST02171,2026-03-17,Account Access,Low,31,Resolved,3
TICK0005625,CUST02172,2025-10-17, billing,Low,28,Resolved,5
TICK0005626,CUST02172,2025-10-26,Bug Report,Low,45,Pending,5
TICK0005627,CUST02172,2025-10-25,Performance,High,25,Resolved,4
TICK0005628,CUST02172,2025-09-14,Account Access,Medium,42,Resolved,
TICK0005629,CUST02172,2025-09-17,Bug Report,Urgent,15,Resolved,5
TICK0005630,CUST02174,2026-04-12,Technical Issue,Medium,59,Resolved,5
TICK0005631,CUST02174,2025-02-08,Performance,Low,81,Resolved,3
TICK0005632,CUST02175,2025-10-07,Technical Issue,High,58,Open,3
TICK0005633,CUST02175,2026-01-28,Performance,Medium,93,Resolved,2
TICK0005634,CUST02175,2026-02-24,Performance,Medium,47,Resolved,3
TICK0005635,CUST02175,2026-04-29,Bug Report,Urgent,36,Resolved,3
TICK0005636,CUST02175,2025-10-30,Account Access,Low,61,Resolved,1
TICK0005637,CUST02176,2025-11-09,Billing,Low,60,Resolved,5
TICK0005638,CUST02177,2026-09-19,Technical Issue,Urgent,30,Resolved,4
TICK0005639,CUST02177,2026-07-30,Integration,Low,150,Resolved,2
TICK0005640,CUST02177,2026-08-16,Account Access,Low,225,Resolved,2
TICK0005641,CUST02177,2026-08-21,Integration,Low,98,Resolved,1
TICK0005642,CUST02177,2026-09-09,Integration,Low,94,Resolved,1
TICK0005643,CUST02177,2026-07-27,Bug Report,Low,129,Resolved,2
TICK0005644,CUST02177,2026-09-23,Bug Report,Medium,75,Resolved,2
TICK0005645,CUST02177,2026-07-16,Performance,High,47,resolved,1
TICK0005646,CUST02177,2026-07-19,Account Access,Low,85,Resolved,2
TICK0005647,CUST02177,2026-08-02,Bug Report,Medium,44,Resolved,1
TICK0005648,CUST02177,2026-07-14,Bug Report,Urgent,15,Resolved,1
TICK0005649,CUST02177,2026-08-09,Account Access,Low,199,Pending,5
TICK0005650,CUST02177,2026-07-25,Technical Issue,Medium,55,Resolved,2
TICK0005651,CUST02177,07/20/2026,Technical Issue,Low,147,Resolved,1
TICK0005652,CUST02178,2026-01-10,Integration,low,101,Resolved,3
TICK0005653,CUST02178,2025-09-25,How-To Question,Medium,62,Resolved,4
TICK0005654,CUST02180,2025-04-26,Account Access,Medium,141,Resolved,2
TICK0005655,CUST02180,2026-05-09,Integration,Low,122,Resolved,2
TICK0005656,CUST02180,2025-08-19,Technical Issue,Low,117,Resolved,2
TICK0005657,CUST02180,2026-03-25,Account Access,Low,99,Resolved,3
TICK0005658,CUST02180,2026-07-21,Performance,High,41,Resolved,1
TICK0005659,CUST02180,2025-11-08,Technical Issue,Medium,129,Resolved,2
TICK0005660,CUST02180,2026-09-07,Bug Report,High,24,Resolved,1
TICK0005661,CUST02180,2026-07-31,Performance,Medium,101,Resolved,3
TICK0005662,CUST02181,2026-07-21,How-To Question,Medium,41,Resolved,3
TICK0005663,CUST02181,2026-06-26,Billing,Medium,33,Resolved,5
TICK0005664,CUST02181,2026-07-14,Performance,Medium,45,Resolved,4
TICK0005665,CUST02181,2026-07-28,Integration,Low,59,Resolved,3
TICK0005666,CUST02182,2026-04-10,Billing,Medium,21,Resolved,5
TICK0005667,CUST02182,2025-07-29,Technical Issue,Low,71,Resolved,
TICK0005668,CUST02182,2025-12-10,Feature Request,Low,58,Resolved,3
TICK0005669,CUST02182,2026-06-23,Feature Request,Medium,51,Resolved,4
TICK0005670,CUST02182,2026-07-02,How-To Question,Low,45,Resolved,2
TICK0005671,CUST02182,2026-01-11,Account Access,High,19,Resolved,3
TICK0005672,CUST02183,2025-03-20,Bug Report,Low,140,Resolved,5
TICK0005673,CUST02183,2025-11-13,Billing,Medium,57,Resolved,3
TICK0005674,CUST02184,2024-10-13,Account Access,Medium,48,Resolved,5
TICK0005675,CUST02185,2026-05-22,How-To Question,Medium,28,Resolved,3
TICK0005676,CUST02186,2026-06-13,Performance,Medium,38,Resolved,3
TICK0005677,CUST02186,2026-05-20,Performance,Medium,62,Resolved,1
TICK0005678,CUST02186,2025-10-22,Billing,low,76,Resolved,5
TICK0005679,CUST02186,2026-08-28,Feature Request,Low,88,Resolved,4
TICK0005680,CUST02186,2026-05-03,Performance,High,10,Resolved,4
TICK0005681,CUST02186,2025-11-11,Feature Request,Medium,49,Resolved,3
TICK0005682,CUST02186,2026-03-04,Feature Request,Medium,52,Resolved,3
TICK0005683,CUST02186,2026-09-07,How-To Question,Low,103,Pending,3
TICK0005684,CUST02186,2026-07-01,Billing,Low,97,Pending,3
TICK0005685,CUST02187,2025-07-09,How-To Question,Medium,12,Resolved,4
TICK0005686,CUST02187,2026-06-17,Billing,Low,37,Resolved,4
TICK0005687,CUST02188,2026-02-08,Integration,Low,171,Resolved,1
TICK0005688,CUST02188,2024-12-10,Integration,Low,103,Resolved,2
TICK0005689,CUST02188,2025-06-29,Bug Report,Low,182,Resolved,1
TICK0005690,CUST02188,2025-05-04,Integration,Medium,119,Resolved,4
TICK0005691,CUST02188,2024-03-26,Account Access,High,31,Resolved,1
TICK0005692,CUST02188,2025-12-09,Account Access,High,35,Resolved,4
TICK0005693,CUST02188,2026-09-20,Integration,Low,122,Resolved,1
TICK0005694,CUST02188,2026-04-07,Account Access,Medium,51,Resolved,1
TICK0005695,CUST02188,2024-07-14,Integration,Low,150,Resolved,2
TICK0005696,CUST02188,2025-04-15,Bug Report,Low,88,Resolved,2
TICK0005697,CUST02188,2026-01-07,Technical Issue,Low,91,Resolved,1
TICK0005698,CUST02188,2025-07-12,Bug Report,Medium,96,Resolved,1
TICK0005699,CUST02189,2026-09-13,Feature Request,Low,57,Open,4
TICK0005700,CUST02190,2026-01-28,Integration,Medium,26,Open,5
TICK0005701,CUST02190,2025-08-14,Performance,Low,30,Resolved,5
TICK0005702,CUST02190,2025-11-05,Bug Report,Low,60,Resolved,4
TICK0005703,CUST02190,2025-08-10,How-To Question,Low,141,Resolved,3
TICK0005704,CUST02192,2026-02-19,Performance,Medium,59,Resolved,5
TICK0005705,CUST02192,2026-03-22,Performance,High,30,Open,4
TICK0005706,CUST02193,2026-06-22,INTEGRATION,Medium,44,Resolved,5
TICK0005707,CUST02193,2026-09-13,Account Access,Low,74,Resolved,4
TICK0005708,CUST02193,2026-06-17,How-To Question,Low,56,Resolved,5
TICK0005709,CUST02193,2026-05-10,Bug Report,Medium,60,Resolved,4
TICK0005710,CUST02193,2026-05-15,Integration,Medium,72,Resolved,5
TICK0005711,CUST02194,2026-04-24,Bug Report,Low,65,Pending,5
TICK0005712,CUST02194,2026-05-05,Billing,High,24,Resolved,4
TICK0005713,CUST02194,2024-10-05,Bug Report,Medium,57,Resolved,5
TICK0005714,CUST02195,2026-07-11,Account Access,Low,40,Resolved,5
TICK0005715,CUST02195,2026-07-25,Account Access,Medium,101,Resolved,4
TICK0005716,CUST02196,2025-02-23,Feature Request,High,17,Resolved,5
TICK0005717,CUST02196,09/13/2025,Performance,Urgent,4,Resolved,5
TICK0005718,CUST02196,2025-05-24,Performance,Medium,30,Resolved,2
TICK0005719,CUST02197,2025-09-06,Technical Issue,Low,128,Resolved,2
TICK0005720,CUST02197,2026-01-12,Performance,Medium,33,Resolved,2
TICK0005721,CUST02197,2026-09-15,Performance,Medium,98,Resolved,1
TICK0005722,CUST02197,2026-09-07,Bug Report,Low,213,Resolved,1
TICK0005723,CUST02197,2026-04-27,Performance,Medium,49,Resolved,3
TICK0005724,CUST02197,2026-02-09,account access,Low,131,Resolved,4
TICK0005725,CUST02197,2025-11-30,Account Access,Low,104,Pending,2
TICK0005726,CUST02198,2025-08-01,How-To Question,Low,43,Resolved,4
TICK0005727,CUST02199,2026-07-08,Technical Issue,High,26,Resolved,4
TICK0005728,CUST02199,2026-03-28,Account Access,Low,130,Resolved,5
TICK0005729,CUST02199,2026-04-11,Account Access,Low,57,Resolved,5
TICK0005730,CUST02199,2026-03-03,Integration,Low,12,Resolved,3
TICK0005731,CUST02200,2026-07-15,Account Access,Medium,67,Resolved,4
TICK0005732,CUST02200,2024-11-09,Integration,High,21,Resolved,5
TICK0005733,CUST02200,2025-05-27,Billing,Low,94,Resolved,5
TICK0005734,CUST02201,2025-04-28,Bug Report,Medium,61,Resolved,4
TICK0005735,CUST02201,2026-05-11,Integration,Low,36,Resolved,5
TICK0005736,CUST02201,2025-01-15,Integration,Medium,37,Resolved,4
TICK0005737,CUST02202,2026-01-12,Feature Request,Medium,69,Resolved,4
TICK0005738,CUST02202,2025-11-14,Feature Request,Medium,29,Resolved,3
TICK0005739,CUST02203,2026-05-30,Performance,Low,46,Resolved,2
TICK0005740,CUST02203,2025-11-02,Bug Report,Low,139,Resolved,3
TICK0005741,CUST02203,2026-07-29,Account Access,Low,145,Resolved,4
TICK0005742,CUST02203,2025-02-23,Bug Report,Medium,131,Resolved,2
TICK0005743,CUST02203,2025-09-29,Technical Issue,Medium,147,Resolved,2
TICK0005744,CUST02204,2025-11-03,Performance,Medium,138,Resolved,2
TICK0005745,CUST02204,2026-01-04,Integration,Low,150,Resolved,1
TICK0005746,CUST02205,2025-09-30,Billing,Medium,50,Resolved,4
TICK0005747,CUST02205,2026-08-22,Billing,High,27,Resolved,2
TICK0005748,CUST02206,2026-01-13,Account Access,Medium,122,Resolved,1
TICK0005749,CUST02206,2026-07-01,Account Access,Low,142,Resolved,2
TICK0005750,CUST02206,2026-01-20,Performance,Medium,86,Resolved,2
TICK0005751,CUST02206,2025-12-27,Technical Issue,Medium,61,Resolved,4
TICK0005752,CUST02206,2026-01-07,Account Access,Medium,84,Resolved,1
TICK0005753,CUST02206,2026-05-21,Bug Report,Medium,87,Resolved,1
TICK0005754,CUST02206,2026-07-07,Bug Report,Medium,71,Resolved,3
TICK0005755,CUST02206,2026-03-16,Account Access,Low,171,Resolved,1
TICK0005756,CUST02207,2025-09-26,Bug Report,Low,67,Resolved,4
TICK0005757,CUST02208,2024-07-24,Performance,Low,84,Resolved,4
TICK0005758,CUST02208,2025-07-16,Feature Request,Low,58,Resolved,4
TICK0005759,CUST02209,2025-09-04,Technical Issue,Low,166,Resolved,
TICK0005760,CUST02209,2026-04-18,Integration,Medium,37,Resolved,2
TICK0005761,CUST02209,2026-09-10,Performance,High,27,Resolved,1
TICK0005762,CUST02209,2025-08-12,Account Access,Medium,101,Resolved,1
TICK0005763,CUST02209,2026-09-06,Performance,Low,108,Resolved,3
TICK0005764,CUST02210,2026-08-20,Account Access,High,36,Resolved,5
TICK0005765,CUST02210,2025-04-02,Technical Issue,High,31,Resolved,5
TICK0005766,CUST02210,2025-09-12,Account Access,Medium,48,Resolved,4
TICK0005767,CUST02210,2026-05-04,How-To Question,Low,90,Resolved,4
TICK0005768,CUST02211,2026-08-06,How-To Question,Medium,41,Resolved,4
TICK0005769,CUST02211,2026-09-13,Bug Report,Medium,64,Resolved,4
TICK0005770,CUST02212,2026-07-06,Performance,High,15,Resolved,1
TICK0005771,CUST02212,2026-05-19,Performance,High,38,Resolved,3
TICK0005772,CUST02212,2026-03-16,Performance,Low,109,Resolved,4
TICK0005773,CUST02212,2025-12-01,Account Access,Low,195,Resolved,1
TICK0005774,CUST02212,2025-03-12,Performance,Low,182,Resolved,1
TICK0005775,CUST02214,2026-08-11,Account Access,Urgent,8,Resolved,5
TICK0005776,CUST02214,2026-05-15,Technical Issue,Medium,49,Pending,5
TICK0005777,CUST02215,2026-02-13,How-To Question,Medium,59,Resolved,3
TICK0005778,CUST02216,2026-02-07,Account Access,Medium,32,Resolved,4
TICK0005779,CUST02216,2026-04-19,How-To Question,Medium,49,Pending,5
TICK0005780,CUST02217,2024-11-09,How-To Question,High,29,Resolved,4
TICK0005781,CUST02218 ,2026-01-11,How-To Question,Medium,17,Resolved,5
TICK0005782,CUST02219,2026-03-01,Billing,Low,117,Resolved,5
TICK0005783,CUST02219,2026-03-31,Performance,Low,72,Resolved,4
TICK0005784,CUST02219,2026-03-13,Billing,Low,65,Resolved,3
TICK0005785,CUST02219,2026-06-22,Billing,Low,67,Resolved,5
TICK0005786,CUST02220,2025-10-19,Performance,High,29,Resolved,5
TICK0005787,CUST02220,2025-09-22,Integration,Medium,77,Resolved,4
TICK0005788,CUST02220,2026-03-29,Technical Issue,Urgent,15,Resolved,3
TICK0005789,CUST02220,2025-11-09,Technical Issue,Medium,87,Resolved,4
TICK0005790,CUST02220,2026-09-14,Account Access,Urgent,7,Resolved,5
TICK0005791,CUST02221,2026-09-18,Technical Issue,Urgent,15,Resolved,5
TICK0005792,CUST02221,2026-09-14,Technical Issue,Low,106,Open,3
TICK0005793,CUST02221,2026-08-12,Integration,High,20,Resolved,4
TICK0005794,CUST02221,2026-08-03,Bug Report,Medium,43,Resolved,5
TICK0005795,CUST02222,2026-05-17,Account Access,Medium,88,Resolved,3
TICK0005796,CUST02223,2024-06-20,Technical Issue,Medium,43,Resolved,2
TICK0005797,CUST02223,2024-08-11,Feature Request,Low,26,Resolved,3
TICK0005798,CUST02224,2024-05-14,Feature Request,High,26,Resolved,2
TICK0005799,CUST02224,2023-12-28,Feature Request,Medium,61,Pending,2
TICK0005800,CUST02224,2023-11-03,How-To Question,Low,65,Resolved,1
TICK0005801,CUST02224,2023-11-07,How-To Question,Low,53,Resolved,3
TICK0005802,CUST02224,2023-11-12,Account Access,Medium,38,Resolved,4
TICK0005803,CUST02225,2025-12-10,How-To Question,Medium,86,Open,1
TICK0005804,CUST02226,2026-09-13,Feature Request,Medium,79,Resolved,4
TICK0005805,CUST02227,2026-06-14,Account Access,Medium,116,Resolved,3
TICK0005806,CUST02227,2026-09-14,Bug Report,Low,115,Resolved,2
TICK0005807,CUST02227,2026-07-15,Integration,High,60,Resolved,2
TICK0005808,CUST02227,2026-06-20,Bug Report,Medium,113,Resolved,1
TICK0005809,CUST02229,2026-09-22,Integration,Medium,80,Resolved,3
TICK0005810,CUST02229,2026-05-30,Integration,Medium,81,Pending,1
TICK0005811,CUST02229,2026-08-17,Account Access,Low,88,Resolved,1
TICK0005812,CUST02230,2026-05-06,Performance,Low,51,Pending,3
TICK0005813,CUST02230,2024-09-29,Performance,Low,42,Resolved,3
TICK0005814,CUST02231,2026-02-21,Bug Report,Low,86,Resolved,2
TICK0005815,CUST02231,2025-12-17,Bug Report,Medium,125,Resolved,1
TICK0005816,CUST02231,2025-09-17,Technical Issue,Low,153,Resolved,3
TICK0005817,CUST02231,2026-01-07,Bug Report,Medium,20,Pending,2
TICK0005818,CUST02232,2025-03-28,Integration,Low,95,Pending,4
TICK0005819,CUST02232,2025-08-10,Billing,Low,34,Resolved,5
TICK0005820,CUST02232,2025-09-03,Account Access,Low,124,Resolved,5
TICK0005821,CUST02232,2025-02-20,Integration,Medium,64,Resolved,4
TICK0005822,CUST02233,2025-07-27,Billing,Medium,54,Resolved,3
TICK0005823,CUST02233,2025-02-27,Performance,Low,101,Resolved,3
TICK0005824,CUST02234,2026-02-20,Integration,Medium,16,Resolved,5
TICK0005825,CUST02234,2026-05-12,Bug Report,High,30,Resolved,4
TICK0005826,CUST02236,2026-05-11,Bug Report,Medium,8,Resolved,5
TICK0005827,CUST02236,2026-04-28,Integration,Low,126,Resolved,4
TICK0005828,CUST02237,2026-05-06,How-To Question,Medium,58,Resolved,1
TICK0005829,CUST02237,2026-06-01,Billing,Low,62,Resolved,1
TICK0005830,CUST02239,2024-05-09,How-To Question,High,17,Open,4
TICK0005831,CUST02239,2024-06-26,How-To Question,Low,44,Resolved,1
TICK0005832,CUST02240,2025-08-03,Feature Request,Low,64,Resolved,4
TICK0005833,CUST02240,2025-02-04,Account Access,Low,75,Resolved,3
TICK0005834,CUST02240,2025-10-01,How-To Question,Medium,53,Resolved,1
TICK0005835,CUST02241,2025-05-11,Technical Issue,Medium,28,resolved,3
TICK0005836,CUST02242,2026-06-22,how-to question,Low,42,Pending,4
TICK0005837,CUST02243,2025-12-08,How-To Question,Low,111,Resolved,3
TICK0005838,CUST02244,2026-05-21,Account Access,Medium,50,Resolved,5
TICK0005839,CUST02245,2025-10-28,Technical Issue,Low,55,Pending,3
TICK0005840,CUST02245,2025-09-19,Feature Request,Medium,63,Resolved,4
TICK0005841,CUST02246,2025-07-06,Feature Request,Low,72,Resolved,4
TICK0005842,CUST02247,2026-05-04,Integration,Urgent,12,Resolved,5
TICK0005843,CUST02247,2026-04-21,Feature Request,Medium,41,Resolved,5
TICK0005844,CUST02247,2026-04-10,How-To Question,Medium,50,Resolved,5
TICK0005845,CUST02248,2025-02-24,Integration,High,32,Resolved,4
TICK0005846,CUST02248,2026-07-26,How-To Question,Low,45,Pending,5
TICK0005847,CUST02248,2026-06-20,Integration,Low,85,Resolved,4
TICK0005848,CUST02248,2026-09-02,Bug Report,Medium,61,Resolved,5
TICK0005849,CUST02249,2025-01-29,Performance,Medium,32,Resolved,3
TICK0005850,CUST02249,2025-12-22,Billing,Low,65,Resolved,3
TICK0005851,CUST02250,2025-01-02,How-To Question,Low,15,Resolved,4
TICK0005852,CUST02251,2024-03-13,Integration,Medium,55,Resolved,1
TICK0005853,CUST02251,2024-08-29,Bug Report,Medium,84,Resolved,2
TICK0005854,CUST02251,2025-03-12,Performance,Medium,99,Resolved,4
TICK0005855,CUST02251,2024-02-29,Account Access,Low,25,Resolved,4
TICK0005856,CUST02252,2026-08-18,How-To Question,Low,45,Resolved,3
TICK0005857,CUST02253,2026-01-26,Account Access,Medium,49,Resolved,4
TICK0005858,CUST02254,2026-05-30,Integration,Medium,84,Resolved,5
TICK0005859,CUST02254,2026-09-05,How-To Question,Low,60,Resolved,5
TICK0005860,CUST02254,2026-07-10,Billing,Medium,12,Resolved,5
TICK0005861,CUST02255,2025-10-11,Performance,Medium,110,Resolved,5
TICK0005862,CUST02255,2024-07-31,Integration,Low,98,Resolved,5
TICK0005863,CUST02255,2026-06-14,Performance,Medium,98,Resolved,2
TICK0005864,CUST02255,2024-10-08,Account Access,Low,23,Resolved,1
TICK0005865,CUST02255,2024-10-05,Account Access,Medium,15,Resolved,3
TICK0005866,CUST02255,2025-12-28,Integration,Medium,104,Resolved,4
TICK0005867,CUST02255,2024-05-15,Technical Issue,Low,21,Resolved,1
TICK0005868,CUST02255,2025-06-27,Bug Report,Low,123,Resolved,1
TICK0005869,CUST02255,03/13/2024,Performance,Low,200,Resolved,5
TICK0005870,CUST02256,2026-03-16,Bug Report,Medium,44,Resolved,2
TICK0005871,CUST02256,2026-09-02,Technical Issue,Low,21,Resolved,2
TICK0005872,CUST02256,2025-07-04,Bug Report,Low,51,Resolved,1
TICK0005873,CUST02257,2024-10-08,Billing,Low,84,Resolved,3
TICK0005874,CUST02257,2025-03-26,How-To Question,Low,48,Resolved,4
TICK0005875,CUST02257,2026-01-13,How-To Question,Low,93,Resolved,5
TICK0005876,CUST02258,2024-07-02,Integration,Low,118,Pending,4
TICK0005877,CUST02258,2024-06-19,Feature Request,Medium,85,Resolved,4
TICK0005878,CUST02258,2025-01-03,Bug Report,Low,64,Pending,4
TICK0005879,CUST02258,2025-06-08,How-To Question,Low,30,Resolved,4
TICK0005880,CUST02259,2024-11-09,Feature Request,Low,45,Pending,5
TICK0005881,CUST02259,2025-03-26,Feature Request,Medium,15,Resolved,4
TICK0005882,CUST02260,2025-11-25,Account Access,Medium,87,Resolved,1
TICK0005883,CUST02260,2024-05-11,Account Access,Low,134,Resolved,1
TICK0005884,CUST02260,2023-12-23,Bug Report,Medium,143,Resolved,1
TICK0005885,CUST02260,2024-09-28,Account Access,Medium,44,Resolved,5
TICK0005886,CUST02262,2026-01-19,Billing,Medium,33,Resolved,5
TICK0005887,CUST02262,2026-09-08,Performance,Low,110,Resolved,3
TICK0005888,CUST02262,2026-03-16,Feature Request,Medium,80,Resolved,4
TICK0005889,CUST02263,2025-10-23,Feature Request,Medium,8,Resolved,1
TICK0005890,CUST02263,2026-09-13,How-To Question,Medium,26,Resolved,4
TICK0005891,CUST02263,2026-05-12,Performance,Low,78,Resolved,3
TICK0005892,CUST02264,2026-07-03,Account Access,Low,174,Resolved,1
TICK0005893,CUST02264,2026-02-03,Account Access,Medium,69,Resolved,4
TICK0005894,CUST02264,2025-04-23,Technical Issue,Medium,74,Resolved,2
TICK0005895,CUST02264,06/22/2026,Technical Issue,Medium,80,Resolved,2
TICK0005896,CUST02265,2025-04-17,How-To Question,Low,115,Resolved,5
TICK0005897,CUST02265,2026-01-24,Bug Report,Low,61, PENDING,5
TICK0005898,CUST02265,2026-08-18,Billing,Low,119,open,3
TICK0005899,CUST02265,2026-02-08,Technical Issue,High,22,Resolved,4
TICK0005900,CUST02266,2025-11-05,Bug Report,Medium,67,Resolved,3
TICK0005901,CUST02266,2026-02-12,Bug Report,High,22,Resolved,3
TICK0005902,CUST02266,2025-07-26,Technical Issue,Medium,76,Pending,3
TICK0005903,CUST02266,2024-04-25,Integration,Low,84,Resolved,2
TICK0005904,CUST02266,2026-01-30,Account Access,High,27,Resolved,4
TICK0005905,CUST02268,06/06/2026,Technical Issue,Medium,81,Resolved,1
TICK0005906,CUST02268,2026-05-25,Bug Report,Low,152,Resolved,2
TICK0005907,CUST02268,2026-05-02,Account Access,Low,56,Resolved,3
TICK0005908,CUST02268,2026-04-08,Account Access,Medium,52,Resolved,1
TICK0005909,CUST02268,2026-04-05,Bug Report,Low,112,Resolved,1
TICK0005910,CUST02269,2024-09-26,How-To Question,Medium,43,Resolved,5
TICK0005911,CUST02269,2024-05-18,Account Access,Low,83,Open,5
TICK0005912,CUST02270,2024-05-08,Billing,Low,58,Pending,5
TICK0005913,CUST02271,2026-03-09,Integration,High,16,Resolved,2
TICK0005914,CUST02272,01/08/2026,Billing,Low,28,Resolved,4
TICK0005915,CUST02272,2025-02-02,Feature Request,Low,105,Resolved,4
TICK0005916,CUST02272,2024-12-17,Feature Request,Low,65,Resolved,5
TICK0005917,CUST02272,2024-11-28,Billing,High,46,Resolved,3
TICK0005918,CUST02273,2025-10-14,Feature Request,Low,100,Open,5
TICK0005919,CUST02273,2025-12-28,Bug Report,Low,93,Resolved,5
TICK0005920,CUST02274,2026-09-13,Billing,Low,90,Pending,5
TICK0005921,CUST02274,2026-08-20,Billing,High,15,Resolved,4
TICK0005922,CUST02275 ,2025-05-06,How-To Question,High,35,Resolved,3
TICK0005923,CUST02275,2024-04-26,Account Access,Medium,61,Resolved,3
TICK0005924,CUST02276,2026-01-28,Integration,Low,98,Resolved,2
TICK0005925,CUST02276,2025-09-03,Technical Issue,Low,244,Resolved,2
TICK0005926,CUST02276,2026-07-03,Bug Report,Low,115,Resolved,2
TICK0005927,CUST02277,2026-05-16,Performance,Urgent,6,Resolved,3
TICK0005928,CUST02277,2024-11-10,Feature Request,Medium,60,Resolved,3
TICK0005929,CUST02277,2026-04-17,Bug Report,Medium,33,Resolved,5
TICK0005930,CUST02277,2026-05-11,Account Access,Medium,39,Resolved,5
TICK0005931,CUST02278,2026-05-23,How-To Question,Medium,42,Resolved,2
TICK0005932,CUST02278,2026-03-09,How-To Question,Medium,48,Resolved,5
TICK0005933,CUST02278,2025-08-14,Account Access,Low,92,Resolved,3
TICK0005934,CUST02279,2025-09-03,Technical Issue,Medium,28,Resolved,5
TICK0005935,CUST02279,2026-07-17,Bug Report,Medium,57,Resolved,4
TICK0005936,CUST02279,2024-05-13,Bug Report,Low,52,Resolved,4
TICK0005937,CUST02279,2025-01-24,Technical Issue,Low,12,Pending,4
TICK0005938,CUST02279,2026-04-11,Integration,Low,47,Resolved,5
TICK0005939,CUST02280,2025-03-27,How-To Question,Medium,40,Open,4
TICK0005940,CUST02281,2026-09-17,Account Access,Low,64,Resolved,3
TICK0005941,CUST02281,2026-09-05,Technical Issue,Low,116,Resolved,3
TICK0005942,CUST02281,2026-07-08,How-To Question,Low,23,Resolved,3
TICK0005943,CUST02282,2026-03-03,Bug Report,Medium,44,Resolved,1
TICK0005944,CUST02282,2026-02-27,Integration,Low,91,Resolved,1
TICK0005945,CUST02283,2026-06-03,Billing,Low,65,Resolved,3
TICK0005946,CUST02283,2025-12-28,How-To Question,High,22,Resolved,3
TICK0005947,CUST02283,2025-03-22,Feature Request,Low,94,Resolved,5
TICK0005948,CUST02283,2025-07-01,Performance,low,91,Resolved,4
TICK0005949,CUST02283,2025-10-07,How-To Question,Medium,40,Resolved,3
TICK0005950,CUST02284,2024-09-10,Integration,Low,112,Resolved,3
TICK0005951,CUST02284,2024-08-31,Bug Report,Urgent,7,Resolved,1
TICK0005952,CUST02284,2024-12-29,Account Access,Low,104,Resolved,1
TICK0005953,CUST02284,2024-01-02,Bug Report,Medium,104,Resolved,2
TICK0005954,CUST02284,2024-09-14,Integration,Low,156,Resolved,2
TICK0005955,CUST02284,2024-06-12,Performance,Medium,17,Resolved,3
TICK0005956,CUST02284,2024-03-08,Performance,Medium,84,Resolved,1
TICK0005957,CUST02284,2024-02-05,Technical Issue,Medium,65,Resolved,2
TICK0005958,CUST02285,2025-12-24,Technical Issue,Medium,48,Resolved,3
TICK0005959,CUST02285,2026-08-27,Feature Request,Low,31,Resolved,3
TICK0005960,CUST02286,2025-10-12,How-To Question,Medium,18,Resolved,3
TICK0005961,CUST02286,2025-08-26,Performance,Medium,63,Resolved,4
TICK0005962,CUST02286,2026-06-07,Performance,Urgent,11,Resolved,4
TICK0005963,CUST02286,2026-09-13,Feature Request,Low,75,Pending,4
TICK0005964,CUST02288,2025-07-02,Feature Request,Low,86,Resolved,3
TICK0005965,CUST02288,2026-08-16,Technical Issue,Medium,55,Resolved,1
TICK0005966,CUST02288,2026-03-06,How-To Question,Medium,36,Resolved,2
TICK0005967,CUST02290,2024-11-08,Performance,Medium,43,Resolved,3
TICK0005968,CUST02290,2024-01-22,Billing,Medium,96,Resolved,5
TICK0005969,CUST02290,2024-07-02,Feature Request,Low,97,resolved,1
TICK0005970,CUST02290,2024-02-29,How-To Question,Low,138,Resolved,3
TICK0005971,CUST02290,2024-10-20,Feature Request,Medium,46,Pending,2
TICK0005972,CUST02291,2026-09-11,Account Access,Low,12,Resolved,5
TICK0005973,CUST02291,2025-12-28,Bug Report,Low,56,Open,3
TICK0005974,CUST02291,2026-01-07,Performance,Medium,77,Resolved,4
TICK0005975,CUST02292,2025-06-17,Technical Issue,Low,71,Pending,5
TICK0005976,CUST02292,2025-12-08,Performance,Low,60,Open,5
TICK0005977,CUST02292,2026-05-01,Performance,Low,46,Resolved,3
TICK0005978,CUST02292,2026-03-05,Billing,Medium,40,Resolved,5
TICK0005979,CUST02293,2025-11-23,Technical Issue,Low,55,Open,3
TICK0005980,CUST02294,2026-06-10,Integration,Medium,48,Resolved,5
TICK0005981,CUST02294,2026-05-11,Bug Report,Medium,77,Resolved,5
TICK0005982,CUST02294,2026-08-13,Integration,High,21,Resolved,4
TICK0005983,CUST02296,2026-02-03,Bug Report,Medium,37,Resolved,4
TICK0005984,CUST02297,2025-08-10,How-To Question,High,10,Resolved,4
TICK0005985,CUST02298,2024-07-24,How-To Question,Low,66,Resolved,4
TICK0005986,CUST02298,2024-08-07,Account Access,Low,35,Resolved,4
TICK0005987,CUST02299,2025-06-19,Performance,Medium,8,Resolved,5
TICK0005988,CUST02299,2026-09-10,Account Access,Low,97,Pending,3
TICK0005989,CUST02299,2026-05-15,Technical Issue,Medium,65,Resolved,3
TICK0005990,CUST02300,2024-10-06,Feature Request,Medium,73,Resolved,5
TICK0005991,CUST02300,2025-10-17,How-To Question,Medium,71,Resolved,1
TICK0005992,CUST02300,2025-03-09,How-To Question,High,32,Resolved,5
TICK0005993,CUST02300,2025-02-14,account access,High,13,Resolved,5
TICK0005994,CUST02301,2026-04-27,Billing,Low,55,Resolved,1
TICK0005995,CUST02301,2025-11-15,Billing,Low,45,Resolved,5
TICK0005996,CUST02302,2026-09-04,Technical Issue,Low,202,Resolved,4
TICK0005997,CUST02302,2026-06-27,Technical Issue,Medium,33,Resolved,2
TICK0005998,CUST02302,2026-05-05,Bug Report,Low,82,Resolved,4
TICK0005999,CUST02303,2026-04-19,Account Access,Medium,55,Resolved,1
TICK0006000,CUST02303,2025-10-15,Bug Report,Medium,54,Resolved,5
TICK0006001,CUST02303,2025-09-06,Performance,Medium,44,Resolved,2
TICK0006002,CUST02303,2026-03-06,Technical Issue,Medium,52,Resolved,2
TICK0006003,CUST02303,2025-09-22,Bug Report,Low,21,Resolved,3
TICK0006004,CUST02303,2025-05-31,Technical Issue,Low,105,Resolved,2
TICK0006005,CUST02303,2024-04-26,Technical Issue,Medium,77,Resolved,3
TICK0006006,CUST02303,2026-05-07,Technical Issue,Medium,45,Resolved,3
TICK0006007,CUST02304,2025-08-29,Performance,Urgent,2,Resolved,5
TICK0006008,CUST02304,2025-07-03,Account Access,Medium,31,Resolved,4
TICK0006009,CUST02305,2026-04-18,How-To Question,Medium,34,Resolved,3
TICK0006010,CUST02305,2026-03-05,Billing,Low,41,Resolved,5
TICK0006011,CUST02306,2025-09-21,Integration,Urgent,18,Open,5
TICK0006012,CUST02306,2024-11-18,Technical Issue,Low,62,Resolved,5
TICK0006013,CUST02307,2026-01-04,Billing,Low,100,Resolved,4
TICK0006014,CUST02307,2026-02-28,Performance,Medium,49,Resolved,4
TICK0006015,CUST02308,2026-08-11,Feature Request,Low,98,Resolved,5
TICK0006016,CUST02308,2026-09-23,Billing,Low,66,Pending,5
TICK0006017,CUST02308,2026-07-31,Performance,Low,70,Resolved,5
TICK0006018,CUST02308,2026-08-29,Billing,High,29,Resolved,5
TICK0006019,CUST02308,2026-07-29,Account Access,Low,125,Resolved,4
TICK0006020,CUST02308,2026-08-12,Technical Issue,Low,139,Open,3
TICK0006021,CUST02308,2026-09-15,Bug Report,Medium,28,Resolved,5
TICK0006022,CUST02309,2026-09-10,Feature Request,Medium,33,Resolved,3
TICK0006023,CUST02309,2025-10-02,Bug Report,Medium,45,Resolved,5
TICK0006024,CUST02309,2026-07-11,How-To Question,Medium,30,Resolved,3
TICK0006025,CUST02310,2025-11-22,Feature Request,High,7,Resolved,3
TICK0006026,CUST02310,2026-05-16,Feature Request,Low,43,Resolved,4
TICK0006027,CUST02310,2026-06-09,Account Access,Low,69,Resolved,5
TICK0006028,CUST02311,2026-07-22,Integration,Low,176,Resolved,2
TICK0006029,CUST02311,2026-06-27,Bug Report,Medium,78,Resolved,2
TICK0006030,CUST02311,2026-06-16,Account Access,Low,61,Resolved,1
TICK0006031,CUST02311,2026-06-10,Technical Issue,Medium,73,Resolved,1
TICK0006032,CUST02311,2026-09-09,Performance,Medium,75,Resolved,1
TICK0006033,CUST02313,2025-06-26,Billing,Medium,59,Resolved,5
TICK0006034,CUST02313,2026-03-01,How-To Question,Low,62,Resolved,3
TICK0006035,CUST02314,2025-11-19,Account Access,Medium,59,Resolved,4
TICK0006036,CUST02315,2026-04-19,technical issue,Medium,47,Resolved,2
TICK0006037,CUST02315,2026-01-08,Technical Issue,Low,111,Pending,5
TICK0006038,CUST02316,2026-09-06,Feature Request,High,11,Pending,3
TICK0006039,CUST02316,2026-09-22,How-To Question,Medium,33,Open,5
TICK0006040,CUST02316,2026-09-08,Feature Request,Medium,47,Resolved,4
TICK0006041,CUST02317,2025-10-12,Feature Request,Medium,36,Resolved,2
TICK0006042,CUST02317,2025-07-20,Account Access,Medium,62,Resolved,3
TICK0006043,CUST02319,2026-01-03,Billing,Urgent,5,Resolved,5
TICK0006044,CUST02319,2026-08-21,Billing,Low,54,Resolved,5
TICK0006045,CUST02320,2026-05-10,Account Access,Medium,49,Resolved,5
TICK0006046,CUST02320,2026-06-11,Integration,Low,46,Resolved,5
TICK0006047,CUST02320,2026-05-26,Account Access,High,15,Resolved,3
TICK0006048,CUST02320 ,2026-06-23,Performance,Medium,45,Resolved,5
TICK0006049,CUST02320,2026-03-04,How-To Question,High,4,Resolved,3
TICK0006050,CUST02321,2025-03-31,Billing,Medium,36,Resolved,2
TICK0006051,CUST02321,2024-07-02,How-To Question,Low,34,Resolved,5
TICK0006052,CUST02323,2025-10-01,Integration,High,41,Resolved,1
TICK0006053,CUST02323,2025-07-28,Technical Issue,Medium,121,Resolved,2
TICK0006054,CUST02323,2026-07-14,Bug Report,Low,143,Pending,2
TICK0006055,CUST02323,2025-09-07,Bug Report,Low,143,Open,2
TICK0006056,CUST02323,2026-05-23,Integration,Medium,51,Resolved,1
TICK0006057,CUST02325,2026-02-17,Billing,Urgent,9,Resolved,4
TICK0006058,CUST02325,2026-08-13,Feature Request,Medium,29,Resolved,5
TICK0006059,CUST02325,2026-01-06,Performance,Medium,28,Resolved,4
TICK0006060,CUST02326,2025-06-03,How-To Question,Medium,42,Resolved,1
TICK0006061,CUST02326,2025-10-23,Performance,High,36,Resolved,5
TICK0006062,CUST02328,2025-08-22,Technical Issue,Medium,82,Resolved,3
TICK0006063,CUST02328,2025-03-29,Technical Issue,Low,83,Open,1
TICK0006064,CUST02328,2025-03-16,Bug Report,Low,100,Resolved,1
TICK0006065,CUST02328,2025-11-18,Integration,Medium,41,Resolved,2
TICK0006066,CUST02328,2025-09-24,Account Access,Low,127,Resolved,2
TICK0006067,CUST02330,2026-08-08,Billing,Urgent,2,Pending,4
TICK0006068,CUST02330,2026-06-18,Billing,Low,81,Resolved,4
TICK0006069,CUST02330,2026-06-18,Feature Request,Medium,83,Resolved,5
TICK0006070,CUST02331,2025-08-03,Account Access,Medium,57,Resolved,4
TICK0006071,CUST02331,2025-04-10,How-To Question,Medium,8,Resolved,5
TICK0006072,CUST02332,2024-07-30,How-To Question,Medium,50,Resolved,3
TICK0006073,CUST02332,2025-06-08,Feature Request,Medium,44,Resolved,4
TICK0006074,CUST02333,2026-05-15,Feature Request,Low,57,Resolved,5
TICK0006075,CUST02333,2026-05-10,Bug Report,High,36,Resolved,5
TICK0006076,CUST02335,2026-02-12,Feature Request,Medium,14,Open,4
TICK0006077,CUST02335,2025-10-15,How-To Question,High,36,Pending,5
TICK0006078,CUST02336,2026-06-22,Technical Issue,Medium,52,Resolved,3
TICK0006079,CUST02336,2026-04-11,Technical Issue,Low,61,Resolved,5
TICK0006080,CUST02336,2026-04-14,Account Access,Medium,38,Resolved,4
TICK0006081,CUST02336,2026-04-12,How-To Question,Medium,24,Pending,5
TICK0006082,CUST02337,2026-06-17,Integration,Low,64,Resolved,5
TICK0006083,CUST02337,2026-07-18,Performance,Urgent,6,Pending,3
TICK0006084,CUST02337,2025-09-23,Performance,Medium,17,Resolved,5
TICK0006085,CUST02338,2026-04-06,Bug Report,Medium,60,Resolved,3
TICK0006086,CUST02338,2026-04-20,Feature Request,Urgent,16,Pending,3
TICK0006087,CUST02338,2026-05-19,Performance,High,33,Resolved,3
TICK0006088,CUST02339,2025-12-11,Bug Report,Medium,48,Resolved,4
TICK0006089,CUST02340,2026-07-24,Performance,Medium,60,Resolved,3
TICK0006090,CUST02340,2025-08-29,Technical Issue,Medium,19,Open,2
TICK0006091,CUST02340,2025-10-08,Technical Issue,Medium,112,Resolved,1
TICK0006092,CUST02341,2026-08-15,Feature Request,Low,59,Resolved,3
TICK0006093,CUST02341,2026-05-11,How-To Question,Medium,56,Resolved,5
TICK0006094,CUST02342,2026-07-30,Integration,Medium,26,Resolved,5
TICK0006095,CUST02342,2026-08-25,Bug Report,Medium,49,Resolved,5
TICK0006096,CUST02342,2026-08-31,Bug Report,Medium,60,Resolved,5
TICK0006097,CUST02342,2026-09-09,Performance,Medium,70,Resolved,5
TICK0006098,CUST02342,2026-09-07,How-To Question,Low,45,Resolved,4
TICK0006099,CUST02343,2025-02-05,How-To Question,Low,68,Resolved,4
TICK0006100,CUST02343,2025-03-20,Performance,Medium,36,Resolved,1
TICK0006101,CUST02343,2024-12-13,How-To Question,Low,79,Pending,4
TICK0006102,CUST02344,09/02/2024,Bug Report,Low,153,Resolved,1
TICK0006103,CUST02345,2025-06-09,Bug Report,Low,221,Resolved,1
TICK0006104,CUST02345,2025-01-05,Technical Issue,Medium,62,Resolved,4
TICK0006105,CUST02345,2025-05-03,Bug Report,Low,120,Open,1
TICK0006106,CUST02345,11/24/2025,Bug Report,Medium,70,Open,1
TICK0006107,CUST02345,2025-09-07,Account Access,Low,204,resolved,1
TICK0006108,CUST02345,2026-06-08,Technical Issue,Urgent,27,Resolved,1
TICK0006109,CUST02345,2026-04-06,Account Access,Medium,28,Resolved,2
TICK0006110,CUST02345,2025-09-08,Account Access,Medium,42,Resolved,4
TICK0006111,CUST02345,2025-07-01,Technical Issue,Medium,61,Resolved,5
TICK0006112,CUST02345,2026-01-08,Performance,Medium,85,Resolved,2
TICK0006113,CUST02345,2025-07-19,Bug Report,Low,98,Resolved,3
TICK0006114,CUST02346,2026-07-02,Feature Request,Urgent,6,Resolved,3
TICK0006115,CUST02347,2026-07-28,How-To Question,Medium,20,Resolved,4
TICK0006116,CUST02348,2026-03-27,Billing,Low,63,Resolved,2
TICK0006117,CUST02350,2025-08-03,Integration,Low,153,Resolved,3
TICK0006118,CUST02350,2025-07-30,Bug Report,High,25,Resolved,3
TICK0006119,CUST02350,2025-10-04,Account Access,MEDIUM,55,Resolved,2
TICK0006120,CUST02350,2025-07-21,Technical Issue,Medium,111,Resolved,4
TICK0006121,CUST02351,2026-06-29,Feature Request,High,25,Pending,4
TICK0006122,CUST02351,2025-10-18,Feature Request,Medium,8,Resolved,2
TICK0006123,CUST02351,2026-04-01,Feature Request,Medium,60,Resolved,5
TICK0006124,CUST02351,2026-09-08,Feature Request,Medium,29,Resolved,2
TICK0006125,CUST02351,2025-08-03,Feature Request,Low,89,Resolved,4
TICK0006126,CUST02352,2026-01-28,How-To Question,Medium,33,Resolved,5
TICK0006127,CUST02352,2024-01-07,Performance,High,25,Resolved,3
TICK0006128,CUST02353,2025-08-07,Technical Issue,Medium,36,Resolved,5
TICK0006129,CUST02354,2026-07-25,Feature Request,Medium,84,Open,3
TICK0006130,CUST02355,2026-09-03,Billing,Medium,40,Resolved,5
TICK0006131,CUST02355,2026-09-01,Billing,High,23,Resolved,5
TICK0006132,CUST02355,2026-06-03,Performance,Medium,40,Resolved,5
TICK0006133,CUST02356,2026-03-06,How-To Question,Medium,26,Resolved,4
TICK0006134,CUST02357,2025-08-06,Performance,Medium,44,Resolved,5
TICK0006135,CUST02357,2025-12-11,Feature Request,Low,16,Resolved,4
TICK0006136,CUST02357,2024-09-08,how-to question,Medium,36,Resolved,4
TICK0006137,CUST02357,2025-08-09,Billing,Low,76,Resolved,5
TICK0006138,CUST02357,2024-12-15,How-To Question,Medium,60,Resolved,3
TICK0006139,CUST02357,2024-10-04,Billing,Medium,48,Resolved,5
TICK0006140,CUST02357,2026-01-27,Billing,Medium,55,Resolved,3
TICK0006141,CUST02358,2025-04-09,Bug Report,Low,81,Resolved,4
TICK0006142,CUST02358,2025-06-18,Account Access,Low,31,Resolved,5
TICK0006143,CUST02358,2025-03-05,Billing,Medium,43,Resolved,4
TICK0006144,CUST02359,2025-11-22,How-To Question,Low,47,Resolved,1
TICK0006145,CUST02359,2025-10-11,How-To Question,Medium,58,Resolved,5
TICK0006146,CUST02359,2026-02-25,Feature Request,Medium,31,Resolved,5
TICK0006147,CUST02359,2026-07-05,Account Access,Medium,61,Pending,5
TICK0006148,CUST02359,2026-06-19,Account Access,Medium,47,Pending,4
TICK0006149,CUST02360,2025-01-09,Feature Request,Low,75,Resolved,4
TICK0006150,CUST02360,2025-07-03,How-To Question,Medium,52,Resolved,4
TICK0006151,CUST02361,2026-06-24,Account Access,High,15,Resolved,5
TICK0006152,CUST02362,2026-08-15,How-To Question,Low,106,Resolved,4
TICK0006153,CUST02362,2025-02-13,How-To Question,Low,69,Resolved,5
TICK0006154,CUST02362,2025-10-26,Bug Report,Medium,51,Resolved,3
TICK0006155,CUST02362,2026-03-01,Feature Request,Medium,39,Resolved,2
TICK0006156,CUST02364,2026-07-25,Feature Request,Low,75,Resolved,4
TICK0006157,CUST02364,2026-07-31,Billing,Medium,53,Open,4
TICK0006158,CUST02364,2026-08-20,Feature Request,Low,15,Resolved,5
TICK0006159,CUST02364,09/14/2026,Integration,High,27,Resolved,4
TICK0006160,CUST02365,2025-02-06,Bug Report,Low,103,Resolved,3
TICK0006161,CUST02365,2025-06-09,Technical Issue,Medium,91,Resolved,4
TICK0006162,CUST02365,2026-09-20,Performance,Medium,67,Resolved,3
TICK0006163,CUST02366,2025-12-28,Billing,Medium,27,Resolved,2
TICK0006164,CUST02366,2026-03-31,Feature Request,Medium,58,Resolved,4
TICK0006165,CUST02367,2025-08-24,Account Access,Low,97,Resolved,3
TICK0006166,CUST02367,2025-09-01,Account Access,Medium,55,Resolved,2
TICK0006167,CUST02367,2025-06-03,Integration,Urgent,33,Resolved,2
TICK0006168,CUST02367,2024-11-26,Integration,Low,109,Resolved,1
TICK0006169,CUST02367,2024-11-29,Technical Issue,Low,125,Resolved,3
TICK0006170,CUST02367,2025-01-28,Integration,High,40,Resolved,3
TICK0006171,CUST02367,2025-03-26,Performance,Medium,100,Pending,4
TICK0006172,CUST02368,2026-02-16,How-To Question,Medium,30,Resolved,3
TICK0006173,CUST02368,08/31/2026,Account Access,Medium,31,Open,4
TICK0006174,CUST02368,2026-07-09,Account Access,High,42,Resolved,3
TICK0006175,CUST02369,2025-01-20,Technical Issue,Low,110,Pending,1
TICK0006176,CUST02369,2026-02-13,Performance,Medium,84,Resolved,2
TICK0006177,CUST02369,2025-09-01,Technical Issue,Medium,66,Resolved,1
TICK0006178,CUST02369,2024-12-20,Performance,Low,139,Resolved,4
TICK0006179,CUST02369,2026-08-21,Account Access,Low,131,Resolved,2
TICK0006180,CUST02369,2025-02-19,Technical Issue,High,39,Resolved,2
TICK0006181,CUST02370,2025-08-06,Account Access,Medium,97,Resolved,3
TICK0006182,CUST02370,2024-07-16,Integration,Low,108,Resolved,1
TICK0006183,CUST02370,2026-07-03,Integration,Low,87,Resolved,1
TICK0006184,CUST02370,2025-12-01,Performance,Low,160,Resolved,2
TICK0006185,CUST02370,2024-04-23,Bug Report,Low,46,Resolved,1
TICK0006186,CUST02370,2025-08-29,Bug Report,Medium,53,Resolved,3
TICK0006187,CUST02370,2024-03-17,Account Access,Low,105,Resolved,3
TICK0006188,CUST02370,2025-05-29,Account Access,Low,56,Resolved,2
TICK0006189,CUST02371,2024-08-17,Billing,Medium,34,Resolved,5
TICK0006190,CUST02371,2026-08-01,Feature Request,Low,33,Pending,5
TICK0006191,CUST02372,2026-04-19,Integration,Medium,41,Resolved,5
TICK0006192,CUST02372,2025-09-10,Bug Report,Medium,33,Resolved,4
TICK0006193,CUST02372,2025-05-04,Feature Request,High,29,Resolved,5
TICK0006194,CUST02372,2024-11-02,Billing,High,38,Resolved,3
TICK0006195,CUST02372,2025-08-27,Billing,High,15,Resolved,5
TICK0006196,CUST02373,2026-04-03,Billing,Low,38,Open,2
TICK0006197,CUST02373,2024-05-07,Feature Request,Medium,71,Resolved,5
TICK0006198,CUST02375,2024-12-11,How-To Question,High,4,Open,4
TICK0006199,CUST02375,2025-10-10,Technical Issue,Medium,33,Resolved,5
TICK0006200,CUST02375,2024-01-03,Billing,Medium,34,Resolved,4
TICK0006201,CUST02375,2024-12-01,Feature Request,Low,76,Resolved,5
TICK0006202,CUST02376,2026-06-24,Feature Request,High,17,Resolved,4
TICK0006203,CUST02378,2026-06-07,Performance,High,46,Resolved,1
TICK0006204,CUST02378,2026-08-05, billing,High,14,Resolved,4
TICK0006205,CUST02378,2026-07-09,Billing,High,4,Resolved,4
TICK0006206,CUST02379,2025-11-17,Feature Request,High,4,Resolved,3
TICK0006207,CUST02379,2026-08-11,How-To Question,Medium,69,Resolved,3
TICK0006208,CUST02379,2026-06-28,Performance,Low,76,Resolved,4
TICK0006209,CUST02379,2026-01-05,How-To Question,Medium,25,Pending,5
TICK0006210,CUST02379,2025-08-22,How-To Question,Medium,41,Resolved,5
TICK0006211,CUST02379,2026-04-15,Billing,Low,76,Resolved,3
TICK0006212,CUST02380,2026-09-03,Bug Report,Low,73,Resolved,4
TICK0006213,CUST02381,2026-02-10,Performance,Low,30,Resolved,1
TICK0006214,CUST02381,2025-01-04,Performance,Low,100,Resolved,2
TICK0006215,CUST02381,2024-11-12,Integration,Low,20,Resolved,3
TICK0006216,CUST02381,2026-02-06,Bug Report,High,35,Pending,1
TICK0006217,CUST02382,2026-01-27,Feature Request,High,16,Pending,5
TICK0006218,CUST02382,2025-04-12,Feature Request,High,38,Resolved,3
TICK0006219,CUST02382,2025-07-06,Feature Request,Low,106,Resolved,4
TICK0006220,CUST02383,2024-09-29,Account Access,Medium,37,Resolved,4
TICK0006221,CUST02383,2026-03-22,Bug Report,Low,92,Resolved,4
TICK0006222,CUST02383,2024-07-16,Technical Issue,Medium,72,Resolved,4
TICK0006223,CUST02384,2025-11-20,Feature Request,Low,62,Resolved,5
TICK0006224,CUST02384,2025-04-07,Account Access,Medium,78,Resolved,5
TICK0006225,CUST02384,2026-04-08,Account Access,Low,104,Resolved,5
TICK0006226,CUST02385,2026-02-06,Bug Report,Low,19,Resolved,4
TICK0006227,CUST02385,2025-10-19,Integration,Medium,82,Resolved,3
TICK0006228,CUST02386,2024-10-15,Integration,Medium,33,Resolved,1
TICK0006229,CUST02386,2026-08-13,Account Access,Medium,109,Resolved,1
TICK0006230,CUST02386,2025-08-12,Integration,High,64,Resolved,1
TICK0006231,CUST02386,2026-08-19,performance,Medium,82,resolved,1
TICK0006232,CUST02387,2024-07-25,Performance,Low,107,Resolved,4
TICK0006233,CUST02387,2025-02-15,Billing,Low,75,Resolved,5
TICK0006234,CUST02387,2024-03-15,How-To Question,Medium,77,Resolved,3
TICK0006235,CUST02388,2026-04-11,Account Access,Low,86,Resolved,4
TICK0006236,CUST02389,2026-07-09,Performance,Low,57,Resolved,4
TICK0006237,CUST02389,2026-06-15,How-To Question,Urgent,5,Resolved,4
TICK0006238,CUST02390,2025-09-18,Billing,Medium,80,Resolved,4
TICK0006239,CUST02390,2025-07-26,Feature Request,Medium,43,Resolved,4
TICK0006240,CUST02391,2024-09-26,Billing,Medium,63,Resolved,3
TICK0006241,CUST02391,2025-06-04,Technical Issue,Low,74,Resolved,5
TICK0006242,CUST02391,2026-03-06,Billing,Medium,60,Resolved,3
TICK0006243,CUST02393,2024-09-10,Technical Issue,Medium,42,Resolved,4
TICK0006244,CUST02393,2025-11-19,Technical Issue,Medium,63,Resolved,5
TICK0006245,CUST02393,2024-05-05,Performance,Medium,47,Resolved,4
TICK0006246,CUST02394,2025-11-30,Billing,Low,52,Resolved,1
TICK0006247,CUST02394,2026-01-16,How-To Question,Medium,62,Resolved,1
TICK0006248,CUST02394,2025-11-09,Billing,Low,35,Resolved,5
TICK0006249,CUST02394,2026-06-15,Feature Request,Medium,10,Resolved,1
TICK0006250,CUST02394,2025-12-22,How-To Question,Medium,56,Resolved,3
TICK0006251,CUST02394,2025-10-13,How-To Question,Medium,24,Resolved,5
TICK0006252,CUST02394,2026-04-25,Billing,Medium,73,Resolved,3
TICK0006253,CUST02394,2025-10-15,Billing,High,27,Resolved,4
TICK0006254,CUST02394,2026-05-06,How-To Question,Medium,55,Resolved,4
TICK0006255,CUST02395,2026-04-11,Feature Request,Medium,11,Resolved,5
TICK0006256,CUST02396,2026-08-31,Bug Report,Medium,66,Resolved,5
TICK0006257,CUST02398,2026-05-21,Technical Issue,Low,37,Resolved,2
TICK0006258,CUST02398,2024-10-20,Technical Issue,Low,212,Resolved,2
TICK0006259,CUST02398,2026-06-16,Account Access,Medium,54,Resolved,1
TICK0006260,CUST02398,2025-05-08,Integration,Medium,84,Resolved,2
TICK0006261,CUST02399,2025-10-19,Account Access,Medium,51,Resolved,4
TICK0006262,CUST02400,2026-07-13,How-To Question,Low,76,Resolved,4
TICK0006263,CUST02400,2025-11-07,Feature Request,Medium,16,Open,5
TICK0006264,CUST02400,2025-08-10,Bug Report,Low,36,Resolved,5
TICK0006265,CUST02401,2025-10-02,How-To Question,Low,93,Resolved,5
TICK0006266,CUST02401,2025-12-31,Billing,Urgent,13,Resolved,1
TICK0006267,CUST02401,2025-11-22,Billing,Medium,49,Resolved,3
TICK0006268,CUST02402,2026-06-09,Feature Request,Low,84,Resolved,5
TICK0006269,CUST02403,2025-05-05,Billing,High,23,Resolved,4
TICK0006270,CUST02404,2025-11-30,Integration,Low,71,Resolved,5
TICK0006271,CUST02404,2026-09-22,Account Access,Low,34,Resolved,5
TICK0006272,CUST02406,2025-03-11,Billing,Urgent,11,Resolved,4
TICK0006273,CUST02406,2026-04-06,Billing, high,44,Resolved,5
TICK0006274,CUST02406,2025-11-16,Feature Request,Medium,56,Resolved,4
TICK0006275,CUST02406,2026-05-08,Performance,Medium,68,Resolved,3
TICK0006276,CUST02406,2026-09-04,Feature Request,Low,59,Pending,5
TICK0006277,CUST02408,2026-04-17,FEATURE REQUEST,Low,110,Resolved,4
TICK0006278,CUST02408,2026-07-09,Technical Issue,High,28,Open,5
TICK0006279,CUST02408,2026-08-07,Bug Report,Low,65,Resolved,3
TICK0006280,CUST02408,2026-05-21,Performance,High,28,Resolved,5
TICK0006281,CUST02409,2026-04-09,Billing,Medium,41,Resolved,4
TICK0006282,CUST02409,2026-01-29,Feature Request,High,22,Resolved,3
TICK0006283,CUST02409,2024-12-07,Billing,Low,51,Resolved,4
TICK0006284,CUST02410,2025-12-30,How-To Question,Medium,61,Resolved,4
TICK0006285,CUST02410,2026-01-26,Bug Report,High,34,Resolved,2
TICK0006286,CUST02411,2026-02-07,Technical Issue,Low,65,Resolved,3
TICK0006287,CUST02411,2025-09-13,Integration,High,19,Resolved,3
TICK0006288,CUST02411,2025-12-19,Billing,Medium,49,Resolved,4
TICK0006289,CUST02412,2025-11-24,Feature Request,Medium,68,Resolved,4
TICK0006290,CUST02412,2026-05-16,How-To Question,Low,56,Open,5
TICK0006291,CUST02413,2025-12-17,How-To Question,Low,63,Resolved,5
TICK0006292,CUST02414,2024-01-12,Feature Request,Low,38,Resolved,3
TICK0006293,CUST02415,2025-10-27,Account Access,Low,64,Pending,5
TICK0006294,CUST02415,2025-06-28,Feature Request,Medium,58,Resolved,1
TICK0006295,CUST02416,2025-05-06,Feature Request,Low,98,Resolved,2
TICK0006296,CUST02416,2025-01-25,Feature Request,Medium,80,Open,3
TICK0006297,CUST02416,2026-02-23,Bug Report,Low,97,Open,2
TICK0006298,CUST02416,2025-01-13,Billing,Urgent,12,Resolved,4
TICK0006299,CUST02417,2024-12-22,Billing,Medium,31,Resolved,4
TICK0006300,CUST02417,2025-03-29,Performance,Low,96,resolved,5
TICK0006301,CUST02418,2024-09-07,Feature Request,Low,12,Resolved,4
TICK0006302,CUST02418,2024-08-28,How-To Question,Urgent,12,Resolved,5
TICK0006303,CUST02419,2026-05-08,Integration,Low,41,Resolved,5
TICK0006304,CUST02420,2026-01-25,Account Access,Low,73,Pending,5
TICK0006305,CUST02420,2025-05-14,Account Access,Low,86,Resolved,2
TICK0006306,CUST02420,2026-02-15,Account Access,Medium,46,Resolved,4
TICK0006307,CUST02421,2024-10-27,how-to question,Low,49,Resolved,5
TICK0006308,CUST02421,2026-08-20,Feature Request,Medium,43,Resolved,5
TICK0006309,CUST02421,2025-01-19,Bug Report,Medium,48,Resolved,4
TICK0006310,CUST02422,2025-05-29,Bug Report,Medium,65,Resolved,4
TICK0006311,CUST02422,2025-06-09,Performance,Medium,15,Pending,4
TICK0006312,CUST02422,2025-08-12,Billing,Medium,40,Resolved,5
TICK0006313,CUST02422,2025-06-07,Feature Request,Low,35,Resolved,2
TICK0006314,CUST02423,2026-06-22,INTEGRATION,High,26,Resolved,5
TICK0006315,CUST02424,2025-07-26,Technical Issue,Low,87,Resolved,5
TICK0006316,CUST02424,2025-05-20,How-To Question,Low,78,Resolved,2
TICK0006317,CUST02425,2026-07-11,Integration,Low,40,Resolved,5
TICK0006318,CUST02425,2026-08-26,Bug Report,Medium,39,Resolved,4
TICK0006319,CUST02425,2026-06-18,Account Access,Low,37,Resolved,5
TICK0006320,CUST02426,2026-08-09,Account Access,Medium,112,Resolved,3
TICK0006321,CUST02426,2026-03-14,Technical Issue,Low,175,Pending,
TICK0006322,CUST02426,03/07/2026,Technical Issue,High,48,Resolved,4
TICK0006323,CUST02426,2026-08-22,Bug Report,High,59,Resolved,1
TICK0006324,CUST02426,2026-02-27,Account Access,Medium,10,Resolved,3
TICK0006325,CUST02426,2026-03-29,Bug Report,Low,130,Resolved,1
TICK0006326,CUST02426,2026-05-13,Technical Issue,Low,158,Resolved,2
TICK0006327,CUST02426,2026-06-10,Bug Report,Low,85,Resolved,2
TICK0006328,CUST02426,04/16/2026,Account Access,High,31,Resolved,2
TICK0006329,CUST02426,2026-08-18,Integration,Medium,56,Resolved,2
TICK0006330,CUST02427,2026-09-19,How-To Question,Medium,64,Resolved,5
TICK0006331,CUST02428,2026-07-22,Billing,Low,30,Resolved,5
TICK0006332,CUST02428,2026-07-24,Technical Issue,Medium,36,Resolved,5
TICK0006333,CUST02428,2026-09-20,Feature Request,Low,76,Resolved,3
TICK0006334,CUST02429,2026-07-01,Billing,Low,86,Resolved,2
TICK0006335,CUST02430,2026-09-19,Billing,Medium,16,Resolved,5
TICK0006336,CUST02430,2026-03-05,Performance,Low,111,Resolved,5
TICK0006337,CUST02430,2025-07-09,Account Access,Medium,24,Resolved,5
TICK0006338,CUST02431,2026-07-23,Billing,Low,42,Resolved,4
TICK0006339,CUST02431,2026-08-21,Billing,Medium,43,Resolved,1
TICK0006340,CUST02431,2026-07-25,Feature Request,Low,49,Resolved,4
TICK0006341,CUST02432,2025-10-24,Bug Report,Low,116,Resolved,2
TICK0006342,CUST02432,2026-02-07,Feature Request,Medium,63,Resolved,5
TICK0006343,CUST02432,2025-12-02,Integration,High,21,Resolved,5
TICK0006344,CUST02433,2024-12-14,Bug Report,Medium,22,Resolved,5
TICK0006345,CUST02433,2024-11-20,Technical Issue,Medium,33,Pending,3
TICK0006346,CUST02433,2025-03-19,Technical Issue,Medium,34,Resolved,3
TICK0006347,CUST02433,2026-01-12,Performance,Low,142,Resolved,5
TICK0006348,CUST02433,2025-02-28,How-To Question,Low,53,Resolved,1
TICK0006349,CUST02434,2024-08-07,Feature Request,Medium,47,Resolved,3
TICK0006350,CUST02434,2024-10-10,Performance,Medium,69,Resolved,2
TICK0006351,CUST02435,2025-07-14,Account Access,Medium,24,Resolved,4
TICK0006352,CUST02435,2025-02-22,Feature Request,Medium,75,resolved,4
TICK0006353,CUST02436,2025-09-07,Performance,Medium,78,Resolved,2
TICK0006354,CUST02436,2026-06-09,Account Access,Low,141,Resolved,2
TICK0006355,CUST02436,2026-06-06,Bug Report,Low,68,Resolved,1
TICK0006356,CUST02436,2025-09-22,Performance,Medium,113,Resolved,1
TICK0006357,CUST02436,2025-11-16,Performance,Medium,61,Resolved,2
TICK0006358,CUST02436,2026-04-16,Performance,Low,193,Resolved,2
TICK0006359,CUST02437,2026-07-07,Bug Report,Medium,108,Resolved,1
TICK0006360,CUST02437,2026-05-26,Bug Report,Medium,35,Resolved,3
TICK0006361,CUST02437,2026-08-25,Bug Report,Low,107,Resolved,3
TICK0006362,CUST02437,2026-05-11,Account Access,Low,54,Resolved,1
TICK0006363,CUST02438,2026-08-02,Performance,Medium,40,Resolved,5
TICK0006364,CUST02438,2026-09-03,Technical Issue,High,40,Resolved,5
TICK0006365,CUST02438,2026-06-20,Feature Request,Low,40,Resolved,5
TICK0006366,CUST02439,2025-12-13,Feature Request,Urgent,10,Resolved,5
TICK0006367,CUST02439,2025-04-06,Bug Report,Medium,52,Resolved,4
TICK0006368,CUST02439,2026-01-08,Bug Report,Medium,41,Resolved,3
TICK0006369,CUST02439,2025-04-14,How-To Question,Low,18,Resolved,4
TICK0006370,CUST02440,2026-09-17,Bug Report,Medium,37,Resolved,2
TICK0006371,CUST02440,2026-08-26,Account Access,Medium,110,Resolved,3
TICK0006372,CUST02440,2026-09-01,Account Access,Medium,41,Pending,1
TICK0006373,CUST02440,2026-08-23,Account Access,Low,189,Resolved,4
TICK0006374,CUST02441,2026-02-27,Integration,Low,108,Resolved,5
TICK0006375,CUST02441,2026-05-29,Billing,Low,67,Resolved,5
TICK0006376,CUST02441,2026-08-21,Technical Issue,Low,58,Resolved,2
TICK0006377,CUST02442,2026-04-27,Performance,High,4,Resolved,5
TICK0006378,CUST02442,2026-06-17,Account Access,Low,52,Resolved,5
TICK0006379,CUST02443,2026-06-25,Billing,Medium,58,Resolved,3
TICK0006380,CUST02443,2026-09-17,Performance,Medium,20,Resolved,4
TICK0006381,CUST02443,2026-03-09,Performance,Medium,40,Resolved,3
TICK0006382,CUST02444,2026-02-22,Integration,High,36,Resolved,3
TICK0006383,CUST02444,2026-05-01,Integration,Low,58,Resolved,2
TICK0006384,CUST02445,2025-10-07,Account Access,Low,115,Resolved,5
TICK0006385,CUST02446,2025-11-03,Bug Report,Medium,49,Resolved,1
TICK0006386,CUST02446,2026-04-21,Performance,High,57,Resolved,3
TICK0006387,CUST02446,2025-11-21,Bug Report,Low,123,Resolved,3
TICK0006388,CUST02446,2026-01-23,Technical Issue,Urgent,32,Resolved,1
TICK0006389,CUST02446,2026-04-05,Performance,Medium,107,Resolved,4
TICK0006390,CUST02446,2026-02-16,Integration,Low,137,Pending,2
TICK0006391,CUST02446,2026-09-19,Technical Issue,High,12,Resolved,5
TICK0006392,CUST02447,2026-04-06,Feature Request,Medium,32,Resolved,4
TICK0006393,CUST02447,09/23/2026,Integration,High,28,Open,4
TICK0006394,CUST02447,2026-04-26,Account Access,Low,64,Resolved,3
TICK0006395,CUST02449,2024-08-18,Account Access,Low,47,resolved,2
TICK0006396,CUST02449,2024-07-21,Bug Report,Low,203,Resolved,3
TICK0006397,CUST02449,2024-07-06,Performance,Medium,107,Resolved,1
TICK0006398,CUST02449,2024-08-16,Bug Report,Low,89,Resolved,1
TICK0006399,CUST02449,2024-07-24,Integration,Low,190,Resolved,5
TICK0006400,CUST02449,2024-09-28,Technical Issue,Medium,116,Resolved,2
TICK0006401,CUST02450,2026-09-11,Integration,low,81,Resolved,4
TICK0006402,CUST02450,2026-09-15,Account Access,Medium,68,Resolved,5
TICK0006403,CUST02451,2026-08-25,Account Access,Medium,43,Resolved,5
TICK0006404,CUST02452,2026-01-09,Bug Report,High,30,Resolved,4
TICK0006405,CUST02452,2025-06-27,Account Access,High,40,Resolved,5
TICK0006406,CUST02453,2026-01-26,Performance,Low,99,Resolved,4
TICK0006407,CUST02454,2024-01-17,Performance,Low,46,Resolved,4
TICK0006408,CUST02454,2026-03-23,Integration,Low,111,Resolved,4
TICK0006409,CUST02454,2025-11-22,How-To Question,Low,111,Resolved,5
TICK0006410,CUST02455,2025-01-24,How-To Question,Low,99,Resolved,5
TICK0006411,CUST02455,2025-02-27,Account Access,Medium,58,Resolved,3
TICK0006412,CUST02457,2026-09-23,How-To Question,Low,136,Resolved,1
TICK0006413,CUST02457,2026-08-23,Feature Request,Low,68,Resolved,3
TICK0006414,CUST02458,2025-10-03,Performance,Low,12,Resolved,5
TICK0006415,CUST02458,2026-08-22,Performance,Low,83,Resolved,4
TICK0006416,CUST02458,2026-05-14,performance,Low,25,Resolved,4
TICK0006417,CUST02458,2025-08-21,Feature Request,Medium,56,Resolved,3
TICK0006418,CUST02459,2024-10-01,Bug Report,Medium,39,Resolved,5
TICK0006419,CUST02459,2025-07-05,Technical Issue,Low,36,Resolved,4
TICK0006420,CUST02459,2024-07-14,Technical Issue,Low,107,Pending,4
TICK0006421,CUST02460,2026-03-21,How-To Question,Medium,58,Resolved,1
TICK0006422,CUST02460,2026-06-16,Feature Request,High,35,Resolved,5
TICK0006423,CUST02461,2026-05-04,Performance,Medium,78,Resolved,5
TICK0006424,CUST02461,2026-07-14,How-To Question,Medium,55,Resolved,3
TICK0006425,CUST02461,2026-08-30,how-to question,Low,73,Resolved,4
TICK0006426,CUST02461,2026-07-09,Performance,Medium,19,Resolved,4
TICK0006427,CUST02462,2024-08-06,Account Access,Medium,22,Resolved,4
TICK0006428,CUST02462 ,2025-03-10,Account Access,Low,38,Resolved,1
TICK0006429,CUST02462,2026-01-15,Account Access,Medium,31,Open,5
TICK0006430,CUST02463,2024-01-30,Integration,Medium,12,Resolved,5
TICK0006431,CUST02463,2023-12-04,How-To Question,Medium,25,Resolved,5
TICK0006432,CUST02463,2025-08-03,Technical Issue,Low,83,Resolved,4
TICK0006433,CUST02464,2026-07-10,Billing,Low,66,Resolved,5
TICK0006434,CUST02465,2025-12-24,Billing,Low,52,Resolved,4
TICK0006435,CUST02466,2026-07-20,Integration,Medium,39,Resolved,3
TICK0006436,CUST02466,2024-11-12,Billing,Medium,41,resolved,3
TICK0006437,CUST02467,2026-01-12,Integration,Low,80,Resolved,2
TICK0006438,CUST02467,2026-09-17,How-To Question,High,25,Resolved,5
TICK0006439,CUST02467,2025-12-22,Technical Issue,Low,110,resolved,5
TICK0006440,CUST02467,2026-03-17,Integration,Medium,25,Resolved,4
TICK0006441,CUST02468,2026-02-26,Performance,Low,84,Resolved,5
TICK0006442,CUST02468,2026-02-02,Integration,Low,70,Resolved,5
TICK0006443,CUST02468,2026-04-29,Billing,Low,18,Resolved,3
TICK0006444,CUST02470,2026-06-23,Bug Report,Low,79,Resolved,5
TICK0006445,CUST02471,2026-08-04,Technical Issue,Medium,45,Resolved,5
TICK0006446,CUST02472,2026-05-09,Feature Request,Medium,114,Pending,5
TICK0006447,CUST02472,2025-09-27,How-To Question,Low,73,Resolved,4
TICK0006448,CUST02472,2025-12-04,Bug Report,High,30,Resolved,5
TICK0006449,CUST02473,2026-05-27,Billing,Medium,29,Resolved,3
TICK0006450,CUST02473,2025-07-15,How-To Question,Medium,38,Resolved,3
TICK0006451,CUST02473,2025-10-25,Billing,Medium,48,Resolved,1
TICK0006452,CUST02473,2026-01-04,Feature Request,Low,80,Resolved,2
TICK0006453,CUST02474,2026-08-04,How-To Question,Medium,72,Resolved,5
TICK0006454,CUST02476,2026-06-24,Account Access,Low,21,Resolved,
TICK0006455,CUST02477,2025-07-18,Bug Report,Low,84,Resolved,5
TICK0006456,CUST02477,2026-05-01,Billing,Low,23,Open,4
TICK0006457,CUST02479,2026-08-25,Bug Report,Medium,61,Resolved,3
TICK0006458,CUST02479,2026-08-21,Performance,Medium,42,Resolved,1
TICK0006459,CUST02479,2026-09-16,Bug Report,Medium,113,Resolved,1
TICK0006460,CUST02479,2026-09-08,Account Access,Low,89,Resolved,3
TICK0006461,CUST02479,2026-08-19,Technical Issue,Medium,74,Resolved,1
TICK0006462,CUST02479,2026-09-07,Bug Report,Medium,75,Resolved,3
TICK0006463,CUST02479,2026-08-29,Performance,Medium,80,Resolved,3
TICK0006464,CUST02480,2026-05-20,Technical Issue,Low,26,Resolved,4
TICK0006465,CUST02482,2025-02-07,FEATURE REQUEST,Medium,12,Resolved,4
TICK0006466,CUST02482,2025-03-12,How-To Question,Low,35,Resolved,4
TICK0006467,CUST02482,2025-07-03,Account Access,Low,88,Resolved,4
TICK0006468,CUST02482,2025-10-19,Account Access,Low,29,Resolved,3
TICK0006469,CUST02483,2026-09-20,Billing,Low,82,Resolved,3
TICK0006470,CUST02483,2026-06-02,Billing,Medium,40,Resolved,5
TICK0006471,CUST02483,2026-07-01,Technical Issue,Medium,62,Resolved,5
TICK0006472,CUST02484,2024-09-05,Account Access,Low,53,Resolved,4
TICK0006473,CUST02484,2024-12-30,How-To Question,High,32,Resolved,3
TICK0006474,CUST02484,2025-06-17,Technical Issue,Low,93,Resolved,1
TICK0006475,CUST02485,2025-02-19,Billing,Medium,14,Resolved,3
TICK0006476,CUST02485,2025-12-22,Integration,Low,28,Pending,4
TICK0006477,CUST02485,06/07/2026,Billing,Low,71,Resolved,4
TICK0006478,CUST02485,2026-03-12,How-To Question,Medium,61,Resolved,2
TICK0006479,CUST02485,2025-04-04,Technical Issue,Low,109,Resolved,5
TICK0006480,CUST02485,2026-09-01,Integration,Low,87,Resolved,5
TICK0006481,CUST02485,2026-09-10,Feature Request,Low,146,Resolved,5
TICK0006482,CUST02486,2025-10-10,How-To Question,Low,29,Resolved,4
TICK0006483,CUST02487,2024-02-19,Billing,Low,54,Resolved,3
TICK0006484,CUST02487,2024-06-19,How-To Question,Low,64,Resolved,4
TICK0006485,CUST02487,2024-09-23,Billing,Medium,60,Resolved,2
TICK0006486,CUST02487,2024-07-31,How-To Question,Medium,60,resolved,3
TICK0006487,CUST02487,02/13/2024,How-To Question,Urgent,13,Resolved,4
TICK0006488,CUST02487,2024-12-17,Billing,Medium,28,Resolved,1
TICK0006489,CUST02487,2025-08-25,Billing,Low,44,Resolved,4
TICK0006490,CUST02488,2024-09-03,How-To Question,Low,94,Resolved,3
TICK0006491,CUST02489,2026-08-25,Integration,High,36,Resolved,4
TICK0006492,CUST02489,2026-09-04,How-To Question,Medium,47,Resolved,5
TICK0006493,CUST02489,2026-08-08,Technical Issue,Medium,28,Resolved,5
TICK0006494,CUST02490,2026-06-12,Billing,Medium,57,Resolved,4
TICK0006495,CUST02491,2024-04-10,Feature Request,High,30,Resolved,5
TICK0006496,CUST02491,2025-08-27,Integration,Medium,42,Resolved,5
TICK0006497,CUST02491,2026-05-26,How-To Question,Medium,70,Resolved,5
TICK0006498,CUST02491,2026-04-18,Billing,High,24,Resolved,5
TICK0006499,CUST02492,2024-07-05,Feature Request,Low,76,Resolved,5
TICK0006500,CUST02492,2025-05-20,Integration,Low,53,Pending,5
TICK0006501,CUST02492,2026-06-18,Billing,Medium,60,Resolved,3
TICK0006502,CUST02492,2024-07-30,Feature Request,Medium,25,Resolved,4
TICK0006503,CUST02493,2025-05-08,Feature Request,High,22,Resolved,2
TICK0006504,CUST02494,2024-08-22,Account Access,Medium,94,Resolved,2
TICK0006505,CUST02494,2024-05-20,Bug Report,Urgent,11,Resolved,3
TICK0006506,CUST02494,2024-06-21,Integration,Low,248,Resolved,2
TICK0006507,CUST02494,07/29/2025,Bug Report,Low,26,Resolved,3
TICK0006508,CUST02494,2025-12-11,Performance,Low,91,Resolved,1
TICK0006509,CUST02494,2024-06-05,Account Access,Medium,78,Pending,1
TICK0006510,CUST02494,2026-08-29,Technical Issue,Low,76,Resolved,5
TICK0006511,CUST02494,2026-06-23,Integration,Low,166,Resolved,3
TICK0006512,CUST02495,2026-08-10,Performance,Medium,120,Open,5
TICK0006513,CUST02495,2026-05-20,Integration,Medium,74,Pending,4
TICK0006514,CUST02495,2026-07-04,Technical Issue,High,59,Resolved,5
TICK0006515,CUST02495,2026-05-20,bug report,Medium,77,Resolved,2
TICK0006516,CUST02496,2026-01-06,How-To Question,Low,53,Resolved,5
TICK0006517,CUST02496,2026-05-14,Account Access,Medium,78,Resolved,3
TICK0006518,CUST02497,2024-10-24,Performance,Low,44,Resolved,5
TICK0006519,CUST02497,2026-05-11,How-To Question,Low,54,Resolved,5
TICK0006520,CUST02499,2024-08-29,Account Access,High,34,Resolved,
TICK0006521,CUST02499,2026-09-11,Technical Issue,Medium,39,Resolved,5
TICK0006522,CUST02499,2025-12-14,Performance,Medium,8,Resolved,3
TICK0006523,CUST02499,2024-04-27,Feature Request,Low,109,Resolved,5
TICK0006524,CUST02499,2025-11-07,Integration,Low,75,Resolved,4
TICK0006525,CUST02499,2026-04-15,Account Access,Low,67,Resolved,5
TICK0006526,CUST02500,2026-01-18,How-To Question,Low,118,Resolved,4
TICK0006527,CUST02501,2026-05-19,Billing,Low,149,Resolved,3
TICK0006528,CUST02501,2026-01-01,How-To Question,High,31,Resolved,2
TICK0006529,CUST02501,2026-05-07,Billing,Medium,95,Resolved,4
TICK0006530,CUST02501,2026-07-02,Feature Request,Low,61,Resolved,5
TICK0006531,CUST02501,2026-04-24,Billing,Low,87,Resolved,5
TICK0006532,CUST02502,02/19/2025,Feature Request,Low,51,Resolved,4
TICK0006533,CUST02504,2025-03-24,How-To Question,Low,88,Resolved,4
TICK0006534,CUST02504,2025-12-16,Feature Request,Low,56,Resolved,5
TICK0006535,CUST02504,2024-07-01,Billing,Low,12,Resolved,4
TICK0006536,CUST02505,2024-07-27,Technical Issue,Low,58,Resolved,
TICK0006537,CUST02505,2026-05-23,Bug Report,Low,73,Resolved,4
TICK0006538,CUST02505,2025-03-02,Account Access,Medium,41,Resolved,4
TICK0006539,CUST02505,2024-07-31,Performance,Medium,8,Resolved,4
TICK0006540,CUST02506,2026-09-01,How-To Question,Low,58,Resolved,3
TICK0006541,CUST02506,2026-02-25,Feature Request,Low,55,Resolved,1
TICK0006542,CUST02506,2026-03-07,Account Access,Medium,45,Pending,3
TICK0006543,CUST02506,2026-08-01,Account Access,Low,85,Resolved,3
TICK0006544,CUST02507,2026-03-29,Integration,Low,54,Pending,4
TICK0006545,CUST02507,05/17/2025,How-To Question,Medium,10,Resolved,4
TICK0006546,CUST02508,2026-02-13,Performance,High,35,Resolved,4
TICK0006547,CUST02509,2025-08-16,Account Access,Low,100,Pending,5
TICK0006548,CUST02509,2025-03-30,Performance,Low,71,Resolved,5
TICK0006549,CUST02510,2026-09-01,Performance,Medium,46,Resolved,4
TICK0006550,CUST02510,2026-09-05,Billing,Low,87,Resolved,1
TICK0006551,CUST02510,2026-08-26,Feature Request,Low,85,Pending,3
TICK0006552,CUST02510,2026-09-04,Performance,Low,95,Resolved,4
TICK0006553,CUST02510,2026-09-06,Performance,Low,24,Resolved,4
TICK0006554,CUST02510,2026-09-19,Feature Request,Low,87,Pending,5
TICK0006555,CUST02512,2025-07-08,Feature Request,Medium,55,Pending,1
TICK0006556,CUST02512,2026-04-25,Account Access,Low,81,Open,5
TICK0006557,CUST02514,2025-02-09,Feature Request,Low,63,Resolved,3
TICK0006558,CUST02514,2024-06-01,Feature Request,Low,31,Resolved,2
TICK0006559,CUST02515,2026-05-05,Bug Report,Urgent,18,Resolved,3
TICK0006560,CUST02516,2025-05-25,Account Access,Low,78,Resolved,5
TICK0006561,CUST02517,2025-08-04,Account Access,Low,86,Resolved,5
TICK0006562,CUST02517,2025-08-04,Bug Report,Medium,69,Resolved,5
TICK0006563,CUST02517,2025-10-04,Account Access,Low,73,Resolved,4
TICK0006564,CUST02518,2026-06-28,Bug Report,Low,175,Resolved,2
TICK0006565,CUST02518,2024-08-04,Integration,Medium,97,Resolved,2
TICK0006566,CUST02518,2025-01-15,Integration,Urgent,19,Resolved,4
TICK0006567,CUST02518,2026-08-22,Bug Report,Low,96,Resolved,1
TICK0006568,CUST02519,2025-07-06,Bug Report,Medium,55,Resolved,5
TICK0006569,CUST02519,2024-11-19,Integration,Medium,53,Resolved,5
TICK0006570,CUST02520,2026-09-12,Feature Request,Low,61,Resolved,5
TICK0006571,CUST02520,2026-08-17,Bug Report,Medium,64,Resolved,2
TICK0006572,CUST02521,2026-06-20,Bug Report,Medium,20,Resolved,3
TICK0006573,CUST02521,2024-12-29,Integration,Medium,45,Resolved,3
TICK0006574,CUST02521,2026-07-21,Account Access,Low,177,Pending,2
TICK0006575,CUST02522,2025-11-14,Performance,Low,36,Resolved,3
TICK0006576,CUST02522,2024-11-15,Integration,Urgent,14,Resolved,2
TICK0006577,CUST02522,2025-10-31,Performance,Low,24,Resolved,4
TICK0006578,CUST02522,2026-02-26,Integration,Urgent,5,Resolved,2
TICK0006579,CUST02523,2026-09-18,Billing,High,27,Resolved,5
TICK0006580,CUST02523,2026-08-13,Feature Request,Low,94,Resolved,4
TICK0006581,CUST02525,2026-03-04,How-To Question,Medium,42,Resolved,4
TICK0006582,CUST02525,2026-01-07,Technical Issue,Low,22,Resolved,5
TICK0006583,CUST02526,2026-03-11,Account Access,High,27,Resolved,5
TICK0006584,CUST02526,2025-12-21,Integration,High,23,Resolved,4
TICK0006585,CUST02528,2025-02-19,Account Access,Low,112,Resolved,1
TICK0006586,CUST02528,2025-02-11,Bug Report,Medium,89,Resolved,1
TICK0006587,CUST02530,2026-01-21,Technical Issue,Low,37,Resolved,5
TICK0006588,CUST02530,2026-01-28,Integration,Medium,37,Resolved,5
TICK0006589,CUST02530,2026-06-18,How-To Question,Medium,58,Resolved,5
TICK0006590,CUST02530,2026-07-31,Performance,Low,77,Resolved,
TICK0006591,CUST02531,2026-07-09,Performance,Low,141,Resolved,2
TICK0006592,CUST02531,2026-07-08,Bug Report,Medium,75,Resolved,1
TICK0006593,CUST02531,2026-08-11,Account Access,Medium,104,Resolved,1
TICK0006594,CUST02531,2026-08-18,Integration,Low,89,Resolved,1
TICK0006595,CUST02531,2026-08-30,Technical Issue,Medium,96,Resolved,1
TICK0006596,CUST02532,2026-04-22,Performance,Medium,38,Resolved,5
TICK0006597,CUST02532,2026-07-10,Performance,Low,61,Resolved,3
TICK0006598,CUST02533,2024-07-12,Billing,Medium,28,Resolved,3
TICK0006599,CUST02533,2026-06-27,Billing,Low,104,Resolved,5
TICK0006600,CUST02534,2026-08-31,Feature Request,Medium,60,Resolved,2
TICK0006601,CUST02534,2026-08-20,Account Access,Low,22,Pending,5
TICK0006602,CUST02535,2026-05-18,Performance,Medium,44,Resolved,5
TICK0006603,CUST02535,2026-09-07,Technical Issue,Low,78,Resolved,5
TICK0006604,CUST02535,2026-07-12,Performance,Medium,83,Resolved,4
TICK0006605,CUST02535,2026-09-14,Bug Report,Medium,63,Resolved,2
TICK0006606,CUST02535,2025-09-29,Bug Report,Low,25,Pending,
TICK0006607,CUST02535,2026-01-02,Bug Report,High,42,Resolved,2
TICK0006608,CUST02535,2025-12-10,Bug Report,Medium,138,Resolved,2
TICK0006609,CUST02536,2025-05-08,Bug Report,Medium,37,Resolved,5
TICK0006610,CUST02537,2025-12-30,Feature Request,Low,67,Resolved,4
TICK0006611,CUST02537,2026-05-24,Feature Request,High,10,Resolved,5
TICK0006612,CUST02537,2025-12-28,How-To Question,Low,84,Pending,4
TICK0006613,CUST02538,2024-11-08,Feature Request,Medium,31,Resolved,2
TICK0006614,CUST02538,2025-05-18,Performance,High,24,Resolved,2
TICK0006615,CUST02538,2024-10-29,Performance,Medium,50,Resolved,1
TICK0006616,CUST02539,2026-07-23,Feature Request,Low,80,Resolved,5
TICK0006617,CUST02540,2025-08-31,Billing,Low,68,Resolved,4
TICK0006618,CUST02540,2026-07-19,Feature Request,Low,64,Resolved,4
TICK0006619,CUST02541,2026-01-04,Account Access,low,133,Resolved,1
TICK0006620,CUST02541,2026-03-25,Technical Issue,Low,93,Resolved,2
TICK0006621,CUST02542,2025-10-01,Technical Issue,Medium,26,Resolved,4
TICK0006622,CUST02543,2026-08-06,Account Access,Low,115,Resolved,3
TICK0006623,CUST02543,2026-01-17,Technical Issue,Low,76,Resolved,2
TICK0006624,CUST02543,2026-03-09,Performance,Low,145,Pending,2
TICK0006625,CUST02543,2026-08-15,Bug Report,High,50,Resolved,4
TICK0006626,CUST02543,2026-05-11,Technical Issue,Medium,77,Resolved,4
TICK0006627,CUST02544,2026-06-21,Technical Issue,Medium,49,Open,2
TICK0006628,CUST02544,2024-11-26,Billing,Medium,51,Resolved,5
TICK0006629,CUST02544,2024-09-13,performance,Low,48,Resolved,5
TICK0006630,CUST02545,2025-07-24,Performance,High,36,Resolved,5
TICK0006631,CUST02545,2026-05-15,Performance,Low,12,Resolved,3
TICK0006632,CUST02546,2025-08-14,How-To Question,Medium,70,Resolved,4
TICK0006633,CUST02546,2025-10-31,How-To Question,Medium,61,Resolved,4
TICK0006634,CUST02547,2024-12-01,Feature Request,Urgent,14,Open,4
TICK0006635,CUST02547,2024-12-24,Feature Request,Low,74,Resolved,2
TICK0006636,CUST02548,2026-02-19,Integration,Medium,63,Resolved,5
TICK0006637,CUST02549,2026-07-31,Account Access,Medium,58,Resolved,2
TICK0006638,CUST02549,2026-01-20,Technical Issue,Low,263,Resolved,4
TICK0006639,CUST02549,2026-06-22,Account Access,High,22,Resolved,2
TICK0006640,CUST02549,2026-09-19,Performance,Medium,45,Resolved,1
TICK0006641,CUST02549,2026-03-13,Technical Issue,Low,83,Resolved,1
TICK0006642,CUST02550,06/17/2025,Performance,Medium,47,Resolved,5
TICK0006643,CUST02550,2024-04-04,Performance,Low,12,Resolved,4
TICK0006644,CUST02551,2026-07-26,Bug Report,Medium,56,Resolved,5
TICK0006645,CUST02551,2025-10-05,Performance,High,44,Resolved,2
TICK0006646,CUST02552 ,2025-05-02,Billing,Low,105,Resolved,5
TICK0006647,CUST02552,2025-07-13,Performance,Medium,33,Resolved,5
TICK0006648,CUST02553,2025-11-30,Account Access,Low,89,Resolved,4
TICK0006649,CUST02553,2025-05-15,Feature Request,Medium,74,Resolved,3
TICK0006650,CUST02553,2026-02-11,How-To Question,Low,59,Resolved,4
TICK0006651,CUST02554,2026-08-04,Account Access,High,4,Resolved,2
TICK0006652,CUST02554,2026-06-20,Feature Request,MEDIUM,45,Resolved,2
TICK0006653,CUST02555,2025-11-25,Billing,Low,60,Resolved,3
TICK0006654,CUST02555,2025-11-14,Performance,Low,80,Resolved,5
TICK0006655,CUST02557,2026-08-27,Billing,High,38,Resolved,2
TICK0006656,CUST02557,2024-09-16,Feature Request,Medium,8,Resolved,5
TICK0006657,CUST02558,2024-09-14,Feature Request,Medium,15,Resolved,4
TICK0006658,CUST02558,2025-03-24,How-To Question,Low,18,Resolved,4
TICK0006659,CUST02558,2026-01-31,How-To Question,Low,68,Pending,5
TICK0006660,CUST02558,2025-05-08,Feature Request,High,15,resolved,4
TICK0006661,CUST02559,2026-08-20,Account Access,Low,96,Resolved,4
TICK0006662,CUST02559,2026-06-16,Feature Request,Low,71,Resolved,5
TICK0006663,CUST02559,2026-08-09,Account Access,Low,86,Resolved,3
TICK0006664,CUST02560,2026-06-14,Performance,Medium,46,Resolved,3
TICK0006665,CUST02560,2026-03-17,Account Access,Medium,43,Resolved,2
TICK0006666,CUST02560,2026-02-21,Performance,Low,60,Resolved,1
TICK0006667,CUST02561,2026-09-16,Feature Request,Medium,28,Resolved,4
TICK0006668,CUST02562,2026-07-14,How-To Question,Low,58,Resolved,4
TICK0006669,CUST02562,2024-08-12,Technical Issue,Low,69,Resolved,5
TICK0006670,CUST02562,2024-07-27,How-To Question,Low,46,Resolved,4
TICK0006671,CUST02562,2025-12-13,Integration,Low,51,Resolved,4
TICK0006672,CUST02563,2026-03-04,How-To Question,Medium,26,Resolved,1
TICK0006673,CUST02563,12/30/2025,Account Access,High,37,Resolved,4
TICK0006674,CUST02563,2026-04-09,How-To Question,Low,37,Resolved,5
TICK0006675,CUST02564,2025-07-03,Integration,High,31,Resolved,4
TICK0006676,CUST02564,2025-02-07,Account Access,Medium,39,Resolved,5
TICK0006677,CUST02564,2025-07-02,Bug Report,Medium,70,Resolved,3
TICK0006678,CUST02565,2025-04-28,Technical Issue,Medium,28,Resolved,1
TICK0006679,CUST02565,2026-04-01,Bug Report,Medium,14,Resolved,1
TICK0006680,CUST02565,2026-06-24,Technical Issue,Low,125,Resolved,3
TICK0006681,CUST02566,2026-09-06,Billing,Medium,70,Resolved,4
TICK0006682,CUST02566,2026-09-10,Feature Request,Medium,66,Pending,3
TICK0006683,CUST02568,2026-08-17,How-To Question,Low,36,Resolved,5
TICK0006684,CUST02569,2025-12-03,Feature Request,High,17,Resolved,5
TICK0006685,CUST02569,2025-11-01,Billing,Low,90,Resolved,3
TICK0006686,CUST02569,2026-04-04,Account Access,Low,64,Resolved,3
TICK0006687,CUST02570,2026-09-21,Account Access,Low,116,Resolved,3
TICK0006688,CUST02570,2026-06-11,Account Access,Low,62,Resolved,5
TICK0006689,CUST02571,2026-02-14,Account Access,Medium,61,Resolved,5
TICK0006690,CUST02571,2026-08-26,Performance,Medium,58,Resolved,2
TICK0006691,CUST02571,2026-09-03,Feature Request,Medium,12,Resolved,4
TICK0006692,CUST02572,2025-04-28,Performance,Low,15,Open,3
TICK0006693,CUST02572,2024-02-26,Bug Report,Low,90,Resolved,4
TICK0006694,CUST02572,2024-02-05,Account Access,Low,193,Resolved,2
TICK0006695,CUST02572,2024-02-28,Account Access,Low,140,Resolved,1
TICK0006696,CUST02572,2024-06-04,Bug Report,Low,68,Resolved,3
TICK0006697,CUST02572,2025-09-24,Bug Report,Low,55,Resolved,2
TICK0006698,CUST02572,2024-10-07,Technical Issue,Medium,59,Resolved,2
TICK0006699,CUST02572,2024-09-09,Bug Report,Low,22,Resolved,1
TICK0006700,CUST02572,2024-10-02,Account Access,Low,93,Pending,5
TICK0006701,CUST02573,2025-02-05,Billing,Medium,32,Resolved,4
TICK0006702,CUST02573,2026-02-25,Billing,Medium,52,Resolved,4
TICK0006703,CUST02573,07/14/2025,Bug Report,Medium,45,Resolved,4
TICK0006704,CUST02573,2025-12-23,Account Access,Medium,56,Resolved,4
TICK0006705,CUST02573,2024-09-10,Integration,Medium,59,Resolved,4
TICK0006706,CUST02574,2026-07-28,Integration,Medium,46,Resolved,1
TICK0006707,CUST02574,2026-09-03,Performance,Medium,24,Resolved,2
TICK0006708,CUST02574,2026-07-31,Billing,Low,51,Resolved,4
TICK0006709,CUST02574,2026-09-02,Feature Request,Medium,91,Resolved,4
TICK0006710,CUST02575,2026-05-22,How-To Question,Low,78,Resolved,5
TICK0006711,CUST02575,2026-08-15,Technical Issue,Medium,59,Resolved,4
TICK0006712,CUST02575,2026-05-25,Feature Request,High,23,Pending,4
TICK0006713,CUST02575,2026-07-21,Bug Report,Urgent,14,Resolved,5
TICK0006714,CUST02575,2026-06-26,Technical Issue,High,4,Resolved,5
TICK0006715,CUST02576,2025-01-12,Account Access,High,26,Resolved,3
TICK0006716,CUST02577,2024-11-13,Performance,Medium,54,Resolved,3
TICK0006717,CUST02577,2025-11-22,Performance,Medium,65,Pending,2
TICK0006718,CUST02577,2025-11-16,Performance,Low,59,Resolved,5
TICK0006719,CUST02577,2024-02-25,How-To Question,Medium,31,Resolved,5
TICK0006720,CUST02577,2026-02-17,Billing,Low,62,Resolved,4
TICK0006721,CUST02577,2026-05-25,How-To Question,Low,59,Resolved,5
TICK0006722,CUST02577,2024-09-17,Billing,High,23,Resolved,3
TICK0006723,CUST02578,2025-12-12,Billing,Low,52,Resolved,5
TICK0006724,CUST02578,2025-12-30,Performance,Medium,35,Resolved,1
TICK0006725,CUST02578,2026-09-18,Feature Request,Medium,49,Resolved,4
TICK0006726,CUST02578,2026-06-20,Feature Request,Medium,61,resolved,2
TICK0006727,CUST02578,2026-02-19,Performance,High,34,resolved,4
TICK0006728,CUST02579,2026-07-17,Feature Request,Low,33,Resolved,1
TICK0006729,CUST02579,2026-07-07,Account Access,Low,45,Resolved,3
TICK0006730,CUST02580,2025-08-22,How-To Question,Low,77,Resolved,5
TICK0006731,CUST02580,2025-05-09,How-To Question,Medium,53,Resolved,4
TICK0006732,CUST02580,2025-09-28,Billing,Medium,50,Resolved,4
TICK0006733,CUST02580,2024-12-24,Feature Request,Low,73,Resolved,3
TICK0006734,CUST02581,2026-03-09,How-To Question,Medium,26,Resolved,4
TICK0006735,CUST02581,2026-03-19,Billing,Low,74,Pending,
TICK0006736,CUST02581,2026-05-30,Performance,Low,70,Resolved,1
TICK0006737,CUST02582,2026-02-04,Technical Issue,Low,179,Resolved,1
TICK0006738,CUST02582,2025-08-22,Technical Issue,High,57,Resolved,1
TICK0006739,CUST02582,2024-09-11,Integration,Low,146,Resolved,1
TICK0006740,CUST02582,2024-06-16,Account Access,Medium,74,Resolved,4
TICK0006741,CUST02582,2024-05-20,Technical Issue,Low,144,Resolved,2
TICK0006742,CUST02583,2025-03-27,Feature Request,Medium,76,Open,3
TICK0006743,CUST02583,2026-04-07,Feature Request,Low,25,Resolved,3
TICK0006744,CUST02583,2025-04-26,How-To Question,Medium,60,Resolved,2
TICK0006745,CUST02584,2025-01-02,Billing,High,23,Resolved,4
TICK0006746,CUST02585,2026-07-26,Technical Issue,Medium,29,Resolved,5
TICK0006747,CUST02585,2026-05-17,How-To Question,Low,116,Resolved,5
TICK0006748,CUST02585,2026-09-02,How-To Question,Low,39,Resolved,5
TICK0006749,CUST02585,2026-07-29,Account Access,Medium,25,Resolved,5
TICK0006750,CUST02586,2025-10-01,Performance,Medium,65,Resolved,5
TICK0006751,CUST02586,2026-08-14,Performance,Low,43,Resolved,4
TICK0006752,CUST02587,2024-04-05,Feature Request,Medium,22,Resolved,1
TICK0006753,CUST02587,2024-02-04,How-To Question,Medium,76,Resolved,4
TICK0006754,CUST02587,2025-08-05,How-To Question,High,18,Resolved,4
TICK0006755,CUST02588,2025-10-28,Technical Issue,High,45,Resolved,1
TICK0006756,CUST02588,2024-10-08,Technical Issue,Low,184,Open,2
TICK0006757,CUST02589,2026-01-13,account access,Medium,65,Pending,4
TICK0006758,CUST02589,2026-02-26,Account Access,Medium,27,Resolved,2
TICK0006759,CUST02589,2026-02-07,Feature Request,Low,90,Resolved,3
TICK0006760,CUST02590,2025-05-05,Bug Report,Medium,53,Resolved,5
TICK0006761,CUST02590,2026-04-02,Technical Issue,Low,66,Pending,2
TICK0006762,CUST02590,2026-01-17,Feature Request,Low,107,Resolved,3
TICK0006763,CUST02591,2024-08-02,Feature Request,Medium,54,Resolved,4
TICK0006764,CUST02591,2024-04-14,Billing,Low,53,Resolved,4
TICK0006765,CUST02591,2026-07-02,Performance,Medium,41,Resolved,4
TICK0006766,CUST02591,2024-12-09,Performance,Low,109,Resolved,2
TICK0006767,CUST02592,2026-08-26,Account Access,High,26,Pending,5
TICK0006768,CUST02592,2026-07-02,Account Access,Low,70,Resolved,5
TICK0006769,CUST02592,2026-09-18,Integration,Medium,66,Resolved,5
TICK0006770,CUST02592,2026-04-23,Bug Report,Low,47,Pending,4
TICK0006771,CUST02592,2026-05-22,Integration,Medium,47,Resolved,4
TICK0006772,CUST02593,2025-06-05,Account Access,Low,77,Resolved,5
TICK0006773,CUST02595,2025-01-14,Performance,Low,35,Resolved,2
TICK0006774,CUST02595,2025-03-04,How-To Question,Medium,56,Resolved,5
TICK0006775,CUST02595,2025-09-07,Billing,Low,59,Resolved,3
TICK0006776,CUST02596 ,2025-12-18,Feature Request,Low,17,Pending,5
TICK0006777,CUST02596,2026-04-24,Feature Request,Low,97,Open,3
TICK0006778,CUST02596,2025-04-11,Feature Request,Low,136,Resolved,4
TICK0006779,CUST02596,2025-10-25,Account Access,Urgent,5,Resolved,1
TICK0006780,CUST02597,2026-09-20,How-To Question,Medium,58,Resolved,3
TICK0006781,CUST02597,2026-09-19,How-To Question,High,37,Resolved,4
TICK0006782,CUST02597,2026-09-01,Feature Request,Low,47,Resolved,
TICK0006783,CUST02597,2026-09-16,Performance,Medium,16,Resolved,5
TICK0006784,CUST02598,2024-10-16,How-To Question,Low,40,Resolved,5
TICK0006785,CUST02598,2024-12-18,Feature Request,Low,40,Resolved,3
TICK0006786,CUST02599,2024-11-09,Billing,High,30,Resolved,5
TICK0006787,CUST02600,2026-09-19,How-To Question,Medium,37,Resolved,5
TICK0006788,CUST02600,2026-09-15,How-To Question,Medium,71,Resolved,3
TICK0006789,CUST02600,2026-09-23,Performance,Medium,39,Resolved,1
TICK0006790,CUST02601,2025-07-11,How-To Question,Low,94,Resolved,5
TICK0006791,CUST02602,2024-07-09,Account Access,Low,130,Resolved,4
TICK0006792,CUST02602,2024-12-14,Performance,Medium,54,Resolved,5
TICK0006793,CUST02602,2026-08-21,Account Access,Low,66,Resolved,5
TICK0006794,CUST02603,2026-06-23,How-To Question,Low,86,Resolved,5
TICK0006795,CUST02604,2026-09-11,Performance,Low,136,Resolved,5
TICK0006796,CUST02604,2025-12-31,Feature Request,Medium,8,Resolved,3
TICK0006797,CUST02604,2026-05-28,Performance,Medium,28,Resolved,5
TICK0006798,CUST02604,2026-05-09,Performance,Low,97,Resolved,1
TICK0006799,CUST02606,2024-01-05,INTEGRATION,Low,129,Pending,5
TICK0006800,CUST02606,2025-03-12,Technical Issue,Medium,62,Resolved,5
TICK0006801,CUST02607,2025-03-30,Account Access,Medium,24,Resolved,5
TICK0006802,CUST02607,2026-03-19,Account Access,Low,165,Resolved,3
TICK0006803,CUST02607,2026-03-10,Performance,Low,68,Resolved,2
TICK0006804,CUST02607,2025-12-06,Account Access,Medium,83,Resolved,2
TICK0006805,CUST02608,2026-08-18,Technical Issue,High,38,Resolved,2
TICK0006806,CUST02608,2026-09-17,Account Access,Medium,36,Resolved,5
TICK0006807,CUST02608,2026-08-25,Bug Report,Low,80,Resolved,
TICK0006808,CUST02608,2026-08-17,How-To Question,High,23,Resolved,5
TICK0006809,CUST02608,2026-08-22,Feature Request,Low,61,Resolved,4
TICK0006810,CUST02609,2026-06-27,Billing,Medium,31,Resolved,4
TICK0006811,CUST02609,2026-05-24,Feature Request,High,28,Resolved,3
TICK0006812,CUST02609,2026-07-14,Performance,Low,45,Resolved,4
TICK0006813,CUST02610,2024-07-31,How-To Question,Medium,47,Resolved,5
TICK0006814,CUST02610,2026-09-05,Account Access,Low,86,Resolved,4
TICK0006815,CUST02610,2025-09-21,How-To Question,Low,58,Resolved,4
TICK0006816,CUST02610,2024-07-22,Bug Report,Low,41,Resolved,3
TICK0006817,CUST02610,2026-02-23,Billing,Low,100,Resolved,2
TICK0006818,CUST02611,2026-02-16,Account Access,Medium,43,Resolved,4
TICK0006819,CUST02611,02/26/2026,Account Access,Medium,32,Resolved,4
TICK0006820,CUST02612,2025-11-19,Account Access,Medium,173,Resolved,3
TICK0006821,CUST02612,2025-12-24,Account Access,Urgent,17,Resolved,1
TICK0006822,CUST02612,2025-12-06,Performance,Medium,107,Resolved,2
TICK0006823,CUST02612,2025-12-14,Account Access,Low,67,Resolved,1
TICK0006824,CUST02612,2026-04-14,Technical Issue,Medium,79,Pending,1
TICK0006825,CUST02612,2025-11-04,Bug Report,Medium,63,Resolved,2
TICK0006826,CUST02612,2026-09-09,Integration,Low,72,Resolved,2
TICK0006827,CUST02613,2026-02-26,Performance,Medium,25,Pending,5
TICK0006828,CUST02613,2025-06-27,Bug Report,MEDIUM,43,Resolved,1
TICK0006829,CUST02613,2025-01-12,Integration,Medium,65,Resolved,5
TICK0006830,CUST02615,2026-05-23,FEATURE REQUEST,Medium,61,Resolved,5
TICK0006831,CUST02615,2026-08-01,Feature Request,Medium,75,Resolved,
TICK0006832,CUST02615,2026-05-15,Feature Request,Medium,55,Resolved,4
TICK0006833,CUST02616,2025-12-16,Integration,Medium,46,Resolved,3
TICK0006834,CUST02616,2026-04-15,How-To Question,low,86,Open,4
TICK0006835,CUST02616,2026-05-02,Billing,Low,63,Resolved,3
TICK0006836,CUST02616,2026-08-17,Account Access,Low,48,Resolved,4
TICK0006837,CUST02617,2025-10-21,Performance,Medium,23,Resolved,2
TICK0006838,CUST02618,2024-12-07,How-To Question,Medium,44,Resolved,2
TICK0006839,CUST02619,2026-08-27,Technical Issue,Medium,51,Resolved,5
TICK0006840,CUST02619,2025-11-27,Bug Report,Low,88,Resolved,4
TICK0006841,CUST02620,2026-05-27,Billing,Low,62,Resolved,2
TICK0006842,CUST02620,2026-04-14,Feature Request,Low,38,Resolved,3
TICK0006843,CUST02620,2025-11-27,Performance,Medium,68,Resolved,5
TICK0006844,CUST02620,2026-01-12,How-To Question,Medium,74,Resolved,4
TICK0006845,CUST02621,2026-09-04,Technical Issue,Medium,39,Resolved,5
TICK0006846,CUST02621,2026-08-11,Bug Report,Medium,29,Resolved,5
TICK0006847,CUST02623,2026-03-23,Bug Report,Medium,58,Resolved,5
TICK0006848,CUST02624,2026-07-17,How-To Question,Medium,102,Resolved,5
TICK0006849,CUST02624,2025-07-20,How-To Question,Low,64,Resolved,4
TICK0006850,CUST02624,2026-05-09,Account Access,Low,59,Resolved,1
TICK0006851,CUST02624,2025-08-27,How-To Question,Medium,50,Resolved,3
TICK0006852,CUST02625,2026-08-24,Account Access,Medium,89,Resolved,4
TICK0006853,CUST02625,2026-03-28,Technical Issue,Low,59,Resolved,3
TICK0006854,CUST02625,2025-12-25,How-To Question,Medium,68,Resolved,4
TICK0006855,CUST02625,2026-09-23,Billing,Low,77,Resolved,5
TICK0006856,CUST02625,2026-08-26,Performance,Low,69,Resolved,4
TICK0006857,CUST02626,2026-07-10,Integration,Low,51,resolved,5
TICK0006858,CUST02627,2024-08-14,Technical Issue,Medium,88,Resolved,1
TICK0006859,CUST02627,2025-01-16,Integration,Low,70,Resolved,3
TICK0006860,CUST02627,2025-01-27,Integration,Low,125,Resolved,3
TICK0006861,CUST02627,2024-10-09,Bug Report,Medium,57,Resolved,1
TICK0006862,CUST02628,2026-06-30,How-To Question,Low,74,Open,3
TICK0006863,CUST02628,2026-06-06,How-To Question,Medium,71,Resolved,3
TICK0006864,CUST02628,2026-02-07,Billing,Low,84,Resolved,
TICK0006865,CUST02629,2025-04-12,How-To Question,Low,44,Resolved,2
TICK0006866,CUST02629,2025-11-13,How-To Question,Urgent,20,Resolved,5
TICK0006867,CUST02630,2026-07-09,Technical Issue,Low,77,Resolved,5
TICK0006868,CUST02631,2024-10-24,Bug Report,Low,72,Resolved,2
TICK0006869,CUST02631,2024-03-13,Technical Issue,Medium,23,Resolved,4
TICK0006870,CUST02632,2026-06-04,Performance,Low,54,Resolved,5
TICK0006871,CUST02632,2026-09-07,Account Access,Low,62,Resolved,5
TICK0006872,CUST02633,2024-06-07,Performance,Medium,46,Resolved,4
TICK0006873,CUST02633,2026-07-11,Feature Request,Low,38,Resolved,4
TICK0006874,CUST02634,2026-06-01,Billing,Low,100,Resolved,4
TICK0006875,CUST02635,06/04/2024,Billing,Medium,59,Resolved,4
TICK0006876,CUST02635,2024-09-10,Bug Report,Low,39,Pending,5
TICK0006877,CUST02636,2025-08-30,Performance,Low,58,Resolved,3
TICK0006878,CUST02636,2026-02-27,Billing,Low,158,Resolved,4
TICK0006879,CUST02636,2026-04-29,How-To Question,Low,88,Resolved,4
TICK0006880,CUST02637,2025-11-26,Account Access,Medium,131,Resolved,1
TICK0006881,CUST02638,2026-09-14,Integration,Medium,63,Resolved,1
TICK0006882,CUST02638,2026-07-26,Performance,Low,128,Resolved,2
TICK0006883,CUST02638,08/17/2026,Performance,High,12,Resolved,4
TICK0006884,CUST02638,2026-07-18,Technical Issue,Low,99,Resolved,2
TICK0006885,CUST02638,2026-08-08,Performance,Medium,82,Resolved,3
TICK0006886,CUST02638,2026-07-24,Bug Report,Medium,47,Resolved,4
TICK0006887,CUST02638,2026-08-18,Account Access,Low,96,Resolved,3
TICK0006888,CUST02638,2026-08-30,Performance,Medium,78,Resolved,2
TICK0006889,CUST02639,2026-03-27,Feature Request,Low,29,Resolved,1
TICK0006890,CUST02639,2026-07-02,Account Access,Low,95,Resolved,2
TICK0006891,CUST02640,2025-09-14,Feature Request,Medium,56,Open,5
TICK0006892,CUST02640,2026-09-09,Billing,Low,23,Resolved,4
TICK0006893,CUST02640,2025-03-27,Integration,Low,88,Resolved,3
TICK0006894,CUST02641,2026-02-19,Feature Request,Low,47,Resolved,5
TICK0006895,CUST02642,2026-08-28,Account Access,Medium,106,Resolved,1
TICK0006896,CUST02642,2026-09-06,Technical Issue,Medium,57,Resolved,2
TICK0006897,CUST02642,2026-08-22,Technical Issue,High,47,Resolved,2
TICK0006898,CUST02642,2026-08-30,Bug Report,MEDIUM,129,Resolved,1
TICK0006899,CUST02642,2026-08-09,Account Access,Medium,62,Resolved,1
TICK0006900,CUST02642,2026-07-25,Performance,Low,105,Resolved,1
TICK0006901,CUST02642,09/15/2026,Bug Report,Medium,38,Resolved,1
TICK0006902,CUST02642,2026-09-15,Integration,Medium,84,Resolved,2
TICK0006903,CUST02643,2026-09-21,Feature Request,Low,97,Pending,4
TICK0006904,CUST02643,2026-07-21,Feature Request,Medium,47,Resolved,1
TICK0006905,CUST02643,2026-07-14,Feature Request,Low,88,Resolved,5
TICK0006906,CUST02645,2026-06-21,How-To Question,Low,35,Resolved,5
TICK0006907,CUST02646,2026-08-09,How-To Question,Medium,36,Resolved,4
TICK0006908,CUST02646,2026-06-30,How-To Question,High,33,Resolved,3
TICK0006909,CUST02647,2026-09-18,Feature Request,Low,107,Open,5
TICK0006910,CUST02647,2026-05-17,Bug Report,Low,78,Resolved,4
TICK0006911,CUST02648,2026-07-08,Performance,Medium,55,Resolved,3
TICK0006912,CUST02649,2026-07-06,How-To Question,Low,109,Open,4
TICK0006913,CUST02650,2025-10-02,Performance,Low,118,Resolved,5
TICK0006914,CUST02650,2024-10-29,Integration,Medium,36,Resolved,5
TICK0006915,CUST02650,2025-10-17,Bug Report,Low,112,Resolved,5
TICK0006916,CUST02651,2025-01-20,Billing,Low,95,Resolved,3
TICK0006917,CUST02652,2026-05-15,Technical Issue,Low,49,Resolved,5
TICK0006918,CUST02652,2026-04-15,Account Access,Low,99,Resolved,4
TICK0006919,CUST02652,2026-08-02,Bug Report,High,41,Resolved,4
TICK0006920,CUST02653,2024-10-30,Account Access,High,45,Resolved,4
TICK0006921,CUST02653,2025-02-02,Integration,High,32,Resolved,5
TICK0006922,CUST02653,2025-02-27,Technical Issue,Low,128,Resolved,2
TICK0006923,CUST02653,2025-02-15,Performance,Medium,77,Resolved,3
TICK0006924,CUST02653,2026-01-05,Account Access,Medium,12,Pending,2
TICK0006925,CUST02653,2025-09-13,Bug Report,Medium,88,Open,2
TICK0006926,CUST02654,2025-05-19,How-To Question,Medium,45,Resolved,5
TICK0006927,CUST02654,2025-07-11,How-To Question,Low,115,Resolved,4
TICK0006928,CUST02654,2025-09-01,Performance,Medium,62,Resolved,3
TICK0006929,CUST02654,2025-07-25,Performance,High,25,Resolved,2
TICK0006930,CUST02655,2024-10-23,Technical Issue,High,14,Resolved,4
TICK0006931,CUST02656,2024-01-09,Account Access,High,29,Resolved,1
TICK0006932,CUST02656,2025-01-31,Technical Issue,Urgent,15,Resolved,1
TICK0006933,CUST02656,2026-08-16,Integration,Medium,112,Resolved,2
TICK0006934,CUST02656,2025-12-21,Performance,Medium,87,Resolved,1
TICK0006935,CUST02657,2026-06-26,Account Access,Medium,51,Resolved,3
TICK0006936,CUST02657,2026-04-09,Account Access,Low,58,Resolved,4
TICK0006937,CUST02657,2026-07-19,Account Access,Low,66,Resolved,4
TICK0006938,CUST02659,2026-05-15,Feature Request,Low,39,Resolved,5
TICK0006939,CUST02659,2026-02-13,Feature Request,Low,79,Resolved,5
TICK0006940,CUST02659,2026-08-17,Performance,Low,81,Resolved,5
TICK0006941,CUST02660,2026-03-29,How-To Question,Low,73,Pending,4
TICK0006942,CUST02660,2026-08-12,Feature Request,Medium,67,Resolved,4
TICK0006943,CUST02660,2026-03-23,Performance,Medium,58,Resolved,4
TICK0006944,CUST02660,2025-09-17,Account Access,High,18,Resolved,4
TICK0006945,CUST02660,2026-09-08,Feature Request,Low,108,Resolved,3
TICK0006946,CUST02660,2025-09-23,Feature Request,Low,89,Resolved,5
TICK0006947,CUST02661,05/07/2025,Performance,Medium,61,Resolved,4
TICK0006948,CUST02661,2025-09-28,Performance,Medium,18,Pending,4
TICK0006949,CUST02661,2025-03-05,How-To Question,Low,92,Resolved,4
TICK0006950,CUST02661,2025-01-02,Feature Request,Low,60,Resolved,4
TICK0006951,CUST02661,2025-01-23,Billing,Urgent,2,Resolved,1
TICK0006952,CUST02661,2025-05-23,Feature Request,Medium,30,Resolved,4
TICK0006953,CUST02662,2024-11-07,Technical Issue,Medium,75,Resolved,1
TICK0006954,CUST02662,2025-05-01,Bug Report,Low,96,Resolved,3
TICK0006955,CUST02662,2024-08-22,Integration,Medium,30,Pending,1
TICK0006956,CUST02663,2024-11-07,Feature Request,Low,12,Resolved,5
TICK0006957,CUST02664,2026-09-21,Technical Issue,Low,47,Resolved,4
TICK0006958,CUST02664,2026-09-13,Account Access,High,49,Resolved,3
TICK0006959,CUST02665,2026-07-17,Integration,Low,59,Resolved,4
TICK0006960,CUST02665,2026-07-17,Account Access,Low,81,Pending,4
TICK0006961,CUST02665,2026-08-12,Account Access,Low,78,Pending,3
TICK0006962,CUST02665,2026-07-13,Performance,Medium,8,Resolved,3
TICK0006963,CUST02666,2025-05-27,Bug Report,Medium,54,resolved,2
TICK0006964,CUST02667,2026-08-10,Feature Request,Low,71,Resolved,5
TICK0006965,CUST02667,2026-07-01,Bug Report,Low,48,Resolved,3
TICK0006966,CUST02667,2026-08-10,Integration,Medium,34,Resolved,4
TICK0006967,CUST02667,2026-05-12,Performance,Low,88,Resolved,4
TICK0006968,CUST02667,2026-08-15,Bug Report,High,30,Resolved,
TICK0006969,CUST02667,2026-06-04,Billing,Low,105,Resolved,4
TICK0006970,CUST02667,2026-09-22,Performance,Low,105,Resolved,5
TICK0006971,CUST02668,2026-06-26,Technical Issue,Low,187,Resolved,4
TICK0006972,CUST02668,2026-06-08,Integration,Low,128,Resolved,3
TICK0006973,CUST02668,2026-09-21,Account Access,High,34,Resolved,1
TICK0006974,CUST02668,2026-09-23,Bug Report,Medium,53,Resolved,1
TICK0006975,CUST02668,2026-09-21,Technical Issue,Low,111,Resolved,2
TICK0006976,CUST02669,2026-06-11,How-To Question,Low,111,Resolved,5
TICK0006977,CUST02669,2026-07-01,Performance,Medium,8,Resolved,2
TICK0006978,CUST02670,2026-08-08,Integration,Low,106,Resolved,3
TICK0006979,CUST02671,2026-01-29,Bug Report,High,74,Resolved,3
TICK0006980,CUST02671,2025-10-31,Performance,Medium,104,Resolved,5
TICK0006981,CUST02671,2025-12-12,Integration,High,31,Resolved,2
TICK0006982,CUST02671,2026-06-07,Account Access,Medium,54,Resolved,2
TICK0006983,CUST02671,2026-03-03,Bug Report,Low,167,Resolved,1
TICK0006984,CUST02672,2026-04-26,How-To Question,Low,105,Resolved,4
TICK0006985,CUST02672,2026-04-26,Billing,Low,101,Pending,1
TICK0006986,CUST02673,2026-04-29,Integration,Medium,64,Resolved,3
TICK0006987,CUST02673,2026-07-31,Performance,Medium,131,Resolved,2
TICK0006988,CUST02673,2026-07-06,Technical Issue,Low,112,Resolved,1
TICK0006989,CUST02673,2026-04-16,Integration,Low,137,Resolved,2
TICK0006990,CUST02673,2026-08-14,Technical Issue,Medium,99,Resolved,2
TICK0006991,CUST02673,2026-09-01,Account Access,Low,155,Pending,3
TICK0006992,CUST02673,2026-06-04,Account Access,Medium,97,Resolved,3
TICK0006993,CUST02674,2025-04-23,Performance,Medium,34,Resolved,3
TICK0006994,CUST02674,2024-08-17,Billing,Low,92,Resolved,4
TICK0006995,CUST02674,2025-09-25,Performance,Low,12,Resolved,4
TICK0006996,CUST02675,2026-06-29,Integration,Medium,13,Resolved,4
TICK0006997,CUST02675,2026-03-30,How-To Question,Low,38,Resolved,5
TICK0006998,CUST02675,2026-08-30,Technical Issue,Medium,36,Pending,5
TICK0006999,CUST02676,2026-09-18,How-To Question,Low,78,Resolved,5
TICK0007000,CUST02677,2026-08-25,Bug Report,Medium,51,resolved,3
TICK0007001,CUST02677,2026-08-21,Technical Issue,Medium,96,Resolved,1
TICK0007002,CUST02678,2025-03-12,Feature Request,Low,56,Resolved,3
TICK0007003,CUST02678,2025-04-15,Performance,Medium,76,Resolved,4
TICK0007004,CUST02679,2025-12-25,Technical Issue,Low,177,Resolved,2
TICK0007005,CUST02679,2025-10-10,Technical Issue,Medium,96,Resolved,3
TICK0007006,CUST02679,2026-02-24,Account Access,Medium,76,Resolved,2
TICK0007007,CUST02680,2026-09-19,Bug Report,Medium,51,Resolved,5
TICK0007008,CUST02680,2026-08-08,Integration,Medium,21,Pending,3
TICK0007009,CUST02680,2026-07-17,Technical Issue,Low,53,resolved,3
TICK0007010,CUST02680,2026-09-12,Feature Request,Medium,41,Resolved,5
TICK0007011,CUST02680,2026-08-08,Account Access,Low,107,Open,4
TICK0007012,CUST02680,2026-08-17,Performance,Medium,50,Resolved,5
TICK0007013,CUST02681,2026-01-15,Feature Request,High,22,Resolved,4
TICK0007014,CUST02681,2025-12-19,Billing,Medium,54,Resolved,5
TICK0007015,CUST02681,2026-01-26,Billing,Medium,59,Resolved,3
TICK0007016,CUST02681,2026-01-21,Feature Request,Medium,21,Resolved,3
TICK0007017,CUST02681,2025-12-19,Billing,Medium,12,Resolved,3
TICK0007018,CUST02683,2025-04-06,Feature Request,Medium,39,Resolved,5
TICK0007019,CUST02684,2025-03-01,Account Access,Low,111,Resolved,4
TICK0007020,CUST02684,2026-09-18,How-To Question,Low,119,Resolved,5
TICK0007021,CUST02684,2026-04-24,How-To Question,Low,54,Resolved,1
TICK0007022,CUST02685,2026-03-08,Integration,low,19,Resolved,1
TICK0007023,CUST02685,2025-10-22,Bug Report,Low,106,Pending,1
TICK0007024,CUST02685,2025-09-24,Account Access,High,76,Resolved,1
TICK0007025,CUST02685,2025-04-18,Performance,Medium,80,Resolved,4
TICK0007026,CUST02686,08/09/2024,Performance,Low,58,Resolved,3
TICK0007027,CUST02686,2024-05-05,Billing,Medium,75,Resolved,3
TICK0007028,CUST02686,2024-01-11,Billing,Medium,18,Resolved,4
TICK0007029,CUST02686,2024-07-28,Performance,low,90,Resolved,2
TICK0007030,CUST02687,2025-08-14,Feature Request,Medium,17,Resolved,5
TICK0007031,CUST02688,2026-01-26,How-To Question,Medium,41,Resolved,5
TICK0007032,CUST02689,2026-07-30,How-To Question,High,14,Resolved,
TICK0007033,CUST02689,2026-01-23,How-To Question,Low,93,Resolved,2
TICK0007034,CUST02689,2026-07-14,How-To Question,Medium,36,Resolved,5
TICK0007035,CUST02690,2025-03-20,Account Access,High,29,Resolved,2
TICK0007036,CUST02691,2026-07-31,Billing,Medium,48,Resolved,4
TICK0007037,CUST02692,2025-12-18,Performance,Medium,60,Resolved,4
TICK0007038,CUST02692,2025-11-19,Billing,Medium,42,Resolved,4
TICK0007039,CUST02692,2025-12-14,Feature Request,Low,73,Pending,4
TICK0007040,CUST02692,2025-07-16,Billing,Urgent,14,Resolved,3
TICK0007041,CUST02693,2025-11-23,Account Access,Medium,27,Resolved,5
TICK0007042,CUST02693,2025-10-30,How-To Question,Medium,49,Resolved,3
TICK0007043,CUST02694,2026-07-14,Feature Request,Low,86,Resolved,2
TICK0007044,CUST02695,2025-07-29,Bug Report,Medium,55,Resolved,5
TICK0007045,CUST02696,2025-09-12,Account Access,Low,76,Pending,3
TICK0007046,CUST02697,2026-05-22,Performance,Low,90,Resolved,5
TICK0007047,CUST02698,2025-05-30,Account Access,High,35,Resolved,4
TICK0007048,CUST02698,2025-12-12,How-To Question,Low,51,Open,4
TICK0007049,CUST02699,2025-12-18,Performance,Medium,35,Pending,2
TICK0007050,CUST02699,2026-03-16,Integration,Low,120,Pending,3
TICK0007051,CUST02699,2025-01-09,Performance,Medium,140,Resolved,2
TICK0007052,CUST02699,2026-02-02,Bug Report,Low,108,Resolved,2
TICK0007053,CUST02699,2024-05-29,Technical Issue,Medium,44,Resolved,2
TICK0007054,CUST02700,2026-02-16,Billing,Medium,53,Resolved,2
TICK0007055,CUST02701,2026-04-25,Bug Report,Medium,22,Resolved,5
TICK0007056,CUST02702,2025-08-06,Integration,Low,127,Resolved,1
TICK0007057,CUST02702,2026-01-07,Integration,High,35,Resolved,3
TICK0007058,CUST02702,2025-09-20,Technical Issue,Medium,125,Resolved,3
TICK0007059,CUST02702,2025-08-29,Integration,Low,77,Pending,4
TICK0007060,CUST02702,2025-04-13,Integration,Medium,42,Resolved,1
TICK0007061,CUST02703,2025-09-03,Feature Request,Medium,70,Resolved,3
TICK0007062,CUST02703,2026-04-05,Feature Request,High,31,Resolved,4
TICK0007063,CUST02704,2026-06-15,Billing,Medium,42,Resolved,4
TICK0007064,CUST02704,2026-06-26,How-To Question,Low,138,Resolved,5
TICK0007065,CUST02704,2026-05-11,How-To Question,Medium,69,resolved,3
TICK0007066,CUST02704,2026-05-16,Performance,Low,111,Resolved,4
TICK0007067,CUST02704,2026-07-11,Billing,Medium,60,Pending,4
TICK0007068,CUST02705,2026-03-14,Account Access,Medium,13,Resolved,1
TICK0007069,CUST02705,2026-03-19,Technical Issue,Medium,37,Resolved,2
TICK0007070,CUST02705,2025-06-22,Bug Report,Low,192,Resolved,2
TICK0007071,CUST02705,2025-06-22,Technical Issue,Low,72,Resolved,2
TICK0007072,CUST02705,2025-07-15,Integration,Medium,57,Resolved,2
TICK0007073,CUST02706,2024-12-24,How-To Question,Medium,49,Resolved,4
TICK0007074,CUST02707,2025-06-29,Performance,Low,104,Resolved,1
TICK0007075,CUST02707,2024-10-22,technical issue,Low,140,Resolved,1
TICK0007076,CUST02707,2026-01-06,Performance,Medium,50,Resolved,4
TICK0007077,CUST02707,2024-01-04,Technical Issue,Medium,73,Resolved,5
TICK0007078,CUST02707,07/11/2025,Integration,Low,58,Resolved,1
TICK0007079,CUST02707,2024-09-22,Bug Report,Medium,75,Resolved,3
TICK0007080,CUST02707,2024-09-06,Performance,Low,23,Resolved,1
TICK0007081,CUST02708,2026-08-06,Performance,Medium,64,Resolved,4
TICK0007082,CUST02708,2026-04-14,Integration,Low,55,Resolved,2
TICK0007083,CUST02708,2025-12-13,Performance,Medium,49,Resolved,2
TICK0007084,CUST02709,2026-02-14,Feature Request,Low,18,Resolved,3
TICK0007085,CUST02710,2026-05-03,Feature Request,Low,88,Resolved,4
TICK0007086,CUST02711,2026-09-07,Billing,Urgent,14,Pending,5
TICK0007087,CUST02712,2026-08-23,Account Access,Low,82,Resolved,2
TICK0007088,CUST02712,2026-04-08,Account Access,Low,121,Resolved,4
TICK0007089,CUST02712,2026-03-31,Account Access,Low,66,Open,4
TICK0007090,CUST02712,2026-03-20,How-To Question,Low,76,Resolved,2
TICK0007091,CUST02712,2025-09-24,Account Access,Medium,64,Resolved,2
TICK0007092,CUST02713,2026-04-07,Technical Issue,Low,12,Resolved,5
TICK0007093,CUST02714,2026-09-14,Technical Issue,Medium,47,Resolved,4
TICK0007094,CUST02714,2026-08-15,Performance,Low,136,Resolved,5
TICK0007095,CUST02715,2024-10-02,Integration,Medium,34,Resolved,2
TICK0007096,CUST02715,2025-12-05,Bug Report,Low,141,Resolved,5
TICK0007097,CUST02715,2024-06-30,Performance,Medium,118,Open,2
TICK0007098,CUST02715,2025-04-15,Integration,Low,82,Open,
TICK0007099,CUST02716,2025-06-27,Account Access,Low,82,Resolved,4
TICK0007100,CUST02717,2026-03-18,Integration,Low,89,Resolved,3
TICK0007101,CUST02717,2026-05-12,Technical Issue,Low,67,Resolved,4
TICK0007102,CUST02718,2026-06-22,Integration,Medium,59,Resolved,3
TICK0007103,CUST02718,2026-06-21,Integration,High,45,Resolved,1
TICK0007104,CUST02718,2026-08-12,Technical Issue,Medium,87,Resolved,3
TICK0007105,CUST02718,2026-07-23,Bug Report,High,32,Resolved,3
TICK0007106,CUST02718,2026-07-19,Performance,Low,194,Resolved,4
TICK0007107,CUST02719,2025-10-08,Billing,Urgent,13,Resolved,5
TICK0007108,CUST02719,2025-10-24,Feature Request,Low,113,Resolved,4
TICK0007109,CUST02719,2025-09-07,Account Access,Medium,96,Resolved,5
TICK0007110,CUST02720,2023-11-06,Technical Issue,Medium,24,Resolved,1
TICK0007111,CUST02720,2023-12-18,Integration,Medium,40,Resolved,4
TICK0007112,CUST02720,2023-11-06,Integration,Low,108,Resolved,2
TICK0007113,CUST02720,2024-03-12,Integration,Medium,64,Resolved,2
TICK0007114,CUST02720,2024-01-03,Technical Issue,Medium,79,Resolved,1
TICK0007115,CUST02720,2024-01-17,Performance,Low,143,Resolved,1
TICK0007116,CUST02720,2024-05-08,Account Access,Medium,118,Resolved,2
TICK0007117,CUST02720,03/25/2024,Performance,Low,65,resolved,2
TICK0007118,CUST02720,2024-06-11,Performance,Low,108,Resolved,3
TICK0007119,CUST02720,2024-04-14,Bug Report,Medium,101,Resolved,2
TICK0007120,CUST02720,2024-04-30,Performance,Medium,29,Resolved,4
TICK0007121,CUST02720,2024-03-13,Performance,Medium,98,Resolved,1
TICK0007122,CUST02721,2026-02-05,Account Access,Medium,32,Resolved,5
TICK0007123,CUST02722,2025-03-16,Feature Request,Low,85,Resolved,4
TICK0007124,CUST02722,2024-11-26,Performance,Medium,79,Open,5
TICK0007125,CUST02722,2024-08-18,Performance,Medium,37,Resolved,5
TICK0007126,CUST02722,2026-02-10,Feature Request,Medium,21,Resolved,5
TICK0007127,CUST02723,2026-07-09,Technical Issue,High,30,Resolved,4
TICK0007128,CUST02724,2026-06-21,How-To Question,High,18,Resolved,4
TICK0007129,CUST02724,2026-08-27,Feature Request,Low,66,Resolved,1
TICK0007130,CUST02724,2026-08-02,How-To Question,Low,100,Resolved,5
TICK0007131,CUST02725,2025-10-02,How-To Question,Low,124,Resolved,4
TICK0007132,CUST02725,2025-11-01,Account Access,Low,76,Resolved,2
TICK0007133,CUST02725,2025-11-28,Performance,Low,69,Resolved,5
TICK0007134,CUST02725,2026-06-04,How-To Question,Low,64,Resolved,5
TICK0007135,CUST02725,2026-04-13,Feature Request,Medium,25,Resolved,5
TICK0007136,CUST02726,2026-06-14,Billing,Low,100,Pending,5
TICK0007137,CUST02726,2026-06-26,How-To Question, high,9,Resolved,5
TICK0007138,CUST02727,2025-02-12,How-To Question,High,12,Resolved,4
TICK0007139,CUST02727,2025-06-02,How-To Question,Medium,53,Resolved,2
TICK0007140,CUST02727,2025-10-13,Billing,Low,102,Resolved,3
TICK0007141,CUST02728,2025-05-04,Billing,Low,63,Resolved,2
TICK0007142,CUST02728,2026-07-10,Bug Report,Low,90,Resolved,4
TICK0007143,CUST02728,2026-06-26,How-To Question,High,27,Resolved,3
TICK0007144,CUST02728,2026-04-09,Account Access,Low,87,Resolved,4
TICK0007145,CUST02729,2026-01-26,How-To Question,Medium,47,Resolved,5
TICK0007146,CUST02729,2026-04-10,Account Access,Medium,87,Resolved,4
TICK0007147,CUST02729,2026-03-05,Feature Request,Medium,19,Resolved,4
TICK0007148,CUST02730,2025-03-30,Account Access,Medium,53,Resolved,1
TICK0007149,CUST02730,2026-04-08,How-To Question,Low,139,Resolved,2
TICK0007150,CUST02730,2026-08-02,How-To Question,Medium,85,Resolved,1
TICK0007151,CUST02730,2026-05-07,How-To Question,Medium,68,Resolved,5
TICK0007152,CUST02731,2026-07-19,Billing,Medium,75,Resolved,5
TICK0007153,CUST02731,2025-02-27,Feature Request,Low,79,Resolved,3
TICK0007154,CUST02731,2026-09-17,Bug Report,Medium,57,Resolved,5
TICK0007155,CUST02734,2026-04-29,Performance,Medium,29,Resolved,2
TICK0007156,CUST02735,2026-04-14,Account Access,Medium,89,Pending,1
TICK0007157,CUST02735,2025-06-14,Technical Issue,Low,33,Resolved,3
TICK0007158,CUST02735,2024-07-04,Account Access,Low,197,Resolved,1
TICK0007159,CUST02735,2024-09-24,Technical Issue,Low,79,Resolved,2
TICK0007160,CUST02735,2025-12-31,Performance,Low,204,Resolved,3
TICK0007161,CUST02735,2026-05-12,Bug Report,Medium,52,Resolved,2
TICK0007162,CUST02735,2026-05-18,Account Access,Low,146,Resolved,3
TICK0007163,CUST02736,2026-06-14,Billing,Low,88,Resolved,4
TICK0007164,CUST02736,2026-05-01,Feature Request,Low,51,Resolved,4
TICK0007165,CUST02736 ,2025-12-16,Feature Request,Medium,30,Resolved,4
TICK0007166,CUST02736,2026-01-08,How-To Question,Low,67,Resolved,4
TICK0007167,CUST02738,2026-08-25,Bug Report,Low,82,Resolved,4
TICK0007168,CUST02739,2026-09-07,Technical Issue,Low,64,Resolved,2
TICK0007169,CUST02739,2025-06-03,Account Access,High,63,Resolved,2
TICK0007170,CUST02739,2025-03-13,Performance,Medium,36,Resolved,3
TICK0007171,CUST02739,2025-11-22,Integration,Medium,72,Resolved,3
TICK0007172,CUST02739,2026-03-10,Bug Report,Medium,106,Resolved,5
TICK0007173,CUST02740,2025-11-06,How-To Question,Medium,73,Open,3
TICK0007174,CUST02740,11/12/2025,How-To Question,Medium,43,Resolved,5
TICK0007175,CUST02740,2025-10-30,Feature Request,Low,102,Resolved,5
TICK0007176,CUST02740,2025-12-21,Performance,Low,115,Resolved,1
TICK0007177,CUST02741,2024-12-16,Account Access,Medium,46,Resolved,4
TICK0007178,CUST02742,2026-02-06,Feature Request,Medium,36,Resolved,3
TICK0007179,CUST02742,2026-05-23,Feature Request,Medium,54,Resolved,3
TICK0007180,CUST02743,2025-08-23,Feature Request,Low,105,Resolved,4
TICK0007181,CUST02743,2025-07-02,Account Access,High,28,Open,3
TICK0007182,CUST02744,2026-06-15,Integration,Low,90,Resolved,5
TICK0007183,CUST02744,2026-06-19,Integration,Low,46,Resolved,2
TICK0007184,CUST02744,2026-07-15,Integration,High,26,Resolved,4
TICK0007185,CUST02745,2026-05-11,Account Access,Low,80,Resolved,1
TICK0007186,CUST02745,2026-07-15,Integration,Medium,104,Resolved,4
TICK0007187,CUST02745,2026-09-04,Account Access,Medium,63,Resolved,1
TICK0007188,CUST02745,2026-07-14,Technical Issue,Low,40,Resolved,4
TICK0007189,CUST02746,2026-03-15,Integration,High,17,Resolved,5
TICK0007190,CUST02746,2026-08-30,Technical Issue,Low,61,Resolved,4
TICK0007191,CUST02746,2026-07-22,Account Access,Medium,38,Pending,4
TICK0007192,CUST02747,2025-05-04,How-To Question,Low,106,Pending,4
TICK0007193,CUST02747,2024-05-01,Performance,Urgent,13,Resolved,5
TICK0007194,CUST02747,2024-08-16,Performance,Medium,48,Resolved,5
TICK0007195,CUST02747,2026-06-12,Integration,Medium,32,Resolved,3
TICK0007196,CUST02747,2025-01-28,Account Access,Urgent,10,Resolved,4
TICK0007197,CUST02748,2026-06-30,Account Access,Medium,40,Resolved,5
TICK0007198,CUST02748,2026-04-16,How-To Question,Medium,72,Open,5
TICK0007199,CUST02748,2026-04-15,Integration,Medium,28,Resolved,5
TICK0007200,CUST02749,2025-07-15,Account Access,Medium,79,Resolved,4
TICK0007201,CUST02749,2026-07-20,Account Access,Low,27,Resolved,5
TICK0007202,CUST02751,2026-04-30,Bug Report,Low,18,Resolved,4
TICK0007203,CUST02751,2026-08-25,Account Access,High,43,Resolved,1
TICK0007204,CUST02751,2026-03-12,Bug Report,Low,131,Resolved,3
TICK0007205,CUST02751,2026-02-15,Technical Issue,Low,94,Resolved,1
TICK0007206,CUST02751,2026-03-07,Performance,High,7,Pending,3
TICK0007207,CUST02752,2025-11-27,Bug Report,Medium,62,Resolved,3
TICK0007208,CUST02752,2026-05-23,Bug Report,Low,64,Resolved,3
TICK0007209,CUST02752,2025-10-28,How-To Question,Low,12,Pending,5
TICK0007210,CUST02752,2026-04-18,Feature Request,Low,76,Resolved,4
TICK0007211,CUST02753,2025-06-07,Feature Request,Medium,70,Resolved,4
TICK0007212,CUST02753,2025-05-11,Performance,Low,81,Resolved,4
TICK0007213,CUST02753,2024-08-21,How-To Question,Medium,47,Pending,3
TICK0007214,CUST02753,2025-10-04,Performance,Low,124,Resolved,3
TICK0007215,CUST02754,2026-09-23,Performance,Low,142,Resolved,4
TICK0007216,CUST02754,2026-07-29,Performance,Low,64,Resolved,4
TICK0007217,CUST02755 ,2025-07-15,Feature Request,Low,36,Resolved,4
TICK0007218,CUST02755,2025-11-02,Integration,High,20,Resolved,5
TICK0007219,CUST02756,2026-08-01,Billing,Medium,67,Resolved,5
TICK0007220,CUST02757,2026-06-29,Technical Issue,Low,16,Resolved,1
TICK0007221,CUST02757,2026-08-23,Account Access,Medium,81,Resolved,3
TICK0007222,CUST02757,2026-04-21,Integration,Low,144,Resolved,1
TICK0007223,CUST02758,2026-09-13,Billing,Medium,49,Resolved,4
TICK0007224,CUST02758,2024-12-03,Feature Request,Low,71,Resolved,4
TICK0007225,CUST02759,2025-07-03,Technical Issue,High,43,Resolved,4
TICK0007226,CUST02760,2025-11-23,Technical Issue,Urgent,11,Resolved,3
TICK0007227,CUST02760,2025-11-19,Integration,Low,176,Resolved,3
TICK0007228,CUST02760,2025-12-01,Account Access,High,6,Resolved,5
TICK0007229,CUST02760,2025-09-20,Integration,Medium,33,Resolved,1
TICK0007230,CUST02760,2025-08-29,Technical Issue,Urgent,29,Open,1
TICK0007231,CUST02761,2026-01-19,Billing,Medium,50,Resolved,4
TICK0007232,CUST02761,2025-08-11,Bug Report,Medium,14,Resolved,5
TICK0007233,CUST02761,2025-07-14,Technical Issue,Medium,88,Resolved,4
TICK0007234,CUST02762,2025-02-03,Feature Request,Medium,54,Resolved,3
TICK0007235,CUST02762,2025-01-29,Billing,Medium,65,Resolved,3
TICK0007236,CUST02762,2024-12-16,Performance,Low,61,Resolved,3
TICK0007237,CUST02762,2024-12-23,How-To Question,Low,62,Resolved,3
TICK0007238,CUST02764,2026-08-10,Feature Request,Medium,40,Resolved,3
TICK0007239,CUST02764,2026-08-25,Account Access,Low,70,Open,3
TICK0007240,CUST02764,2026-09-02,How-To Question,Medium,35,Resolved,3
TICK0007241,CUST02765,2026-06-29,Bug Report,Medium,44,Resolved,5
TICK0007242,CUST02765,2026-04-07,Account Access,Medium,76,Resolved,4
TICK0007243,CUST02765,2026-02-01,Billing,Low,57,Resolved,5
TICK0007244,CUST02767,2026-06-02,FEATURE REQUEST,Low,102,Resolved,5
TICK0007245,CUST02768,2026-04-06,Performance,Low,12,Resolved,5
TICK0007246,CUST02768,2026-05-12,Performance,Low,43,Resolved,5
TICK0007247,CUST02768,2026-06-19,Performance,Medium,43,Pending,5
TICK0007248,CUST02768,2026-03-29,Feature Request,High,20,Resolved,2
TICK0007249,CUST02768,2026-05-16,Performance,Low,78,resolved,1
TICK0007250,CUST02769,2025-07-05,Feature Request,Low,45,Resolved,4
TICK0007251,CUST02769,2025-02-24,Performance,High,9,Resolved,2
TICK0007252,CUST02769,2026-08-05,Performance,Low,138,Resolved,3
TICK0007253,CUST02769,2026-05-16,How-To Question,Low,88,Resolved,1
TICK0007254,CUST02769,2026-01-16,Performance,Medium,48,Pending,5
TICK0007255,CUST02770,2026-03-10,Performance,Low,133,Resolved,3
TICK0007256,CUST02771,2026-09-18,Performance,Medium,52,Resolved,3
TICK0007257,CUST02771,2026-08-29,Bug Report,Medium,15,Open,4
TICK0007258,CUST02772,2026-03-14,Account Access,Low,69,Resolved,4
TICK0007259,CUST02774,2025-04-22,Integration,Low,20,Resolved,5
TICK0007260,CUST02774,2026-03-02,How-To Question,Low,110,Resolved,4
TICK0007261,CUST02774,06/16/2025,Bug Report,Low,82,Resolved,5
TICK0007262,CUST02774,2024-12-04,Bug Report,High,28,Resolved,5
TICK0007263,CUST02774,2025-12-19,Billing,High,29,Resolved,4
TICK0007264,CUST02777,2025-09-08,How-To Question,Low,87,Resolved,4
TICK0007265,CUST02777,2025-02-16,How-To Question,Medium,79,Resolved,4
TICK0007266,CUST02777,2025-05-24,Bug Report,Low,137,Resolved,5
TICK0007267,CUST02777,2025-08-19,Feature Request,High,14,Resolved,5
TICK0007268,CUST02778,2026-08-16,Performance,Medium,45,Pending,4
TICK0007269,CUST02778,2026-05-17,Performance,High,16,Resolved,4
TICK0007270,CUST02778,2026-03-15,Account Access,Low,46,Resolved,5
TICK0007271,CUST02779,2025-06-14,Feature Request,Low,58,Resolved,4
TICK0007272,CUST02780,2026-05-02,How-To Question,Low,126,Resolved,3
TICK0007273,CUST02781,2026-03-15,Account Access,High,30,Open,2
TICK0007274,CUST02781,2026-03-08,Technical Issue,Low,114,Resolved,4
TICK0007275,CUST02781,2026-01-29,Account Access,Low,125,Resolved,2
TICK0007276,CUST02781,2026-06-14,Technical Issue,High,33,Resolved,1
TICK0007277,CUST02781,2026-03-24,Account Access,Medium,86,Resolved,3
TICK0007278,CUST02782,2025-05-29,Integration,High,30,Resolved,5
TICK0007279,CUST02782,2026-05-29,Feature Request,Medium,43,Resolved,5
TICK0007280,CUST02782,2026-04-16,Performance,Medium,64,Resolved,4
TICK0007281,CUST02782,2026-08-12,Technical Issue,Medium,43,Resolved,4
TICK0007282,CUST02782,2025-07-31,Technical Issue,Urgent,17,Resolved,4
TICK0007283,CUST02782,2026-03-09,Performance,Medium,45,Resolved,4
TICK0007284,CUST02783,2026-08-12,How-To Question,High,35,Resolved,2
TICK0007285,CUST02784,2025-11-14,Account Access,Low,93,Resolved,2
TICK0007286,CUST02784,2025-10-18,Technical Issue,Medium,74,Resolved,1
TICK0007287,CUST02784,2025-09-16,Bug Report,Low,206,Resolved,3
TICK0007288,CUST02784,2026-04-27,Bug Report,Low,90,Resolved,2
TICK0007289,CUST02784,2023-12-18,Performance,Low,155,Resolved,2
TICK0007290,CUST02784,2023-11-27,Bug Report,High,30,Resolved,2
TICK0007291,CUST02784,2025-07-20,Bug Report,Low,172,Pending,2
TICK0007292,CUST02784,2026-01-04,Bug Report,Low,110,Resolved,2
TICK0007293,CUST02785,2025-02-14,Billing,Medium,51,Resolved,5
TICK0007294,CUST02786,2025-01-04,Performance,Low,50,Resolved,2
TICK0007295,CUST02786,2024-04-21,Feature Request,Medium,46,Resolved,3
TICK0007296,CUST02786,2024-03-13,How-To Question,Low,36,Resolved,5
TICK0007297,CUST02787,2026-06-13,Feature Request,Low,12,Resolved,5
TICK0007298,CUST02788 ,2026-01-18,Account Access,High,26,Resolved,1
TICK0007299,CUST02788,2025-08-20,Technical Issue,Low,135,Resolved,4
TICK0007300,CUST02788,2025-08-15,Technical Issue,High,39,Resolved,3
TICK0007301,CUST02788,2025-08-17,Account Access,Low,123,Resolved,1
TICK0007302,CUST02788,2026-01-07,Performance,Low,150,Resolved,2
TICK0007303,CUST02788,2026-04-18,technical issue,High,24,Resolved,1
TICK0007304,CUST02788,2026-03-09,Performance,Medium,80,Resolved,1
TICK0007305,CUST02789,2024-06-15,How-To Question,High,18,Resolved,4
TICK0007306,CUST02789,2025-10-10,Account Access,Medium,39,Resolved,4
TICK0007307,CUST02791,2026-05-15,Bug Report,Low,113,Resolved,5
TICK0007308,CUST02792,2026-06-28,How-To Question,Low,93,Resolved,4
TICK0007309,CUST02793,2026-04-06,Billing,Medium,34,Resolved,3
TICK0007310,CUST02793,2026-03-20,Integration,Low,92,Resolved,5
TICK0007311,CUST02794,2026-02-13,How-To Question,Low,96,Resolved,2
TICK0007312,CUST02794,2026-03-25,How-To Question,Medium,64,Resolved,3
TICK0007313,CUST02795,2025-11-15,Billing,Medium,48,Resolved,3
TICK0007314,CUST02795,2026-02-25,Performance,Medium,54,Open,5
TICK0007315,CUST02795,2025-08-12,Performance,Low,12,Resolved,5
TICK0007316,CUST02795,2026-08-24,How-To Question,Low,67,Resolved,2
TICK0007317,CUST02795,2026-07-31,How-To Question,Low,27,Resolved,3
TICK0007318,CUST02796,2025-10-05,How-To Question,low,47,Resolved,4
TICK0007319,CUST02798,2026-08-05,Integration,Low,76,Resolved,5
TICK0007320,CUST02798,2026-08-25,Technical Issue,Low,81,Resolved,5
TICK0007321,CUST02798 ,2026-07-28,Integration,MEDIUM,51,Resolved,4
TICK0007322,CUST02799,2026-01-06,Technical Issue,Low,25,Resolved,1
TICK0007323,CUST02799,2025-08-14,Account Access,High,36,Resolved,2
TICK0007324,CUST02799,2025-10-28,Technical Issue,Low,121,Resolved,3
TICK0007325,CUST02799,2026-06-26,Performance,Medium,103,Resolved,4
TICK0007326,CUST02799,2026-03-19,Bug Report,Medium,98,Resolved,2
TICK0007327,CUST02800,2026-05-20,Feature Request,Low,24,Pending,2
TICK0007328,CUST02801,2026-03-15,Performance,Medium,8,Pending,4
TICK0007329,CUST02801,2026-02-18,How-To Question,Low,76,Resolved,5
TICK0007330,CUST02801,2026-05-07,How-To Question,High,33,Resolved,3
TICK0007331,CUST02801,2026-01-10,How-To Question,Low,34,Resolved,4
TICK0007332,CUST02801,2026-08-20,Billing,Medium,42,Resolved,4
TICK0007333,CUST02801,2025-12-19,Billing,Low,86, PENDING,1
TICK0007334,CUST02802,2024-10-23,Bug Report,Medium,55,Resolved,5
TICK0007335,CUST02802,2026-07-13,Integration,Low,87,Resolved,5
TICK0007336,CUST02802,2025-06-19,How-To Question,Low,44,Resolved,5
TICK0007337,CUST02802,2026-02-08,Integration,Low,106,Resolved,4
TICK0007338,CUST02803,2026-04-21,Feature Request,Medium,57,resolved,5
TICK0007339,CUST02803,2026-01-23,Feature Request,Medium,59,Resolved,3
TICK0007340,CUST02804,2026-08-04,Account Access,Low,60,Open,4
TICK0007341,CUST02804,2026-09-11,Account Access,Low,50,Resolved,3
TICK0007342,CUST02805,2026-02-24,Technical Issue,Medium,59,Resolved,3
TICK0007343,CUST02806,2026-07-25,How-To Question,Low,86,Resolved,4
TICK0007344,CUST02806,2026-04-19,Feature Request,Medium,46,Resolved,4
TICK0007345,CUST02807,2024-02-18,Feature Request,Low,71,Pending,5
TICK0007346,CUST02807,2026-04-05,Billing,Medium,53,Resolved,5
TICK0007347,CUST02808,2026-06-26,Bug Report,High,40,Resolved,2
TICK0007348,CUST02808,2025-07-13,How-To Question,Medium,51,Resolved,5
TICK0007349,CUST02809,2025-10-02,Technical Issue,High,37,Resolved,4
TICK0007350,CUST02809,2026-02-08,Integration,Low,95,Resolved,3
TICK0007351,CUST02811,2026-08-15,Integration,Urgent,14,Resolved,4
TICK0007352,CUST02811,2026-05-04,Integration,Low,73,Resolved,3
TICK0007353,CUST02811,2026-07-07,Bug Report,Urgent,14,Pending,4
TICK0007354,CUST02812,2026-04-25,Account Access,Medium,30,Resolved,3
TICK0007355,CUST02812,2025-11-20,How-To Question,Medium,69,Resolved,3
TICK0007356,CUST02813,2026-08-24,Integration,Medium,36,Resolved,5
TICK0007357,CUST02814,2025-03-18,Technical Issue,Low,78,Resolved,4
TICK0007358,CUST02814,2024-09-17,Technical Issue,High,23,Resolved,5
TICK0007359,CUST02815,2026-07-04,Performance,Low,107,Resolved,5
TICK0007360,CUST02815,2026-01-18,Performance,Low,76,Open,4
TICK0007361,CUST02815,2026-09-04,Feature Request,Low,39,Resolved,3
TICK0007362,CUST02815,2025-10-01,How-To Question,Medium,60,Resolved,4
TICK0007363,CUST02817,2025-07-07,Integration,High,19,Resolved,3
TICK0007364,CUST02817,2026-07-30,Account Access,Medium,58,Open,4
TICK0007365,CUST02817,2024-11-13,Integration,Low,101,Resolved,2
TICK0007366,CUST02818,12/08/2024,How-To Question,Medium,59,Resolved,3
TICK0007367,CUST02818 ,2024-11-03,Billing, high,31,Resolved,5
TICK0007368,CUST02818,2024-08-07,Performance,Low,76,Resolved,5
TICK0007369,CUST02819,2025-03-07,Account Access,Low,35,Resolved,2
TICK0007370,CUST02819,2025-03-08,How-To Question,Low,75,Resolved,4
TICK0007371,CUST02819,2025-07-11,Billing,Low,124,Resolved,4
TICK0007372,CUST02820,2026-08-08,How-To Question,Medium,42,Resolved,4
TICK0007373,CUST02821,12/11/2024, billing,Medium,54,Resolved,4
TICK0007374,CUST02821,2025-06-11,Performance,Low,47,Resolved,4
TICK0007375,CUST02822,2026-07-08,Billing,Medium,37,Resolved,4
TICK0007376,CUST02823,2026-02-05,Performance,Low,175,Resolved,2
TICK0007377,CUST02823,2026-02-21,Performance,Low,25,Resolved,
TICK0007378,CUST02823,2025-12-19,Bug Report,Low,208,Resolved,4
TICK0007379,CUST02823,2026-08-23,Bug Report,High,37,Resolved,1
TICK0007380,CUST02823,2026-04-06,Performance,High,42,Resolved,1
TICK0007381,CUST02824,2025-04-23,Account Access,High,21,Resolved,4
TICK0007382,CUST02825,2026-05-28,technical issue,Low,93,Resolved,4
TICK0007383,CUST02826,2025-01-28,How-To Question,Medium,44,Resolved,4
TICK0007384,CUST02826,2025-01-31,Performance,Low,73,Resolved,3
TICK0007385,CUST02826,2026-07-25,how-to question,Low,99,Resolved,5
TICK0007386,CUST02826,2026-07-11,How-To Question,High,11,Resolved,5
TICK0007387,CUST02827,2026-09-21,Performance,Low,12,Resolved,5
TICK0007388,CUST02827,2026-09-05,Integration,Low,81,Resolved,5
TICK0007389,CUST02828,2026-04-17,Bug Report,High,7,Resolved,4
TICK0007390,CUST02828,2026-03-12,How-To Question,Low,83,Pending,5
TICK0007391,CUST02829,2026-06-11,Integration,Medium,37,Resolved,4
TICK0007392,CUST02830,2026-02-16,Performance,Low,136,Resolved,4
TICK0007393,CUST02830,2026-02-27,Bug Report,Low,138,Resolved,2
TICK0007394,CUST02830,2025-09-23,Bug Report,Low,142,Resolved,3
TICK0007395,CUST02830,2025-08-05,Integration,High,69,Resolved,2
TICK0007396,CUST02830,2025-08-07,Bug Report,Low,49,Resolved,3
TICK0007397,CUST02832,2025-08-31,Performance,High,15,Open,5
TICK0007398,CUST02832,2026-07-07,How-To Question,High,38,Resolved,4
TICK0007399,CUST02833,2025-12-27,Billing,Low,14,Resolved,5
TICK0007400,CUST02833,2026-04-13,Bug Report,Medium,29,Resolved,4
TICK0007401,CUST02834,2025-12-11,Account Access,Medium,55,Resolved,5
TICK0007402,CUST02835,2026-01-27,Feature Request,Low,14,Resolved,5
TICK0007403,CUST02835,2025-12-25,Performance,Low,67,Resolved,4
TICK0007404,CUST02835,2026-01-22,Performance,Low,33,Resolved,5
TICK0007405,CUST02835,2025-11-26,Billing,High,16,resolved,3
TICK0007406,CUST02835,2026-04-22,How-To Question,Medium,50,Resolved,4
TICK0007407,CUST02836,2026-09-09,Account Access,Low,96,Resolved,5
TICK0007408,CUST02837,2025-12-23,Account Access,High,26,Resolved,4
TICK0007409,CUST02837,2026-09-14,Technical Issue,High,16,Resolved,2
TICK0007410,CUST02837 ,2026-04-28,Feature Request,Low,87,Resolved,5
TICK0007411,CUST02838,2026-01-29,Performance,Low,32,Resolved,3
TICK0007412,CUST02838,2026-01-21,Technical Issue,High,30,Resolved,5
TICK0007413,CUST02839,2025-02-05,Feature Request,Low,41,Resolved,4
TICK0007414,CUST02839,01/19/2024,Integration,Low,33,Pending,5
TICK0007415,CUST02840,2025-07-03,Bug Report,Medium,73,Resolved,2
TICK0007416,CUST02840,2025-06-27,Performance,Low,206,Resolved,3
TICK0007417,CUST02840,2026-04-06,Technical Issue,Medium,46,Resolved,2
TICK0007418,CUST02840,2025-08-25,Bug Report,Medium,125,Resolved,1
TICK0007419,CUST02840,2025-07-15,Bug Report,MEDIUM,66,Resolved,
TICK0007420,CUST02840,2025-10-03,Account Access,Medium,77,Resolved,4
TICK0007421,CUST02840,2025-03-01,Technical Issue,Medium,106,Resolved,2
TICK0007422,CUST02840,2026-07-22,Technical Issue,Medium,71,Resolved,2
TICK0007423,CUST02841,2026-08-28,Feature Request,Urgent,10,Resolved,5
TICK0007424,CUST02841,2026-01-14,Bug Report,Low,121,Resolved,5
TICK0007425,CUST02842,2025-05-27,How-To Question,Low,114,Resolved,2
TICK0007426,CUST02842,2025-07-04,Feature Request,Low,72,Resolved,5
TICK0007427,CUST02843,2024-09-10,Billing,Medium,49,Resolved,5
TICK0007428,CUST02843,2024-11-26,Billing,Low,82,Resolved,5
TICK0007429,CUST02843,2026-08-07,Account Access,High,16,Resolved,4
TICK0007430,CUST02843,2026-07-10,Billing,Medium,10,Resolved,4
TICK0007431,CUST02844,2024-11-10,Performance,Low,63,Resolved,3
TICK0007432,CUST02844,2025-05-28,How-To Question,Low,72,Open,3
TICK0007433,CUST02844,2024-12-21,Feature Request,Low,98,Resolved,5
TICK0007434,CUST02844,2026-01-29,Billing,Low,65,Resolved,3
TICK0007435,CUST02844,2026-01-16,Billing,Low,39,Resolved,4
TICK0007436,CUST02844,2026-06-01,How-To Question,Medium,69,Resolved,4
TICK0007437,CUST02845,2024-10-26,Performance,Urgent,17,Resolved,1
TICK0007438,CUST02845,2025-02-09,Performance,Low,172,Open,1
TICK0007439,CUST02845,2026-02-02,Account Access,Medium,90,Resolved,1
TICK0007440,CUST02846,2025-01-22,How-To Question,Low,63,Resolved,4
TICK0007441,CUST02847,2025-11-11,Technical Issue,Medium,40,Resolved,
TICK0007442,CUST02847,2026-01-06,Feature Request,Medium,55,Resolved,4
TICK0007443,CUST02848,2026-08-04,How-To Question,Medium,39,Resolved,2
TICK0007444,CUST02848,2026-07-22,Billing,Low,38,Resolved,5
TICK0007445,CUST02848,2026-07-16,How-To Question,Urgent,9,Resolved,5
TICK0007446,CUST02848,2026-06-17,How-To Question,Low,68,Resolved,3
TICK0007447,CUST02849,2025-04-25,Bug Report,Low,32,Resolved,4
TICK0007448,CUST02849,2025-08-26,Account Access,Low,53,Resolved,5
TICK0007449,CUST02850,2026-01-18,INTEGRATION,Low,107,Resolved,1
TICK0007450,CUST02850,2026-03-20,Bug Report,Medium,97,Resolved,3
TICK0007451,CUST02850,2024-04-21,Bug Report,Medium,67,Resolved,3
TICK0007452,CUST02851,2025-11-30,Bug Report,High,19,Resolved,3
TICK0007453,CUST02851,2024-06-19,Integration,Medium,32,Resolved,3
TICK0007454,CUST02851,2024-07-25,Technical Issue,Medium,36,Resolved,4
TICK0007455,CUST02852,2025-07-25,Integration,Medium,60,Resolved,2
TICK0007456,CUST02852,2025-10-01,Performance,Low,140,Resolved,1
TICK0007457,CUST02852,2025-09-03,Technical Issue,Low,138,Resolved,2
TICK0007458,CUST02852,2025-07-11,Performance,Low,87,Resolved,1
TICK0007459,CUST02853,2025-09-15,How-To Question,Medium,81,Resolved,3
TICK0007460,CUST02854,2026-06-13,Performance,Medium,57,Resolved,4
TICK0007461,CUST02854,2026-08-07,Performance,Medium,70,Resolved,4
TICK0007462,CUST02855,2024-11-07,How-To Question,Low,77,Resolved,4
TICK0007463,CUST02855,2026-04-22,Billing,Low,84,Resolved,4
TICK0007464,CUST02855,2025-04-07,How-To Question,Medium,46,Resolved,5
TICK0007465,CUST02856,2025-11-24,Bug Report,Low,54,Resolved,5
TICK0007466,CUST02857,2026-09-10,How-To Question,Low,26,Resolved,4
TICK0007467,CUST02857,2026-09-18,Account Access,Medium,58,Resolved,4
TICK0007468,CUST02858,2026-08-04,Technical Issue,Medium,77,Resolved,5
TICK0007469,CUST02858,2026-08-03,Billing,Low,99,resolved,3
TICK0007470,CUST02859,2026-05-24,Technical Issue,High,25,Resolved,4
TICK0007471,CUST02859,2026-05-07,Technical Issue,Medium,37,Resolved,4
TICK0007472,CUST02860,2025-07-02,Integration,High,33,Resolved,4
TICK0007473,CUST02861,2026-03-27,Feature Request,Medium,16,Resolved,5
TICK0007474,CUST02861,2026-03-09,Feature Request,Medium,74,Resolved,5
TICK0007475,CUST02862,2025-08-06,Feature Request,High,34,Pending,5
TICK0007476,CUST02863,2026-07-26,Billing,Medium,54,Resolved,2
TICK0007477,CUST02863,2024-11-28,Technical Issue,Low,94,Resolved,4
TICK0007478,CUST02864,2025-10-20,Technical Issue,Low,63,Resolved,4
TICK0007479,CUST02864,2025-05-14,Bug Report,Medium,37,Resolved,5
TICK0007480,CUST02864,2023-12-06,Feature Request,Low,113,Resolved,2
TICK0007481,CUST02864,2026-02-19,Billing,Medium,62,Resolved,4
TICK0007482,CUST02865,2026-01-13,Bug Report,Medium,50,Resolved,3
TICK0007483,CUST02866,2026-01-18,Feature Request,Medium,61,Resolved,4
TICK0007484,CUST02867,2026-04-08,Billing,High,23,Resolved,2
TICK0007485,CUST02868,2025-12-21,Performance,Low,121,Resolved,2
TICK0007486,CUST02868,2025-09-29,Account Access,Urgent,10,Resolved,1
TICK0007487,CUST02868,2026-01-02,Bug Report,Low,83,Resolved,1
TICK0007488,CUST02868,2026-05-01,Integration,Low,59,Resolved,1
TICK0007489,CUST02868,08/20/2026,Technical Issue,Low,112,Resolved,4
TICK0007490,CUST02868,2026-07-28,Bug Report,Low,115,Resolved,5
TICK0007491,CUST02868,2026-08-05,Account Access,Medium,128,Resolved,2
TICK0007492,CUST02868,2026-03-05,Bug Report,Urgent,19,Resolved,4
TICK0007493,CUST02868,2025-11-14,Account Access,Medium,120,Resolved,1
TICK0007494,CUST02869,2026-04-06,Billing,High,23,Resolved,5
TICK0007495,CUST02869,2026-04-25,Billing,Medium,63,Resolved,5
TICK0007496,CUST02870,2025-05-15,Performance,High,28,Resolved,2
TICK0007497,CUST02870,2026-08-05,Integration,Low,17,Resolved,5
TICK0007498,CUST02870,2026-06-02,Technical Issue,Low,93,Resolved,5
TICK0007499,CUST02871,2026-01-19,Feature Request,Low,86,Resolved,2
TICK0007500,CUST02871,2025-10-08,Billing,Low,91,Resolved,3
TICK0007501,CUST02872,2026-01-08,Feature Request,low,136,Resolved,5
TICK0007502,CUST02872,2025-05-08,Technical Issue,Medium,44,Resolved,2
TICK0007503,CUST02872,2026-05-26,Feature Request,Medium,20,Resolved,4
TICK0007504,CUST02873,2025-06-12,Feature Request,MEDIUM,23,Pending,3
TICK0007505,CUST02874,2026-07-12,Bug Report,Low,132,Resolved,2
TICK0007506,CUST02874,2026-05-18,Performance,Medium,75,Resolved,2
TICK0007507,CUST02874,2026-09-10,Account Access,Low,81,Resolved,4
TICK0007508,CUST02874,2026-09-02,Technical Issue,Low,227,Resolved,3
TICK0007509,CUST02874,2026-05-18,Performance,Low,134,Open,2
TICK0007510,CUST02874,2026-06-30,Bug Report,Medium,25,Resolved,1
TICK0007511,CUST02875,2024-08-24,Bug Report,Low,44,Resolved,3
TICK0007512,CUST02875,2024-05-10,Bug Report,High,23,Resolved,5
TICK0007513,CUST02876,2026-01-28,Technical Issue,Low,151,Resolved,5
TICK0007514,CUST02876,2025-12-18,Integration,Low,89,Resolved,3
TICK0007515,CUST02876,2025-01-25,How-To Question,Medium,31,Resolved,4
TICK0007516,CUST02877,2026-01-24,How-To Question,Low,50,Resolved,3
TICK0007517,CUST02877,2026-05-02,How-To Question,Low,33,Resolved,3
TICK0007518,CUST02878,2025-08-16,Feature Request,Medium,88,Resolved,5
TICK0007519,CUST02878,2026-02-21,How-To Question,High,18,Resolved,4
TICK0007520,CUST02878,2024-01-21,Billing,Low,110,Resolved,5
TICK0007521,CUST02879,2025-12-26,Integration,Low,142,Resolved,2
TICK0007522,CUST02879,2026-03-12,Account Access,Medium,109,Resolved,1
TICK0007523,CUST02880,2026-04-23,Technical Issue,Low,121,Resolved,3
TICK0007524,CUST02881,2026-03-23,How-To Question,Medium,59,Resolved,4
TICK0007525,CUST02882,2026-06-04,How-To Question,Low,65,Open,5
TICK0007526,CUST02883,2026-01-04,How-To Question,Low,52,Pending,2
TICK0007527,CUST02883,2026-01-12,Billing,Low,45,Resolved,2
TICK0007528,CUST02884,2025-03-16,Feature Request,Low,89,Resolved,5
TICK0007529,CUST02885,2026-05-07,Performance,Medium,47,Resolved,5
TICK0007530,CUST02885,2026-06-23,Bug Report,Low,108,Resolved,5
TICK0007531,CUST02886,2026-05-20,Bug Report,Low,47,Resolved,5
TICK0007532,CUST02886,2026-04-28,Performance,Low,57,Resolved,4
TICK0007533,CUST02887,2026-01-15,Account Access,Medium,54,Resolved,4
TICK0007534,CUST02888,2025-12-07,Integration,Medium,37,Resolved,5
TICK0007535,CUST02888,2025-02-22,Technical Issue,High,24,Resolved,1
TICK0007536,CUST02888,2026-02-12,Integration,Medium,51,Resolved,4
TICK0007537,CUST02888,2025-04-20,Feature Request,Medium,61,Resolved,5
TICK0007538,CUST02888,2024-11-21,Performance,Low,101,Resolved,5
TICK0007539,CUST02889,2026-04-20,Technical Issue,Medium,34,Open,5
TICK0007540,CUST02890,2024-09-11,How-To Question,Low,73,Resolved,1
TICK0007541,CUST02891,2026-09-23,How-To Question,Low,70,Resolved,2
TICK0007542,CUST02891,2026-08-02,Account Access,Medium,43,Resolved,4
TICK0007543,CUST02891,2025-10-24,Account Access,Low,56,Resolved,3
TICK0007544,CUST02892,2026-09-19,Feature Request,Medium,8,Resolved,4
TICK0007545,CUST02892,2026-07-18,How-To Question,Medium,44,Resolved,4
TICK0007546,CUST02893,2026-07-22,Account Access,Medium,48,Resolved,3
TICK0007547,CUST02893,2026-05-16,Feature Request,Low,70,Open,1
TICK0007548,CUST02893,2024-09-06,Bug Report,Medium,25,Resolved,1
TICK0007549,CUST02893,2025-09-03,Technical Issue,Low,46,Resolved,5
TICK0007550,CUST02894,2026-09-08,Account Access,Low,51,Resolved,3
TICK0007551,CUST02894,2026-07-06,Account Access,High,8,Resolved,4
TICK0007552,CUST02895,2026-05-26,Account Access,Low,69,Resolved,4
TICK0007553,CUST02895,2026-07-27,How-To Question,Medium,25,Resolved,5
TICK0007554,CUST02896,2026-03-24,Integration,Low,75,Open,4
TICK0007555,CUST02896,2026-08-31,Feature Request,Low,81,Resolved,3
TICK0007556,CUST02897,2026-04-29,Billing,Low,40,Resolved,4
TICK0007557,CUST02897,2026-07-22,Feature Request,Low,83,Resolved,4
TICK0007558,CUST02898,2026-07-23,Account Access,Medium,74,Resolved,3
TICK0007559,CUST02898,08/13/2026,Feature Request,Medium,43,Resolved,3
TICK0007560,CUST02899,2026-04-28,How-To Question,Medium,50,Resolved,
TICK0007561,CUST02899,2026-06-17,Feature Request,Medium,9,Resolved,2
TICK0007562,CUST02899,2026-07-10,How-To Question,Low,63,Resolved,5
TICK0007563,CUST02900,2026-02-23,Account Access,Low,54,Resolved,2
TICK0007564,CUST02900,2026-02-08,Feature Request,Low,34,Resolved,4
TICK0007565,CUST02900,2026-05-01,Account Access,Medium,42,Resolved,3
TICK0007566,CUST02901,2025-07-19,Performance,Medium,64,Resolved,3
TICK0007567,CUST02901,2025-07-09,Performance,Low,137,Resolved,3
TICK0007568,CUST02901,2026-06-02,Bug Report,High,24,Resolved,1
TICK0007569,CUST02901,2025-12-13,Performance,Medium,121,Resolved,1
TICK0007570,CUST02901,2025-08-16,Account Access,Low,60,Resolved,2
TICK0007571,CUST02901,2026-03-26,Integration,Medium,99,Resolved,2
TICK0007572,CUST02901,2025-12-24,Account Access,High,25,Resolved,2
TICK0007573,CUST02901,2025-12-22,Technical Issue,Medium,74,Resolved,1
TICK0007574,CUST02902,2026-03-18,Integration,Medium,56,Resolved,2
TICK0007575,CUST02902,2025-07-04,Billing,High,12,Resolved,
TICK0007576,CUST02903,2025-07-21,Bug Report,Medium,72,Resolved,3
TICK0007577,CUST02903,2025-11-01,Account Access,Medium,57,Resolved,3
TICK0007578,CUST02903,2025-08-13,Account Access,Low,148,Resolved,5
TICK0007579,CUST02903,2025-06-17,Account Access,low,97,Resolved,2
TICK0007580,CUST02903,2025-09-06,Account Access,Medium,14,Resolved,1
TICK0007581,CUST02903,2025-06-21,Performance,Low,88,Resolved,3
TICK0007582,CUST02903,2025-07-28,Bug Report,Medium,67,Resolved,2
TICK0007583,CUST02903,2025-08-17,Account Access,Medium,145,Resolved,3
TICK0007584,CUST02903,2025-10-07,Technical Issue,Low,111,Resolved,1
TICK0007585,CUST02903,2025-06-09,Technical Issue,Low,110,Open,3
TICK0007586,CUST02903,2025-09-01,Integration,Low,272,Pending,3
TICK0007587,CUST02903,2025-06-18,Technical Issue,Urgent,12,Resolved,1
TICK0007588,CUST02903,2025-10-12,Integration,Low,142,Resolved,3
TICK0007589,CUST02906,2026-08-26,Account Access,Low,87,Pending,4
TICK0007590,CUST02906,2026-08-23,Feature Request,Low,33,Resolved,5
TICK0007591,CUST02907,2026-07-02,How-To Question,Urgent,13,Resolved,3
TICK0007592,CUST02908,2024-03-02,Billing,Medium,86,Resolved,3
TICK0007593,CUST02908,2026-01-02,Performance,Low,76,Resolved,3
TICK0007594,CUST02908,2024-10-02,Bug Report,Medium,34,Resolved,4
TICK0007595,CUST02910,2024-12-05,Performance,Low,62,Resolved,5
TICK0007596,CUST02911,2026-08-15,Feature Request,Low,14,Resolved,4
TICK0007597,CUST02913,2026-08-22,Account Access,Medium,114,Resolved,5
TICK0007598,CUST02913,2026-09-15,Performance,Medium,33,Resolved,5
TICK0007599,CUST02913,2026-09-05,Account Access,Medium,27,Resolved,3
TICK0007600,CUST02913,2026-08-28,Technical Issue,Low,23,Resolved,2
TICK0007601,CUST02913,2026-08-26,Integration,High,28,Resolved,1
TICK0007602,CUST02914,2026-05-03,Performance,Low,31, PENDING,5
TICK0007603,CUST02914,2026-03-05,Account Access,Medium,58,Resolved,5
TICK0007604,CUST02915,2026-08-27,Integration,Medium,44,Pending,5
TICK0007605,CUST02916,2025-06-02,Bug Report,Low,102,Resolved,3
TICK0007606,CUST02916,2025-07-13,Billing,Medium,89,Resolved,4
TICK0007607,CUST02916,2026-05-17,Performance,Low,55,Resolved,4
TICK0007608,CUST02917,2026-07-09,Account Access,Medium,28,Resolved,5
TICK0007609,CUST02917,2026-09-16,Integration,Medium,28,Resolved,4
TICK0007610,CUST02917,2024-10-30,How-To Question,High,4,Resolved,4
TICK0007611,CUST02918,2026-04-17,Billing,Low,60,Resolved,5
TICK0007612,CUST02918,2025-03-06,Account Access,Medium,63,Resolved,2
TICK0007613,CUST02918,2024-12-19,Feature Request,Low,66,Resolved,5
TICK0007614,CUST02918,2024-11-12,Account Access,Low,69,Resolved,1
TICK0007615,CUST02919,2026-05-02,Technical Issue,Medium,14,Resolved,1
TICK0007616,CUST02919,2026-08-14,Integration,Medium,54,Resolved,2
TICK0007617,CUST02919,2026-05-07,Bug Report,Medium,118,Resolved,2
TICK0007618,CUST02919,2026-08-11,Account Access,High,6,Resolved,3
TICK0007619,CUST02919,2026-04-18,Technical Issue,High,24,Resolved,2
TICK0007620,CUST02920,2025-12-30,Feature Request,Medium,89,Resolved,4
TICK0007621,CUST02920,2026-07-08,Feature Request,Low,37,Resolved,5
TICK0007622,CUST02921,2026-04-29,Feature Request,Low,68,Resolved,4
TICK0007623,CUST02922,2026-06-30,How-To Question,Low,108,Resolved,4
TICK0007624,CUST02922,2026-07-13,How-To Question,Low,98,Resolved,1
TICK0007625,CUST02922,2026-08-12,Billing,low,33,Resolved,3
TICK0007626,CUST02922,2026-08-03,Feature Request,Low,111,Resolved,5
TICK0007627,CUST02923,2025-05-31,How-To Question,Low,77,Resolved,3
TICK0007628,CUST02923,2025-08-25,Bug Report,Medium,38,Resolved,5
TICK0007629,CUST02924,2026-04-13,Technical Issue,Low,132,Resolved,4
TICK0007630,CUST02925,2026-06-12,Performance,Low,86,Pending,1
TICK0007631,CUST02925,2026-06-08,FEATURE REQUEST,Low,62,Resolved,3
TICK0007632,CUST02925,2026-08-05,Feature Request,Medium,68,Resolved,4
TICK0007633,CUST02926,2026-07-09,Integration,High,14,Resolved,5
TICK0007634,CUST02926,2026-02-26,Technical Issue,Low,54,Resolved,5
TICK0007635,CUST02927,2024-08-24,Performance,Medium,71,Resolved,5
TICK0007636,CUST02927,2025-10-24,How-To Question,High,27,Resolved,4
TICK0007637,CUST02928,2024-11-21,Feature Request,Low,54,Resolved,
TICK0007638,CUST02929,2024-03-29,Account Access,Medium,60,Resolved,4
TICK0007639,CUST02931,2024-12-28,Technical Issue,High,17,Resolved,5
TICK0007640,CUST02932,2026-03-31, billing,Low,75,Resolved,5
TICK0007641,CUST02933,2026-09-14,Account Access,low,51,Resolved,1
TICK0007642,CUST02933,2026-09-02,Feature Request,Low,33,Resolved,5
TICK0007643,CUST02933,2026-09-20,Feature Request,Medium,26,Resolved,1
TICK0007644,CUST02933,2026-09-03,How-To Question,Low,64,Resolved,3
TICK0007645,CUST02933,2026-08-30,Feature Request,Medium,74,Resolved,3
TICK0007646,CUST02933,2026-09-14,How-To Question,Low,74,Resolved,4
TICK0007647,CUST02934 ,2026-08-27,Performance,Medium,21,Resolved,4
TICK0007648,CUST02934,2024-10-30,Billing,Medium,93,Resolved,4
TICK0007649,CUST02934,2025-02-20,Feature Request,MEDIUM,79,Resolved,4
TICK0007650,CUST02934,2025-07-02,Feature Request,High,10,Resolved,4
TICK0007651,CUST02935,2026-04-22,Performance,Medium,55,Resolved,5
TICK0007652,CUST02936,2025-10-30,Bug Report,Medium,51,Resolved,5
TICK0007653,CUST02936,2024-11-29,How-To Question,Low,128,Resolved,5
TICK0007654,CUST02936,2026-04-22,Billing,Medium,50,Resolved,5
TICK0007655,CUST02937,2024-12-15,Billing,Medium,43,Resolved,5
TICK0007656,CUST02938,2026-04-15,Performance,Medium,61,Resolved,2
TICK0007657,CUST02938,2025-08-24,Technical Issue,Low,198,Resolved,4
TICK0007658,CUST02938,2025-09-01,Bug Report,Low,93,Resolved,2
TICK0007659,CUST02939,2026-08-18,Performance,Medium,63,Resolved,4
TICK0007660,CUST02939,2026-08-19,Performance,High,12,Resolved,5
TICK0007661,CUST02939,2026-08-23,Billing,Low,103,Pending,1
TICK0007662,CUST02939,2026-05-02,Feature Request,Low,85,Resolved,2
TICK0007663,CUST02940,2026-08-04,Performance,Low,54,Resolved,3
TICK0007664,CUST02941,2025-02-05,Technical Issue,Medium,110,Resolved,4
TICK0007665,CUST02941,2025-07-22,Technical Issue,Medium,133,Pending,1
TICK0007666,CUST02941,2026-01-28,Bug Report,Low,191,Resolved,2
TICK0007667,CUST02942,2024-03-04,FEATURE REQUEST,Medium,74,Resolved,4
TICK0007668,CUST02942,2024-01-25,Technical Issue,Medium,58,Resolved,5
TICK0007669,CUST02943,2025-12-24,Account Access,Medium,33,Resolved,3
TICK0007670,CUST02944,2026-03-19,Account Access,Low,99,Resolved,4
TICK0007671,CUST02945,2026-06-16,Performance,Medium,57,Resolved,5
TICK0007672,CUST02946,2025-12-01,Account Access,Low,103,Resolved,4
TICK0007673,CUST02947,2025-09-14,Billing, high,27,Resolved,4
TICK0007674,CUST02947,2026-06-12,Billing,High,29,Resolved,5
TICK0007675,CUST02948,2026-01-01,Performance,Medium,83,Resolved,4
TICK0007676,CUST02949,2025-12-18,How-To Question,Low,95,Resolved,4
TICK0007677,CUST02951,2026-08-11,Feature Request,Medium,32,Resolved,3
TICK0007678,CUST02951,2026-07-01,Performance,Medium,27,Resolved,4
TICK0007679,CUST02951,2026-04-17,How-To Question,Medium,42,Open,4
TICK0007680,CUST02951,2026-04-06,Feature Request,Low,28,Resolved,4
TICK0007681,CUST02951,2026-05-31,Performance,Medium,47,Resolved,4
TICK0007682,CUST02952,2026-02-07,Account Access,High,13,Resolved,1
TICK0007683,CUST02952,2026-06-17,Account Access,Low,181,Resolved,1
TICK0007684,CUST02952,2026-09-14,Bug Report,Low,157,Resolved,2
TICK0007685,CUST02952,2026-08-01,Account Access,Low,164,Resolved,2
TICK0007686,CUST02952,2025-07-10,Performance,Low,150,Resolved,2
TICK0007687,CUST02953,2026-01-20,Billing,High,27,Resolved,5
TICK0007688,CUST02954,2025-11-11,Feature Request,Low,86,Resolved,2
TICK0007689,CUST02954,2025-11-12,Integration,Medium,30,Resolved,5
TICK0007690,CUST02955,2026-06-09,Performance,Medium,76,Resolved,2
TICK0007691,CUST02955,2026-03-08,Integration,High,37,Resolved,5
TICK0007692,CUST02956,2025-11-05,Account Access,Medium,65,Resolved,5
TICK0007693,CUST02956,2025-10-09,Account Access,Medium,41,Resolved,3
TICK0007694,CUST02957,2026-05-23,Bug Report,Medium,63,Resolved,4
TICK0007695,CUST02957,2026-02-10,Billing,Low,92,Pending,5
TICK0007696,CUST02957,2026-08-02,Technical Issue,High,28,Resolved,5
TICK0007697,CUST02957,2026-07-25,Technical Issue,Medium,32,resolved,5
TICK0007698,CUST02958,2025-03-26,Account Access,Medium,104,Resolved,4
TICK0007699,CUST02958,2026-03-24,Technical Issue,Low,124,Resolved,2
TICK0007700,CUST02959,2026-06-26,Integration,High,29,Resolved,2
TICK0007701,CUST02959,2025-12-03,Bug Report,Medium,98,Resolved,2
TICK0007702,CUST02959,2025-11-28,Performance,High,37,Resolved,5
TICK0007703,CUST02959,2026-04-28,Performance,Low,81,Resolved,4
TICK0007704,CUST02959,2025-08-31,Bug Report,Medium,78,Resolved,1
TICK0007705,CUST02959,2026-04-08,Bug Report,Low,148,Pending,3
TICK0007706,CUST02959,2026-02-17,Performance,Low,94,Resolved,2
TICK0007707,CUST02959,2025-11-25,Performance,Low,125,Resolved,3
TICK0007708,CUST02959,2026-03-22,Bug Report,High,62,Resolved,1
TICK0007709,CUST02959,2026-03-28,Technical Issue,High,27,Resolved,1
TICK0007710,CUST02960,2026-04-06,Feature Request,Low,129,Resolved,5
TICK0007711,CUST02961,2024-02-24,Billing,Low,160,Resolved,4
TICK0007712,CUST02961,2025-04-26,Account Access,High,23,Resolved,2
TICK0007713,CUST02961,2024-04-01,Account Access,Medium,58,Resolved,5
TICK0007714,CUST02962,2026-02-14,Technical Issue,Low,159,Resolved,1
TICK0007715,CUST02962,2024-12-20,technical issue,High,25,Resolved,1
TICK0007716,CUST02962,2025-07-25,Integration,Medium,67,Resolved,2
TICK0007717,CUST02962,2026-01-17,Account Access,Low,26,Resolved,2
TICK0007718,CUST02962,2026-07-30,Account Access,Medium,81,Resolved,1
TICK0007719,CUST02963,2024-12-31,Performance,Urgent,13,Resolved,5
TICK0007720,CUST02963,2026-09-16,Billing,High,30,Resolved,2
TICK0007721,CUST02963,2026-04-09,how-to question,Low,61,Resolved,2
TICK0007722,CUST02965,2026-08-23,Performance,Medium,22,Resolved,1
TICK0007723,CUST02965,2026-01-11,How-To Question,Low,69,Resolved,5
TICK0007724,CUST02966,2026-07-15,Feature Request,Medium,52,Resolved,4
TICK0007725,CUST02967,2026-08-11,Technical Issue,Medium,73,Resolved,2
TICK0007726,CUST02967,2025-04-29,Integration,Low,79,Resolved,3
TICK0007727,CUST02967,2025-08-11,Bug Report,Low,155,Resolved,3
TICK0007728,CUST02967,2025-11-12,Technical Issue,Medium,94,Resolved,2
TICK0007729,CUST02967,2026-06-13,Account Access,Medium,92,Resolved,1
TICK0007730,CUST02967,2026-02-05,Integration,High,51,Resolved,3
TICK0007731,CUST02968,2025-04-03,How-To Question,Urgent,6,Resolved,5
TICK0007732,CUST02968,2025-09-20,Feature Request,Low,76,Resolved,5
TICK0007733,CUST02969,2026-02-01,Feature Request,Low,64,Resolved,4
TICK0007734,CUST02970,2025-07-28,Account Access,Low,123,Resolved,4
TICK0007735,CUST02970,2025-09-21,Account Access,Low,61,Resolved,2
TICK0007736,CUST02970,2025-07-02,Account Access,Low,50,Resolved,4
TICK0007737,CUST02971,2026-04-22,Bug Report,Low,55,Resolved,4
TICK0007738,CUST02971,2026-02-07,Technical Issue,Low,99,Resolved,4
TICK0007739,CUST02972,2026-07-01,Billing,Medium,54,Pending,5
TICK0007740,CUST02972,2026-09-03,Billing,Medium,56,Resolved,4
TICK0007741,CUST02972,2026-03-25,Integration,High,11,Pending,3
TICK0007742,CUST02973,2024-06-05,Account Access,Low,45,Open,3
TICK0007743,CUST02974,2025-04-25,Feature Request,Medium,22,Resolved,5
TICK0007744,CUST02974,2025-09-24,How-To Question,Low,98,Resolved,4
TICK0007745,CUST02975,2025-03-15,Performance,Medium,73,Resolved,4
TICK0007746,CUST02975,2025-10-16,Performance,Low,93,Resolved,4
TICK0007747,CUST02975,2025-07-25,Account Access,Urgent,8,Resolved,5
TICK0007748,CUST02975,2026-03-29,How-To Question,Medium,26,Resolved,4
TICK0007749,CUST02975,2026-06-05,Feature Request,Low,123,Resolved,4
TICK0007750,CUST02976,2026-04-08,Feature Request,MEDIUM,52,Resolved,3
TICK0007751,CUST02977,2026-02-27,Feature Request,Medium,39,Resolved,5
TICK0007752,CUST02978,2024-06-23,Integration,Low,58,Resolved,3
TICK0007753,CUST02979,2026-09-15,How-To Question,Low,69,Resolved,5
TICK0007754,CUST02980,2026-02-27,Bug Report,Low,36,Resolved,4
TICK0007755,CUST02980,2025-11-22,Bug Report,Low,65,Resolved,5
TICK0007756,CUST02980,2025-04-22,Technical Issue,Medium,39,Resolved,4
TICK0007757,CUST02980,2025-01-24,Integration,Medium,29,Resolved,3
TICK0007758,CUST02981,2026-07-04,Account Access,High,45,Resolved,4
TICK0007759,CUST02981,2026-09-10,Bug Report,Medium,83,Resolved,3
TICK0007760,CUST02982,2025-09-07,Bug Report,Medium,119,Resolved,1
TICK0007761,CUST02982,2024-11-08,Performance,Medium,67,Resolved,3
TICK0007762,CUST02982,2026-04-26,Account Access,Medium,122,Resolved,5
TICK0007763,CUST02982,2025-01-25,Performance,low,95,Open,3
TICK0007764,CUST02982,2024-06-20,Performance,Low,95,Resolved,2
TICK0007765,CUST02982,2026-03-14,Account Access,High,22,Resolved,2
TICK0007766,CUST02983,2026-08-26,Technical Issue,Low,69,Resolved,3
TICK0007767,CUST02984,2026-02-05,How-To Question,Low,51,Resolved,1
TICK0007768,CUST02984,2026-06-12,How-To Question,Low,80,Resolved,3
TICK0007769,CUST02984,2026-05-29,Feature Request,Low,39,Resolved,3
TICK0007770,CUST02985,2024-08-12,Account Access,High,27,Resolved,5
TICK0007771,CUST02986,2026-02-07,Account Access,Medium,50,Resolved,4
TICK0007772,CUST02986,2026-07-31,Integration,High,27,Resolved,4
TICK0007773,CUST02986,2026-06-17,Integration,Medium,62,Resolved,3
TICK0007774,CUST02986,2026-08-11,Bug Report,Low,82,Resolved,4
TICK0007775,CUST02986,2026-08-03,How-To Question,Low,114,Resolved,3
TICK0007776,CUST02987,2026-02-22,How-To Question,Low,12,Open,5
TICK0007777,CUST02988,2026-08-16,Billing,Medium,50,Resolved,4
TICK0007778,CUST02988,04/04/2025,Billing,High,18,Resolved,5
TICK0007779,CUST02990,2026-05-07,Technical Issue,Medium,144,Resolved,3
TICK0007780,CUST02990,2026-06-27,Integration,Low,98,Resolved,3
TICK0007781,CUST02991,2025-12-13,Billing,Low,100,Resolved,4
TICK0007782,CUST02991,2026-04-04,Feature Request,Low,37,Resolved,2
TICK0007783,CUST02991,2025-10-24,Feature Request,Low,114,Resolved,3
TICK0007784,CUST02991,2025-12-28,Billing,Medium,36,Resolved,4
TICK0007785,CUST02991,2025-10-20,How-To Question,Medium,45,Resolved,3
TICK0007786,CUST02992,2024-10-25,Billing,Low,101,Resolved,1
TICK0007787,CUST02992,2025-01-29,Feature Request,Medium,23,Resolved,5
TICK0007788,CUST02992,2025-08-01,Billing,Medium,54,Resolved,3
TICK0007789,CUST02992,2026-09-10,Performance,Medium,29,Resolved,5
TICK0007790,CUST02992,2024-09-14,Billing,Medium,27,Resolved,5
TICK0007791,CUST02992,2025-10-14,Billing,Medium,44,Resolved,4
TICK0007792,CUST02993,2026-05-07,Bug Report,MEDIUM,33,Resolved,5
TICK0007793,CUST02993,2026-06-28,Technical Issue,Medium,54,Pending,3
TICK0007794,CUST02994,2024-05-28,Performance,Medium,56,Resolved,3
TICK0007795,CUST02994,2024-03-21,Feature Request,Low,129,Resolved,3
TICK0007796,CUST02994,2025-03-16,Performance,Medium,69,Open,5
TICK0007797,CUST02995,2025-07-20,Performance,High,40,Resolved,5
TICK0007798,CUST02995,2026-01-01,How-To Question,Medium,8,Resolved,4
TICK0007799,CUST02995,2025-08-13,How-To Question,Low,76,Resolved,5
TICK0007800,CUST02995,2025-09-02,Billing,Low,45,Pending,3
TICK0007801,CUST02995,2025-06-22,Billing,Medium,55,Resolved,4
TICK0007802,CUST02996,2024-06-11,Account Access,Low,25,Resolved,5
TICK0007803,CUST02997,2026-07-19,Feature Request,Low,84,Resolved,4
TICK0007804,CUST02997,2026-09-09,How-To Question,Medium,77,Resolved,4
TICK0007805,CUST02997,2026-07-20,Feature Request,Low,46,Resolved,5
TICK0007806,CUST02998,2025-08-13,Bug Report,Low,46,Resolved,4
TICK0007807,CUST02998,2025-11-02,How-To Question,Low,12,Resolved,5
TICK0007808,CUST02999,2025-05-04,Integration,Medium,68, PENDING,4
TICK0007809,CUST02999,2026-07-03,Account Access,Low,194,Resolved,1
TICK0007810,CUST02999,2025-07-19,Account Access,High,84,Resolved,1
TICK0007811,CUST02999,2025-08-06,Technical Issue,MEDIUM,42,Resolved,4
TICK0007812,CUST02999,06/06/2024,Bug Report,Medium,49,Resolved,4
TICK0007813,CUST03001,2025-01-02,Account Access,Medium,69,Resolved,4
TICK0007814,CUST03001,2026-05-22,Account Access,Medium,53,Resolved,1
TICK0007815,CUST03002,2025-11-05,Billing,Low,73,Resolved,5
TICK0007816,CUST03003,2025-11-19,Feature Request,Medium,42,Resolved,5
TICK0007817,CUST03004,2025-01-09,How-To Question,Low,12,Resolved,2
TICK0007818,CUST03004,2024-12-29,Feature Request,Medium,84,Resolved,3
TICK0007819,CUST03005,2026-04-18,Technical Issue,Low,71,Resolved,2
TICK0007820,CUST03005,2026-07-22,Integration,Low,12,Resolved,3
TICK0007821,CUST03005,2026-09-03,Performance,Low,100,Resolved,3
TICK0007822,CUST03005,2026-09-05,Feature Request,Medium,71,Resolved,4
TICK0007823,CUST03006,2026-09-13,How-To Question,High,29,Resolved,3
TICK0007824,CUST03006,2026-02-27,Billing,Low,94,Resolved,4
TICK0007825,CUST03007,2025-02-25,Bug Report,Medium,67,Resolved,5
TICK0007826,CUST03007,2026-06-20,Account Access,High,31,Resolved,1
TICK0007827,CUST03007,2025-10-04,Integration,Low,119,Resolved,3
TICK0007828,CUST03007,2025-04-26,Performance,Low,185,Resolved,1
TICK0007829,CUST03007,2025-09-25,Integration,Low,157,Resolved,5
TICK0007830,CUST03008,2026-02-25,How-To Question,Medium,81,Resolved,4
TICK0007831,CUST03009,2026-02-24,Integration,Medium,48,Resolved,3
TICK0007832,CUST03009,2025-08-18,Feature Request,Low,51,Resolved,4
TICK0007833,CUST03009,2024-12-17,Bug Report,High,33,Resolved,3
TICK0007834,CUST03010,2024-11-16,technical issue,Low,154,Resolved,1
TICK0007835,CUST03010,2024-06-04,Performance,Medium,31,Resolved,3
TICK0007836,CUST03010,2025-04-19,Technical Issue,Medium,94,Resolved,3
TICK0007837,CUST03010,2025-06-22,Bug Report,Urgent,13,Resolved,2
TICK0007838,CUST03010,2025-04-23,Bug Report,Low,164,Resolved,2
TICK0007839,CUST03010,2024-08-07,Technical Issue,High,31,Pending,3
TICK0007840,CUST03011,2026-07-06,Billing,Low,75,Resolved,5
TICK0007841,CUST03011,2024-04-15,How-To Question,Medium,8,Open,4
TICK0007842,CUST03011,2026-03-15,How-To Question,High,30,Resolved,2
TICK0007843,CUST03011,2026-07-05,Feature Request,Low,64,Resolved,2
TICK0007844,CUST03011,2024-06-13,How-To Question,High,23,Resolved,4
TICK0007845,CUST03012,2026-05-03,Account Access,Low,90,Open,4
TICK0007846,CUST03012,2026-08-13,Feature Request,Low,85,Resolved,3
TICK0007847,CUST03014,2024-09-18,Feature Request,Low,89,Resolved,5
TICK0007848,CUST03014,2025-07-19,Account Access,Medium,78,Resolved,4
TICK0007849,CUST03014,2026-01-16,How-To Question,Low,64,Resolved,5
TICK0007850,CUST03014,2026-01-12,Account Access,Medium,8,Resolved,1
TICK0007851,CUST03014,2024-10-07,Feature Request,Low,92,Resolved,3
TICK0007852,CUST03014,2025-08-14,How-To Question,Medium,69,Resolved,2
TICK0007853,CUST03015,2024-10-14,Feature Request,Medium,31,Resolved,1
TICK0007854,CUST03015,2026-01-01,Feature Request,Low,82,resolved,2
TICK0007855,CUST03015,2026-07-29,Feature Request,Low,104,Resolved,4
TICK0007856,CUST03016,2026-08-02,Integration,Urgent,26,Resolved,4
TICK0007857,CUST03016,2026-06-16,Technical Issue,Low,111,Resolved,3
TICK0007858,CUST03016,2026-06-30,Performance,Low,145,Pending,1
TICK0007859,CUST03016,2026-07-23,Account Access,Low,174,Resolved,1
TICK0007860,CUST03016,2026-06-30,Integration,Low,62,Resolved,3
TICK0007861,CUST03016,2026-08-19,Bug Report,Low,114,Resolved,4
TICK0007862,CUST03016,2026-08-16,Performance,Low,100,Resolved,2
TICK0007863,CUST03016,2026-07-28,Technical Issue,Medium,136,Resolved,2
TICK0007864,CUST03018,2025-12-10,Billing,Low,74,Resolved,2
TICK0007865,CUST03018,2026-06-11,Performance,Medium,56,Pending,4
TICK0007866,CUST03018,2026-06-26,How-To Question,Medium,62,Resolved,5
TICK0007867,CUST03019,2026-07-20,Bug Report,Low,47,Resolved,4
TICK0007868,CUST03019,2026-02-26,How-To Question,Urgent,6,Resolved,3
TICK0007869,CUST03019,2026-03-14,Bug Report,Low,63,Resolved,3
TICK0007870,CUST03021,2026-03-08,Integration,Low,133,Resolved,5
TICK0007871,CUST03022,2026-04-13,Billing,Low,63,Resolved,4
TICK0007872,CUST03022 ,2025-11-27,Account Access,Low,112,Resolved,5
TICK0007873,CUST03022,2026-04-20,Billing,Medium,37,Resolved,1
TICK0007874,CUST03023,2026-08-09,How-To Question,Low,18,Resolved,4
TICK0007875,CUST03024,2026-08-02,Performance,Medium,45,Resolved,4
TICK0007876,CUST03025,2025-11-15,Performance,Medium,20,Resolved,5
TICK0007877,CUST03025,2025-02-11,How-To Question,Low,105,Open,4
TICK0007878,CUST03026,2025-12-04,Feature Request,Low,66,Resolved,
TICK0007879,CUST03027,2026-08-14,Billing,Low,31,Resolved,4
TICK0007880,CUST03027,2026-06-29,How-To Question,Low,51,Resolved,5
TICK0007881,CUST03028,2025-05-08,Performance,Medium,65,Resolved,4
TICK0007882,CUST03028,2025-08-27,Integration,Medium,39,Resolved,2
TICK0007883,CUST03028,2025-06-17,Bug Report,Low,174,Resolved,3
TICK0007884,CUST03029,2026-05-19,Performance,Low,83,Resolved,5
TICK0007885,CUST03029,2026-05-05,Integration,Medium,73,Resolved,4
TICK0007886,CUST03029,2025-10-14,Bug Report,Low,88,Resolved,1
TICK0007887,CUST03030,2023-12-15,Feature Request,Low,50,Resolved,4
TICK0007888,CUST03030,2023-10-14,Account Access,Medium,8,Resolved,4
TICK0007889,CUST03030,2025-02-16,Feature Request,Medium,51,Open,4
TICK0007890,CUST03031,2025-09-25,How-To Question,Medium,25,resolved,4
TICK0007891,CUST03032,2024-10-14,Technical Issue,High,10,Resolved,4
TICK0007892,CUST03032,2024-07-19,Technical Issue,Low,32,Resolved,4
TICK0007893,CUST03032,2025-03-11,Account Access,Medium,33,Resolved,4
TICK0007894,CUST03033,2026-08-03,Feature Request,High,5,Resolved,1
TICK0007895,CUST03034,2025-06-01,Feature Request,Low,24,Resolved,4
TICK0007896,CUST03034,2025-07-13,Billing,Low,136,Resolved,5
TICK0007897,CUST03034,2026-03-02,Feature Request,Low,65,Resolved,4
TICK0007898,CUST03035,2026-01-29,Feature Request,Medium,65,Resolved,5
TICK0007899,CUST03035,2025-07-14,Bug Report,Low,105,Resolved,3
TICK0007900,CUST03035,2025-11-22,Integration,Medium,73,Pending,4
TICK0007901,CUST03035,2025-03-11,Technical Issue,Medium,59,Open,4
TICK0007902,CUST03036,2026-08-21,Feature Request,Low,59,Resolved,5
TICK0007903,CUST03036,2026-09-04,Bug Report,Medium,59,Resolved,5
TICK0007904,CUST03036,2026-08-30,Account Access,Low,31,Resolved,5
TICK0007905,CUST03036,2026-08-16,Technical Issue,Low,29,Resolved,4
TICK0007906,CUST03037,2026-08-22,Feature Request,Medium,22,Resolved,5
TICK0007907,CUST03037,2026-08-24,Feature Request,Low,58,Resolved,5
TICK0007908,CUST03038,2026-09-02,Feature Request,High,8,Resolved,5
TICK0007909,CUST03039,2025-06-11,Technical Issue,Low,54,Resolved,1
TICK0007910,CUST03039,2024-11-25,Account Access,Medium,51,Pending,2
TICK0007911,CUST03039,2025-05-14,Integration,Medium,49,Resolved,2
TICK0007912,CUST03039,2025-06-09,Performance,Medium,67,Resolved,1
TICK0007913,CUST03040,2026-09-20,Integration,Medium,27,Resolved,3
TICK0007914,CUST03040,2026-06-21,Bug Report,Low,83,Resolved,5
TICK0007915,CUST03040,2025-09-14,Account Access,Low,42,Resolved,
TICK0007916,CUST03040,2026-01-13,Bug Report,Low,45,Resolved,5
TICK0007917,CUST03040,2025-11-11,Billing,Medium,40,Resolved,5
TICK0007918,CUST03041,2025-03-08,Bug Report,Urgent,14,Resolved,5
TICK0007919,CUST03041,2026-02-28,Account Access,High,30,resolved,3
TICK0007920,CUST03042,2026-09-12,Performance,low,115,Resolved,4
TICK0007921,CUST03042,2026-09-19,Integration,Medium,83,Resolved,1
TICK0007922,CUST03042,2026-09-12,Integration,Urgent,26,Resolved,1
TICK0007923,CUST03042,2026-09-21,Integration,Medium,75,Resolved,2
TICK0007924,CUST03044,2024-02-02,Bug Report,High,17,Pending,3
TICK0007925,CUST03045,2026-08-28,Integration,Low,102,Resolved,5
TICK0007926,CUST03045,2024-09-02,Technical Issue,Low,96,Pending,4
TICK0007927,CUST03045,2025-04-22,Performance,Low,75,Resolved,5
TICK0007928,CUST03046,2026-09-06,Integration,Medium,80,Resolved,4
TICK0007929,CUST03046,2026-05-31,Account Access,High,51,Resolved,5
TICK0007930,CUST03046,2026-09-10,Billing,Low,120,Open,5
TICK0007931,CUST03047,2025-11-03,Account Access,Medium,68,Resolved,5
TICK0007932,CUST03047,2026-06-30,Technical Issue,Low,53,Resolved,5
TICK0007933,CUST03047,2024-09-30,How-To Question,Low,108,Resolved,4
TICK0007934,CUST03047,2026-08-05,How-To Question,Low,93,Pending,4
TICK0007935,CUST03047,2024-09-04,Account Access,Low,45,Resolved,3
TICK0007936,CUST03047,2026-02-21,Bug Report,Low,86,Resolved,5
TICK0007937,CUST03047,2024-12-05,Account Access,Medium,50,Open,4
TICK0007938,CUST03048,2026-09-10,Bug Report,Low,79,Resolved,5
TICK0007939,CUST03049,2026-08-01,Performance,Low,85,Open,2
TICK0007940,CUST03050,2024-11-12,Account Access,Low,42,Resolved,4
TICK0007941,CUST03050,2025-04-08,How-To Question,Low,96,Open,4
TICK0007942,CUST03051,2025-10-10,Feature Request,Low,78,Resolved,4
TICK0007943,CUST03051,2025-09-29,Performance,Medium,69,Resolved,5
TICK0007944,CUST03051,2025-01-27,Performance,Medium,23,Resolved,5
TICK0007945,CUST03053,2026-07-26,How-To Question,Low,68,Resolved,5
TICK0007946,CUST03053,2026-06-01,Account Access,Medium,70,Resolved,5
TICK0007947,CUST03054,2025-08-03,Account Access,Medium,45,Resolved,2
TICK0007948,CUST03054,2025-12-10,Bug Report,Medium,47,Resolved,3
TICK0007949,CUST03054,2026-09-12,Account Access,Low,79,Resolved,5
TICK0007950,CUST03054,2025-05-20,Billing,Urgent,15,Resolved,4
TICK0007951,CUST03055,2025-10-30,Billing,Medium,29,Resolved,2
TICK0007952,CUST03055,2025-05-19,Feature Request,Medium,49,Resolved,3
TICK0007953,CUST03055,2026-08-05,How-To Question,Low,78,Resolved,4
TICK0007954,CUST03055,2026-07-30,Feature Request,Medium,73,Resolved,3
TICK0007955,CUST03056,2025-01-30,Account Access,Medium,78,Resolved,3
TICK0007956,CUST03057,2024-04-07,Feature Request,Low,75,Resolved,3
TICK0007957,CUST03057,2026-01-02,Feature Request,Low,58,Resolved,4
TICK0007958,CUST03057,2024-05-10,Feature Request,Medium,67,Resolved,4
TICK0007959,CUST03057,2024-02-06,Feature Request,High,17,Resolved,2
TICK0007960,CUST03058,2025-04-10,Billing,Low,150,Resolved,1
TICK0007961,CUST03059,2025-07-18,Billing,Low,60,Resolved,2
TICK0007962,CUST03059,2025-04-23,Billing,Low,60,Resolved,4
TICK0007963,CUST03060,2025-09-25,How-To Question,Medium,42,Resolved,5
TICK0007964,CUST03060,2026-03-06,Feature Request,Medium,46,Resolved,5
TICK0007965,CUST03060,2026-01-02,Billing,Low,59,Resolved,2
TICK0007966,CUST03061,2026-05-18,How-To Question,High,20,Resolved,5
TICK0007967,CUST03062,2025-10-04,Bug Report,Urgent,8,Resolved,4
TICK0007968,CUST03062,2025-12-18,Account Access,Low,87,Resolved,4
TICK0007969,CUST03063,2026-05-29,Account Access,Low,213,Resolved,2
TICK0007970,CUST03063,2026-03-27,Technical Issue,Medium,90,Pending,2
TICK0007971,CUST03063,2025-11-28,Integration,Low,65,Resolved,1
TICK0007972,CUST03063,2025-06-07,Technical Issue,Low,71,Resolved,1
TICK0007973,CUST03064,2026-05-03,Feature Request,Low,87,Resolved,1
TICK0007974,CUST03064,2025-03-07,Feature Request,Medium,30,Resolved,3
TICK0007975,CUST03065,2026-05-31,Bug Report,Medium,48,Resolved,4
TICK0007976,CUST03065,2025-06-22,Performance,Medium,68,Resolved,5
TICK0007977,CUST03066,2024-10-09,Feature Request,Low,37,Resolved,4
TICK0007978,CUST03066,2024-03-02,Billing,Medium,44,Resolved,3
TICK0007979,CUST03066,2026-01-12,Billing,Low,108,Resolved,5
TICK0007980,CUST03066,2025-08-09,How-To Question,Medium,40,Resolved,5
TICK0007981,CUST03066,2026-01-09,Feature Request,Medium,33,Resolved,3
TICK0007982,CUST03066,2025-06-07,Performance,Low,110,Resolved,5
TICK0007983,CUST03068,2026-01-20,Integration,Medium,8,Resolved,1
TICK0007984,CUST03069,2026-06-10,Feature Request,Medium,59,Resolved,5
TICK0007985,CUST03070,2024-05-01,Account Access,Low,32,Resolved,1
TICK0007986,CUST03070,2025-08-19,Integration,Medium,111,Resolved,3
TICK0007987,CUST03070,2024-04-09,Account Access,Low,103,Resolved,4
TICK0007988,CUST03070,2025-12-15,Performance,Low,127,Resolved,3
TICK0007989,CUST03070,2026-03-24,Technical Issue,Medium,67,Open,1
TICK0007990,CUST03071,2026-09-09,How-To Question,Medium,56,Resolved,3
TICK0007991,CUST03071,2024-10-07,How-To Question,Low,62,Resolved,5
TICK0007992,CUST03072,2025-09-27,Integration,Low,51,Resolved,5
TICK0007993,CUST03073,2025-04-13,Performance,Medium,52,Pending,1
TICK0007994,CUST03073,2024-11-18,Integration,Low,145,Resolved,1
TICK0007995,CUST03073,2024-01-25,Account Access,Low,134,Resolved,1
TICK0007996,CUST03073,2026-09-04,Bug Report,Medium,46,Resolved,2
TICK0007997,CUST03073 ,2025-12-16,Account Access,MEDIUM,10,Resolved,3
TICK0007998,CUST03073,2023-11-21,Account Access,Low,135,Resolved,3
TICK0007999,CUST03073,2026-07-08,Performance,Low,181,Resolved,1
TICK0008000,CUST03074,2026-08-30,Integration,Low,123,Resolved,1
TICK0008001,CUST03074,2025-11-23,Technical Issue,Low,111,Resolved,3
TICK0008002,CUST03074,2026-04-08,Performance,Medium,98,Resolved,1
TICK0008003,CUST03074,2026-07-01,Technical Issue,Medium,117,Pending,4
TICK0008004,CUST03074,2025-06-12,Bug Report,Low,139,Resolved,4
TICK0008005,CUST03075,2026-03-26,Performance,Low,84,Resolved,3
TICK0008006,CUST03076,2025-10-18,Performance,Medium,82,Resolved,3
TICK0008007,CUST03076,2026-05-01,Billing,Low,44,Resolved,3
TICK0008008,CUST03076,2026-01-08,Performance,Low,100,Resolved,2
TICK0008009,CUST03077,2025-08-15,How-To Question,Low,87,Resolved,3
TICK0008010,CUST03078,2026-09-23,Account Access,Medium,54,Resolved,4
TICK0008011,CUST03078,2026-04-22,Billing,Low,14,Resolved,5
TICK0008012,CUST03079,2026-06-12,Feature Request,Low,67,Resolved,4
TICK0008013,CUST03080,2026-07-14,Feature Request,Low,72,Resolved,5
TICK0008014,CUST03080,2026-06-21,How-To Question,Medium,67,Resolved,5
TICK0008015,CUST03081,2024-03-14,Technical Issue,Medium,18,Resolved,5
TICK0008016,CUST03082,2024-10-27,Integration,Low,108,Resolved,2
TICK0008017,CUST03082,2024-12-19,Integration,Low,105,Resolved,2
TICK0008018,CUST03082,2026-01-29,Performance,High,47,Resolved,2
TICK0008019,CUST03082,2026-05-25,Account Access,High,17,Resolved,1
TICK0008020,CUST03082,2024-01-03,Performance,Medium,112,Resolved,1
TICK0008021,CUST03082,2025-05-16,Integration,Medium,61,Resolved,1
TICK0008022,CUST03083,2025-08-30,Performance,Low,98,Resolved,3
TICK0008023,CUST03083,2025-09-19,Performance,Low,41,Resolved,5
TICK0008024,CUST03083,2025-11-16,Account Access,Low,90,Pending,4
TICK0008025,CUST03083,2026-09-11,Feature Request,Medium,55,Resolved,5
TICK0008026,CUST03084,2026-09-15,Billing,High,5,Resolved,4
TICK0008027,CUST03084,2026-08-11,Technical Issue,Medium,33,Resolved,4
TICK0008028,CUST03084,2026-08-15,Billing,Low,82,Resolved,2
TICK0008029,CUST03085,2024-12-06,Billing,Low,21,Open,4
TICK0008030,CUST03085,2025-06-21,Technical Issue,Medium,58,Resolved,5
TICK0008031,CUST03086,2025-04-21,How-To Question,Medium,46,Pending,5
TICK0008032,CUST03087,2026-04-15,Technical Issue,Medium,26,Resolved,5
TICK0008033,CUST03087,2026-07-11,Integration,High,15,Resolved,4
TICK0008034,CUST03088,2025-11-14,Performance,Medium,49,Resolved,5
TICK0008035,CUST03088,2025-11-07,Integration,Medium,49,Resolved,1
TICK0008036,CUST03088,2025-12-16,Technical Issue,Low,12,Resolved,5
TICK0008037,CUST03088,2026-01-10,Technical Issue,Low,108,Resolved,4
TICK0008038,CUST03090,2025-08-21,Billing,Medium,45,Resolved,3
TICK0008039,CUST03090,2024-09-03,Feature Request,High,12,Resolved,4
TICK0008040,CUST03090,2025-04-29,Performance,Low,65,Resolved,4
TICK0008041,CUST03091,2026-01-18,Bug Report,Medium,25,Resolved,4
TICK0008042,CUST03091,2025-10-08,Billing,Medium,53,Resolved,4
TICK0008043,CUST03091,2025-08-03,Billing,High,4,Resolved,5
TICK0008044,CUST03092,2025-05-22,Feature Request,Medium,31,Resolved,5
TICK0008045,CUST03092,2025-01-15,How-To Question,Medium,20,Resolved,4
TICK0008046,CUST03093,2025-10-08,Feature Request,Medium,48,Pending,4
TICK0008047,CUST03093,2026-06-17,Technical Issue,High,32,Resolved,2
TICK0008048,CUST03093,2025-12-31,Integration,Medium,16,Resolved,3
TICK0008049,CUST03093,2025-07-26,Integration,Medium,39,Resolved,5
TICK0008050,CUST03093,2026-07-16,Integration,Low,47,Resolved,3
TICK0008051,CUST03094,2026-09-17,Account Access,Low,112,Resolved,2
TICK0008052,CUST03094,2025-01-04,Technical Issue,Medium,118,Resolved,1
TICK0008053,CUST03094,2025-02-12,Technical Issue,Low,157,Resolved,3
TICK0008054,CUST03094,2024-12-23,Integration,Urgent,18,Resolved,4
TICK0008055,CUST03095,2024-12-25,How-To Question,Medium,67,Resolved,2
TICK0008056,CUST03095,2024-11-24,Billing,Low,79,Resolved,5
TICK0008057,CUST03098,2026-07-03,Performance,Low,79,Resolved,5
TICK0008058,CUST03098,01/13/2026,Bug Report,Low,66,Resolved,4
TICK0008059,CUST03098,2026-01-19,INTEGRATION,Medium,27,Resolved,5
TICK0008060,CUST03099,2026-03-05,Performance,Low,117,Resolved,2
TICK0008061,CUST03099,2026-02-17,Technical Issue,Medium,60,Open,1
TICK0008062,CUST03100,2026-09-15,How-To Question,Low,102,Resolved,5
TICK0008063,CUST03100,2026-06-30,Account Access,Low,60,Resolved,5
TICK0008064,CUST03100,2026-09-18,Feature Request,Low,106,Resolved,4
TICK0008065,CUST03100,2026-09-03,How-To Question,Medium,57,Resolved,4
TICK0008066,CUST03101,2026-07-17,Bug Report,Low,48,Resolved,4
TICK0008067,CUST03101,2026-06-06,Billing,High,19,Resolved,4
TICK0008068,CUST03102,2026-01-03,Technical Issue,High,22,Open,4
TICK0008069,CUST03104,2026-06-20,Account Access,Low,58,Resolved,4
TICK0008070,CUST03105,2024-12-15,Feature Request,Medium,27,Resolved,5
TICK0008071,CUST03105,2026-04-11,Bug Report,Low,47,Resolved,5
TICK0008072,CUST03105,2026-09-02,Integration,Medium,59,Pending,4
TICK0008073,CUST03105,2025-01-09,How-To Question,Low,63,Resolved,4
TICK0008074,CUST03105,2024-04-21,Technical Issue,Low,80,Pending,5
TICK0008075,CUST03105,2024-05-31,Technical Issue,High,28,Resolved,5
TICK0008076,CUST03105,2025-02-15,How-To Question,Low,71,Resolved,4
TICK0008077,CUST03105,2024-05-07,How-To Question,Medium,68,Resolved,5
TICK0008078,CUST03106,2026-08-04,Feature Request,High,32,Resolved,2
TICK0008079,CUST03106,2026-07-03,Billing,Low,113,Resolved,5
TICK0008080,CUST03107,2025-03-26,How-To Question,Medium,65,Resolved,5
TICK0008081,CUST03107,2025-12-29,Feature Request,Medium,32,Resolved,5
TICK0008082,CUST03108,2025-07-03,Performance,Low,97,Resolved,5
TICK0008083,CUST03108,2025-07-08, billing,Low,130,Resolved,3
TICK0008084,CUST03109,2026-04-03,Feature Request,Medium,11,Resolved,4
TICK0008085,CUST03109,2026-04-23,Billing,High,24,Resolved,5
TICK0008086,CUST03109,2026-02-10,Feature Request,Low,65,Resolved,5
TICK0008087,CUST03111,2026-09-05,How-To Question,Medium,20,Open,5
TICK0008088,CUST03111,2026-07-21,Account Access,Low,72,Resolved,2
TICK0008089,CUST03111,2026-01-05,How-To Question,Medium,53,Resolved,2
TICK0008090,CUST03111,2025-06-21,Account Access,Low,78,Resolved,4
TICK0008091,CUST03111,2026-09-08,Feature Request,Medium,74,Resolved,2
TICK0008092,CUST03112,2024-04-18,Performance,Medium,79,Resolved,1
TICK0008093,CUST03112,2024-10-24,Bug Report,MEDIUM,36,Resolved,2
TICK0008094,CUST03112,2024-05-21,Account Access,Low,124,Resolved,1
TICK0008095,CUST03112,2024-05-04,Account Access,High,32,Resolved,3
TICK0008096,CUST03113,2026-06-29,Technical Issue,Medium,24,Resolved,4
TICK0008097,CUST03114,2026-06-21,Performance,Medium,51,Resolved,2
TICK0008098,CUST03114,2026-05-15,Account Access,Low,33,Resolved,4
TICK0008099,CUST03114,2026-03-08,Bug Report,Low,89,Resolved,5
TICK0008100,CUST03114,2026-05-19,Feature Request,Medium,50,Pending,4
TICK0008101,CUST03115,2026-07-03,Technical Issue,High,59,Open,4
TICK0008102,CUST03115,2025-06-22,Integration,Low,217,Resolved,1
TICK0008103,CUST03115,2025-06-14,Bug Report,Medium,111,Resolved,1
TICK0008104,CUST03115,2026-06-30,Technical Issue,MEDIUM,31,Resolved,2
TICK0008105,CUST03115,2025-01-15,Account Access,High,22,Resolved,2
TICK0008106,CUST03115,2025-07-03,Performance,Low,168,Resolved,3
TICK0008107,CUST03116,2025-12-21,Bug Report,Medium,45,Resolved,4
TICK0008108,CUST03116,2026-09-06,Performance,Low,84,Resolved,5
TICK0008109,CUST03116,2026-08-12,Billing,Medium,53,Resolved,3
TICK0008110,CUST03116,2026-07-31,Feature Request,Low,65,Resolved,5
TICK0008111,CUST03117,2026-09-08,Account Access,High,31,Pending,5
TICK0008112,CUST03117,2026-07-27,Technical Issue,Medium,86,Resolved,3
TICK0008113,CUST03117,2026-07-18,Bug Report,Low,67,Resolved,4
TICK0008114,CUST03118,2024-04-27,How-To Question,High,35,Pending,4
TICK0008115,CUST03120,2026-02-27,Feature Request,Low,114,Resolved,3
TICK0008116,CUST03120,2026-07-30,Billing,Medium,19,Resolved,2
TICK0008117,CUST03121,12/04/2025,Performance,Medium,65,Resolved,4
TICK0008118,CUST03121,2025-10-29,Bug Report,Low,54,Resolved,3
TICK0008119,CUST03121,2025-09-06,Technical Issue,Medium,48,Resolved,4
TICK0008120,CUST03122,2026-06-18,Billing,Low,65,Resolved,5
TICK0008121,CUST03122,2026-07-27,How-To Question,Medium,36,Resolved,4
TICK0008122,CUST03122,2026-09-23,Bug Report,Low,90,Open,1
TICK0008123,CUST03123,2025-06-09,Feature Request,High,19,Resolved,3
TICK0008124,CUST03123,2025-06-05,How-To Question,Medium,56,Resolved,4
TICK0008125,CUST03123,2025-07-13,Feature Request,Medium,29,Resolved,4
TICK0008126,CUST03124,2024-05-21,Performance,Low,75,Resolved,4
TICK0008127,CUST03124,2024-03-15,How-To Question,High,16,Resolved,3
TICK0008128,CUST03124,2024-11-27,Performance,Low,59,Resolved,4
TICK0008129,CUST03125,2025-11-06,Performance,Low,79,Resolved,1
TICK0008130,CUST03125,2025-05-19,Performance,High,14,Resolved,4
TICK0008131,CUST03126,2026-03-20,Integration,Low,69,Resolved,4
TICK0008132,CUST03127,2024-07-18,Billing,Low,86,Resolved,5
TICK0008133,CUST03127,2025-11-28,Performance,Low,74,Resolved,4
TICK0008134,CUST03128,2026-08-19,How-To Question,High,10,Resolved,5
TICK0008135,CUST03128,2026-07-01,Account Access,Medium,47,Resolved,3
TICK0008136,CUST03128,2026-08-19,Account Access,Low,66,Resolved,3
TICK0008137,CUST03128,2026-06-17,Feature Request,Low,50,Resolved,4
TICK0008138,CUST03129,2025-06-27,Feature Request,Low,135,Resolved,4
TICK0008139,CUST03129,2024-09-23,Feature Request,Medium,58,Resolved,4
TICK0008140,CUST03129,2026-01-10,How-To Question,Medium,45,Resolved,4
TICK0008141,CUST03129,2024-08-05,Performance,Medium,43,Resolved,4
TICK0008142,CUST03129,2024-05-09,Performance,Medium,8,Resolved,2
TICK0008143,CUST03130,2025-12-12,Bug Report,High,36,Resolved,1
TICK0008144,CUST03130,2025-01-02,Technical Issue,Low,159,Resolved,4
TICK0008145,CUST03130,2025-06-06,Performance,Low,70,Pending,1
TICK0008146,CUST03130,2026-04-26,Account Access,Low,41,Resolved,1
TICK0008147,CUST03130,2026-08-27,Technical Issue,Medium,38,Resolved,2
TICK0008148,CUST03130,2025-11-28,Technical Issue,low,91,Resolved,3
TICK0008149,CUST03131,2024-09-04,Technical Issue,Medium,26,Pending,5
TICK0008150,CUST03132,2026-07-10,Billing,Medium,41,Resolved,5
TICK0008151,CUST03133,2026-01-01,Integration,Low,41,Resolved,5
TICK0008152,CUST03133,2025-07-01,Bug Report,Low,51,Resolved,4
TICK0008153,CUST03134,2026-03-18,Account Access,Low,87,Resolved,3
TICK0008154,CUST03134,2026-06-13,Feature Request,Low,12,Resolved,
TICK0008155,CUST03134,2026-07-06,Account Access,Low,65,Resolved,1
TICK0008156,CUST03134,2026-04-09,Account Access,Low,106,Resolved,5
TICK0008157,CUST03134,2026-04-29,Feature Request,Medium,35,Resolved,4
TICK0008158,CUST03135,2025-06-08,Feature Request,Low,69,Resolved,5
TICK0008159,CUST03136,2026-07-21,Integration,High,30,Resolved,4
TICK0008160,CUST03136,2026-08-16,Billing,Low,106,Resolved,4
TICK0008161,CUST03137,2025-02-20,Feature Request,Medium,10,Resolved,4
TICK0008162,CUST03137,2026-04-02,How-To Question,Urgent,8,Resolved,3
TICK0008163,CUST03138,2024-04-28,How-To Question,Low,139,Resolved,5
TICK0008164,CUST03138,2025-07-25,how-to question,Low,26,Resolved,4
TICK0008165,CUST03139,2025-09-09,How-To Question,Low,63,Resolved,4
TICK0008166,CUST03140,2026-02-17,Technical Issue,Medium,34,Resolved,5
TICK0008167,CUST03140,2025-11-14,Feature Request,Medium,23,Resolved,5
TICK0008168,CUST03140,06/16/2026,Integration,Low,41,Resolved,4
TICK0008169,CUST03141,2026-09-12,Account Access,High,42,Resolved,5
TICK0008170,CUST03142,2026-07-14,How-To Question,Medium,28,Resolved,2
TICK0008171,CUST03143,2026-02-14,Technical Issue,Medium,50,Resolved,3
TICK0008172,CUST03143,2026-01-13,Bug Report,Medium,91,Resolved,2
TICK0008173,CUST03143,2026-01-19,Account Access,Low,90,Resolved,2
TICK0008174,CUST03143,2025-04-04,Technical Issue,Medium,61,Resolved,2
TICK0008175,CUST03143,2025-06-24,Technical Issue,Medium,77,Resolved,3
TICK0008176,CUST03143,2024-12-15,Technical Issue,Low,55,Resolved,1
TICK0008177,CUST03143,2024-11-16,Bug Report,High,12,Resolved,2
TICK0008178,CUST03143,2026-07-04,Bug Report,Medium,69,Open,1
TICK0008179,CUST03143,2026-02-25,Account Access,Medium,66,Resolved,1
TICK0008180,CUST03143,2024-08-20,Account Access,Medium,27,Resolved,1
TICK0008181,CUST03144,2025-10-20,technical issue,Low,15,Resolved,4
TICK0008182,CUST03144,2026-08-11,Feature Request,High,19,Resolved,4
TICK0008183,CUST03144,2026-01-11,How-To Question,Low,61,Pending,5
TICK0008184,CUST03145,2025-04-27,How-To Question,Medium,72,Resolved,5
TICK0008185,CUST03145,2025-04-04,Account Access,Urgent,5,Resolved,4
TICK0008186,CUST03146,2024-02-24,Account Access,Medium,74,Resolved,3
TICK0008187,CUST03146,2024-06-09,Integration,Urgent,17,Resolved,3
TICK0008188,CUST03146,2025-05-07,Technical Issue,Low,219,Resolved,2
TICK0008189,CUST03146,2026-05-27,Account Access,Medium,67,Resolved,4
TICK0008190,CUST03147,2026-08-01,Account Access,Low,168,Resolved,2
TICK0008191,CUST03147,2026-07-20,Technical Issue,Medium,75,Resolved,1
TICK0008192,CUST03147,2026-08-16,Performance,Low,245,Resolved,1
TICK0008193,CUST03147,2026-09-01,Performance,Medium,114,Resolved,2
TICK0008194,CUST03148,2025-08-28,Feature Request,High,25,Resolved,3
TICK0008195,CUST03149,2026-07-16,Billing,Medium,29,Resolved,5
TICK0008196,CUST03150,05/03/2026,Account Access,Medium,59,Resolved,3
TICK0008197,CUST03151,2025-12-19,Bug Report,Medium,56,Resolved,4
TICK0008198,CUST03152,2024-12-03,Billing,High,30,Resolved,3
TICK0008199,CUST03152,2024-09-14,How-To Question,Medium,22,Resolved,5
TICK0008200,CUST03153,2026-03-27,How-To Question,Low,29,Resolved,4
TICK0008201,CUST03153,2026-06-03,Billing,Medium,40,Resolved,5
TICK0008202,CUST03153,2025-02-21,Bug Report,High,35,Resolved,5
TICK0008203,CUST03156,2026-08-30,Feature Request,Medium,37,Resolved,4
TICK0008204,CUST03158,2026-07-31,Feature Request,Low,81,Resolved,5
TICK0008205,CUST03159,2024-12-02,Billing,Low,95,Resolved,3
TICK0008206,CUST03159,2024-09-29,How-To Question,Low,77,Open,5
TICK0008207,CUST03159,2025-07-19,Feature Request,Medium,51,Resolved,5
TICK0008208,CUST03160,2026-09-19,Account Access,High,45,Resolved,5
TICK0008209,CUST03160,2026-08-20,Performance,High,25,Resolved,5
TICK0008210,CUST03160,2026-08-11,How-To Question,Low,129,Resolved,3
TICK0008211,CUST03161,2025-07-10,Bug Report,Low,12,Resolved,4
TICK0008212,CUST03161,2026-01-29,Performance,low,36,Open,4
TICK0008213,CUST03162,2024-07-16,Bug Report,Low,33,Resolved,5
TICK0008214,CUST03162,2024-06-22,Account Access,Low,56,Pending,5
TICK0008215,CUST03162,2024-07-17,Billing,Low,87,Resolved,5
TICK0008216,CUST03162,2024-06-21,How-To Question,Low,91,Resolved,4
TICK0008217,CUST03163,2026-08-26,Billing,High,26,Resolved,4
TICK0008218,CUST03163,2026-08-13,Integration,Low,63,Resolved,4
TICK0008219,CUST03164,2026-09-06,Integration,Medium,51,Resolved,5
TICK0008220,CUST03164,2026-08-18,Integration,Low,61,Resolved,4
TICK0008221,CUST03165,2024-10-20,Performance,Medium,66,Resolved,3
TICK0008222,CUST03165,2024-11-20,Billing,High,30,Resolved,3
TICK0008223,CUST03165,2024-08-09,Feature Request,Low,12,Resolved,2
TICK0008224,CUST03165,2024-10-24,Feature Request,Low,20,Resolved,5
TICK0008225,CUST03166,2025-05-21,Technical Issue,Medium,68,Pending,4
TICK0008226,CUST03167,2026-07-19,How-To Question,Low,37,Resolved,4
TICK0008227,CUST03167,2026-05-03,Performance,Low,56,Resolved,4
TICK0008228,CUST03168,2025-07-13,Integration,Medium,55,Resolved,1
TICK0008229,CUST03168,2025-05-15,Technical Issue,Medium,32,Resolved,3
TICK0008230,CUST03169,2026-04-09,Technical Issue,Low,90,Resolved,5
TICK0008231,CUST03170,2025-12-12,Performance,Medium,101,Resolved,2
TICK0008232,CUST03170,2026-07-12,Bug Report,Low,35,Resolved,2
TICK0008233,CUST03170,2026-05-18,Integration,Low,82,Resolved,4
TICK0008234,CUST03170,2026-01-12,Bug Report,Medium,109,Resolved,1
TICK0008235,CUST03171,2025-11-14,Performance,Medium,53,Resolved,4
TICK0008236,CUST03171,2026-02-13,Feature Request,Medium,56,Resolved,4
TICK0008237,CUST03171,2026-08-23,Performance,Medium,55,Resolved,2
TICK0008238,CUST03171,2026-09-06,How-To Question,Low,103,Resolved,3
TICK0008239,CUST03172,2025-06-30,Integration,Low,69,Resolved,5
TICK0008240,CUST03172,07/12/2026,Technical Issue,Low,42,Resolved,5
TICK0008241,CUST03173,2024-08-27,Feature Request,Low,83,Resolved,4
TICK0008242,CUST03173,2026-03-09,Bug Report,Low,109,Resolved,5
TICK0008243,CUST03174,2026-02-12,Integration,Medium,57,Pending,5
TICK0008244,CUST03174,2026-04-19,How-To Question,Medium,66,Resolved,5
TICK0008245,CUST03174,2025-08-29,Billing,Medium,70,Resolved,5
TICK0008246,CUST03176,2025-06-14,Technical Issue,Low,113,Resolved,2
TICK0008247,CUST03176,2025-04-23,Bug Report,Low,70,Resolved,1
TICK0008248,CUST03176,2025-06-05,Performance,Urgent,13,Resolved,1
TICK0008249,CUST03176,2025-06-05,Integration,Low,73,Resolved,5
TICK0008250,CUST03177,2026-06-05,Billing,Low,108,Resolved,4
TICK0008251,CUST03177,2026-09-16,Feature Request,Low,98,Resolved,2
TICK0008252,CUST03178,2026-08-12,Performance,Medium,48,Resolved,1
TICK0008253,CUST03178 ,2026-08-08,Integration,Medium,34,Resolved,4
TICK0008254,CUST03178,2026-09-08,Performance,Low,203,Resolved,4
TICK0008255,CUST03178,2026-04-25,Bug Report,Low,102,Resolved,1
TICK0008256,CUST03178,2026-05-19,Integration,Low,113,Resolved,2
TICK0008257,CUST03178,2026-04-11,Integration,Low,87,Resolved,3
TICK0008258,CUST03179,2024-10-23,Billing,Low,73,Resolved,4
TICK0008259,CUST03179,2025-03-27,How-To Question,Low,79,Resolved,4
TICK0008260,CUST03179,2025-08-03,Bug Report,Medium,22,Resolved,5
TICK0008261,CUST03180,2026-08-24,Bug Report,Low,123,Resolved,2
TICK0008262,CUST03180,2026-08-25,Technical Issue,Medium,96,Open,1
TICK0008263,CUST03180,2026-09-16,Bug Report,Medium,62,Resolved,2
TICK0008264,CUST03180,2026-08-19,Integration,Urgent,19,Pending,2
TICK0008265,CUST03180,2026-08-26,Account Access,Low,99,Resolved,4
TICK0008266,CUST03180,2026-08-27,Performance,Low,98,Resolved,3
TICK0008267,CUST03181,2024-10-31,Bug Report,Low,65,Resolved,4
TICK0008268,CUST03181,2026-07-16,Feature Request,Medium,53,Resolved,3
TICK0008269,CUST03181,2023-12-04, billing,Low,73,Resolved,4
TICK0008270,CUST03181,2025-09-11,How-To Question,Medium,71,Resolved,4
TICK0008271,CUST03181,2024-12-31,Performance,Medium,57, PENDING,5
TICK0008272,CUST03182,2026-02-15,How-To Question,Low,55,Resolved,2
TICK0008273,CUST03182,2025-09-23,Billing,Medium,31,Resolved,4
TICK0008274,CUST03182,2024-03-23,Billing,Low,70,Resolved,3
TICK0008275,CUST03183,2024-12-13,Technical Issue,Medium,23,Open,4
TICK0008276,CUST03183,2026-03-15,Bug Report,High,10,Resolved,4
TICK0008277,CUST03184,2024-04-17,Account Access,Low,63,Resolved,5
TICK0008278,CUST03184,2024-08-06,How-To Question,Low,16,Resolved,5
TICK0008279,CUST03184,2024-10-16,Bug Report,High,21,Resolved,5
TICK0008280,CUST03184,2026-08-31,performance,Low,77,Resolved,4
TICK0008281,CUST03186,2026-06-20,Account Access,Low,184,resolved,3
TICK0008282,CUST03186,2026-06-19,Bug Report,Low,111,Resolved,2
TICK0008283,CUST03186,2026-09-13,Integration,Low,67,Resolved,3
TICK0008284,CUST03186,2025-06-04,Performance,High,26,Resolved,3
TICK0008285,CUST03186,2025-04-21,Integration,Low,94,Resolved,3
TICK0008286,CUST03186,2026-07-06,Technical Issue,Low,185,Resolved,1
TICK0008287,CUST03187,2025-10-03,Bug Report,Medium,30,resolved,3
TICK0008288,CUST03187,2025-07-23,How-To Question,Low,48,Resolved,2
TICK0008289,CUST03188,2025-11-18,Integration,High,20,Resolved,5
TICK0008290,CUST03188,2025-12-18,Feature Request,Low,47,Resolved,5
TICK0008291,CUST03189,2023-11-22,Bug Report,Medium,35,Resolved,1
TICK0008292,CUST03189,2025-09-06,Integration,High,13,Resolved,2
TICK0008293,CUST03189,2026-03-18,Integration,Low,135,Resolved,3
TICK0008294,CUST03189,2025-07-31,Technical Issue,High,41,Resolved,2
TICK0008295,CUST03189,2024-09-04,Technical Issue,High,37,Resolved,1
TICK0008296,CUST03189,2026-01-15,Performance,Medium,92,Resolved,2
TICK0008297,CUST03190,2026-02-21,Feature Request,High,19,Resolved,4
TICK0008298,CUST03190,2026-02-17,how-to question,Medium,39,Resolved,5
TICK0008299,CUST03191,2026-07-04,Technical Issue,Low,108,Resolved,4
TICK0008300,CUST03193,2026-07-07,Performance,Medium,55,Resolved,4
TICK0008301,CUST03193,2025-04-06,Technical Issue,Medium,88,Resolved,1
TICK0008302,CUST03193,2025-07-26,Bug Report,Low,144,Resolved,3
TICK0008303,CUST03194,2024-06-27,How-To Question,Medium,59,Resolved,4
TICK0008304,CUST03194,2024-09-21,Performance,Medium,47,Resolved,4
TICK0008305,CUST03195,2025-03-23,Technical Issue,Low,73,Resolved,4
TICK0008306,CUST03195,2025-06-30,Feature Request,Low,117,Resolved,5
TICK0008307,CUST03196,2026-09-22,Feature Request,Low,76,Resolved,4
TICK0008308,CUST03196,2026-05-17,Billing,Low,84,Resolved,4
TICK0008309,CUST03198,2026-08-19,Bug Report,Low,57,Resolved,4
TICK0008310,CUST03198,2025-03-13,Performance,Low,102,Resolved,1
TICK0008311,CUST03198,2025-07-19,Bug Report,Medium,42,Resolved,3
TICK0008312,CUST03198,2025-10-06,Performance,High,28,Resolved,5
TICK0008313,CUST03198,2025-05-21,Integration,Medium,79,Resolved,2
TICK0008314,CUST03198,2026-09-08,Integration,Medium,57,Resolved,
TICK0008315,CUST03198,2026-02-28,Performance,Medium,49,Resolved,3
TICK0008316,CUST03199,2026-02-24,Account Access,Low,106,Resolved,1
TICK0008317,CUST03199,2026-01-31,Performance,Low,126,Resolved,3
TICK0008318,CUST03199,2026-01-20,Technical Issue,Low,78,Open,2
TICK0008319,CUST03199,2026-03-04,Account Access,Medium,73,Resolved,4
TICK0008320,CUST03199,2026-01-10,Performance,Low,89,Resolved,1
TICK0008321,CUST03199,2026-01-22,Technical Issue,Medium,80,Pending,2
TICK0008322,CUST03199,2026-01-29,Integration,Low,79,Resolved,2
TICK0008323,CUST03199,2026-02-18,Technical Issue,Medium,85,Resolved,3
TICK0008324,CUST03199,2026-03-17,Technical Issue,Low,216,Resolved,1
TICK0008325,CUST03199,2026-01-19,Bug Report,Low,127,Resolved,2
TICK0008326,CUST03200,2026-06-18,How-To Question,Medium,44,Resolved,3
TICK0008327,CUST03200,2025-01-24,Performance,Low,24,Resolved,4
TICK0008328,CUST03200,2024-12-05,Billing,Low,94,Resolved,5
TICK0008329,CUST03200,2026-02-06,Integration,Medium,54,Resolved,4
TICK0008330,CUST03200,2026-05-30,Account Access,Low,82,Resolved,4
TICK0008331,CUST03201,2026-08-22,Billing,Low,57,Pending,4
TICK0008332,CUST03201,2025-06-04,Billing,Medium,36,Resolved,4
TICK0008333,CUST03202,2025-03-18,Integration,Low,19,Resolved,5
TICK0008334,CUST03202,2025-05-01,Feature Request,Low,28,Resolved,5
TICK0008335,CUST03202,2024-10-10,Technical Issue,Medium,22,Resolved,5
TICK0008336,CUST03203,2026-09-04,Technical Issue,Low,62,Resolved,5
TICK0008337,CUST03203,2026-08-23,How-To Question,High,22,Open,5
TICK0008338,CUST03203,2026-09-06,Account Access,Medium,26,Resolved,5
TICK0008339,CUST03203,2026-08-20,Performance,Medium,73,Resolved,4
TICK0008340,CUST03204,2026-09-06,Account Access,Medium,33,Resolved,5
TICK0008341,CUST03204,2026-09-18,Billing,Low,53,Resolved,3
TICK0008342,CUST03206,2026-08-06,Performance, high,31,Resolved,3
TICK0008343,CUST03206,2026-07-12,Bug Report,Medium,28,Resolved,3
TICK0008344,CUST03206,2024-10-04,Bug Report,High,36,Resolved,4
TICK0008345,CUST03206,2026-01-17,Integration,Low,253,Resolved,5
TICK0008346,CUST03207,2026-06-14,How-To Question,Medium,38,Resolved,3
TICK0008347,CUST03207,2026-05-22,Billing,Medium,54,Pending,5
TICK0008348,CUST03207,2025-11-30,How-To Question,Medium,43,Resolved,5
TICK0008349,CUST03207,2026-07-24,Billing,Medium,41,Resolved,3
TICK0008350,CUST03208,2025-01-07,Feature Request,Medium,68,Resolved,2
TICK0008351,CUST03209,2025-12-17,Performance,Low,87,Resolved,5
TICK0008352,CUST03209,2026-09-13,Billing,Medium,50,Resolved,5
TICK0008353,CUST03209,2024-04-12,Bug Report,Low,107,Resolved,3
TICK0008354,CUST03210,2026-03-09,Performance,Medium,20,Resolved,5
TICK0008355,CUST03210,2026-06-15,Billing, high,4,Resolved,4
TICK0008356,CUST03210,2026-04-29,Billing,High,23,Resolved,5
TICK0008357,CUST03211,2025-09-27,How-To Question,Medium,26,Resolved,5
TICK0008358,CUST03211,2024-04-29,Performance,Low,79,Resolved,3
TICK0008359,CUST03211,2024-11-29,Feature Request,Medium,23,Resolved,5
TICK0008360,CUST03212,2026-04-15,Technical Issue,Low,90,Resolved,5
TICK0008361,CUST03212,2026-07-17,Bug Report,Low,101,Resolved,4
TICK0008362,CUST03212,2026-05-27,How-To Question,Low,81,Resolved,3
TICK0008363,CUST03213,2025-08-17,Bug Report,Medium,68,Resolved,5
TICK0008364,CUST03214,03/23/2026,Integration,Medium,30,Resolved,3
TICK0008365,CUST03214,2025-04-15,Feature Request,Medium,37,Resolved,3
TICK0008366,CUST03214,2025-07-19,Account Access,Low,49,Resolved,5
TICK0008367,CUST03215,01/01/2026,How-To Question,Medium,18,Resolved,4
TICK0008368,CUST03215,2024-06-21,Feature Request,Low,62,Resolved,4
TICK0008369,CUST03215,2025-02-15,Integration,Low,113,Resolved,4
TICK0008370,CUST03215,2026-01-22,Feature Request,Medium,68,Resolved,4
TICK0008371,CUST03215,2026-09-07,Feature Request,High,4,Resolved,5
TICK0008372,CUST03216,2024-11-29,Feature Request,Medium,55,Resolved,5
TICK0008373,CUST03217,2024-08-15,Account Access,High,33,Resolved,2
TICK0008374,CUST03217,2024-06-06,Account Access,Medium,131,Resolved,4
TICK0008375,CUST03217,2024-11-18,Bug Report,High,66,Resolved,1
TICK0008376,CUST03217,2024-09-26,Technical Issue,Low,154,Resolved,3
TICK0008377,CUST03217,2024-10-10,Bug Report,Low,157,Resolved,1
TICK0008378,CUST03218,2026-01-09,How-To Question,Low,27,Resolved,5
TICK0008379,CUST03219,2025-08-31,Billing,Low,42,Resolved,4
TICK0008380,CUST03219,2025-06-26,Technical Issue,Low,80,Resolved,4
TICK0008381,CUST03220,2026-08-19,Billing,Low,89,Resolved,5
TICK0008382,CUST03220,2026-09-19,Performance,Low,12,Resolved,4
TICK0008383,CUST03221,2026-01-12,Feature Request,Low,49,Resolved,4
TICK0008384,CUST03221,2026-01-06,Performance,Low,128,Resolved,5
TICK0008385,CUST03221,2025-09-28,Billing,Urgent,20,Resolved,5
TICK0008386,CUST03222,2026-08-12,Account Access,High,61,Resolved,1
TICK0008387,CUST03222,2025-09-12,Performance,Medium,10,Resolved,4
TICK0008388,CUST03222,2026-09-21,Performance,Low,123,Resolved,4
TICK0008389,CUST03222,2025-12-24,Account Access,Low,149,Resolved,2
TICK0008390,CUST03223,2026-06-22,Bug Report,Low,95,Resolved,4
TICK0008391,CUST03224,2026-08-04,Performance,Low,95,Resolved,3
TICK0008392,CUST03224,2026-04-21,Integration,Medium,76,Resolved,5
TICK0008393,CUST03225,2024-07-11,Billing,Low,75,Resolved,4
TICK0008394,CUST03225 ,2024-05-29,Billing,Low,44,Resolved,4
TICK0008395,CUST03226,2026-04-17,How-To Question,Low,108,Resolved,4
TICK0008396,CUST03226,2026-08-28,Feature Request,High,4,Resolved,3
TICK0008397,CUST03226,2026-05-24,Billing,Medium,70,Resolved,3
TICK0008398,CUST03226,2025-06-22,Feature Request,Low,60,Resolved,5
TICK0008399,CUST03226,2026-06-04,How-To Question,High,26,Pending,5
TICK0008400,CUST03226,2026-06-26,Performance,High,46,Resolved,5
TICK0008401,CUST03227,2024-09-27,Integration,Urgent,31,Resolved,4
TICK0008402,CUST03227,2024-10-30,Integration,Medium,110,Resolved,2
TICK0008403,CUST03228,2024-09-16,How-To Question,High,9,Resolved,3
TICK0008404,CUST03228,2026-05-16,How-To Question,Low,12,Resolved,3
TICK0008405,CUST03228,2025-01-26,Feature Request,Medium,60,Resolved,1
TICK0008406,CUST03228,2025-03-04,Feature Request,High,17,Resolved,3
TICK0008407,CUST03228,2025-04-04,Performance,High,31,resolved,2
TICK0008408,CUST03229,2026-06-08,How-To Question,Low,71,Resolved,5
TICK0008409,CUST03229,2026-08-26,Bug Report,Low,71,Resolved,5
TICK0008410,CUST03230,2026-04-13,Feature Request,Medium,66,Resolved,4
TICK0008411,CUST03230,2026-02-07,Integration,Low,50,Resolved,5
TICK0008412,CUST03231,2025-09-06,Feature Request,Low,123,Open,3
TICK0008413,CUST03232,2026-01-26,Account Access,High,68,Resolved,1
TICK0008414,CUST03232,2025-06-13,Performance,Low,114,Resolved,3
TICK0008415,CUST03232,2024-12-03,Bug Report,Medium,78,Resolved,2
TICK0008416,CUST03232,2025-01-29,Technical Issue,Medium,127,Resolved,1
TICK0008417,CUST03232,2026-04-19,Bug Report,Low,203,Resolved,2
TICK0008418,CUST03233,2026-04-26,How-To Question,Medium,71,Resolved,3
TICK0008419,CUST03233,2026-04-05,Performance,Low,104,Resolved,3
TICK0008420,CUST03233,2026-04-18,How-To Question,Medium,40,Resolved,3
TICK0008421,CUST03233,2026-05-25,How-To Question,Medium,64,Resolved,3
TICK0008422,CUST03234,12/26/2025,Account Access,Low,58,Resolved,1
TICK0008423,CUST03234,2025-12-01,Technical Issue,Low,49,Resolved,5
TICK0008424,CUST03234,2026-03-24,Integration,Medium,39,Resolved,5
TICK0008425,CUST03235,2026-08-21,Bug Report,Medium,45,Pending,5
TICK0008426,CUST03235,2025-03-31,Feature Request,Medium,32,Resolved,4
TICK0008427,CUST03235,2026-08-03,Performance,Medium,52,Resolved,4
TICK0008428,CUST03236,2025-11-10,Performance,Low,119,Resolved,1
TICK0008429,CUST03236,2026-02-16,Feature Request,Low,58,Resolved,4
TICK0008430,CUST03236,2026-02-06,Billing,High,23,Resolved,2
TICK0008431,CUST03236,2025-10-29,Billing,Urgent,2,Resolved,5
TICK0008432,CUST03236,2026-02-26,Performance,Low,52,Resolved,4
TICK0008433,CUST03236,2026-01-27,Billing,Medium,57,Resolved,1
TICK0008434,CUST03238,2024-09-24,Feature Request,Medium,35,Resolved,5
TICK0008435,CUST03239,2026-01-02,Performance,Medium,59,Resolved,5
TICK0008436,CUST03240,2025-05-17,Integration,Low,102,Pending,4
TICK0008437,CUST03240,2025-10-22,INTEGRATION,Medium,29,Resolved,4
TICK0008438,CUST03241,2026-04-25,Integration,Low,35,Resolved,5
TICK0008439,CUST03241,2026-06-07,Billing,Medium,41,Resolved,5
TICK0008440,CUST03242,2025-11-03,Performance,Medium,57,resolved,1
TICK0008441,CUST03242,2026-08-07,Technical Issue,Medium,92,Resolved,2
TICK0008442,CUST03242,2026-03-13,Integration,Low,116,Resolved,5
TICK0008443,CUST03242,2026-05-13,Integration,Medium,121,Resolved,3
TICK0008444,CUST03242,2025-10-09,Technical Issue,Medium,55,Resolved,3
TICK0008445,CUST03242,2026-01-07,Technical Issue,Low,163,Resolved,4
TICK0008446,CUST03242,2025-07-22,Integration,High,37,Resolved,4
TICK0008447,CUST03242,2026-08-02,Technical Issue,Medium,89,Pending,3
TICK0008448,CUST03243,2024-08-24,Performance,Medium,48,Resolved,5
TICK0008449,CUST03243,2024-12-16,Feature Request,Medium,24,Pending,5
TICK0008450,CUST03243,12/16/2024,Feature Request,High,12,Resolved,4
TICK0008451,CUST03243,2025-07-25,Feature Request,Low,56,Resolved,3
TICK0008452,CUST03243,2024-11-14,Performance,Medium,72,Pending,4
TICK0008453,CUST03244,2025-04-04,Billing,Medium,42,Resolved,4
TICK0008454,CUST03244,2025-12-04,How-To Question,Low,73,Resolved,3
TICK0008455,CUST03245,2025-10-26,Billing,Medium,55,Resolved,5
TICK0008456,CUST03245,2025-09-14,Bug Report,High,26,Resolved,4
TICK0008457,CUST03245,2025-06-09,Account Access,Low,19,Resolved,4
TICK0008458,CUST03245,2025-08-13,Performance,High,13,Open,4
TICK0008459,CUST03246,2026-05-02,Integration,High,14,resolved,5
TICK0008460,CUST03246,2026-03-21,Performance,Low,53,Resolved,5
TICK0008461,CUST03247,2026-02-04,How-To Question,Low,55,Resolved,2
TICK0008462,CUST03247,2026-02-08,Billing,Medium,64,Resolved,3
TICK0008463,CUST03247,2025-12-31,Feature Request,Low,50,Resolved,1
TICK0008464,CUST03247,2024-12-31,Performance,Low,36,Resolved,2
TICK0008465,CUST03248,2025-03-22,Feature Request,Low,66,Resolved,4
TICK0008466,CUST03248,2026-06-26,Feature Request,Medium,81,Resolved,4
TICK0008467,CUST03249,02/19/2026,Bug Report,Low,120,Resolved,2
TICK0008468,CUST03252,2024-12-09,How-To Question,High,26,Resolved,4
TICK0008469,CUST03252,2024-10-17,How-To Question,Low,61,Resolved,1
TICK0008470,CUST03253,2024-11-19,Billing,Low,64,Resolved,4
TICK0008471,CUST03253,2025-09-04,How-To Question,Low,96,Resolved,3
TICK0008472,CUST03254,2026-02-17,Technical Issue,High,65,Resolved,1
TICK0008473,CUST03254,2025-10-03,Integration,Urgent,18,Resolved,3
TICK0008474,CUST03254,2026-02-18,Bug Report,Low,84,Resolved,1
TICK0008475,CUST03254,2025-04-04,Account Access,Low,45,Resolved,1
TICK0008476,CUST03254,2025-03-18,Bug Report,Medium,107,Resolved,2
TICK0008477,CUST03254,2026-08-06,Technical Issue,Medium,73,Resolved,1
TICK0008478,CUST03254,2025-10-23,Integration,Medium,60,Resolved,1
TICK0008479,CUST03254,2025-05-17,Performance,High,28,Resolved,1
TICK0008480,CUST03254,2026-07-11,Technical Issue,Low,119,Resolved,3
TICK0008481,CUST03254,2025-12-21,Technical Issue,Urgent,26,Resolved,3
TICK0008482,CUST03255,2025-03-06,Performance,Medium,44,Resolved,1
TICK0008483,CUST03255,2026-04-22,How-To Question,Low,51,Resolved,5
TICK0008484,CUST03256,2026-05-14,Technical Issue,Low,85,Resolved,4
TICK0008485,CUST03257,2025-04-01,Account Access,Low,67,Resolved,5
TICK0008486,CUST03257,2025-01-02,Feature Request,Low,59,Resolved,3
TICK0008487,CUST03258,2026-05-14,Bug Report,Low,71,Resolved,5
TICK0008488,CUST03258,2026-06-03,Bug Report,Medium,43,Resolved,3
TICK0008489,CUST03258,2026-01-25,Feature Request,Medium,56,Resolved,4
TICK0008490,CUST03259,2026-08-31,Billing,Low,44,Resolved,4
TICK0008491,CUST03260,2026-01-02,Account Access,Low,123,Resolved,2
TICK0008492,CUST03261,2026-01-11,Billing,Low,120,Resolved,4
TICK0008493,CUST03261,2025-12-09,How-To Question,Low,90,Resolved,4
TICK0008494,CUST03262,2025-11-06,Performance,High,27,Resolved,4
TICK0008495,CUST03262,2025-09-23,Performance,Low,139,Resolved,4
TICK0008496,CUST03262,2025-10-25,Billing,Low,21,Resolved,2
TICK0008497,CUST03262,2026-01-22,Bug Report,Low,85,Resolved,3
TICK0008498,CUST03263,2026-01-21,How-To Question,Medium,47,Resolved,4
TICK0008499,CUST03263,2026-04-27,Bug Report,Medium,16,Open,5
TICK0008500,CUST03263,2026-01-03,Technical Issue,Low,57,Resolved,3
TICK0008501,CUST03265,2026-02-03,Billing,Medium,64,resolved,4
TICK0008502,CUST03266,2026-05-03,Bug Report,Medium,70,Resolved,2
TICK0008503,CUST03266,2026-06-19,Integration,Low,106,Resolved,3
TICK0008504,CUST03266,2026-02-21,Performance,low,126,Resolved,2
TICK0008505,CUST03267,2025-02-27,Account Access,Low,112,Resolved,2
TICK0008506,CUST03267,2025-06-23,Integration,Low,188,Pending,1
TICK0008507,CUST03268,2026-09-01,Technical Issue,Medium,31,Pending,5
TICK0008508,CUST03268,2026-09-17,Billing,Medium,47,Resolved,5
TICK0008509,CUST03268,2026-07-11,Technical Issue,Low,31,Resolved,4
TICK0008510,CUST03269,2025-12-23,Account Access,Medium,13,Resolved,1
TICK0008511,CUST03269,2026-07-12,Account Access,Low,115,Resolved,2
TICK0008512,CUST03269,02/19/2026,Integration,Medium,61,Resolved,1
TICK0008513,CUST03269,2026-07-28,Account Access,Low,158,Resolved,4
TICK0008514,CUST03269,2026-05-30,Bug Report,Medium,89,Resolved,1
TICK0008515,CUST03269,2026-07-06,Performance,Low,130,Resolved,3
TICK0008516,CUST03271,2025-05-11,How-To Question,Low,80,Resolved,3
TICK0008517,CUST03271,2026-03-14,Feature Request,Medium,59,Resolved,3
TICK0008518,CUST03271,2025-05-23,Performance,Low,101,Resolved,4
TICK0008519,CUST03271,2025-08-20,How-To Question,Medium,64,Resolved,2
TICK0008520,CUST03272,2025-04-16,How-To Question,Low,91,Resolved,5
TICK0008521,CUST03273,04/09/2026,Technical Issue,Low,240,Pending,1
TICK0008522,CUST03273,2026-09-15,Integration,Medium,69,Resolved,5
TICK0008523,CUST03273,2026-04-26,Account Access,Low,104,Resolved,3
TICK0008524,CUST03273,2026-04-12,Integration,Medium,67,Resolved,1
TICK0008525,CUST03275,2026-03-25,How-To Question,Low,59,Resolved,4
TICK0008526,CUST03275,2025-11-18,Feature Request,High,17,Pending,4
TICK0008527,CUST03275,2026-07-31,Feature Request,Low,110,Open,4
TICK0008528,CUST03276,2026-09-20,Account Access,Low,68,Resolved,3
TICK0008529,CUST03276,2026-05-08,Feature Request,Low,53,Resolved,4
TICK0008530,CUST03276,2025-06-21,Performance,Low,93,Resolved,5
TICK0008531,CUST03277,2025-05-29,Feature Request,Urgent,9,Resolved,5
TICK0008532,CUST03277,2025-05-27,Performance,High,8,Resolved,3
TICK0008533,CUST03277,2025-08-05,How-To Question,High,6,Resolved,5
TICK0008534,CUST03278,2024-05-26,Performance,Medium,45,Resolved,3
TICK0008535,CUST03278,2025-10-19,Feature Request,High,13,Resolved,3
TICK0008536,CUST03279,2026-07-29,How-To Question,Low,86,Resolved,2
TICK0008537,CUST03279,2026-07-17,Account Access,Urgent,13,Open,4
TICK0008538,CUST03279,2026-08-31,Account Access,Low,96,Resolved,4
TICK0008539,CUST03280,2025-12-16,Integration,Medium,45,Open,2
TICK0008540,CUST03282,2026-03-26,Account Access,Low,116,Open,5
TICK0008541,CUST03283,2026-07-23,Bug Report,Medium,78,Resolved,1
TICK0008542,CUST03283,2026-07-21,Performance,Medium,75,Resolved,3
TICK0008543,CUST03283,2026-07-24,Technical Issue,High,28,resolved,1
TICK0008544,CUST03283,2026-08-09,Account Access,High,43,Resolved,3
TICK0008545,CUST03284,2026-06-28,How-To Question,Medium,61,Resolved,5
TICK0008546,CUST03284,2026-09-13,Performance,Medium,54,Resolved,4
TICK0008547,CUST03286,2026-07-16,Account Access,Low,76,Resolved,4
TICK0008548,CUST03286,2025-02-08,How-To Question,Low,34,Resolved,5
TICK0008549,CUST03286,2025-01-11,Bug Report,Medium,46,Resolved,4
TICK0008550,CUST03287,2026-06-14,Billing,High,28,Resolved,2
TICK0008551,CUST03288,2025-03-09,Performance,Low,104,Resolved,2
TICK0008552,CUST03288,2024-11-20,Performance,Medium,174,Resolved,1
TICK0008553,CUST03288,2025-05-21,Performance,Low,218,Resolved,1
TICK0008554,CUST03288,2024-12-03,Technical Issue,Low,39,Pending,4
TICK0008555,CUST03288,2026-06-09,Account Access,Medium,61,resolved,3
TICK0008556,CUST03289,2026-02-06,account access,Low,84,Resolved,5
TICK0008557,CUST03289,2026-08-31,Feature Request,Medium,58,Open,5
TICK0008558,CUST03289,2026-02-20,Billing,Urgent,5,Pending,3
TICK0008559,CUST03292,2026-06-11,How-To Question,Medium,43,Resolved,2
TICK0008560,CUST03292,2026-03-24,How-To Question,Low,94,Resolved,4
TICK0008561,CUST03292,2025-03-10,How-To Question,Medium,10,Resolved,3
TICK0008562,CUST03292,2025-04-05,Account Access,Medium,46,Resolved,2
TICK0008563,CUST03293,2026-08-21,How-To Question,Medium,69,Resolved,5
TICK0008564,CUST03293,2026-08-08,Account Access,Medium,76,Resolved,3
TICK0008565,CUST03293,2026-05-22,How-To Question,Urgent,16,Resolved,5
TICK0008566,CUST03293,2026-02-03,Feature Request,Low,114,Resolved,1
TICK0008567,CUST03293,2025-11-28,How-To Question,Low,32,Resolved,4
TICK0008568,CUST03296,2026-09-16,Performance,Low,63,Resolved,4
TICK0008569,CUST03296,2026-08-06,Technical Issue,Low,40,Resolved,5
TICK0008570,CUST03296,2026-09-07,Performance,Low,100,Resolved,3
TICK0008571,CUST03296,08/27/2026,Account Access,Medium,36,Resolved,5
TICK0008572,CUST03297,2026-02-07,Account Access,Medium,99,Open,3
TICK0008573,CUST03297,09/19/2025,Bug Report,Medium,14,Resolved,5
TICK0008574,CUST03297,2026-09-19,bug report,Low,83,Resolved,3
TICK0008575,CUST03297,2025-10-07,Account Access,Medium,45,Resolved,1
TICK0008576,CUST03297,2024-11-02,Performance,Medium,144,Resolved,2
TICK0008577,CUST03297,2025-11-30,Bug Report,High,38,Resolved,1
TICK0008578,CUST03298,2025-03-13,Feature Request,Low,54,Resolved,5
TICK0008579,CUST03298,2024-09-17,Performance,Medium,55,Resolved,2
TICK0008580,CUST03298,2024-08-11,Billing,Medium,36,resolved,4
TICK0008581,CUST03299,2024-09-28,Bug Report,Low,53,Resolved,4
TICK0008582,CUST03300,2025-11-18,Technical Issue,Medium,41,Resolved,5
TICK0008583,CUST03300,2026-08-21,Technical Issue,Low,76,Resolved,5
TICK0008584,CUST03300,2026-09-13,Performance,Low,31,Resolved,3
TICK0008585,CUST03301,2024-11-17,Bug Report,Medium,49,Resolved,2
TICK0008586,CUST03301,2025-09-04,Integration,Low,74,Resolved,5
TICK0008587,CUST03301,2026-05-08,Feature Request,High,15,Resolved,4
TICK0008588,CUST03301,2026-08-30,Bug Report,Medium,32,Resolved,5
TICK0008589,CUST03302 ,2024-06-05,Performance,Low,221,Resolved,1
TICK0008590,CUST03302,2026-09-09,Technical Issue,Medium,108,Pending,4
TICK0008591,CUST03302,2025-08-09,Performance,Medium,76,Resolved,2
TICK0008592,CUST03303,2026-04-30,Integration,Low,69,Resolved,4
TICK0008593,CUST03303,2026-04-06,Billing,Low,46,Pending,4
TICK0008594,CUST03303,2026-04-20,Performance,Medium,54,Resolved,4
TICK0008595,CUST03303,2026-09-19,Technical Issue,High,26,Resolved,4
TICK0008596,CUST03304,2024-08-10,technical issue,Medium,61,Open,2
TICK0008597,CUST03304,2024-05-01,Performance,Low,60,Resolved,4
TICK0008598,CUST03304,2026-07-01,Bug Report,Medium,63,Resolved,3
TICK0008599,CUST03304,2026-01-06,Performance,High,25,Resolved,4
TICK0008600,CUST03305,2026-05-07,Technical Issue,Medium,69,Resolved,5
TICK0008601,CUST03306,2026-02-14,Performance,Medium,60,Resolved,3
TICK0008602,CUST03306,2026-08-11,Account Access,Medium,85,Resolved,1
TICK0008603,CUST03306,2025-02-05,Account Access,High,51,Resolved,1
TICK0008604,CUST03306,2025-03-14,Technical Issue,Medium,89,Resolved,2
TICK0008605,CUST03306,2024-01-07,Integration,Low,130,Resolved,2
TICK0008606,CUST03307,2026-05-07,Performance,High,27,Resolved,4
TICK0008607,CUST03307,2026-07-30,How-To Question,Low,75,Resolved,5
TICK0008608,CUST03307,2026-01-28,Account Access,Low,100,Open,4
TICK0008609,CUST03309,2026-09-09,Feature Request,High,19,Resolved,3
TICK0008610,CUST03309,2026-08-23,Performance,Medium,23,resolved,3
TICK0008611,CUST03310,2025-06-21,Integration,Low,62,Resolved,5
TICK0008612,CUST03310,2025-05-02,Performance,Low,53,Resolved,5
TICK0008613,CUST03310,2026-02-16,How-To Question,Low,116,Resolved,4
TICK0008614,CUST03310,2026-05-09,Feature Request,Low,63,Resolved,4
TICK0008615,CUST03310,2026-06-20,Billing,Medium,66,Resolved,5
TICK0008616,CUST03310,2025-09-16,Billing,Low,67,Resolved,
TICK0008617,CUST03313,2026-08-15,Feature Request,Low,60,resolved,3
TICK0008618,CUST03315,2025-02-13,Integration,Medium,111,Resolved,1
TICK0008619,CUST03315,2023-11-14,Account Access,Low,72,Resolved,1
TICK0008620,CUST03315,2024-07-25,Technical Issue,High,8,Resolved,2
TICK0008621,CUST03315,2024-07-29,Integration,Medium,23,Resolved,1
TICK0008622,CUST03316,2026-06-07,Billing,Medium,33,Resolved,3
TICK0008623,CUST03317,2025-10-29,Account Access,Low,117,Resolved,5
TICK0008624,CUST03317,2026-08-29,Account Access,Medium,8,Resolved,4
TICK0008625,CUST03317,2025-12-04,Account Access,Medium,42,Resolved,5
TICK0008626,CUST03318,2026-03-17,Performance,Medium,59,Open,3
TICK0008627,CUST03318,2025-07-21,Integration,Low,107,Resolved,3
TICK0008628,CUST03319,2026-02-09,Performance,High,30,Resolved,5
TICK0008629,CUST03319,2026-06-08,Performance,Medium,24,Resolved,2
TICK0008630,CUST03319,2026-03-03,How-To Question,Urgent,15,Resolved,3
TICK0008631,CUST03320,2025-02-08,How-To Question,Low,31,Resolved,4
TICK0008632,CUST03320,2024-10-07,Account Access,Low,128,Resolved,4
TICK0008633,CUST03320,2024-08-15,Feature Request,Medium,53,Resolved,4
TICK0008634,CUST03321 ,03/30/2026,Billing,Medium,47,Resolved,4
TICK0008635,CUST03322,2024-04-09,Billing,Low,91,Resolved,4
TICK0008636,CUST03322,2024-09-15,Integration,Medium,44,Resolved,5
TICK0008637,CUST03322,2024-08-18,Bug Report,High,15,Resolved,5
TICK0008638,CUST03323,2024-09-08,Feature Request,Low,112,Resolved,5
TICK0008639,CUST03324,2025-03-11,Integration,Medium,48,Resolved,2
TICK0008640,CUST03325,2025-05-18,Feature Request,High,41,Resolved,5
TICK0008641,CUST03326,2026-06-12,Performance,Medium,20,Pending,2
TICK0008642,CUST03326,2026-09-20,Performance,Low,54,Resolved,5
TICK0008643,CUST03328,2026-08-04,Technical Issue,Medium,57,Resolved,4
TICK0008644,CUST03328,2025-12-10,Performance,Medium,81,Resolved,5
TICK0008645,CUST03328,2024-08-21,Billing,High,29,Resolved,4
TICK0008646,CUST03329,2026-02-08,Integration,Low,113,Resolved,1
TICK0008647,CUST03329,2025-11-06,Performance,Low,190,Resolved,1
TICK0008648,CUST03329,2025-10-23,Account Access,Medium,70,Resolved,4
TICK0008649,CUST03330,2026-05-17,Technical Issue,Medium,8,Resolved,5
TICK0008650,CUST03332,2026-06-16,How-To Question,High,42,Pending,4
TICK0008651,CUST03332,2025-11-06,Integration,Medium,60,Resolved,4
TICK0008652,CUST03334,2025-12-16,Billing,Low,77,Resolved,5
TICK0008653,CUST03334,2026-01-23,Feature Request,Medium,74,Resolved,3
TICK0008654,CUST03334 ,2025-11-27,Billing,Medium,21,Resolved,4
TICK0008655,CUST03334,2026-01-12,Billing,High,23,Resolved,3
TICK0008656,CUST03335,2025-01-30,Bug Report,Low,81,Resolved,3
TICK0008657,CUST03335,2025-09-17,Account Access,Medium,8,Resolved,5
TICK0008658,CUST03336,2026-05-21,Account Access,Low,91,Resolved,5
TICK0008659,CUST03336,2026-08-20,Feature Request,Medium,19,Resolved,5
TICK0008660,CUST03337,2025-11-28,Billing,Low,87,Resolved,4
TICK0008661,CUST03338,2026-07-05,Account Access,Low,61,Resolved,4
TICK0008662,CUST03338,2026-09-17,Feature Request,Low,63,Resolved,4
TICK0008663,CUST03338,2025-03-09,Feature Request,Medium,62,Resolved,4
TICK0008664,CUST03339,2026-08-09,How-To Question,Medium,44,Resolved,5
TICK0008665,CUST03339,2026-04-06,Billing,Low,66,Resolved,4
TICK0008666,CUST03339,2026-08-10,How-To Question,Medium,43,Resolved,3
TICK0008667,CUST03339,2026-04-29,Account Access,Medium,27,Resolved,5
TICK0008668,CUST03339,2026-05-04,Technical Issue,Low,88,Resolved,5
TICK0008669,CUST03340,2024-03-02,Performance,Low,34,Pending,3
TICK0008670,CUST03340,2025-10-04,Performance,High,29,Resolved,5
TICK0008671,CUST03341,2026-06-20,How-To Question,Medium,74,Resolved,3
TICK0008672,CUST03341,2026-05-09,Account Access,Medium,48,Resolved,3
TICK0008673,CUST03341,2026-07-09,How-To Question,High,18,Resolved,3
TICK0008674,CUST03341,2026-04-21,How-To Question,High,18,Resolved,1
TICK0008675,CUST03343,2025-09-09,Billing,Low,95,Resolved,5
TICK0008676,CUST03343,2026-05-22,Performance,Low,73,Resolved,5
TICK0008677,CUST03344,2025-09-27,Billing,High,40,Resolved,5
TICK0008678,CUST03345,2026-02-22,Account Access,High,28,Resolved,5
TICK0008679,CUST03345,2026-03-30,Feature Request,Low,52,Resolved,5
TICK0008680,CUST03345,2026-05-04,How-To Question,Low,69,Resolved,2
TICK0008681,CUST03345,2026-07-07,Account Access,Medium,58,Resolved,4
TICK0008682,CUST03346,2026-07-29,Technical Issue,Low,158,Resolved,1
TICK0008683,CUST03346,2026-07-09,Account Access,Low,73,Resolved,1
TICK0008684,CUST03346,2026-01-27,Performance,High,48,Open,2
TICK0008685,CUST03347,2026-05-06,Bug Report,Low,191,Resolved,1
TICK0008686,CUST03347,2026-01-15,Integration,Medium,41,Resolved,2
TICK0008687,CUST03347,2026-05-29,Account Access,Medium,34,Resolved,1
TICK0008688,CUST03348,2025-10-17,Feature Request,High,20,Resolved,5
TICK0008689,CUST03348,2025-10-20,Account Access,Low,69,Resolved,4
TICK0008690,CUST03349,2026-05-20,Performance,Low,157,Resolved,3
TICK0008691,CUST03349,2026-04-01,Performance,Medium,63,Resolved,3
TICK0008692,CUST03349,2026-02-13,Performance,Low,110,Resolved,5
TICK0008693,CUST03349,2026-04-02,Integration,Medium,65,Resolved,1
TICK0008694,CUST03349,2026-07-03,Technical Issue,Urgent,33,Resolved,1
TICK0008695,CUST03350,2026-01-22,Account Access,Urgent,10,Resolved,3
TICK0008696,CUST03350,2026-06-09,Billing,Low,71,Resolved,5
TICK0008697,CUST03351,2026-09-04,Account Access,Low,53,Resolved,1
TICK0008698,CUST03352,2025-02-07,Bug Report,Low,41,Resolved,3
TICK0008699,CUST03352,05/30/2026,Technical Issue,Low,34,Resolved,1
TICK0008700,CUST03352,2024-02-15,Integration,Low,153,Resolved,1
TICK0008701,CUST03352,2025-06-14,Bug Report,Medium,111,Resolved,2
TICK0008702,CUST03352,2026-07-23,Performance,Urgent,37,Resolved,1
TICK0008703,CUST03353,2026-06-26,Technical Issue,Medium,117,Resolved,4
TICK0008704,CUST03353,2026-04-02,Technical Issue,Low,133,Resolved,2
TICK0008705,CUST03353,2026-05-29,Account Access,Medium,78,Resolved,2
TICK0008706,CUST03353,2026-06-01,Account Access,Low,96,Resolved,2
TICK0008707,CUST03354,2026-07-20,How-To Question,Medium,64,Resolved,2
TICK0008708,CUST03354,2026-07-22,Feature Request,Low,24,Resolved,4
TICK0008709,CUST03354,2026-08-31,Feature Request,Low,91,Resolved,5
TICK0008710,CUST03354,2026-09-10,How-To Question,Medium,48,Resolved,5
TICK0008711,CUST03354,2026-08-25,How-To Question,Low,54,Resolved,4
TICK0008712,CUST03354,2026-09-18,How-To Question,Low,99,Resolved,3
TICK0008713,CUST03354 ,2026-07-25,How-To Question,Medium,51,Resolved,4
TICK0008714,CUST03355,2025-05-18,How-To Question,High,25,Resolved,5
TICK0008715,CUST03355,2025-04-28,Billing,Medium,60,Resolved,4
TICK0008716,CUST03355,2025-02-17,How-To Question,Medium,40,Resolved,5
TICK0008717,CUST03356,2026-04-10,Billing,Low,91,Resolved,4
TICK0008718,CUST03356,2026-02-16,Billing,Medium,24,Resolved,3
TICK0008719,CUST03357,2025-12-06,Billing,Low,81,Open,3
TICK0008720,CUST03357,2025-09-28,How-To Question,Low,86,Resolved,3
TICK0008721,CUST03357,2025-10-23,Feature Request,High,27,Resolved,4
TICK0008722,CUST03357,2026-03-22,Billing,Low,58,Resolved,5
TICK0008723,CUST03358,2024-08-19,Technical Issue,High,40,Resolved,5
TICK0008724,CUST03358,2026-01-12,Performance,Urgent,12,Resolved,5
TICK0008725,CUST03358,09/17/2025,Integration,Medium,45,Resolved,4
TICK0008726,CUST03359,2025-09-03,Billing,High,26,Resolved,4
TICK0008727,CUST03359,2026-01-06,Account Access,Low,65,Resolved,5
TICK0008728,CUST03360,2025-11-11,Feature Request,Medium,52,Resolved,5
TICK0008729,CUST03360,2026-03-06,Feature Request,Low,75,Resolved,5
TICK0008730,CUST03361,2026-05-03,Feature Request,Medium,78,Resolved,4
TICK0008731,CUST03361,2025-10-29,Integration,High,53,Resolved,4
TICK0008732,CUST03362,2025-02-26,How-To Question,Medium,41,Resolved,5
TICK0008733,CUST03362,2024-12-07,Feature Request,High,27,Resolved,4
TICK0008734,CUST03363,2026-08-06,Performance,Low,164,Resolved,3
TICK0008735,CUST03363,2026-09-23,Integration,Low,85,Pending,4
TICK0008736,CUST03363,2025-12-19,Technical Issue,Medium,22,Pending,1
TICK0008737,CUST03363,2026-02-01,Performance,Low,174,Resolved,2
TICK0008738,CUST03364,2026-07-14,Bug Report,Medium,25,Open,5
TICK0008739,CUST03365,2025-09-06,Technical Issue,Low,88,Resolved,5
TICK0008740,CUST03366,2026-03-31,How-To Question,Low,87,Resolved,4
TICK0008741,CUST03367,2025-10-07,Performance,Medium,42,Resolved,3
TICK0008742,CUST03367,2026-08-15,Integration,Urgent,8,Resolved,4
TICK0008743,CUST03367,2026-05-29,Account Access,Medium,59,Resolved,4
TICK0008744,CUST03368,2024-10-23,Account Access,Medium,20,Resolved,2
TICK0008745,CUST03369,2026-05-14,Feature Request,Medium,34,Resolved,2
TICK0008746,CUST03369,2026-06-16,How-To Question,High,19,Resolved,4
TICK0008747,CUST03369,2026-06-20,Performance,High,32,Resolved,1
TICK0008748,CUST03369,2026-05-12,Bug Report,Low,89,Resolved,3
TICK0008749,CUST03370,2026-08-22,Account Access,High,19,Resolved,5
TICK0008750,CUST03370,2026-09-17,How-To Question,Low,28,Resolved,5
TICK0008751,CUST03371,2026-05-16,Performance,Medium,48,Pending,4
TICK0008752,CUST03371,2026-04-01,Performance,High,32,Resolved,5
TICK0008753,CUST03371,2026-05-13,Feature Request,Low,82,Resolved,1
TICK0008754,CUST03372,2026-07-08,How-To Question,Low,70,Resolved,2
TICK0008755,CUST03373,2025-07-01,Feature Request,Medium,26,Resolved,3
TICK0008756,CUST03373,2026-01-22,How-To Question,Medium,56,Resolved,5
TICK0008757,CUST03373,2025-05-18,How-To Question,High,25,Resolved,4
TICK0008758,CUST03374,2026-01-31,Feature Request,Medium,32,Resolved,2
TICK0008759,CUST03374,2026-08-22,Performance,High,35,Resolved,1
TICK0008760,CUST03374,2026-05-06,Billing,Medium,66,Resolved,3
TICK0008761,CUST03375,2023-11-15,Integration,Medium,40,Resolved,4
TICK0008762,CUST03375,2023-12-05,Billing,Low,57,Resolved,5
TICK0008763,CUST03375,2025-03-10,Technical Issue,Low,125,Resolved,2
TICK0008764,CUST03376,2026-04-19,Account Access,High,25,Resolved,5
TICK0008765,CUST03376,2026-02-21,Technical Issue,Medium,67,Resolved,4
TICK0008766,CUST03376,2026-06-19,Technical Issue,Medium,34,Resolved,3
TICK0008767,CUST03376,2026-07-01,How-To Question,Medium,49,Resolved,5
TICK0008768,CUST03376,2026-04-11,Technical Issue,Low,43,Resolved,4
TICK0008769,CUST03377,2026-01-29,Performance,Low,49,Resolved,3
TICK0008770,CUST03378,2026-02-18,Performance,Low,103,Resolved,3
TICK0008771,CUST03378,2026-01-24, billing,Medium,21,Resolved,3
TICK0008772,CUST03378,2025-08-24,Billing,High,24,Resolved,3
TICK0008773,CUST03378,2026-05-01,Feature Request,Medium,58,Resolved,4
TICK0008774,CUST03379,2025-03-23,How-To Question,Medium,77,Resolved,4
TICK0008775,CUST03379,2024-12-14,How-To Question,Low,37,Resolved,5
TICK0008776,CUST03380,2025-07-03,Billing,Medium,70,Resolved,3
TICK0008777,CUST03380,2025-08-13,Billing,Medium,79,Resolved,4
TICK0008778,CUST03381,2025-12-12,Feature Request,Low,98,Resolved,5
TICK0008779,CUST03382,2026-09-06,How-To Question,Low,117,Resolved,2
TICK0008780,CUST03382,2026-09-13,Bug Report,Medium,36,Resolved,5
TICK0008781,CUST03383,2024-11-18,How-To Question,Medium,18,Resolved,5
TICK0008782,CUST03384,2026-09-04,Billing,Medium,16,Resolved,5
TICK0008783,CUST03385,2026-07-15,Integration,Medium,35,Resolved,5
TICK0008784,CUST03386,2024-10-27,Billing,Low,12,Open,5
TICK0008785,CUST03387,2024-09-06,Billing,Low,61,Resolved,2
TICK0008786,CUST03388,10/08/2024,How-To Question,High,26,Resolved,4
TICK0008787,CUST03389,2025-09-24,Feature Request,Medium,43,Resolved,2
TICK0008788,CUST03389,2025-10-11,Technical Issue,Medium,56,Resolved,5
TICK0008789,CUST03389,2025-08-15,Performance,Medium,64,Resolved,5
TICK0008790,CUST03390,2026-02-17,Feature Request,Medium,69,Pending,2
TICK0008791,CUST03390,2026-01-24,How-To Question,Low,86,Pending,5
TICK0008792,CUST03390,2026-01-30,Billing,Low,75,Resolved,5
TICK0008793,CUST03390,2026-09-11,Feature Request,High,29,Resolved,4
TICK0008794,CUST03391,2026-05-02,Technical Issue,Low,108,Pending,3
TICK0008795,CUST03391,2026-06-20,Technical Issue,Low,90,Resolved,1
TICK0008796,CUST03393,2026-01-06,Feature Request,Low,86,Resolved,4
TICK0008797,CUST03393,2026-05-05,How-To Question,MEDIUM,32,Resolved,2
TICK0008798,CUST03393,2025-03-13,Account Access,High,33,Resolved,2
TICK0008799,CUST03393,2025-10-19,How-To Question,Medium,58,Resolved,2
TICK0008800,CUST03394,2026-03-31,Technical Issue,Medium,70,Resolved,3
TICK0008801,CUST03394,2026-04-27,Technical Issue,Low,79,resolved,4
TICK0008802,CUST03394,2026-03-18,Account Access,Low,109,Resolved,1
TICK0008803,CUST03394,2026-09-12,Performance,Low,183,Resolved,3
TICK0008804,CUST03394,2026-08-12,Bug Report,Low,156,Open,3
TICK0008805,CUST03395,2026-02-22,Account Access,Low,53,Resolved,1
TICK0008806,CUST03396,2026-05-22,Billing,Low,62,Resolved,2
TICK0008807,CUST03396,2026-06-21,Feature Request,Low,58,Resolved,3
TICK0008808,CUST03396,2025-11-16,How-To Question,Medium,33,Open,3
TICK0008809,CUST03396,2026-07-19,Billing,High,12,Resolved,2
TICK0008810,CUST03396,2026-09-01,Feature Request,Medium,36,Resolved,3
TICK0008811,CUST03397,2025-09-12,Feature Request,Medium,73,Resolved,
TICK0008812,CUST03398,06/08/2026,Performance,Medium,67,Resolved,3
TICK0008813,CUST03398,2025-12-07,Performance,Urgent,4,Resolved,5
TICK0008814,CUST03398,2026-08-18,How-To Question,Medium,14,Pending,2
TICK0008815,CUST03398,2025-11-13,Performance,Low,66,Resolved,4
TICK0008816,CUST03400,2025-07-26,How-To Question,Medium,49,Resolved,
TICK0008817,CUST03400,2025-06-04,Billing,Medium,38,Resolved,5
TICK0008818,CUST03402,2024-09-10,Integration,Low,132,Resolved,4
TICK0008819,CUST03402 ,2025-01-21,How-To Question,High,40,Resolved,3
TICK0008820,CUST03404,2025-08-26,Bug Report,High,28,Pending,4
TICK0008821,CUST03404,2025-08-25,How-To Question,Medium,23,Resolved,4
TICK0008822,CUST03404,2025-12-14,Feature Request,Medium,30,Resolved,4
TICK0008823,CUST03405,10/23/2025,Bug Report,Medium,97,Resolved,2
TICK0008824,CUST03405,2025-09-14,Technical Issue,Medium,77,Resolved,2
TICK0008825,CUST03405,2026-04-09,Bug Report,Medium,19,Resolved,1
TICK0008826,CUST03406,2025-10-01,Integration,Medium,67,Resolved,5
TICK0008827,CUST03406,2026-09-01,Performance,Low,85,Resolved,5
TICK0008828,CUST03406,2025-01-08,Account Access,High,18,Resolved,5
TICK0008829,CUST03406 ,2026-01-15,Bug Report,Medium,8,Resolved,3
TICK0008830,CUST03407,2026-03-16,Bug Report,Low,66,Resolved,
TICK0008831,CUST03407,2024-11-07,Account Access,Medium,37,Resolved,4
TICK0008832,CUST03407,2024-08-07,How-To Question,Medium,49,Resolved,5
TICK0008833,CUST03407,2025-01-22,Technical Issue,Medium,40,Resolved,2
TICK0008834,CUST03408,2025-05-23,Performance,Low,61,Resolved,4
TICK0008835,CUST03408,2025-05-28,Technical Issue,Urgent,20,Resolved,5
TICK0008836,CUST03408,2026-04-27,Bug Report,Low,105,Resolved,4
TICK0008837,CUST03408,2025-10-05,Technical Issue,Low,87,Resolved,3
TICK0008838,CUST03409,2025-12-08,Billing,Low,48,Resolved,5
TICK0008839,CUST03409,2025-12-12,Account Access,Medium,55,Resolved,5
TICK0008840,CUST03409,2025-11-03,Billing,Low,83,Resolved,5
TICK0008841,CUST03411,2026-06-17,Feature Request,Medium,9,Resolved,5
TICK0008842,CUST03411,2026-06-01,Feature Request,High,13,Resolved,3
TICK0008843,CUST03411,2026-06-25,Feature Request,Low,40,Pending,4
TICK0008844,CUST03412,2026-07-20,How-To Question,Low,96,Resolved,2
TICK0008845,CUST03412,2026-07-06,Feature Request,Medium,47,Resolved,4
TICK0008846,CUST03412,2026-06-17,Feature Request,Low,105,resolved,3
TICK0008847,CUST03412,2026-04-24,Feature Request,Low,66,Resolved,4
TICK0008848,CUST03413,2026-03-22,Account Access,Low,48,Resolved,5
TICK0008849,CUST03415,2026-03-23,Bug Report,High,24,Resolved,5
TICK0008850,CUST03415,2026-05-20,Account Access,Medium,72,Resolved,2
TICK0008851,CUST03417,2025-11-27,Account Access,Medium,8,Resolved,2
TICK0008852,CUST03417,2025-12-27,Feature Request,High,20,Pending,3
TICK0008853,CUST03418,2025-10-12,Account Access,Medium,81,Resolved,1
TICK0008854,CUST03418,2026-03-19,Account Access,High,24,Resolved,1
TICK0008855,CUST03418 ,2025-11-20,Integration,Low,138,Open,1
TICK0008856,CUST03418,2026-03-18,Account Access,Low,162,Resolved,1
TICK0008857,CUST03418,2026-07-02,Bug Report,Low,113,Resolved,3
TICK0008858,CUST03418,2026-07-18,Technical Issue,Medium,187,Resolved,1
TICK0008859,CUST03418,2025-12-27,Technical Issue,Low,124,Open,1
TICK0008860,CUST03418,2025-07-07,Account Access,Medium,105,Resolved,3
TICK0008861,CUST03418,2025-04-27,Bug Report,Medium,61,Resolved,2
TICK0008862,CUST03419,2025-01-07,Bug Report,Medium,31,Pending,4
TICK0008863,CUST03420,2026-04-02,Account Access,Medium,60,Resolved,3
TICK0008864,CUST03420,2026-08-01,Account Access,Medium,33,Resolved,5
TICK0008865,CUST03420,2026-07-26,How-To Question,Low,77,Resolved,3
TICK0008866,CUST03421,2025-09-30,Technical Issue,Medium,8,Resolved,3
TICK0008867,CUST03421,2026-03-29,Billing,Low,60,Resolved,5
TICK0008868,CUST03421,2026-09-23,Technical Issue,Medium,62,Resolved,2
TICK0008869,CUST03422,2025-05-31,Account Access,Low,123,Resolved,2
TICK0008870,CUST03422,2026-08-12,Feature Request,Low,70,Resolved,4
TICK0008871,CUST03423,2024-07-17,How-To Question,Low,131,Resolved,3
TICK0008872,CUST03423,2025-01-28,Billing,Low,69,Resolved,4
TICK0008873,CUST03423,2025-02-28,How-To Question,Low,16,Resolved,3
TICK0008874,CUST03424,2026-08-01,Feature Request,Low,156,Resolved,3
TICK0008875,CUST03424,2026-05-09,Performance,Low,103,Resolved,5
TICK0008876,CUST03425,2026-08-08,Feature Request,Low,21,Resolved,4
TICK0008877,CUST03425,2026-08-30,Account Access,Low,137,Resolved,4
TICK0008878,CUST03425,2026-08-16,Feature Request,Low,67,Resolved,5
TICK0008879,CUST03426,2026-08-24,Account Access,Medium,46,Resolved,5
TICK0008880,CUST03426,2026-09-12,Billing,Low,69,Resolved,3
TICK0008881,CUST03427,09/19/2026,Performance,High,42,Resolved,2
TICK0008882,CUST03427,2025-02-05,Account Access,Medium,87,Resolved,
TICK0008883,CUST03427,2026-02-06,Performance,Medium,98,Resolved,2
TICK0008884,CUST03427,2026-04-25,Technical Issue,Low,145,Resolved,2
TICK0008885,CUST03427,2025-10-31,Integration,Medium,135,Resolved,2
TICK0008886,CUST03428,2026-08-25,Technical Issue,Medium,50,Resolved,3
TICK0008887,CUST03429,2026-06-14,Feature Request,Medium,79,Resolved,2
TICK0008888,CUST03430,2025-11-19,Technical Issue,Low,59,Resolved,4
TICK0008889,CUST03430,2026-07-21,Technical Issue,Low,96,Resolved,5
TICK0008890,CUST03430,2026-03-14,Bug Report,High,18,Resolved,5
TICK0008891,CUST03432,2025-05-10,Integration,Medium,76,Resolved,5
TICK0008892,CUST03433,2026-01-26,Performance,Medium,65,Resolved,2
TICK0008893,CUST03433,2025-11-13,Account Access,Medium,54,Resolved,2
TICK0008894,CUST03433,2026-03-11,Technical Issue,Low,108,Resolved,2
TICK0008895,CUST03433,2026-09-23,Integration,Medium,70,Resolved,4
TICK0008896,CUST03433,2026-06-13,Bug Report,Medium,73,Resolved,4
TICK0008897,CUST03433,2026-02-06,Bug Report,Low,60,Resolved,1
TICK0008898,CUST03433,2026-04-17,Technical Issue,High,39,Resolved,4
TICK0008899,CUST03433 ,2025-12-20,Bug Report,Low,74,Resolved,2
TICK0008900,CUST03433 ,2026-02-21,Integration,Medium,83,Resolved,1
TICK0008901,CUST03433,2025-11-13,bug report,Low,110,Resolved,3
TICK0008902,CUST03433,2026-01-23,Bug Report,Low,158,Pending,2
TICK0008903,CUST03433,2026-06-18,Bug Report,Low,59,Resolved,1
TICK0008904,CUST03434,2026-09-08,Billing,Low,12,Resolved,4
TICK0008905,CUST03434,2026-07-23,Billing,Low,77,Resolved,1
TICK0008906,CUST03434,2026-08-23,Performance,High,36,Resolved,4
TICK0008907,CUST03434,2026-08-01,Performance,Low,105,Resolved,4
TICK0008908,CUST03434,2026-07-28,Feature Request,Low,114,Open,4
TICK0008909,CUST03434,2026-08-21,Performance,Low,97,Resolved,3
TICK0008910,CUST03436,2023-11-24,Feature Request,Medium,29,Resolved,4
TICK0008911,CUST03437,2026-07-09,How-To Question,Low,97,Resolved,5
TICK0008912,CUST03437,2026-04-10,Bug Report,Low,64,Resolved,5
TICK0008913,CUST03437,2026-05-17,Billing,High,12,Resolved,5
TICK0008914,CUST03439,2025-11-14,Feature Request,Low,79,Resolved,5
TICK0008915,CUST03439,2026-07-18,Performance,Medium,26,Resolved,4
TICK0008916,CUST03440,2026-05-07,Billing,Medium,27,Resolved,3
TICK0008917,CUST03440,2026-05-15,How-To Question,Low,68,Pending,
TICK0008918,CUST03440,2026-08-26,Billing,Low,77,Resolved,2
TICK0008919,CUST03441,2025-08-04,Integration,High,44,Pending,4
TICK0008920,CUST03442,2025-03-01,Bug Report,Low,119,Resolved,1
TICK0008921,CUST03443,2026-05-29,Technical Issue,Medium,36,Resolved,3
TICK0008922,CUST03443 ,2025-09-01,How-To Question,Low,107,Resolved,5
TICK0008923,CUST03444,2026-08-01,Account Access,Medium,47,Resolved,4
TICK0008924,CUST03444,2026-09-12,Billing,Medium,23,Resolved,4
TICK0008925,CUST03444,2026-09-10,How-To Question,Low,56,Resolved,4
TICK0008926,CUST03445,2026-09-02,Performance,Low,85,Resolved,5
TICK0008927,CUST03445,2026-07-11,Integration,Low,69,Resolved,5
TICK0008928,CUST03445,2026-08-28,Technical Issue,Medium,32,Resolved,5
TICK0008929,CUST03445,2026-06-27,How-To Question,Urgent,5,Resolved,2
TICK0008930,CUST03446,2026-05-22,Account Access,Urgent,14,Resolved,4
TICK0008931,CUST03446,2026-02-08,Feature Request,Medium,52,Resolved,4
TICK0008932,CUST03447,2026-08-22,Billing,Low,27,Resolved,3
TICK0008933,CUST03448,2024-10-25,How-To Question,Medium,84,Resolved,4
TICK0008934,CUST03448,2025-03-26,How-To Question,Medium,47,Resolved,3
TICK0008935,CUST03448,2026-07-22,Performance,Low,59,Resolved,5
TICK0008936,CUST03448,2024-06-29, billing,Medium,60,Resolved,1
TICK0008937,CUST03449,2025-05-26,Integration,Low,90,Resolved,5
TICK0008938,CUST03449,2024-06-16,Account Access,Low,86,Resolved,5
TICK0008939,CUST03450,2026-07-27,Integration,Low,111,Resolved,4
TICK0008940,CUST03450,2026-08-11,Feature Request,Low,119,Resolved,4
TICK0008941,CUST03450,2026-03-20,Bug Report,Low,12,Resolved,5
TICK0008942,CUST03450,2026-07-04,Bug Report,Low,91,Resolved,5
TICK0008943,CUST03451,2026-02-01,How-To Question,Medium,76,Resolved,5
TICK0008944,CUST03451,2025-06-02,Feature Request,Low,52,Resolved,4
TICK0008945,CUST03452,2026-06-23,Integration,Low,14,Resolved,1
TICK0008946,CUST03453,2026-06-22,Performance,Low,40,Resolved,4
TICK0008947,CUST03453,2026-06-22,Performance,Low,105,Resolved,3
TICK0008948,CUST03453,2026-06-06,Billing,Medium,59,Resolved,5
TICK0008949,CUST03453,2026-09-17,Billing,Medium,42,Resolved,5
TICK0008950,CUST03454,2026-01-06,Billing,High,12,Resolved,4
TICK0008951,CUST03455,2024-06-25,Performance,Medium,54,Open,4
TICK0008952,CUST03456,2026-07-21,Feature Request,Medium,51,Resolved,3
TICK0008953,CUST03457,2026-06-29,Bug Report,Low,53,Resolved,1
TICK0008954,CUST03457,2026-09-22,Bug Report,Low,39,Resolved,2
TICK0008955,CUST03458,2026-06-22,Billing,Medium,66,Resolved,3
TICK0008956,CUST03460,2026-07-01,Account Access,low,42,Resolved,4
TICK0008957,CUST03461 ,2025-12-12,How-To Question,Low,86,Pending,5
TICK0008958,CUST03461,2026-02-22,Feature Request,Medium,69,Open,5
TICK0008959,CUST03462,2026-02-23,Feature Request,Medium,54,Resolved,1
TICK0008960,CUST03462,2025-08-08,How-To Question,Low,53,Resolved,3
TICK0008961,CUST03462,2025-03-05,How-To Question,Low,98,Resolved,5
TICK0008962,CUST03463,2026-06-24,Account Access,Medium,58,Resolved,4
TICK0008963,CUST03463,2026-03-25,Account Access,Low,55,Resolved,4
TICK0008964,CUST03463,2025-12-11,How-To Question,Medium,70,Resolved,1
TICK0008965,CUST03463,2025-07-18,Feature Request,High,25,Pending,2
TICK0008966,CUST03463,2024-11-29,How-To Question,Low,68,Resolved,3
TICK0008967,CUST03463,2025-01-20,Account Access,Medium,42,Resolved,4
TICK0008968,CUST03464,2026-05-11,Feature Request,Low,126,Resolved,4
TICK0008969,CUST03464,2024-12-05,Feature Request,High,43,Resolved,5
TICK0008970,CUST03464,2026-01-14,Account Access,Low,59,Resolved,4
TICK0008971,CUST03464,11/05/2024,How-To Question,Medium,46,Resolved,3
TICK0008972,CUST03464,2025-10-29,Account Access,Medium,58,Resolved,5
TICK0008973,CUST03465,2025-01-28,Technical Issue,Low,85,Resolved,5
TICK0008974,CUST03466,2024-10-09,Account Access,Low,169,Resolved,1
TICK0008975,CUST03466,2026-03-24,Technical Issue,Low,100,Resolved,1
TICK0008976,CUST03466,2026-01-12,performance,Medium,29,Resolved,2
TICK0008977,CUST03466,2025-06-10,Performance,High,43,Open,4
TICK0008978,CUST03467,2026-04-28,Account Access,Low,169,Resolved,5
TICK0008979,CUST03467,2026-02-15,Feature Request,Medium,61,Resolved,3
TICK0008980,CUST03469,2026-03-04,How-To Question,Low,50,Resolved,2
TICK0008981,CUST03469,2026-03-27,Performance,Medium,55,Resolved,5
TICK0008982,CUST03469,2026-04-24,How-To Question,High,20,Pending,3
TICK0008983,CUST03470,2025-12-06,Account Access,Low,93,Resolved,5
TICK0008984,CUST03470,2025-06-20,How-To Question,High,5,Resolved,2
TICK0008985,CUST03470,2025-05-14,Feature Request,High,19,Resolved,5
TICK0008986,CUST03470,2026-01-02,Account Access,Medium,84,Resolved,5
TICK0008987,CUST03471,2025-12-17,Integration,High,21,Resolved,1
TICK0008988,CUST03471,2024-11-09,Integration,Medium,61,Resolved,5
TICK0008989,CUST03471,2024-11-10,Feature Request,Medium,45,Resolved,5
TICK0008990,CUST03472,2026-05-06,Account Access,Medium,32,Resolved,5
TICK0008991,CUST03473,2026-01-08,Bug Report,Low,54,Resolved,5
TICK0008992,CUST03473,2026-02-19,Bug Report,Low,123,Pending,4
TICK0008993,CUST03473,2026-03-09,Technical Issue,Low,71,Resolved,3
TICK0008994,CUST03475,2026-07-01,Bug Report,Medium,54,Pending,3
TICK0008995,CUST03475,2026-09-02,Integration,Medium,11,Resolved,4
TICK0008996,CUST03475,07/01/2026,Performance,Medium,70,Resolved,1
TICK0008997,CUST03475,2026-08-30,Performance,Medium,100,Resolved,1
TICK0008998,CUST03475,2026-07-06,Account Access,Medium,49,Pending,2
TICK0008999,CUST03476,2025-10-13,Account Access,Medium,29,Resolved,5
TICK0009000,CUST03477,2026-09-12,Feature Request,Medium,49,Resolved,5
TICK0009001,CUST03477,2026-08-01,Feature Request,Medium,44,Resolved,4
TICK0009002,CUST03477,2026-08-22,Billing,Low,45,Resolved,5
TICK0009003,CUST03477,2026-08-14,Performance,Low,94,Resolved,4
TICK0009004,CUST03477,2026-09-05,Feature Request,Medium,50,Resolved,3
TICK0009005,CUST03478,2026-08-13,Bug Report,High,25,Resolved,5
TICK0009006,CUST03478,2025-03-16,How-To Question,Low,83,Open,5
TICK0009007,CUST03479,2025-08-09,Technical Issue,Medium,84,Resolved,3
TICK0009008,CUST03479,2026-01-12,Bug Report,Low,127,Pending,4
TICK0009009,CUST03479,2026-04-04,Feature Request,Urgent,11,Resolved,4
TICK0009010,CUST03479,2026-06-20,Performance,Medium,29,Resolved,3
TICK0009011,CUST03479,2026-08-30,Billing,Medium,68,Resolved,4
TICK0009012,CUST03480,2024-09-01,Account Access,Low,73,Pending,5
TICK0009013,CUST03481,2026-08-08,Bug Report,Low,17,Resolved,5
TICK0009014,CUST03481,2026-04-25,Integration,Low,82,Resolved,3
TICK0009015,CUST03481,2026-07-07,Account Access,Medium,94,Open,2
TICK0009016,CUST03481,2026-07-19,Bug Report,Medium,149,Resolved,1
TICK0009017,CUST03481,2026-08-25,Bug Report,Low,123,Resolved,1
TICK0009018,CUST03481,2026-05-02,Performance,Medium,87,Resolved,2
TICK0009019,CUST03481,2026-08-26,Integration,High,39,Resolved,1
TICK0009020,CUST03481,2026-07-22,Performance,High,29,Resolved,4
TICK0009021,CUST03482,2024-04-30,Billing,Low,60,Resolved,4
TICK0009022,CUST03482,2026-07-01,Performance,High,29,Resolved,4
TICK0009023,CUST03482,2026-02-01,How-To Question,Medium,67,Resolved,5
TICK0009024,CUST03483,2026-08-08,Performance,Medium,97,Resolved,3
TICK0009025,CUST03483,2025-11-20,Account Access,Medium,129,Resolved,2
TICK0009026,CUST03483,2026-06-26,Account Access,Medium,63,Pending,1
TICK0009027,CUST03483,2026-01-03,Integration,Urgent,31,Resolved,1
TICK0009028,CUST03483,2026-08-01,Integration,Low,58,Resolved,2
TICK0009029,CUST03483,12/31/2025,Technical Issue,Urgent,29,Resolved,1
TICK0009030,CUST03483,2026-05-14,Account Access,Medium,79,Resolved,2
TICK0009031,CUST03483,2026-09-17,Account Access,Low,120,Resolved,1
TICK0009032,CUST03483,2026-03-30,Performance,High,85,Resolved,3
TICK0009033,CUST03483,2025-10-19,Technical Issue,Low,99,Resolved,3
TICK0009034,CUST03483,2026-03-05,Technical Issue,Low,123,Resolved,3
TICK0009035,CUST03483,2025-11-08,Integration,Low,128,Resolved,2
TICK0009036,CUST03483,2026-03-15,Account Access,Medium,42,Resolved,1
TICK0009037,CUST03484,2026-05-11,Technical Issue,Urgent,26,Open,1
TICK0009038,CUST03484,2025-10-06,Bug Report,Medium,90,Open,1
TICK0009039,CUST03484,2025-10-15,Bug Report,Urgent,17,Resolved,2
TICK0009040,CUST03485,2025-10-11,Billing,Low,48,Resolved,4
TICK0009041,CUST03485,2025-10-31,Performance,Medium,26,Resolved,4
TICK0009042,CUST03485,2026-08-28,Billing,Low,126,Resolved,5
TICK0009043,CUST03485,2025-07-19,Billing,Low,132,Resolved,4
TICK0009044,CUST03485,2026-06-17,Feature Request,Medium,52,Resolved,5
TICK0009045,CUST03486,2025-12-19,Billing,Medium,17,Resolved,4
TICK0009046,CUST03486,2026-06-10,How-To Question,Medium,32,Resolved,4
TICK0009047,CUST03487,2026-03-26,How-To Question,Low,33,Pending,4
TICK0009048,CUST03487,2026-06-08,Technical Issue,Medium,31,Resolved,4
TICK0009049,CUST03488,2025-06-02,Technical Issue,Medium,75,Resolved,4
TICK0009050,CUST03489,2026-01-23,Integration,Low,97,Resolved,4
TICK0009051,CUST03489,2026-08-16,Bug Report,Low,87,Resolved,5
TICK0009052,CUST03489,2026-05-08,Performance,Low,92,Resolved,5
TICK0009053,CUST03490,2026-07-21,How-To Question,Medium,57,Resolved,3
TICK0009054,CUST03491,2026-02-23,Feature Request,High,21,Resolved,5
TICK0009055,CUST03492,2025-02-22,Account Access,Low,44,Resolved,5
TICK0009056,CUST03493,07/28/2026,Bug Report,Medium,54,Resolved,5
TICK0009057,CUST03493,2026-08-30,Bug Report,Low,84,Resolved,3
TICK0009058,CUST03494,2024-11-26,Integration,Medium,68,Resolved,5
TICK0009059,CUST03494,2025-01-24,Performance,Medium,53,Resolved,4
TICK0009060,CUST03495,2024-08-25,Technical Issue,Medium,67,Resolved,5
TICK0009061,CUST03495,2025-04-17,How-To Question,Medium,24,Resolved,4
TICK0009062,CUST03497,2025-10-11,Feature Request,Low,92,Open,3
TICK0009063,CUST03497,2024-08-30,How-To Question,Medium,50,Resolved,5
TICK0009064,CUST03497,2024-09-03,How-To Question,Low,52,Resolved,5
TICK0009065,CUST03498,2024-09-30,Performance,High,38,Resolved,5
TICK0009066,CUST03499,2026-01-09,Feature Request,Low,35,Resolved,3
TICK0009067,CUST03499,2026-06-20,Billing,Low,80,Resolved,4
TICK0009068,CUST03500,2026-09-11,Feature Request,Medium,39,Resolved,5
TICK0009069,CUST03500,2026-04-28,Feature Request,High,27,Resolved,4
TICK0009070,CUST03500,2026-03-20,Billing, high,33,Resolved,5
TICK0009071,CUST03501,2026-02-25,Integration,Urgent,8,Resolved,5
TICK0009072,CUST03501,2026-02-26,Account Access,High,31,Resolved,4
TICK0009073,CUST03501,2026-02-01,Integration,Medium,58,Resolved,5
TICK0009074,CUST03502,2026-05-03,Account Access,Medium,44,Resolved,5
TICK0009075,CUST03503,2025-06-29,How-To Question,Medium,38,Resolved,3
TICK0009076,CUST03504,2026-06-27,Bug Report,Medium,54,Resolved,4
TICK0009077,CUST03505,2026-03-13,How-To Question,Low,35,Resolved,3
TICK0009078,CUST03505,2025-03-21,How-To Question,Medium,31,Resolved,5
TICK0009079,CUST03505,2026-08-08,Billing,Medium,23,Resolved,2
TICK0009080,CUST03506,2025-01-18,How-To Question,Low,42,Resolved,4
TICK0009081,CUST03506,2025-08-12,Billing,Medium,8,Resolved,2
TICK0009082,CUST03506,2025-12-24,How-To Question,Low,21,Resolved,3
TICK0009083,CUST03506,2024-03-18,How-To Question,High,27,Resolved,3
TICK0009084,CUST03507,2026-09-09,Technical Issue,Medium,96,Resolved,4
TICK0009085,CUST03507,2026-06-22,How-To Question,Medium,38,Resolved,5
TICK0009086,CUST03508,2025-02-05,Account Access,Low,78,Resolved,3
TICK0009087,CUST03508,2024-04-26,How-To Question,Medium,78,Resolved,3
TICK0009088,CUST03508,2024-08-27,How-To Question,Low,110,Resolved,4
TICK0009089,CUST03509,2025-12-03,Integration,Medium,58,Resolved,2
TICK0009090,CUST03510,2025-09-19,How-To Question,Medium,51,Pending,5
TICK0009091,CUST03510,2025-07-30,Integration,Low,59,Resolved,5
TICK0009092,CUST03510,2025-10-15,Integration,High,18,Resolved,4
TICK0009093,CUST03510,2025-11-02,Feature Request,Medium,62,Resolved,5
TICK0009094,CUST03511,2026-02-06,Billing,High,18,Resolved,5
TICK0009095,CUST03511,2026-05-14,Bug Report,Low,70,Resolved,4
TICK0009096,CUST03511,2026-05-20,Performance,Low,24,Resolved,4
TICK0009097,CUST03512,2026-01-04,Bug Report,Low,154,Resolved,4
TICK0009098,CUST03512,2026-01-26,Integration,Low,42,Resolved,3
TICK0009099,CUST03512,2026-01-18,Bug Report,High,51,Resolved,4
TICK0009100,CUST03512,2026-01-13,Integration,Medium,121,Resolved,1
TICK0009101,CUST03512,2026-02-02,Integration,Medium,75,Pending,1
TICK0009102,CUST03512,2026-02-25,Performance,High,22,Open,2
TICK0009103,CUST03512,2025-12-22,Bug Report,Medium,100,Resolved,3
TICK0009104,CUST03513,2025-12-04,Billing,Medium,15,Resolved,3
TICK0009105,CUST03513,2025-05-26,Performance,High,16,Resolved,4
TICK0009106,CUST03514,2025-08-08,Account Access,Low,46,Resolved,4
TICK0009107,CUST03514,2025-11-27,Technical Issue,Medium,39,Resolved,4
TICK0009108,CUST03514,2026-01-01,How-To Question,Medium,35,Resolved,5
TICK0009109,CUST03514,2026-06-01,Account Access,Low,45,Resolved,2
TICK0009110,CUST03515,2026-01-06,How-To Question,Medium,73,Open,5
TICK0009111,CUST03515,2025-09-18,Account Access,Low,12,Resolved,5
TICK0009112,CUST03515,2025-03-12,Feature Request,MEDIUM,50,Resolved,4
TICK0009113,CUST03515,2025-12-17,Feature Request,High,24,Resolved,5
TICK0009114,CUST03515,2025-03-08,Account Access,Medium,52,Open,5
TICK0009115,CUST03516,2026-01-20,Billing,Low,37,Resolved,5
TICK0009116,CUST03516,2026-04-16,Feature Request,Low,59,Resolved,2
TICK0009117,CUST03517,2025-10-20,Account Access,Low,63,Resolved,4
TICK0009118,CUST03517,2026-08-01,How-To Question,Low,106,Resolved,3
TICK0009119,CUST03517,2026-03-04,Technical Issue,Medium,59,Resolved,4
TICK0009120,CUST03518,2026-07-09,Feature Request,Low,60,Resolved,5
TICK0009121,CUST03518,2025-02-20,How-To Question,Medium,47,Resolved,5
TICK0009122,CUST03519,2026-06-10,Feature Request,High,31,Resolved,5
TICK0009123,CUST03520,2025-02-15,Account Access,Medium,36,Resolved,4
TICK0009124,CUST03520,2026-07-07,INTEGRATION,Low,42,Resolved,5
TICK0009125,CUST03521,2025-10-19,Feature Request,Low,108,Resolved,5
TICK0009126,CUST03521,2025-09-28,How-To Question,Low,75,Resolved,3
TICK0009127,CUST03522,2026-03-17,Integration,Low,85,Resolved,3
TICK0009128,CUST03522,2026-04-05,Bug Report,Low,26,Resolved,5
TICK0009129,CUST03523,2025-08-24,Feature Request,Low,51,Resolved,3
TICK0009130,CUST03523,2026-09-05,Performance,Medium,67,Resolved,1
TICK0009131,CUST03524,2026-08-28,Performance,High,49,Resolved,
TICK0009132,CUST03524,2026-09-11,Technical Issue,Low,110,Resolved,1
TICK0009133,CUST03524,2026-07-09,Performance,Medium,84,Open,5
TICK0009134,CUST03525,2026-06-23,How-To Question,High,44,Resolved,5
TICK0009135,CUST03525,2025-08-20,Billing,High,20,Resolved,2
TICK0009136,CUST03525,2025-09-26,How-To Question,Low,75,Resolved,4
TICK0009137,CUST03525,2026-07-07,Technical Issue,Low,31,Resolved,4
TICK0009138,CUST03525,2026-07-27,Bug Report,Medium,51,Resolved,4
TICK0009139,CUST03526,2025-12-22,Performance,Medium,39,Resolved,4
TICK0009140,CUST03526,2025-02-26,How-To Question,Low,122,Resolved,5
TICK0009141,CUST03526,2026-02-09,Feature Request,Low,46,Resolved,5
TICK0009142,CUST03526,2025-08-30,Bug Report,Low,57,Resolved,5
TICK0009143,CUST03528,2025-05-14,Bug Report,Low,59,Resolved,5
TICK0009144,CUST03529,2026-06-16,How-To Question,Medium,18,Resolved,3
TICK0009145,CUST03529,2026-09-20,Feature Request,Medium,73,Resolved,3
TICK0009146,CUST03529,2026-02-01,Feature Request,High,28,Resolved,5
TICK0009147,CUST03530,2026-06-08,Performance,Low,63,Resolved,4
TICK0009148,CUST03530,2025-10-27,Bug Report,Low,42,Resolved,5
TICK0009149,CUST03531,2026-03-17,Technical Issue,Medium,38,Resolved,1
TICK0009150,CUST03531,2026-02-23,Technical Issue,Low,76,Resolved,1
TICK0009151,CUST03531,09/17/2025,Technical Issue,Low,140,Resolved,2
TICK0009152,CUST03531,2025-10-30,Account Access,Low,208,Pending,2
TICK0009153,CUST03531,2026-02-17,Integration,Low,58,Resolved,1
TICK0009154,CUST03533,2026-05-14,Feature Request,High,27,Resolved,4
TICK0009155,CUST03533,2026-03-12,How-To Question,Medium,37,Resolved,3
TICK0009156,CUST03533,2026-03-15,Account Access,High,23,Resolved,5
TICK0009157,CUST03534,2025-07-12,Feature Request,High,18,Resolved,4
TICK0009158,CUST03535,2024-06-04,Bug Report,Medium,90,Resolved,5
TICK0009159,CUST03536,2026-08-06,Account Access,Urgent,13,Resolved,1
TICK0009160,CUST03536,2026-08-13,Technical Issue,Low,107,resolved,3
TICK0009161,CUST03536,2026-09-15,Technical Issue,Low,75,Resolved,3
TICK0009162,CUST03536,2026-08-25,Technical Issue,Urgent,13,Resolved,4
TICK0009163,CUST03537,2025-07-23,Integration,Low,71,Resolved,5
TICK0009164,CUST03537,2024-12-22,Technical Issue,High,25,Resolved,3
TICK0009165,CUST03537,2025-10-13,How-To Question,low,65,Resolved,5
TICK0009166,CUST03538,2024-12-06, billing,Low,84,Resolved,2
TICK0009167,CUST03538,2026-02-04,Performance,Low,46,Resolved,4
TICK0009168,CUST03538,2025-07-25,Billing,Medium,52,Resolved,1
TICK0009169,CUST03538,2025-02-25,Feature Request,High,13,Resolved,4
TICK0009170,CUST03538,2024-06-19,How-To Question,Medium,50,Resolved,4
TICK0009171,CUST03539,2025-12-27,Performance,Medium,38,Resolved,4
TICK0009172,CUST03539,2026-04-04,Bug Report,Low,243,Resolved,3
TICK0009173,CUST03539,2026-02-06,Bug Report,Low,32,Resolved,1
TICK0009174,CUST03539,2025-08-24,Integration,High,30,Resolved,2
TICK0009175,CUST03539,2026-06-30,Integration,Urgent,22,Resolved,2
TICK0009176,CUST03539,2026-03-31,Technical Issue,Medium,46,Resolved,1
TICK0009177,CUST03539,2025-10-27,Technical Issue,Medium,25,Resolved,3
TICK0009178,CUST03540,2026-05-07,Feature Request,Low,86,Resolved,3
TICK0009179,CUST03540,2026-09-15,Technical Issue,Medium,39,Resolved,5
TICK0009180,CUST03540,2026-05-20,Feature Request,Low,33,Resolved,4
TICK0009181,CUST03540,2026-05-15,Bug Report,Low,100,Resolved,3
TICK0009182,CUST03540,2026-08-03,Integration,Medium,75,Resolved,5
TICK0009183,CUST03541,2025-01-19,Bug Report,High,22,Resolved,5
TICK0009184,CUST03541,2024-09-01,Feature Request,Medium,69,Resolved,4
TICK0009185,CUST03542,2026-05-20,Performance,Low,73,Resolved,5
TICK0009186,CUST03543,2026-03-19,Billing,Low,68,Resolved,4
TICK0009187,CUST03543,2026-02-22,Feature Request,Medium,93,Resolved,4
TICK0009188,CUST03543,2026-03-28,Bug Report,Medium,8,Resolved,5
TICK0009189,CUST03543,2025-12-10,Technical Issue,High,22,Resolved,5
TICK0009190,CUST03543,2026-06-11,Account Access,Medium,43,Resolved,3
TICK0009191,CUST03544,2025-08-16,Bug Report,Low,106,Resolved,2
TICK0009192,CUST03545,2025-02-01,Technical Issue,Low,38,Resolved,5
TICK0009193,CUST03546,2026-06-22,Bug Report,Low,137,Resolved,4
TICK0009194,CUST03546,2026-09-01,Billing,Low,91,Resolved,5
TICK0009195,CUST03546,2026-08-31,Billing,Low,95,Resolved,3
TICK0009196,CUST03547,2025-03-03,How-To Question,Medium,55,Pending,5
TICK0009197,CUST03548,2025-11-10,Account Access,Medium,66,Resolved,5
TICK0009198,CUST03548,2026-09-23,Integration,Low,34,Resolved,5
TICK0009199,CUST03550,2026-08-10,Feature Request,High,30,Open,5
TICK0009200,CUST03550,2026-05-08,Account Access,Medium,33,Resolved,5
TICK0009201,CUST03552,2026-02-17,Performance,Low,114,Resolved,4
TICK0009202,CUST03552,2026-03-03,Feature Request,Medium,35,Pending,3
TICK0009203,CUST03553,2024-03-11,Integration,Low,72,Resolved,2
TICK0009204,CUST03555,2025-03-03,Account Access,Medium,104,Resolved,1
TICK0009205,CUST03555,2025-11-30,Bug Report,Low,72,Resolved,5
TICK0009206,CUST03555,2025-10-13,Performance,Low,50,resolved,2
TICK0009207,CUST03555,2026-07-26,Performance,High,40,Resolved,3
TICK0009208,CUST03555,2026-01-31,Performance,Urgent,8,Resolved,3
TICK0009209,CUST03556,2026-05-29,Performance,Low,120,Resolved,3
TICK0009210,CUST03556,2025-10-22,Technical Issue,Low,104,Resolved,1
TICK0009211,CUST03557,2025-05-27,Technical Issue,Low,66,Resolved,5
TICK0009212,CUST03558,2026-08-16,Account Access,Low,102,Open,3
TICK0009213,CUST03558,2026-02-06,How-To Question,Low,118,Resolved,3
TICK0009214,CUST03558,2026-05-05,Account Access,Medium,77,Resolved,4
TICK0009215,CUST03559,2024-07-02,Account Access,Low,31,Resolved,4
TICK0009216,CUST03559,2024-07-21,How-To Question,High,15,Resolved,3
TICK0009217,CUST03559,2024-05-04,How-To Question,Low,61,Resolved,4
TICK0009218,CUST03559,2024-07-16,How-To Question,Low,96,Resolved,3
TICK0009219,CUST03561,2026-03-21,Billing,Medium,46,Resolved,2
TICK0009220,CUST03561,2025-11-13,Billing,Low,56,Resolved,
TICK0009221,CUST03561,2025-11-05,Feature Request,Medium,73,Resolved,4
TICK0009222,CUST03561,2025-07-06,Feature Request,Medium,33,Resolved,4
TICK0009223,CUST03561,2026-05-07,How-To Question,Urgent,7,Resolved,5
TICK0009224,CUST03562,2025-09-05,Integration,Low,83,Resolved,2
TICK0009225,CUST03562,2025-03-20,Performance,Medium,28,Resolved,1
TICK0009226,CUST03562,2024-12-01,Integration,Medium,120,Resolved,2
TICK0009227,CUST03562,2025-08-09,Performance,Low,55,resolved,1
TICK0009228,CUST03565,2025-05-15,Billing,Low,101,Pending,4
TICK0009229,CUST03565,2025-05-18,Integration,High,25,Resolved,5
TICK0009230,CUST03567,2025-06-07,Bug Report,Medium,18,Resolved,2
TICK0009231,CUST03567,2026-02-08,Integration,Low,57,Resolved,4
TICK0009232,CUST03568,2026-08-07,Account Access,Urgent,33,Pending,1
TICK0009233,CUST03568,2026-08-31,Bug Report,High,46,Resolved,2
TICK0009234,CUST03568,2026-07-23,Technical Issue,Medium,46,Resolved,3
TICK0009235,CUST03568,2026-09-15,Technical Issue,Medium,84,Resolved,2
TICK0009236,CUST03568,2026-07-25,Technical Issue,Medium,94,Resolved,2
TICK0009237,CUST03568,2026-08-26,Technical Issue,Low,194,Resolved,2
TICK0009238,CUST03568,2026-09-02,Bug Report,Urgent,7,Resolved,2
TICK0009239,CUST03568,2026-08-30,Integration,Medium,37,Resolved,2
TICK0009240,CUST03569,2025-08-29,Integration,Medium,49,Resolved,4
TICK0009241,CUST03569,2025-06-15,How-To Question,Medium,30,Resolved,4
TICK0009242,CUST03569,2024-08-27,Bug Report,Medium,18,Resolved,4
TICK0009243,CUST03570,2026-09-14,Billing,Low,59,Resolved,3
TICK0009244,CUST03570,2026-09-12,Performance,Low,80,Resolved,3
TICK0009245,CUST03571,2026-03-06,Bug Report,Low,109,Resolved,3
TICK0009246,CUST03571,2025-06-06,Technical Issue,Medium,46,Resolved,3
TICK0009247,CUST03572,2025-11-13,Performance,High,14,Resolved,5
TICK0009248,CUST03572,2024-12-12,How-To Question,Medium,23,Resolved,4
TICK0009249,CUST03572,2025-06-23,How-To Question,Low,70,Resolved,2
TICK0009250,CUST03573,2024-03-19,Technical Issue,Low,152,Resolved,3
TICK0009251,CUST03574,2026-04-30,Account Access,Low,48,Resolved,3
TICK0009252,CUST03574,2025-06-20,Account Access,Low,76,Resolved,3
TICK0009253,CUST03575,2025-09-02,Feature Request,Medium,52,Resolved,4
TICK0009254,CUST03575,2026-02-23,Integration,Medium,32,Resolved,4
TICK0009255,CUST03575,2025-02-07,Feature Request,High,19,Resolved,3
TICK0009256,CUST03575,2025-04-06,Integration,High,4,Resolved,2
TICK0009257,CUST03576,2024-10-20,Technical Issue,Medium,82,Pending,4
TICK0009258,CUST03576 ,2024-04-09,Integration,Medium,48,Resolved,4
TICK0009259,CUST03576,2024-09-08,Feature Request,Low,78,Resolved,4
TICK0009260,CUST03577,2026-03-08,Feature Request,Low,25,Resolved,4
TICK0009261,CUST03579,2025-06-12,Feature Request,Low,62,Resolved,4
TICK0009262,CUST03580,2026-02-26,Integration,Low,88,Resolved,4
TICK0009263,CUST03580,2026-04-17,How-To Question,Low,77,Resolved,4
TICK0009264,CUST03580,2026-08-12,Performance,Low,66,Resolved,3
TICK0009265,CUST03581,2026-09-02,Technical Issue,Medium,28,Resolved,5
TICK0009266,CUST03581,2025-10-15,Account Access,Low,76,Resolved,4
TICK0009267,CUST03581,2024-04-10,Billing,High,23,Resolved,3
TICK0009268,CUST03581,2024-03-07,How-To Question,Low,28,Resolved,5
TICK0009269,CUST03582,2026-06-09,technical issue,Medium,63,Resolved,5
TICK0009270,CUST03583,2026-04-29,Billing,Medium,43,Resolved,4
TICK0009271,CUST03583,2026-03-02,Performance,Medium,44,Resolved,5
TICK0009272,CUST03584,2026-07-09,How-To Question,Medium,53,Resolved,4
TICK0009273,CUST03584,2025-05-03,How-To Question,Low,117,Resolved,3
TICK0009274,CUST03584,2026-09-21,Feature Request,Medium,67,Resolved,3
TICK0009275,CUST03586,2025-01-07,Account Access,High,40,Resolved,4
TICK0009276,CUST03586,2024-03-15,Bug Report,Medium,39,Resolved,3
TICK0009277,CUST03586,2025-06-16,Feature Request,Medium,64,Resolved,4
TICK0009278,CUST03587,2026-03-15,How-To Question,Medium,39,Resolved,4
TICK0009279,CUST03587,2026-01-08,Account Access,Medium,27,Resolved,5
TICK0009280,CUST03588,2026-08-05,How-To Question,Medium,39,Resolved,2
TICK0009281,CUST03589,2024-07-15,Integration,Medium,72,Resolved,5
TICK0009282,CUST03589,2025-04-05,Account Access,Medium,38,Open,1
TICK0009283,CUST03589,2024-08-03,Integration,Medium,65,Resolved,2
TICK0009284,CUST03589,2026-02-16,Performance,High,25,Resolved,2
TICK0009285,CUST03589,2024-12-15,Performance,Medium,28,Resolved,2
TICK0009286,CUST03589,2025-02-23,Account Access,Medium,106,Resolved,4
TICK0009287,CUST03590,2024-05-12,Feature Request,Low,84,Resolved,5
TICK0009288,CUST03590,2025-10-20,Performance,Low,63,Resolved,4
TICK0009289,CUST03590,2025-03-14,Billing,MEDIUM,43,Resolved,2
TICK0009290,CUST03591,2024-12-18,How-To Question,Low,82,Resolved,3
TICK0009291,CUST03591,2026-02-03,Technical Issue,Medium,58,Resolved,4
TICK0009292,CUST03591,2025-06-12,Account Access,Low,107,Resolved,1
TICK0009293,CUST03592,2026-05-31,Performance,Medium,49,Resolved,5
TICK0009294,CUST03592,2026-07-04,Feature Request,Urgent,13,Resolved,3
TICK0009295,CUST03593,2026-07-10,Integration,Urgent,27,Resolved,2
TICK0009296,CUST03593,2026-08-25,Performance,Low,76,Resolved,3
TICK0009297,CUST03593,2026-05-11,Integration,Low,163,Resolved,3
TICK0009298,CUST03593,2025-09-03,Account Access,Medium,89,Open,2
TICK0009299,CUST03593,2025-08-02,Performance,Low,180,Resolved,1
TICK0009300,CUST03594,2024-01-30,Performance,Low,139,Resolved,1
TICK0009301,CUST03594,2025-12-17,Technical Issue,Low,93,Resolved,3
TICK0009302,CUST03594,2025-09-06,Account Access,Low,223,Open,1
TICK0009303,CUST03594,2024-01-15,Account Access,Low,64,Resolved,3
TICK0009304,CUST03594,2025-01-02,Performance,Low,142,Resolved,2
TICK0009305,CUST03595,2026-02-01,Bug Report,Low,67,Resolved,4
TICK0009306,CUST03595,2026-06-25,Billing,Urgent,15,Resolved,4
TICK0009307,CUST03595,2026-06-04,INTEGRATION,Medium,46,Resolved,4
TICK0009308,CUST03596,2026-04-21,Performance,Medium,21,Resolved,4
TICK0009309,CUST03596,2025-12-29,Billing,Low,80,Resolved,4
TICK0009310,CUST03597,2026-06-15,Feature Request,Medium,81,Resolved,4
TICK0009311,CUST03597,2026-09-18,How-To Question,Low,12,Pending,5
TICK0009312,CUST03597,2026-05-26,Technical Issue,Low,89,Resolved,4
TICK0009313,CUST03599,2026-04-04,Account Access,Medium,57,Resolved,4
TICK0009314,CUST03599,2026-07-10,Performance,Low,14,Resolved,5
TICK0009315,CUST03599,2025-11-29,Billing,High,21,Resolved,5
TICK0009316,CUST03600,07/24/2026,How-To Question,Medium,76,Resolved,5
TICK0009317,CUST03600,2026-07-12,How-To Question,Medium,66,Resolved,1
TICK0009318,CUST03600,2026-09-06,Account Access,Low,90,Resolved,5
TICK0009319,CUST03600,2026-07-03,Account Access,Low,72,Resolved,2
TICK0009320,CUST03600,2026-06-27,How-To Question,Low,38,Resolved,1
TICK0009321,CUST03600,2026-08-08,How-To Question,Medium,50,Resolved,2
TICK0009322,CUST03601,2026-09-11,Integration,Low,43,Resolved,5
TICK0009323,CUST03601,2026-06-17,Account Access,Low,17,Resolved,5
TICK0009324,CUST03601,2025-07-22,How-To Question,Urgent,10,Resolved,5
TICK0009325,CUST03602 ,2026-07-03,Feature Request,Medium,55,Resolved,5
TICK0009326,CUST03602,2025-11-14,Bug Report,Low,109,Resolved,1
TICK0009327,CUST03603,2026-01-28,Account Access,Medium,63,Resolved,4
TICK0009328,CUST03603,2026-02-03,Technical Issue,Medium,39,Resolved,3
TICK0009329,CUST03603,2025-11-05,Performance,High,35,Pending,
TICK0009330,CUST03603,2025-12-28,Performance,Medium,87,Resolved,3
TICK0009331,CUST03603,2025-07-05,Performance,Medium,26,Resolved,5
TICK0009332,CUST03603,2025-09-18,Technical Issue,Low,103,Resolved,3
TICK0009333,CUST03603,2025-07-16,Technical Issue,Medium,111,Resolved,2
TICK0009334,CUST03603,2025-06-30,Technical Issue,Low,77,Resolved,2
TICK0009335,CUST03604 ,2026-07-27,How-To Question,Low,75,Resolved,3
TICK0009336,CUST03605,2025-12-23, billing,Low,93,Resolved,5
TICK0009337,CUST03605,2024-08-03,How-To Question,High,17,Resolved,
TICK0009338,CUST03605,2024-05-31,Integration,Medium,49,Resolved,5
TICK0009339,CUST03605,2026-08-08,Account Access,Medium,63,Resolved,5
TICK0009340,CUST03606,2025-11-27,Account Access,Low,29,Open,5
TICK0009341,CUST03606,2025-09-02,Account Access,Medium,75,Pending,1
TICK0009342,CUST03607,2026-07-07,How-To Question,Low,83,Pending,5
TICK0009343,CUST03607,2026-09-20,How-To Question,Medium,48,Resolved,5
TICK0009344,CUST03608,2025-08-14,Integration,Low,89,Resolved,3
TICK0009345,CUST03608,2025-10-15,Bug Report,Medium,55,Resolved,4
TICK0009346,CUST03608,2026-05-16,Integration,Medium,38,Resolved,2
TICK0009347,CUST03609,2025-07-11,Performance,Low,90,Resolved,1
TICK0009348,CUST03609,2024-11-28,Technical Issue,Medium,141,Open,4
TICK0009349,CUST03609,2026-02-01,Integration,Low,23,Resolved,2
TICK0009350,CUST03609,2026-08-04,Technical Issue,Low,50,Resolved,2
TICK0009351,CUST03609,2024-08-04,Technical Issue,Low,141,resolved,1
TICK0009352,CUST03609,2026-04-04,Account Access,Low,106,Resolved,2
TICK0009353,CUST03610,2025-08-17,Feature Request,Medium,35,Resolved,3
TICK0009354,CUST03610,2025-08-23,Bug Report,Medium,49,Resolved,5
TICK0009355,CUST03610,2026-05-05,Feature Request,High,15,Resolved,4
TICK0009356,CUST03610,2025-08-31,Integration,Urgent,17,Resolved,4
TICK0009357,CUST03610,2025-10-27,Integration,Medium,42,resolved,5
TICK0009358,CUST03611,2026-08-07,how-to question,Low,63,Resolved,4
TICK0009359,CUST03611,2026-04-07,How-To Question,Low,64,Resolved,3
TICK0009360,CUST03612,2024-11-04,Integration,Medium,57,Resolved,5
TICK0009361,CUST03612,2024-10-27,Technical Issue,Medium,69,Pending,2
TICK0009362,CUST03612,2024-12-19,Technical Issue,Low,121,Resolved,1
TICK0009363,CUST03613,2025-07-27,Feature Request,Low,69,Resolved,5
TICK0009364,CUST03613,2026-02-11,Performance,Low,63,Pending,2
TICK0009365,CUST03613,2026-05-05,Billing,Medium,28,Resolved,3
TICK0009366,CUST03613,2025-07-15,Billing,Medium,48,Resolved,5
TICK0009367,CUST03613,2026-07-28,Billing,Medium,50,Resolved,3
TICK0009368,CUST03614,2025-12-09,Performance,Low,127,Resolved,4
TICK0009369,CUST03614,2025-08-04,Integration,Medium,56,Resolved,1
TICK0009370,CUST03614,2025-07-11,Bug Report,Low,107,Resolved,5
TICK0009371,CUST03614,2025-03-16,Bug Report,Low,124,Resolved,2
TICK0009372,CUST03614,2026-01-23,Bug Report,High,51,Resolved,5
TICK0009373,CUST03614,2026-01-30,Performance,Medium,119,Open,3
TICK0009374,CUST03615,2026-05-28,How-To Question,High,25,Resolved,3
TICK0009375,CUST03615,2024-09-22,Feature Request,Low,12,Resolved,4
TICK0009376,CUST03615,2025-02-16,Performance,Medium,41,Resolved,4
TICK0009377,CUST03616,2026-04-17,Technical Issue,Low,12,Resolved,3
TICK0009378,CUST03616,2025-02-01,Account Access,Medium,57,Open,5
TICK0009379,CUST03616,2025-10-07,Integration,High,29,Resolved,5
TICK0009380,CUST03617,2026-08-16,How-To Question,Medium,41,Resolved,5
TICK0009381,CUST03617,2024-12-31,Account Access,Medium,54,Resolved,4
TICK0009382,CUST03617,2025-08-19,How-To Question,Medium,56,Resolved,5
TICK0009383,CUST03617,2024-12-24,account access,Low,92,Resolved,1
TICK0009384,CUST03617,2026-08-15,Technical Issue,Low,82,Resolved,4
TICK0009385,CUST03618,2024-07-11,Billing,Medium,56,Resolved,2
TICK0009386,CUST03619,2025-09-03,Bug Report,Medium,68,Resolved,2
TICK0009387,CUST03619,2025-10-25,Technical Issue,Medium,105,Resolved,1
TICK0009388,CUST03619,2025-08-02,Performance,Low,43,Resolved,1
TICK0009389,CUST03619,2026-04-02,Integration,High,49,Resolved,1
TICK0009390,CUST03619,2025-09-02,Bug Report,Low,103,Resolved,2
TICK0009391,CUST03619,2026-05-12,Bug Report,Low,39,Resolved,1
TICK0009392,CUST03619,2026-05-09,Bug Report,low,154,Resolved,2
TICK0009393,CUST03619,2026-03-30,Performance,Low,202,Open,2
TICK0009394,CUST03620,2025-11-26,Performance,Medium,58,Open,2
TICK0009395,CUST03620,2026-05-13,Technical Issue,Low,124,Resolved,3
TICK0009396,CUST03620,2026-01-06,Performance,Low,116,Resolved,4
TICK0009397,CUST03620,2026-06-17,Account Access,Low,62,Resolved,5
TICK0009398,CUST03621,2026-05-25,Integration,Medium,60,Resolved,5
TICK0009399,CUST03621,2026-07-16,Technical Issue,Medium,38,Resolved,5
TICK0009400,CUST03622,2024-02-10,Technical Issue,Low,136,Resolved,2
TICK0009401,CUST03622 ,2025-12-24,Integration,Medium,116,Open,2
TICK0009402,CUST03622,2026-01-25,Integration,High,27,Resolved,1
TICK0009403,CUST03622,2025-03-01,Integration,Low,125,Resolved,2
TICK0009404,CUST03622,2024-02-21,Account Access,Low,67,Resolved,4
TICK0009405,CUST03622 ,2024-01-13,Integration,Low,140,Resolved,1
TICK0009406,CUST03623,2025-12-25,Technical Issue,Low,51,Resolved,5
TICK0009407,CUST03623,2026-01-14,Feature Request,Low,108,Resolved,3
TICK0009408,CUST03623,2023-11-28,How-To Question,Medium,78,Resolved,5
TICK0009409,CUST03623,2025-10-09,Integration,low,76,Resolved,5
TICK0009410,CUST03624,2026-06-01,Feature Request,Low,44,Resolved,4
TICK0009411,CUST03624,2026-01-25,Account Access,Urgent,21,Resolved,4
TICK0009412,CUST03624,2025-01-26,How-To Question,Low,24,Resolved,5
TICK0009413,CUST03624,2026-09-20,Account Access,Urgent,20,Resolved,5
TICK0009414,CUST03624,2025-08-16,Feature Request,Medium,48,Resolved,5
TICK0009415,CUST03625,2026-07-15,Performance,Low,12,Resolved,3
TICK0009416,CUST03626,2026-07-09,Performance,Low,67,Resolved,4
TICK0009417,CUST03626,2026-07-26,Technical Issue,Medium,18,Resolved,4
TICK0009418,CUST03626,2026-06-10,Billing,Low,66,Resolved,4
TICK0009419,CUST03627,2025-06-03,Feature Request,High,31,Resolved,4
TICK0009420,CUST03627,2026-06-29,Account Access,Low,50,Resolved,5
TICK0009421,CUST03627,2025-03-02,Billing,Low,67,Resolved,
TICK0009422,CUST03628,2025-08-05,Integration,Low,47,Resolved,5
TICK0009423,CUST03628,2025-06-19,Technical Issue,Medium,19,Resolved,4
TICK0009424,CUST03628,2025-09-16,How-To Question,Low,116,Resolved,5
TICK0009425,CUST03629,2025-01-30,How-To Question,Low,89,Resolved,5
TICK0009426,CUST03629,2025-01-27,How-To Question,Medium,56,Resolved,5
TICK0009427,CUST03629,2024-12-10,Bug Report,Low,103,Resolved,5
TICK0009428,CUST03629,2026-07-29,Bug Report,Medium,21,Resolved,4
TICK0009429,CUST03630,2026-07-19,Billing,Medium,12,Resolved,3
TICK0009430,CUST03630,2025-03-05,How-To Question,Medium,40,Resolved,5
TICK0009431,CUST03630,2026-06-29,Performance,Medium,52,Resolved,3
TICK0009432,CUST03632,2026-07-03,Feature Request,High,13,resolved,4
TICK0009433,CUST03634,2026-02-21,How-To Question,Medium,38,Resolved,5
TICK0009434,CUST03634,2026-05-23,How-To Question,Medium,44,Resolved,5
TICK0009435,CUST03635,2025-04-11,Bug Report,Low,53,Resolved,3
TICK0009436,CUST03636,2025-02-20,How-To Question,Low,127,Resolved,5
TICK0009437,CUST03636,2026-03-22,Account Access,Medium,73,Resolved,1
TICK0009438,CUST03636,2024-11-03,Account Access,Medium,19,Resolved,3
TICK0009439,CUST03636,2024-06-12,Account Access,Medium,82,Resolved,4
TICK0009440,CUST03638,2025-01-20,Technical Issue,High,12,Resolved,5
TICK0009441,CUST03639,2026-04-11,How-To Question,Low,83,Resolved,4
TICK0009442,CUST03639,2025-02-22,Technical Issue,Low,35,Resolved,2
TICK0009443,CUST03639,2024-02-19,Account Access,Low,90,Resolved,5
TICK0009444,CUST03639,2023-11-22,Performance,High,10,Resolved,4
TICK0009445,CUST03639,2023-12-11,Billing,High,42,Resolved,5
TICK0009446,CUST03640,2024-08-22,Billing,Low,12,Resolved,5
TICK0009447,CUST03640,2024-07-11,Performance,Medium,37,Resolved,4
TICK0009448,CUST03641,2025-12-09,Billing,Low,50,Resolved,4
TICK0009449,CUST03641,2026-06-03,Feature Request,Low,124,Resolved,4
TICK0009450,CUST03641,2025-07-26,Feature Request,Medium,28,Resolved,5
TICK0009451,CUST03641,2026-03-10,Billing,MEDIUM,24,Resolved,4
TICK0009452,CUST03641,2026-04-22,Feature Request,Medium,30,Open,1
TICK0009453,CUST03642,2026-08-16,How-To Question,Medium,37,Resolved,5
TICK0009454,CUST03642,2026-07-20,Billing,Medium,46,Resolved,5
TICK0009455,CUST03642,2026-09-07,Integration,High,18,Resolved,4
TICK0009456,CUST03643,2026-09-07,Integration,Low,36,Pending,1
TICK0009457,CUST03643,2026-08-03,Bug Report,Low,147,Resolved,1
TICK0009458,CUST03643,2026-07-21,Bug Report,Medium,52,Resolved,1
TICK0009459,CUST03643,2026-08-03,Bug Report,Low,94,Resolved,3
TICK0009460,CUST03643,2026-08-17,Account Access,Medium,105,Resolved,2
TICK0009461,CUST03644 ,2026-09-23,Feature Request,Low,62,Resolved,5
TICK0009462,CUST03645,2026-07-23,Account Access,Medium,75,Resolved,5
TICK0009463,CUST03645,2026-09-15,Integration,Medium,70,Resolved,2
TICK0009464,CUST03645,2026-09-23,Technical Issue,Medium,68,Open,2
TICK0009465,CUST03645,2026-09-12,Integration,Urgent,9,Resolved,2
TICK0009466,CUST03645,2026-09-13,Account Access,Low,96,Resolved,3
TICK0009467,CUST03646,2024-09-20,Performance,Low,117,Resolved,5
TICK0009468,CUST03646,2025-10-25,Performance,Urgent,19,Resolved,4
TICK0009469,CUST03646,2024-03-14,Feature Request,Medium,22,Resolved,5
TICK0009470,CUST03646,2024-04-15,Feature Request,Low,57,Open,1
TICK0009471,CUST03647,2026-06-19,How-To Question,Low,37,Resolved,5
TICK0009472,CUST03648,2026-08-21,How-To Question,Low,86,Pending,5
TICK0009473,CUST03649,2026-01-07,Performance,Low,65,Resolved,5
TICK0009474,CUST03649,2026-09-18,How-To Question,Medium,53,Resolved,3
TICK0009475,CUST03650,2026-09-11,Feature Request,Medium,25,Resolved,3
TICK0009476,CUST03650,2026-09-21,Account Access,Low,50,Pending,2
TICK0009477,CUST03651,2026-08-02,Bug Report,Low,19,Resolved,1
TICK0009478,CUST03651,2025-06-16,Account Access,Low,142,Resolved,3
TICK0009479,CUST03651,2025-02-20,Account Access,Medium,110,Resolved,1
TICK0009480,CUST03651,2025-12-26,Account Access,Low,88,Resolved,1
TICK0009481,CUST03651,2024-08-28,Technical Issue,Medium,74,Resolved,3
TICK0009482,CUST03652,2026-04-19,Billing,Medium,24,Resolved,5
TICK0009483,CUST03652,2026-07-22,how-to question,Medium,56,Resolved,5
TICK0009484,CUST03653,2026-01-16,Account Access,Medium,50,Resolved,2
TICK0009485,CUST03653,2025-09-05,Bug Report,Urgent,2,Resolved,5
TICK0009486,CUST03654,2025-07-15,Billing,Medium,47,Resolved,1
TICK0009487,CUST03654,2025-10-04,How-To Question,Medium,39,Pending,3
TICK0009488,CUST03654,2025-09-15,Billing,Medium,44,Resolved,5
TICK0009489,CUST03654,2025-08-09,How-To Question,Low,26,Resolved,4
TICK0009490,CUST03655,2024-04-17,Feature Request,Medium,62,Resolved,3
TICK0009491,CUST03655,2025-03-13,Performance,High,29,Open,3
TICK0009492,CUST03655,2025-04-01,Feature Request,Low,81,Resolved,3
TICK0009493,CUST03655,2025-10-15,Performance,Low,62,Open,5
TICK0009494,CUST03655,2025-01-15,How-To Question,Urgent,2,Open,3
TICK0009495,CUST03657,2025-12-12,Account Access,Low,55,Resolved,5
TICK0009496,CUST03658,2026-01-10,Feature Request,Low,47,Resolved,3
TICK0009497,CUST03658,2026-07-04,Feature Request,Medium,40,Resolved,5
TICK0009498,CUST03658,2025-10-13,Feature Request,Low,69,Resolved,5
TICK0009499,CUST03658,2024-10-22,Billing,Low,29,Resolved,2
TICK0009500,CUST03658,2024-05-28,How-To Question,Medium,20,Pending,4
TICK0009501,CUST03660,2025-11-18,Technical Issue,Medium,54,Resolved,4
TICK0009502,CUST03660,2026-06-02,Performance,High,32,Resolved,3
TICK0009503,CUST03660,2026-09-14,INTEGRATION,Low,95,Resolved,5
TICK0009504,CUST03660,2025-07-05,Performance,Low,68,Resolved,4
TICK0009505,CUST03661,2026-08-22,technical issue,Medium,67,Resolved,2
TICK0009506,CUST03661,2026-09-13,Performance,High,39,Pending,2
TICK0009507,CUST03661,2026-08-09,Performance,Low,115,Resolved,1
TICK0009508,CUST03661,2026-09-16,Technical Issue,High,34,Resolved,2
TICK0009509,CUST03662,2026-01-22,Integration,Medium,19,Resolved,5
TICK0009510,CUST03662,2026-02-28,How-To Question,Medium,64,Resolved,4
TICK0009511,CUST03663,2026-06-24,Integration,Low,72,Resolved,5
TICK0009512,CUST03664,2026-09-20,Billing,Low,113,Resolved,5
TICK0009513,CUST03664,2026-07-16,Billing,High,32,Resolved,1
TICK0009514,CUST03665,2025-09-11,Billing,Low,43,Resolved,1
TICK0009515,CUST03665,2026-03-06,Billing,Medium,60,Resolved,2
TICK0009516,CUST03666,2025-11-25,Bug Report,High,13,Resolved,1
TICK0009517,CUST03666 ,2025-10-22,Account Access,High,27,Resolved,5
TICK0009518,CUST03666,03/14/2026,Technical Issue,Low,63,Resolved,3
TICK0009519,CUST03666,2026-09-01,Billing,High,6,Pending,5
TICK0009520,CUST03667,2026-05-03,How-To Question,Medium,58,Resolved,4
TICK0009521,CUST03669,2025-03-23,Account Access,High,35,Resolved,5
TICK0009522,CUST03670,2026-08-15,Performance,Medium,81,Resolved,3
TICK0009523,CUST03671,2025-03-17,Bug Report,Low,76,Resolved,2
TICK0009524,CUST03671,2025-03-29,Account Access,Low,96,Resolved,5
TICK0009525,CUST03671,2024-12-30,Technical Issue,Urgent,19,Resolved,3
TICK0009526,CUST03671,2024-12-28,Technical Issue,Urgent,7,Resolved,3
TICK0009527,CUST03671,2025-01-21,Account Access,Medium,53,Resolved,3
TICK0009528,CUST03672,2025-12-07,Bug Report,Medium,24,Open,4
TICK0009529,CUST03673,2024-10-30,Feature Request,Medium,32,Resolved,5
TICK0009530,CUST03673,2026-03-31,Feature Request,Medium,57,Pending,1
TICK0009531,CUST03673,2024-04-03,Account Access,Low,98,Pending,3
TICK0009532,CUST03674,2026-03-25,Bug Report,Low,116,Resolved,2
TICK0009533,CUST03674,2026-05-25,Account Access,Low,73,Resolved,2
TICK0009534,CUST03674,2026-03-08,Bug Report,High,43,Resolved,2
TICK0009535,CUST03674,2026-04-13,Account Access,Low,95,Resolved,1
TICK0009536,CUST03674,2026-04-29,Integration,Low,127,Resolved,5
TICK0009537,CUST03674,2026-04-29,Performance,Low,147,Resolved,2
TICK0009538,CUST03675,2026-07-22,Account Access,Low,57,Resolved,4
TICK0009539,CUST03675,2025-12-19,Feature Request,Medium,8,Resolved,3
TICK0009540,CUST03676,2026-01-01,Account Access,Low,70,Resolved,2
TICK0009541,CUST03676,2025-12-16,Feature Request,Medium,28,Resolved,4
TICK0009542,CUST03677,2026-08-01,Technical Issue,Low,137,Resolved,4
TICK0009543,CUST03677,2026-08-17,Billing,Medium,74,Resolved,3
TICK0009544,CUST03678,2026-03-30,Bug Report,High,32,Resolved,1
TICK0009545,CUST03678,2025-04-17,Account Access,High,52,Resolved,5
TICK0009546,CUST03679,2026-06-02,how-to question,High,17,Resolved,4
TICK0009547,CUST03680,2024-06-24,Bug Report,Medium,16,Resolved,4
TICK0009548,CUST03681,2025-09-25,Integration,Medium,72,Resolved,4
TICK0009549,CUST03681,2026-01-10,Bug Report,Low,65,Resolved,4
TICK0009550,CUST03681,2025-10-02,Performance,Low,93,Resolved,5
TICK0009551,CUST03681,2025-03-23,Feature Request,Medium,59,Resolved,4
TICK0009552,CUST03682,2026-02-17,Billing,Low,68,Resolved,4
TICK0009553,CUST03682,2026-04-25,How-To Question,Medium,27,Resolved,2
TICK0009554,CUST03682,2026-02-09,Billing,Low,89,Resolved,2
TICK0009555,CUST03682 ,2025-03-27,How-To Question,High,41,Resolved,5
TICK0009556,CUST03683,2024-09-19,Billing,High,23,Resolved,5
TICK0009557,CUST03683,2024-05-20,Billing,Low,125,Resolved,5
TICK0009558,CUST03683,2024-11-24,Integration,High,16,Open,4
TICK0009559,CUST03684,2026-06-18,How-To Question,Low,52,Resolved,2
TICK0009560,CUST03684,2026-09-14,Billing,High,24,Resolved,5
TICK0009561,CUST03684,2026-07-07,Technical Issue,Low,62,Resolved,5
TICK0009562,CUST03684,2026-07-16,Billing,Medium,66,Resolved,5
TICK0009563,CUST03685,2024-07-23,Integration,Medium,26,Resolved,5
TICK0009564,CUST03685,02/13/2026,Feature Request,Low,48,Resolved,5
TICK0009565,CUST03685,2025-03-08,Feature Request,Low,77,Resolved,4
TICK0009566,CUST03686,2025-02-28,Performance,Medium,68,Resolved,5
TICK0009567,CUST03686,2026-01-21,how-to question,Medium,46,Resolved,5
TICK0009568,CUST03686,2026-03-14,Integration,Medium,50,Resolved,3
TICK0009569,CUST03687,2026-02-09,Feature Request,Medium,42,Resolved,5
TICK0009570,CUST03688,2026-06-13,Technical Issue,Low,93,Resolved,2
TICK0009571,CUST03688 ,2025-07-11,Performance,Low,59,Resolved,3
TICK0009572,CUST03688,2025-03-18,Account Access,High,66,Resolved,1
TICK0009573,CUST03688,2025-07-10,Bug Report,Low,86,Resolved,2
TICK0009574,CUST03688,2026-05-16,Account Access,High,85,Resolved,2
TICK0009575,CUST03689,2026-01-10,Bug Report,Medium,31,Resolved,4
TICK0009576,CUST03691,2025-05-23,How-To Question,Medium,48,Resolved,4
TICK0009577,CUST03691,2025-05-18,Account Access,Medium,32,Resolved,4
TICK0009578,CUST03691,2026-01-27,Performance,Low,57,Resolved,4
TICK0009579,CUST03691,2024-09-12,Billing,Low,133,Resolved,5
TICK0009580,CUST03692,2026-03-16,Performance,Low,115,Resolved,2
TICK0009581,CUST03692,2026-07-11,Performance,Medium,85,Resolved,3
TICK0009582,CUST03692,2026-06-27,Feature Request,Low,51,Resolved,5
TICK0009583,CUST03693,2026-07-25,How-To Question,Low,40,Resolved,4
TICK0009584,CUST03693,2024-12-25,How-To Question,Medium,47,Resolved,5
TICK0009585,CUST03693,2025-07-29,Integration,Low,38,Resolved,3
TICK0009586,CUST03693,2025-04-16,Integration,Low,97,Resolved,3
TICK0009587,CUST03694,2025-09-22,Integration,Medium,51,Resolved,4
TICK0009588,CUST03694,2024-12-21,Bug Report,Urgent,21,Resolved,5
TICK0009589,CUST03694,2025-02-12,Account Access,Low,84,Resolved,1
TICK0009590,CUST03694,2026-09-09,Account Access,Medium,49,Resolved,1
TICK0009591,CUST03695,2026-08-18,Performance,Low,100,Resolved,4
TICK0009592,CUST03696,2025-10-30,Performance,Low,74,Resolved,2
TICK0009593,CUST03696,2025-11-07,Technical Issue,Medium,14,Resolved,4
TICK0009594,CUST03696,2025-07-24,Performance,High,33,Resolved,1
TICK0009595,CUST03696,2025-11-04,Technical Issue,Medium,75,Resolved,2
TICK0009596,CUST03696,2025-10-24,Integration,High,33,Pending,3
TICK0009597,CUST03696,2025-08-13,Performance,High,30,Resolved,5
TICK0009598,CUST03696,2025-07-03,Bug Report,Low,19,Resolved,1
TICK0009599,CUST03696,2025-09-18,Integration,Low,103,Resolved,1
TICK0009600,CUST03696,2025-07-05,Bug Report,Low,130,Resolved,3
TICK0009601,CUST03696,2025-09-17,Technical Issue,Low,98,Resolved,1
TICK0009602,CUST03696,2025-09-07,Performance,Medium,59,Resolved,3
TICK0009603,CUST03697,2026-02-23,How-To Question,High,30,Resolved,3
TICK0009604,CUST03697,2026-07-20,how-to question,Low,46,Resolved,4
TICK0009605,CUST03697,2026-01-14,Feature Request,Medium,57,Pending,4
TICK0009606,CUST03698,2026-01-07,Integration,Medium,44,Resolved,3
TICK0009607,CUST03698,2026-03-12,Integration,Low,74,Resolved,4
TICK0009608,CUST03699,2026-09-13,Account Access,Low,80,Resolved,4
TICK0009609,CUST03699,2026-08-19,Feature Request,Low,75,Resolved,3
TICK0009610,CUST03700,2025-12-21,Bug Report,Medium,57,Resolved,5
TICK0009611,CUST03700,2025-04-08,Billing,Medium,36,Resolved,4
TICK0009612,CUST03700,2025-04-19,How-To Question,Medium,18,Open,5
TICK0009613,CUST03700,2026-07-25,Bug Report,Medium,44,Resolved,5
TICK0009614,CUST03701,2025-10-26,Integration,Medium,51,Resolved,2
TICK0009615,CUST03701,2026-04-20,Bug Report,Low,36,Resolved,1
TICK0009616,CUST03702,2025-11-14,Account Access,High,11,Resolved,4
TICK0009617,CUST03702,2026-03-26,Billing,Medium,99,Resolved,5
TICK0009618,CUST03703,2026-07-24,Account Access,Medium,70,Open,4
TICK0009619,CUST03703,2026-08-08,How-To Question,Low,89,Resolved,3
TICK0009620,CUST03704,2025-06-29,Integration,Medium,71,Resolved,3
TICK0009621,CUST03704,2026-05-22,Account Access,Low,160,Resolved,4
TICK0009622,CUST03704,2025-10-01,Account Access,Medium,71,Resolved,1
TICK0009623,CUST03704,2026-09-14,Integration,Low,103,Resolved,1
TICK0009624,CUST03704,2025-06-17,Account Access,Urgent,19,Resolved,2
TICK0009625,CUST03704,2025-12-27,Bug Report,Low,172,Resolved,3
TICK0009626,CUST03705,2026-04-13,Integration,Low,88,Resolved,5
TICK0009627,CUST03705,2026-04-17,How-To Question,Low,36,Resolved,3
TICK0009628,CUST03705,2026-07-31,Performance,Low,30,Resolved,5
TICK0009629,CUST03705,2026-08-04,Bug Report,Medium,28,Open,3
TICK0009630,CUST03705,2026-09-19,How-To Question,Medium,57,Resolved,3
TICK0009631,CUST03706,2026-05-21,Account Access,Low,84,Open,4
TICK0009632,CUST03706,2026-05-17,Billing,Low,82,Resolved,4
TICK0009633,CUST03706,2025-12-05,Bug Report,High,16,Resolved,5
TICK0009634,CUST03707,2026-02-16,Account Access,Low,102,Resolved,4
TICK0009635,CUST03707,2025-11-11,Performance,Medium,55,Resolved,4
TICK0009636,CUST03709,2024-06-06,Technical Issue,Low,12,Resolved,5
TICK0009637,CUST03709,2025-08-04,Billing,Low,66,Resolved,4
TICK0009638,CUST03710,2026-03-12,Feature Request,Medium,40,Resolved,3
TICK0009639,CUST03710,2026-03-12,Feature Request,Low,41,Resolved,1
TICK0009640,CUST03710,2026-03-03, billing,Low,12,Resolved,1
TICK0009641,CUST03710,2026-07-23,Performance,Medium,22,Resolved,4
TICK0009642,CUST03711,2026-02-25,Billing,Low,76,Resolved,5
TICK0009643,CUST03712,2026-09-08,Account Access,Medium,29,Resolved,5
TICK0009644,CUST03712,2024-07-06,Performance,High,14,Resolved,3
TICK0009645,CUST03712,2024-03-26,Integration,Low,131,Resolved,3
TICK0009646,CUST03712,2026-05-07,Feature Request,Medium,13,Resolved,4
TICK0009647,CUST03713,2025-11-22,how-to question,Low,76,Resolved,5
TICK0009648,CUST03713,2025-12-15,Account Access,Low,61,Resolved,4
TICK0009649,CUST03713,2026-09-04,Billing,High,9,Resolved,2
TICK0009650,CUST03713,2025-05-03,Performance,Low,23,Pending,5
TICK0009651,CUST03714,2025-08-12,Technical Issue,Medium,62,Resolved,5
TICK0009652,CUST03714,2026-03-01,How-To Question,Urgent,6,Resolved,2
TICK0009653,CUST03714,2025-08-14,Integration,Medium,36,Resolved,4
TICK0009654,CUST03714,2026-06-11,Account Access,Low,104,Resolved,5
TICK0009655,CUST03715,2026-03-28,Billing,Low,79,Resolved,4
TICK0009656,CUST03715,2025-11-14,Billing,Medium,57,Resolved,3
TICK0009657,CUST03715,2026-04-11,Billing,Medium,38,Resolved,4
TICK0009658,CUST03715,2026-09-04,How-To Question,High,12,Pending,2
TICK0009659,CUST03716,2024-12-09,Feature Request,High,22,Resolved,5
TICK0009660,CUST03717,2025-05-16,How-To Question,Medium,85,Resolved,5
TICK0009661,CUST03717,2025-04-02,Feature Request,Medium,46,Resolved,3
TICK0009662,CUST03719,2025-12-19,Bug Report,Low,89,Resolved,5
TICK0009663,CUST03719,2026-05-30,Feature Request,Low,58,Resolved,3
TICK0009664,CUST03719,2025-05-16,Technical Issue,Medium,62,Resolved,4
TICK0009665,CUST03720,2025-11-12,Technical Issue,Low,91,Resolved,3
TICK0009666,CUST03720,2025-10-10,How-To Question,High,7,Resolved,2
TICK0009667,CUST03721,2025-11-25,Integration,Low,44,Resolved,5
TICK0009668,CUST03722,2025-05-18,How-To Question,Low,40,Resolved,4
TICK0009669,CUST03722,2025-09-26, billing,High,25,Resolved,5
TICK0009670,CUST03722 ,2024-09-25,Billing,Urgent,11,Resolved,5
TICK0009671,CUST03722,2025-01-28,Technical Issue,Medium,38,Resolved,5
TICK0009672,CUST03722,2025-08-25,Technical Issue,Low,126,Resolved,3
TICK0009673,CUST03722,2025-09-13,How-To Question,High,35,Resolved,3
TICK0009674,CUST03722,2024-10-18,Billing,Low,34,Resolved,4
TICK0009675,CUST03723,2025-11-03,How-To Question,High,40,Resolved,3
TICK0009676,CUST03723,2026-03-07,Technical Issue,Low,52,Resolved,4
TICK0009677,CUST03723,2025-08-17,Bug Report,Medium,34,Resolved,4
TICK0009678,CUST03723,2025-07-16,Feature Request,Low,67,Resolved,4
TICK0009679,CUST03724,2026-06-07,Technical Issue,Low,58,Resolved,3
TICK0009680,CUST03724,2026-09-01,Technical Issue,Low,120,Resolved,5
TICK0009681,CUST03725,2025-03-28,Account Access,Medium,33,Resolved,5
TICK0009682,CUST03726,2026-08-20,Bug Report,Medium,48,Resolved,5
TICK0009683,CUST03727,2026-06-16,Billing,Medium,50,Resolved,5
TICK0009684,CUST03727,2026-07-30,How-To Question,Medium,68,Pending,4
TICK0009685,CUST03727,2026-07-21,Feature Request,Medium,39,Resolved,4
TICK0009686,CUST03727,06/10/2026,Billing,High,14,Resolved,3
TICK0009687,CUST03727,2026-07-16,How-To Question,Low,52,Resolved,3
TICK0009688,CUST03727,2026-06-22,Billing,Medium,36,Resolved,4
TICK0009689,CUST03727,2026-07-02,How-To Question,Low,56,Resolved,1
TICK0009690,CUST03728,2025-04-17,Account Access,High,53,Resolved,1
TICK0009691,CUST03728,2025-04-21,Account Access,Low,106,Resolved,3
TICK0009692,CUST03728,2025-07-03,Integration,Low,183,Resolved,1
TICK0009693,CUST03728,2025-05-11,Technical Issue,Medium,88,Resolved,2
TICK0009694,CUST03729,2024-03-03,Integration,Low,116,Resolved,5
TICK0009695,CUST03729,2024-01-07,Feature Request,Low,64,Resolved,3
TICK0009696,CUST03729,2025-01-09,Integration,High,19,Resolved,4
TICK0009697,CUST03730,2025-08-21,Account Access,Low,43,Resolved,4
TICK0009698,CUST03730,2026-08-05,How-To Question,Medium,56,Resolved,4
TICK0009699,CUST03731,2026-01-02,Performance,Low,19,Resolved,1
TICK0009700,CUST03731,2025-12-17,Performance,High,39,Resolved,1
TICK0009701,CUST03731,2025-11-15,Bug Report,Low,36,Resolved,3
TICK0009702,CUST03731,2026-02-20,Performance,Low,94,Resolved,1
TICK0009703,CUST03732,2025-06-25,How-To Question,Low,99,Resolved,4
TICK0009704,CUST03732,2025-07-24,How-To Question,Medium,87,Open,5
TICK0009705,CUST03732,2026-08-27,How-To Question,Medium,61,Resolved,5
TICK0009706,CUST03732,2025-12-09,How-To Question,Medium,62,Resolved,2
TICK0009707,CUST03732,2025-12-22,Account Access,Low,50,Resolved,4
TICK0009708,CUST03734,2026-05-21,Account Access,High,15,Resolved,5
TICK0009709,CUST03734,2026-09-23,Performance,Medium,33,Resolved,4
TICK0009710,CUST03735,2025-05-26,Feature Request,Low,39,Resolved,5
TICK0009711,CUST03735,2026-01-06,Technical Issue,Low,63,Resolved,4
TICK0009712,CUST03736,2025-12-14,Performance,Medium,57,Resolved,1
TICK0009713,CUST03736,2026-05-15,Performance,Low,69,Resolved,3
TICK0009714,CUST03736,2024-09-15,Technical Issue,Low,161,Resolved,3
TICK0009715,CUST03736,2025-06-20,Technical Issue,High,61,Resolved,2
TICK0009716,CUST03736,07/30/2026,Technical Issue,Medium,60,Resolved,2
TICK0009717,CUST03737,2026-08-17,Bug Report,Medium,89,Resolved,4
TICK0009718,CUST03737,2026-06-02,Performance,Low,150,Resolved,2
TICK0009719,CUST03737,2026-06-09,Integration,Medium,91,Resolved,2
TICK0009720,CUST03737,2026-05-04,Technical Issue,Medium,99,Resolved,5
TICK0009721,CUST03737,2026-09-09,Bug Report,Medium,61,Open,1
TICK0009722,CUST03737 ,2026-06-13,Technical Issue,Medium,55,Resolved,2
TICK0009723,CUST03738,06/17/2026,Performance,High,36,Resolved,2
TICK0009724,CUST03738,2025-02-12,How-To Question,Medium,48,Resolved,3
TICK0009725,CUST03738,2025-09-17,Billing,Medium,63,Resolved,4
TICK0009726,CUST03739,2024-12-07,Performance,Low,43,Resolved,2
TICK0009727,CUST03740,2026-03-27,How-To Question,Medium,67,Resolved,5
TICK0009728,CUST03740,2026-05-03,How-To Question,low,33,Resolved,1
TICK0009729,CUST03741,2026-02-03,Feature Request,MEDIUM,22,Resolved,4
TICK0009730,CUST03741,2026-03-18,Account Access,Medium,50,Open,5
TICK0009731,CUST03742,2026-07-29,Performance,Low,128,Resolved,4
TICK0009732,CUST03742,2026-06-06,Performance,Medium,38,Resolved,2
TICK0009733,CUST03742,2026-02-26,Performance,Medium,46,Resolved,5
TICK0009734,CUST03743,2026-01-22,Account Access,Medium,81,Resolved,3
TICK0009735,CUST03743,2026-07-03,performance,Low,151,Resolved,3
TICK0009736,CUST03743,2026-04-08,Technical Issue,Medium,46,Resolved,1
TICK0009737,CUST03743,2026-09-15,Account Access,Medium,31,Resolved,1
TICK0009738,CUST03744,2026-08-30,Feature Request,High,14,Pending,5
TICK0009739,CUST03745,2026-07-05,Integration,Urgent,12,Resolved,4
TICK0009740,CUST03746,2023-12-13,Integration,Medium,84,Resolved,2
TICK0009741,CUST03746,2024-02-25,Account Access,Low,83,Resolved,2
TICK0009742,CUST03746,2024-02-11,Account Access,Low,99,Open,2
TICK0009743,CUST03746,2024-05-27,Bug Report,Medium,87,Resolved,1
TICK0009744,CUST03746,2023-11-23,Performance,Medium,80,Resolved,1
TICK0009745,CUST03747,2024-09-06,Account Access,High,19,Resolved,5
TICK0009746,CUST03747,2024-12-20,Feature Request,Low,106,Open,5
TICK0009747,CUST03748,2025-06-15,Account Access,Low,92,Resolved,4
TICK0009748,CUST03749,2026-05-11,Account Access,Low,45,Resolved,5
TICK0009749,CUST03750,2025-12-25,How-To Question,Low,81,Resolved,3
TICK0009750,CUST03750,2026-07-22,Account Access,Medium,67,Resolved,4
TICK0009751,CUST03750,2025-12-25,Feature Request,Low,93,Resolved,1
TICK0009752,CUST03750,2026-09-04,How-To Question,Low,57,Resolved,4
TICK0009753,CUST03751,2025-07-22,Performance,Low,64,Pending,2
TICK0009754,CUST03751,2026-05-06,Billing,Low,78,Resolved,3
TICK0009755,CUST03752,2025-10-30,Account Access,Low,92,Resolved,2
TICK0009756,CUST03752,2026-03-23,Billing,Low,53,Pending,4
TICK0009757,CUST03753,2026-05-13,Technical Issue,Low,171,Resolved,2
TICK0009758,CUST03753,2026-01-26,Integration,Low,205,Resolved,3
TICK0009759,CUST03753,2026-05-17,Bug Report,Low,133,Resolved,1
TICK0009760,CUST03753,2026-07-27,Performance,Low,34,Resolved,3
TICK0009761,CUST03753,07/20/2026,Technical Issue,Low,253,Resolved,2
TICK0009762,CUST03753,2026-03-05,Integration,Low,118,Pending,1
TICK0009763,CUST03754,2025-11-09,Performance,Low,57,Resolved,4
TICK0009764,CUST03755,2026-03-08,INTEGRATION,Low,121,Resolved,5
TICK0009765,CUST03755,2026-04-29,Account Access,Low,102,Resolved,5
TICK0009766,CUST03756,2024-04-03,Performance,Low,168,Resolved,4
TICK0009767,CUST03756,2026-06-07,Bug Report,Low,59,Resolved,4
TICK0009768,CUST03757,2026-05-30, billing,Low,71,Resolved,4
TICK0009769,CUST03758 ,2026-08-10,How-To Question,High,27,Open,2
TICK0009770,CUST03759,2025-08-07,Billing,Low,41,Resolved,3
TICK0009771,CUST03760,2026-06-05,Bug Report,Low,60,Pending,4
TICK0009772,CUST03760,2025-10-03,Performance,Medium,8,Resolved,5
TICK0009773,CUST03760,2025-06-20,Technical Issue,Low,118,Resolved,3
TICK0009774,CUST03762,2026-04-10,Performance,Low,19,Resolved,5
TICK0009775,CUST03762,2025-11-30,Feature Request,Low,45,Resolved,3
TICK0009776,CUST03762,2026-05-22,Performance,Medium,23,Resolved,4
TICK0009777,CUST03762,2026-05-15,Feature Request,Medium,35,Resolved,5
TICK0009778,CUST03762,2026-07-27,Billing,High,35,Pending,5
TICK0009779,CUST03763,2024-07-23,Technical Issue,Medium,54,Resolved,4
TICK0009780,CUST03763,2026-06-17,Bug Report,Low,91,Resolved,4
TICK0009781,CUST03763,2024-10-12,Performance,Low,77,Resolved,5
TICK0009782,CUST03763,2026-03-12,Bug Report,High,31,Resolved,2
TICK0009783,CUST03763,2026-06-23,Account Access,Medium,18,Resolved,5
TICK0009784,CUST03763,2025-12-28,Technical Issue,Medium,64,Resolved,3
TICK0009785,CUST03764,2025-06-23,How-To Question,High,32,Resolved,4
TICK0009786,CUST03764 ,2024-11-18,Performance,Low,44,Resolved,3
TICK0009787,CUST03764,2024-04-29,Performance,Low,144,Resolved,4
TICK0009788,CUST03765,2025-03-02,Bug Report,Medium,95,Resolved,5
TICK0009789,CUST03765,2024-12-07,How-To Question,Low,60,Resolved,5
TICK0009790,CUST03765,2026-07-29,Feature Request,Low,113,Resolved,5
TICK0009791,CUST03767,2024-03-17,How-To Question,Low,95,Resolved,5
TICK0009792,CUST03767,2025-08-01,Account Access,Medium,50,Resolved,4
TICK0009793,CUST03768,2026-04-07,Account Access,Medium,47,Resolved,5
TICK0009794,CUST03768,2026-04-18,How-To Question,Medium,38,open,4
TICK0009795,CUST03769,2025-11-15,Account Access,Low,166,Resolved,2
TICK0009796,CUST03769,2025-03-17,Bug Report,Low,57,Resolved,3
TICK0009797,CUST03769,2026-02-08,Technical Issue,High,41,Resolved,2
TICK0009798,CUST03769,2025-07-25,Bug Report,Low,131,Resolved,3
TICK0009799,CUST03770,2026-05-07,Performance,Low,67,Resolved,5
TICK0009800,CUST03771,2026-04-12,Technical Issue,Low,129,Resolved,1
TICK0009801,CUST03771,2026-06-08,Account Access,High,29,Resolved,2
TICK0009802,CUST03771,2025-08-15,Integration,Low,148,Resolved,3
TICK0009803,CUST03771,2025-11-19,Technical Issue,Low,49,Resolved,1
TICK0009804,CUST03773,2026-07-31,Integration,low,43,resolved,4
TICK0009805,CUST03773,2026-09-13,Integration,High,24,Resolved,3
TICK0009806,CUST03773,2026-05-10,Performance,Medium,28,Resolved,5
TICK0009807,CUST03773,2026-05-12,Feature Request,Medium,48,Resolved,4
TICK0009808,CUST03773,2026-02-18,Bug Report,Low,36,Resolved,5
TICK0009809,CUST03773,2026-01-19,Billing,Medium,21,Resolved,5
TICK0009810,CUST03773,2026-04-08,How-To Question,Low,59,Resolved,3
TICK0009811,CUST03774,2026-08-08,How-To Question,Medium,60,Pending,5
TICK0009812,CUST03774,2026-09-14,Account Access,High,16,Resolved,4
TICK0009813,CUST03777,2026-01-14,Billing,Urgent,14,Resolved,4
TICK0009814,CUST03777,2026-03-27,Performance,Low,131,Resolved,5
TICK0009815,CUST03777,2025-10-31,Billing,Medium,34,Resolved,4
TICK0009816,CUST03777,2026-06-20,Feature Request,Low,112,Resolved,3
TICK0009817,CUST03778,2026-08-08,Account Access,Low,174,Resolved,1
TICK0009818,CUST03778,2025-11-03,Technical Issue,Low,190,Resolved,3
TICK0009819,CUST03778,2025-12-14,Bug Report,High,64,Resolved,2
TICK0009820,CUST03778 ,2026-04-01,Integration,Medium,59,Resolved,1
TICK0009821,CUST03778,2025-09-21,Bug Report,Medium,102,Resolved,2
TICK0009822,CUST03778,2025-11-24,Integration,Low,66,Resolved,2
TICK0009823,CUST03778,2025-12-15,Integration,Low,104,Pending,1
TICK0009824,CUST03778,2025-12-13,Account Access,Low,147,Resolved,1
TICK0009825,CUST03779,2026-03-27,Account Access,Medium,35,Resolved,5
TICK0009826,CUST03780,2026-03-10,Bug Report,High,29,Resolved,4
TICK0009827,CUST03780,2026-09-21,Technical Issue,Medium,90,Resolved,
TICK0009828,CUST03780,2026-05-29,Integration,Medium,54,Resolved,5
TICK0009829,CUST03781,2026-04-09,Account Access,Medium,8,Resolved,4
TICK0009830,CUST03781,2026-07-24,Billing,Medium,60,Resolved,5
TICK0009831,CUST03781,2026-08-16,Bug Report,High,35,Open,4
TICK0009832,CUST03782,2025-12-11,How-To Question,Medium,39,Resolved,5
TICK0009833,CUST03783,2026-07-21,How-To Question,Medium,30,Resolved,4
TICK0009834,CUST03784,2025-04-27,How-To Question,Medium,57,Open,4
TICK0009835,CUST03785,2026-08-24,Performance,Urgent,30,Resolved,3
TICK0009836,CUST03785,2026-08-02,Integration,MEDIUM,44,Resolved,1
TICK0009837,CUST03785,2026-08-18,Integration,Medium,37,Resolved,1
TICK0009838,CUST03785,2026-08-06,Integration,Urgent,23,Open,1
TICK0009839,CUST03786,2026-05-29,Feature Request,Medium,31,Resolved,5
TICK0009840,CUST03786,2025-08-21,Account Access, high,26,Pending,2
TICK0009841,CUST03787,2025-03-12,Technical Issue,High,54,Resolved,3
TICK0009842,CUST03787,2025-01-24,Integration,Low,165,Resolved,5
TICK0009843,CUST03787,2025-07-30,Performance,Medium,25,Resolved,3
TICK0009844,CUST03787,04/30/2024,Integration,Medium,52,resolved,2
TICK0009845,CUST03788,2025-11-15,Bug Report,Medium,64,Resolved,3
TICK0009846,CUST03789,2026-08-28,Billing,Low,89,Resolved,5
TICK0009847,CUST03789,2026-09-10,Billing,Low,69,Resolved,2
TICK0009848,CUST03789,2026-09-22,Feature Request,Urgent,2,Resolved,4
TICK0009849,CUST03790,2026-06-24,Bug Report,Medium,71,Resolved,1
TICK0009850,CUST03790,2026-03-05,Integration,Medium,103,Resolved,2
TICK0009851,CUST03790,2026-01-11,Technical Issue,Low,122,Resolved,3
TICK0009852,CUST03791,2024-10-28,Feature Request,Low,87,Resolved,3
TICK0009853,CUST03791,2024-12-31,Feature Request,Urgent,2,Resolved,5
TICK0009854,CUST03791,2024-11-16,How-To Question,Medium,42,Resolved,2
TICK0009855,CUST03791,2024-10-07,Performance,Low,51,Resolved,4
TICK0009856,CUST03792,2026-06-07,Technical Issue,Urgent,11,Resolved,4
TICK0009857,CUST03792,2025-03-09,Bug Report,Low,68,Resolved,5
TICK0009858,CUST03792,2025-03-25,Feature Request,Medium,32,Resolved,4
TICK0009859,CUST03793,2025-01-15,Billing,Low,58,Resolved,3
TICK0009860,CUST03793,2025-08-29,Feature Request,Medium,35,Resolved,1
TICK0009861,CUST03793,2025-12-15,Feature Request,Low,76,Pending,4
TICK0009862,CUST03793,2025-05-03,How-To Question,Medium,51,Resolved,4
TICK0009863,CUST03795,2025-01-19,how-to question,Medium,61,Resolved,4
TICK0009864,CUST03797,2026-03-12,Technical Issue,Low,152,Resolved,1
TICK0009865,CUST03797,2025-05-31,Integration,Low,85,Resolved,1
TICK0009866,CUST03797,2025-12-24,Technical Issue,Low,125,Resolved,2
TICK0009867,CUST03797,2026-07-18,INTEGRATION,Medium,67,Resolved,2
TICK0009868,CUST03798,02/21/2026,Performance,Low,175,Resolved,2
TICK0009869,CUST03798,2026-02-17,Integration,Low,89,Resolved,4
TICK0009870,CUST03798,2025-11-24,Account Access,Low,70,Resolved,2
TICK0009871,CUST03798,2025-12-31,Performance,Medium,68,Resolved,3
TICK0009872,CUST03798,2026-01-10,Bug Report,High,45,Resolved,2
TICK0009873,CUST03799,2026-01-07,Bug Report,Medium,43,Resolved,4
TICK0009874,CUST03799,2026-09-22,Performance,Low,116,Resolved,4
TICK0009875,CUST03800,2026-06-29,Account Access,Medium,65,Resolved,1
TICK0009876,CUST03800,2026-07-22,Bug Report,High,22,Resolved,4
TICK0009877,CUST03800,2026-07-26,Performance,Medium,26,Resolved,2
TICK0009878,CUST03800,2026-07-12,Bug Report,Low,39,Resolved,1
TICK0009879,CUST03800,2026-08-25,Account Access,High,37,Resolved,1
TICK0009880,CUST03800,2026-07-07,Account Access,Medium,12,Resolved,4
TICK0009881,CUST03800,2026-06-24,Integration,Low,135,Resolved,1
TICK0009882,CUST03800,2026-08-13,Bug Report,High,55,Resolved,3
TICK0009883,CUST03801,2026-04-10,Feature Request,High,24,Open,2
TICK0009884,CUST03801,2026-05-17,Account Access,Low,86,Resolved,2
TICK0009885,CUST03801,2026-06-01,Account Access,Low,91,Resolved,2
TICK0009886,CUST03802,2026-08-08,Bug Report,low,83,Resolved,5
TICK0009887,CUST03803,2025-06-23,Billing,Low,55,Resolved,3
TICK0009888,CUST03803,2026-03-23,Feature Request,Urgent,9,Open,4
TICK0009889,CUST03804,2026-06-20,How-To Question,Medium,40,Resolved,4
TICK0009890,CUST03804,2025-06-06,Feature Request,Low,62,Resolved,4
TICK0009891,CUST03804,2026-01-19,How-To Question,Medium,45,Resolved,4
TICK0009892,CUST03805,2025-02-07,Feature Request,High,27,Resolved,5
TICK0009893,CUST03805,2025-12-02,Feature Request,Medium,34,Open,4
TICK0009894,CUST03805,2025-08-14,How-To Question,Medium,41,Resolved,2
TICK0009895,CUST03806,2026-08-27,Feature Request,Low,99,Resolved,4
TICK0009896,CUST03807,2026-05-12,Account Access,Medium,58,Resolved,1
TICK0009897,CUST03808,2025-10-19,Bug Report,Low,84,Resolved,4
TICK0009898,CUST03808,2025-04-12,Bug Report,Medium,73,Resolved,4
TICK0009899,CUST03808,2026-01-04,Account Access,Medium,43,Resolved,1
TICK0009900,CUST03809,2025-01-23,Feature Request,Medium,74,Resolved,5
TICK0009901,CUST03809,2025-02-02,How-To Question,Low,36,Resolved,4
TICK0009902,CUST03809,2025-02-26,Feature Request,Low,92,Resolved,4
TICK0009903,CUST03810,2025-05-28,Integration,Low,174,Resolved,2
TICK0009904,CUST03810,2025-10-15,Technical Issue,High,40,Resolved,3
TICK0009905,CUST03810,2025-06-23,Integration,High,36,Resolved,1
TICK0009906,CUST03810,2025-05-13,Technical Issue,High,23,Resolved,1
TICK0009907,CUST03811,07/18/2026,Performance,Low,15,Resolved,4
TICK0009908,CUST03811,2025-10-14,Feature Request,Medium,42,Resolved,3
TICK0009909,CUST03811,2024-04-06,Performance,Low,99,Resolved,5
TICK0009910,CUST03813,2024-07-03,Account Access,Medium,39,Resolved,2
TICK0009911,CUST03813,2024-10-02,Account Access,Low,149,Resolved,4
TICK0009912,CUST03813,2024-11-12,Account Access,low,52,Resolved,2
TICK0009913,CUST03813,2024-08-11,Account Access,Medium,107,Resolved,1
TICK0009914,CUST03813,2024-08-07,Bug Report,Medium,103,Resolved,1
TICK0009915,CUST03813,2024-11-06,Integration,Low,16,Resolved,5
TICK0009916,CUST03814,2025-12-27,Account Access,High,35,Resolved,4
TICK0009917,CUST03815,2026-01-01,Bug Report,Low,115,resolved,4
TICK0009918,CUST03815,2026-09-02,Performance,Medium,73,Resolved,4
TICK0009919,CUST03815,2026-02-08,Integration,Medium,58,Resolved,4
TICK0009920,CUST03817,2026-08-18,Account Access,Medium,45,Resolved,5
TICK0009921,CUST03817,2026-04-23,Performance,Low,70,Resolved,1
TICK0009922,CUST03817 ,2026-04-05,Account Access,Medium,42,Resolved,4
TICK0009923,CUST03819,2026-01-03,Technical Issue,Medium,55,Resolved,3
TICK0009924,CUST03819,2025-10-10,Account Access,Low,67,Resolved,4
TICK0009925,CUST03820,2025-07-17,How-To Question,High,14,Resolved,3
TICK0009926,CUST03820,2025-03-16,Technical Issue,Medium,26,Resolved,5
TICK0009927,CUST03821,2025-07-17,How-To Question,Low,84,Resolved,5
TICK0009928,CUST03821 ,2025-05-12,Integration,Low,24,Resolved,4
TICK0009929,CUST03822,2026-09-02,Feature Request,Medium,72,Resolved,3
TICK0009930,CUST03822,2026-05-24,Feature Request,Low,97,Resolved,4
TICK0009931,CUST03822,2026-08-02,How-To Question,Low,87,Resolved,2
TICK0009932,CUST03822,2026-06-14,Account Access,Low,100,Resolved,5
TICK0009933,CUST03823,2025-06-14,Account Access,Medium,20,Resolved,5
TICK0009934,CUST03823,2026-06-07,Integration,Urgent,15,Resolved,5
TICK0009935,CUST03823,2025-04-29,How-To Question,Low,150,Resolved,4
TICK0009936,CUST03823,2024-11-24,How-To Question,Low,61,Resolved,5
TICK0009937,CUST03824,2025-10-08,Integration,High,18,Resolved,1
TICK0009938,CUST03824,2025-09-08,Technical Issue,Low,69,Resolved,1
TICK0009939,CUST03824,2025-08-03,Technical Issue,Medium,103,Resolved,2
TICK0009940,CUST03824,2025-06-16,Account Access,Low,117,Resolved,2
TICK0009941,CUST03824,2026-09-03,Performance,Medium,93,Resolved,1
TICK0009942,CUST03824,2026-05-07,Account Access,Medium,59,Resolved,1
TICK0009943,CUST03824,2025-11-13,Bug Report,High,25,Open,2
TICK0009944,CUST03825,2026-02-15,Billing,Low,140,Resolved,4
TICK0009945,CUST03826,2026-06-20,How-To Question,Low,55,Resolved,4
TICK0009946,CUST03827,2025-04-03,Performance,Low,57,Resolved,3
TICK0009947,CUST03827,2024-03-21,How-To Question,Low,80,Resolved,4
TICK0009948,CUST03827,2026-04-26,Performance,Medium,14,Resolved,5
TICK0009949,CUST03828,2026-07-28,Technical Issue,Medium,8,Resolved,2
TICK0009950,CUST03828,2026-09-16,Technical Issue,Medium,83,Pending,5
TICK0009951,CUST03828,2026-06-26,Bug Report,High,18,Resolved,4
TICK0009952,CUST03828,2026-07-21,Technical Issue,Medium,26,Resolved,4
TICK0009953,CUST03829,2025-02-15,Integration,Low,24,Resolved,3
TICK0009954,CUST03829,2026-02-22,Technical Issue,Low,97,Resolved,4
TICK0009955,CUST03830,2024-10-10,Feature Request,Medium,48,Resolved,4
TICK0009956,CUST03831,2026-07-11,Account Access,High,15,Resolved,1
TICK0009957,CUST03831,2026-08-31,How-To Question,Low,73,Resolved,2
TICK0009958,CUST03831,2025-05-16,Account Access,Medium,30,resolved,4
TICK0009959,CUST03831,2025-05-10,Account Access,Medium,63,Resolved,5
TICK0009960,CUST03831,2025-12-22,Account Access,Low,52,Resolved,3
TICK0009961,CUST03832,2026-01-15,Billing,Low,65,Resolved,3
TICK0009962,CUST03832,05/18/2026,Feature Request,Low,55,resolved,4
TICK0009963,CUST03833,2024-11-05,Technical Issue,High,41,Resolved,1
TICK0009964,CUST03833,2025-04-04,Account Access,Medium,125,Resolved,2
TICK0009965,CUST03833,2024-04-02,Technical Issue,Low,132,Resolved,3
TICK0009966,CUST03833,2026-09-11,Account Access,Low,162,Resolved,4
TICK0009967,CUST03834,2025-04-04,Account Access,Low,103,Resolved,4
TICK0009968,CUST03834,2025-10-11,How-To Question,Low,63,Open,3
TICK0009969,CUST03836,2025-02-28,Performance,Low,120,Resolved,1
TICK0009970,CUST03836,2024-12-01,Integration,Medium,10,Resolved,3
TICK0009971,CUST03836,2026-03-23,INTEGRATION,Medium,64,Resolved,1
TICK0009972,CUST03836,2024-08-15,Bug Report,Medium,103,Resolved,4
TICK0009973,CUST03836,2024-01-23,Technical Issue,Medium,99,Resolved,2
TICK0009974,CUST03836,2024-09-28,Account Access,Low,146,Resolved,1
TICK0009975,CUST03837,2025-01-19,Performance,Low,175,Resolved,3
TICK0009976,CUST03837,2025-09-27,Technical Issue,High,47,Resolved,2
TICK0009977,CUST03837,12/24/2024,Technical Issue,Low,184,Resolved,4
TICK0009978,CUST03837,2025-06-16,Integration,Medium,92,Pending,3
TICK0009979,CUST03837,03/24/2026,Performance,Low,198,Resolved,2
TICK0009980,CUST03839,2026-01-22,Account Access,Medium,31,Resolved,5
TICK0009981,CUST03839,2026-09-16,How-To Question,Low,17,Resolved,1
TICK0009982,CUST03839,2026-01-23,Feature Request,Medium,81,Resolved,4
TICK0009983,CUST03839,2026-09-21,Account Access,Low,130,Resolved,1
TICK0009984,CUST03839,2026-01-03,Feature Request,Medium,70,Resolved,3
TICK0009985,CUST03840,2026-06-08,Integration,Low,45,Resolved,4
TICK0009986,CUST03841 ,2025-06-28,Feature Request,Medium,39,Resolved,1
TICK0009987,CUST03842,2024-07-20,Feature Request,Urgent,10,Resolved,4
TICK0009988,CUST03843,2025-09-08,Technical Issue,Low,107,Resolved,4
TICK0009989,CUST03843,2025-07-30,bug report,Low,30,Resolved,5
TICK0009990,CUST03843,2026-08-12,Account Access,Low,66,Resolved,4
TICK0009991,CUST03844,2026-05-22,Feature Request,Medium,65,Pending,3
TICK0009992,CUST03846,2025-11-02,How-To Question,Medium,20,Resolved,1
TICK0009993,CUST03846,2025-06-20,How-To Question,Low,75,Resolved,4
TICK0009994,CUST03846,2024-11-02,How-To Question,Low,116,Pending,5
TICK0009995,CUST03846,2026-05-15,Feature Request,Low,85,Resolved,1
TICK0009996,CUST03847,2025-11-09,How-To Question,Medium,72,Resolved,1
TICK0009997,CUST03847,2025-01-21,How-To Question,Medium,93,Resolved,5
TICK0009998,CUST03847,2025-12-28,Performance,Low,82,Resolved,4
TICK0009999,CUST03847,2025-08-14,Performance,Medium,75,Pending,3
TICK0010000,CUST03848,2024-05-20,Technical Issue,low,17,Resolved,2
TICK0010001,CUST03848,2025-07-15,Performance,Medium,43,Resolved,3
TICK0010002,CUST03848,2026-08-18,Integration,Low,127,Resolved,5
TICK0010003,CUST03848,2024-08-21,Performance,High,27,Resolved,2
TICK0010004,CUST03848,2024-05-13,Performance,Medium,81,Open,1
TICK0010005,CUST03848,2025-11-23,Integration,Medium,102,Resolved,2
TICK0010006,CUST03848,2025-05-26,Performance,Medium,81,Resolved,2
TICK0010007,CUST03848,2025-04-30,Integration,High,62,Resolved,1
TICK0010008,CUST03848,2026-04-11,Technical Issue,Low,63,Resolved,2
TICK0010009,CUST03851,2026-05-06, billing,Low,96,Resolved,4
TICK0010010,CUST03853,2026-05-21,Performance,Low,112,Resolved,4
TICK0010011,CUST03853,2026-09-19,Integration,Medium,32,Resolved,5
TICK0010012,CUST03854,2025-03-19,Integration,High,34,Resolved,3
TICK0010013,CUST03854,2025-06-20,Technical Issue,Low,68,Resolved,5
TICK0010014,CUST03855,2026-06-22,How-To Question,Low,80,Resolved,4
TICK0010015,CUST03855,2025-05-09,How-To Question,High,22,Resolved,4
TICK0010016,CUST03857,2026-07-08,How-To Question,Low,81,Resolved,5
TICK0010017,CUST03857,2026-05-31,Billing,Low,56,Resolved,4
TICK0010018,CUST03857,2025-07-07,Billing,Low,86,Resolved,4
TICK0010019,CUST03858,2024-10-19,Technical Issue,Low,86,Open,2
TICK0010020,CUST03859,2025-03-24,Account Access,Medium,53,Pending,4
TICK0010021,CUST03860,2026-09-15,How-To Question,Low,71,Resolved,3
TICK0010022,CUST03860 ,2026-07-09,Performance,Medium,39,Resolved,3
TICK0010023,CUST03860,2025-11-18,Billing,High,26,Open,4
TICK0010024,CUST03862,2026-08-14,Integration,Low,63,Resolved,4
TICK0010025,CUST03862,2025-04-19,Bug Report,Low,73,Resolved,5
TICK0010026,CUST03862,2026-04-19,How-To Question,Low,90,Resolved,4
TICK0010027,CUST03863,2025-05-04,Integration,Low,97,Resolved,5
TICK0010028,CUST03863,2024-12-30,Feature Request,Medium,27,Resolved,3
TICK0010029,CUST03863,2025-08-08,Billing,Low,64,Resolved,4
TICK0010030,CUST03863,2024-12-28,How-To Question,Medium,47,Resolved,3
TICK0010031,CUST03863,2025-11-10,How-To Question,Low,59,Resolved,5
TICK0010032,CUST03864,2025-04-05,How-To Question,Medium,19,Resolved,2
TICK0010033,CUST03865,2024-05-22,Performance,High,18,Resolved,3
TICK0010034,CUST03865,2024-01-24,How-To Question,Low,55,Resolved,3
TICK0010035,CUST03865,2024-09-27,How-To Question,Medium,33,Resolved,4
TICK0010036,CUST03865,2024-09-02,Feature Request,Medium,39,Resolved,4
TICK0010037,CUST03866,2026-05-25,Integration,Low,17,Resolved,2
TICK0010038,CUST03866,2026-05-05,Integration,High,17,Resolved,1
TICK0010039,CUST03866,2025-04-30,Account Access,Low,106,Resolved,2
TICK0010040,CUST03866,2025-11-24,Account Access,High,42,Pending,3
TICK0010041,CUST03866,2026-06-02,Technical Issue,Low,231,Resolved,4
TICK0010042,CUST03867,2025-10-23,How-To Question,High,21,Resolved,5
TICK0010043,CUST03868,2026-08-18,Technical Issue,High,41,Resolved,2
TICK0010044,CUST03868,2026-09-13,Performance,Low,189,Resolved,3
TICK0010045,CUST03868,2026-08-21,Technical Issue,Low,122,Resolved,1
TICK0010046,CUST03868,2026-08-14,Bug Report,Low,104,Resolved,2
TICK0010047,CUST03868,2026-09-07,Account Access,Medium,87,Resolved,2
TICK0010048,CUST03869,2025-03-24,Billing,Medium,39,Resolved,2
TICK0010049,CUST03869,2026-08-06,Feature Request,Low,87,Resolved,3
TICK0010050,CUST03869,2026-02-11, billing,Medium,70,Pending,4
TICK0010051,CUST03870,09/13/2024,How-To Question,Medium,67,Resolved,4
TICK0010052,CUST03870,2024-08-18,How-To Question,High,25,Resolved,5
TICK0010053,CUST03870,2024-04-04,Feature Request,Medium,38,Resolved,4
TICK0010054,CUST03871,2026-03-14,Technical Issue,Medium,32,Resolved,5
TICK0010055,CUST03871,2026-03-25,Feature Request,Medium,46,Resolved,4
TICK0010056,CUST03871,2026-04-26,Performance,Low,50,Resolved,4
TICK0010057,CUST03872,2026-01-31,Technical Issue,Medium,8,Resolved,4
TICK0010058,CUST03873,2026-07-08,How-To Question,Medium,65,Resolved,5
TICK0010059,CUST03873,2025-04-04,Bug Report,Low,90,Resolved,5
TICK0010060,CUST03873,2025-02-11,Integration,Medium,36,Resolved,5
TICK0010061,CUST03874,2025-03-06,Feature Request,High,4,Resolved,1
TICK0010062,CUST03875,2025-05-03,Feature Request,Low,43,resolved,4
TICK0010063,CUST03875,2024-06-01,How-To Question,Medium,52,Resolved,2
TICK0010064,CUST03875,2025-06-29,Feature Request,Medium,87,Resolved,4
TICK0010065,CUST03876,2026-07-19,Billing,Medium,60,Resolved,4
TICK0010066,CUST03876,2026-07-21,Integration,Medium,33,Resolved,5
TICK0010067,CUST03876,2026-07-07,Bug Report,Medium,18,Resolved,5
TICK0010068,CUST03876,2026-09-05,How-To Question,Low,83,Resolved,5
TICK0010069,CUST03877,2025-12-22,Feature Request,Low,48,Resolved,4
TICK0010070,CUST03877,2025-10-24,Account Access,High,7,Open,3
TICK0010071,CUST03877,2025-12-23,Feature Request,Low,77,Resolved,4
TICK0010072,CUST03877,2026-01-02,Account Access,Medium,63,Resolved,3
TICK0010073,CUST03878,2026-09-14,Billing,Medium,36,resolved,3
TICK0010074,CUST03878,2026-08-02,Account Access,Low,19,Resolved,5
TICK0010075,CUST03879,2025-11-16,Bug Report,Medium,22,Resolved,5
TICK0010076,CUST03879,2026-09-07,Performance,Low,61,Resolved,5
TICK0010077,CUST03880,2025-07-13,Account Access,Medium,48,Resolved,4
TICK0010078,CUST03880,2025-11-22,How-To Question,High,15,Resolved,5
TICK0010079,CUST03881,2025-01-21,How-To Question,Medium,57,Resolved,3
TICK0010080,CUST03882,2026-03-09,How-To Question,Medium,13,open,2
TICK0010081,CUST03882,2026-08-20,Billing,Medium,63,Resolved,4
TICK0010082,CUST03882,2026-08-26,Billing,Urgent,17,Resolved,3
TICK0010083,CUST03882,2026-04-02,Performance,High,11,Pending,5
TICK0010084,CUST03883,2026-08-05,Bug Report,Medium,34,Resolved,4
TICK0010085,CUST03883,2025-01-12,Bug Report,Low,17,Pending,5
TICK0010086,CUST03883,2026-09-13,Feature Request,Medium,32,Resolved,3
TICK0010087,CUST03884,2026-02-13,Account Access,Low,117,Resolved,4
TICK0010088,CUST03884,2025-12-18,Bug Report,High,34,Pending,3
TICK0010089,CUST03884,2025-07-24,Integration,Low,58,Resolved,2
TICK0010090,CUST03884,2026-01-27,Performance,Low,92,Resolved,1
TICK0010091,CUST03885,2026-04-28,Performance,Medium,48,Resolved,4
TICK0010092,CUST03885,2025-12-13,Feature Request,Medium,32,Resolved,5
TICK0010093,CUST03886,2025-02-19,Account Access,High,38,Resolved,5
TICK0010094,CUST03886,2024-10-03,Performance,Low,162,Resolved,1
TICK0010095,CUST03886,2026-05-14,technical issue,Medium,85,Resolved,3
TICK0010096,CUST03886,2024-09-25,Bug Report,Urgent,21,Resolved,2
TICK0010097,CUST03886,2024-12-22,Technical Issue,Low,145,Resolved,3
TICK0010098,CUST03886,2025-11-17,Bug Report,Low,86,Resolved,1
TICK0010099,CUST03887,2026-09-17,Billing,Medium,62,Resolved,3
TICK0010100,CUST03887,2026-09-02,Billing,Low,37,Resolved,3
TICK0010101,CUST03887,2026-07-13,Billing,Low,99,Resolved,4
TICK0010102,CUST03889,2026-08-22,Performance,Low,129,Resolved,4
TICK0010103,CUST03889,2025-11-07,Bug Report,Urgent,7,Resolved,5
TICK0010104,CUST03889,2026-04-25,Integration,Low,119,Resolved,5
TICK0010105,CUST03889,2024-07-16,How-To Question,Low,162,Resolved,5
TICK0010106,CUST03890,2026-05-20,Feature Request,High,36,Resolved,5
TICK0010107,CUST03890,2026-05-03,Performance,Medium,47,Resolved,5
TICK0010108,CUST03890,2026-09-19,Performance,High,43,Resolved,5
TICK0010109,CUST03890,2026-05-15,Feature Request,Medium,8,Resolved,3
TICK0010110,CUST03890,2026-08-03,Feature Request,Medium,61,Resolved,5
TICK0010111,CUST03891,2026-05-11,Technical Issue,Low,98,Resolved,5
TICK0010112,CUST03891,2026-05-28,Technical Issue,Low,79,Resolved,5
TICK0010113,CUST03891,2026-05-13,Bug Report,Urgent,10,Resolved,5
TICK0010114,CUST03892,2026-09-09,How-To Question, high,31,Resolved,5
TICK0010115,CUST03893,2026-05-12,Bug Report,Medium,68,Resolved,5
TICK0010116,CUST03893,2025-12-14,Bug Report,Urgent,14,Resolved,5
TICK0010117,CUST03894,2026-03-27,Performance,Low,72,Resolved,2
TICK0010118,CUST03894,2026-04-12,Performance,Medium,156,Resolved,4
TICK0010119,CUST03894,2026-03-31,Technical Issue,Low,134,Resolved,2
TICK0010120,CUST03895,2026-03-19,Performance,Low,40,Resolved,4
TICK0010121,CUST03896,2026-08-02,Feature Request,Medium,54,Pending,2
TICK0010122,CUST03896,2026-08-15,Performance,Medium,79,Resolved,4
TICK0010123,CUST03896,2026-08-18,How-To Question,Urgent,10,Resolved,4
TICK0010124,CUST03896,2026-08-24,Feature Request,Low,105,Resolved,3
TICK0010125,CUST03897,2024-02-23,How-To Question,Medium,44,Resolved,1
TICK0010126,CUST03897,2025-12-22,Billing,Urgent,4,Pending,3
TICK0010127,CUST03898,2026-09-08,Bug Report,Low,50,Resolved,4
TICK0010128,CUST03899,2026-03-23,Technical Issue,Medium,68,Resolved,2
TICK0010129,CUST03899,2026-04-28,Performance,Low,52,Resolved,4
TICK0010130,CUST03899,2026-06-05,Bug Report,Medium,71,Resolved,5
TICK0010131,CUST03900,2025-12-07,Account Access,Medium,28,Pending,3
TICK0010132,CUST03900,2026-03-16,Account Access,Low,67,Resolved,5
TICK0010133,CUST03901,2025-07-25,How-To Question,Medium,55,Resolved,4
TICK0010134,CUST03901,2024-04-20,Account Access,High,18,Resolved,3
TICK0010135,CUST03901,2024-06-25,Feature Request,High,28,Resolved,5
TICK0010136,CUST03902,2025-04-30,Performance,Low,88,resolved,3
TICK0010137,CUST03902,2026-04-15,Account Access,High,27,Resolved,3
TICK0010138,CUST03904,2026-09-02,Feature Request,Medium,57,Resolved,2
TICK0010139,CUST03905,2025-11-14,Performance,Medium,25,Resolved,5
TICK0010140,CUST03905,2025-12-29,How-To Question,Low,90,Resolved,5
TICK0010141,CUST03906,2026-01-31,Account Access,Medium,65,Open,5
TICK0010142,CUST03906,2026-08-06,How-To Question,Low,58,Resolved,5
TICK0010143,CUST03907,2025-07-06,Feature Request,High,16,Resolved,4
TICK0010144,CUST03908,2025-05-07,Performance,Low,57,Resolved,4
TICK0010145,CUST03908,2024-08-25,Performance,Low,115,Resolved,5
TICK0010146,CUST03908,2025-12-11,Billing,Medium,37,Resolved,5
TICK0010147,CUST03908,2026-06-12,Feature Request,Low,24,Resolved,5
TICK0010148,CUST03909,2025-06-12,Bug Report,Low,81,Resolved,5
TICK0010149,CUST03909,2024-12-28,Integration,Medium,67,Resolved,5
TICK0010150,CUST03911,2024-10-14,How-To Question,Medium,36,Resolved,4
TICK0010151,CUST03911,2025-10-21,Technical Issue,High,26,Resolved,4
TICK0010152,CUST03913,2025-01-14,Bug Report,Medium,77,Resolved,3
TICK0010153,CUST03914,2026-09-01,How-To Question,Urgent,21,Resolved,4
TICK0010154,CUST03916,2025-10-11,Feature Request,Low,47,Resolved,4
TICK0010155,CUST03916,2025-07-19,Billing,Medium,75,Resolved,3
TICK0010156,CUST03917,2025-06-08,Technical Issue,Low,35,Resolved,1
TICK0010157,CUST03917,2025-08-16,Technical Issue,Medium,47,Open,
TICK0010158,CUST03917,2025-08-15,Bug Report,Low,113,Open,5
TICK0010159,CUST03918,2026-06-29,Technical Issue,Low,61,Resolved,5
TICK0010160,CUST03918,2026-04-22,Billing,Low,86,Open,4
TICK0010161,CUST03919,2026-03-10,How-To Question,Low,70,Resolved,4
TICK0010162,CUST03919,2025-11-01,How-To Question,Medium,62,Resolved,5
TICK0010163,CUST03919,2025-08-06,Feature Request,Medium,33,Resolved,4
TICK0010164,CUST03919,2026-07-21,Account Access,Medium,47,Resolved,1
TICK0010165,CUST03920,2026-09-20,Performance,Low,181,Open,1
TICK0010166,CUST03920,07/15/2026,Integration,Medium,83,Resolved,1
TICK0010167,CUST03920,2026-07-08,Integration,High,29,Resolved,1
TICK0010168,CUST03920,2026-08-15,Bug Report,Low,152,Resolved,2
TICK0010169,CUST03921,2026-09-17,How-To Question,Medium,78,Resolved,4
TICK0010170,CUST03922,2026-01-13,Performance,Medium,34,Resolved,4
TICK0010171,CUST03922,2025-06-19,Technical Issue,Medium,69,Resolved,5
TICK0010172,CUST03922,2025-07-16,Feature Request,Low,52,Resolved,5
TICK0010173,CUST03923,2026-04-30,Performance,Medium,12,Resolved,1
TICK0010174,CUST03923,2025-01-07,Technical Issue,Low,55,Resolved,5
TICK0010175,CUST03924,2024-09-21,Account Access,Low,123,Resolved,3
TICK0010176,CUST03925,2026-05-06,Integration,Medium,57,Resolved,4
TICK0010177,CUST03925,2026-04-09,Technical Issue,Low,91,Resolved,1
TICK0010178,CUST03926,2025-12-25,Account Access,Low,77,Resolved,1
TICK0010179,CUST03926,2025-12-13,Technical Issue,Low,140,Resolved,1
TICK0010180,CUST03926,2026-02-22,Performance,Low,63,Open,4
TICK0010181,CUST03926,2026-06-16,Account Access,Medium,101,Resolved,1
TICK0010182,CUST03927,2025-07-10,Technical Issue,Low,69,Resolved,4
TICK0010183,CUST03927,2026-05-22,Feature Request,Medium,59,Resolved,4
TICK0010184,CUST03927,2025-02-24,Technical Issue,Low,70,Resolved,5
TICK0010185,CUST03927,2025-07-09,How-To Question,Low,74,Resolved,5
TICK0010186,CUST03928,2025-06-22,Feature Request,High,9,Resolved,4
TICK0010187,CUST03928,2025-06-02,Account Access,Low,51,Resolved,4
TICK0010188,CUST03929,2026-05-05,Integration,Medium,83,Resolved,4
TICK0010189,CUST03929,2026-03-03,Feature Request,Medium,26,Resolved,5
TICK0010190,CUST03929,2026-09-03,Bug Report,Low,130,Resolved,4
TICK0010191,CUST03929,2026-08-29,Feature Request,Low,79,Resolved,4
TICK0010192,CUST03930,2026-01-11,Technical Issue,Medium,84,Pending,2
TICK0010193,CUST03930,2025-08-26,Technical Issue,Medium,84,Resolved,1
TICK0010194,CUST03930,2026-02-12,Bug Report,Low,93,Pending,2
TICK0010195,CUST03930,2025-12-11,Technical Issue,Low,57,Resolved,4
TICK0010196,CUST03930,2025-11-12,Technical Issue,Medium,74,Resolved,3
TICK0010197,CUST03930,2025-08-04,Performance,Medium,86,Resolved,1
TICK0010198,CUST03930,2025-08-14,Performance,Medium,74,open,4
TICK0010199,CUST03931,2026-01-18,How-To Question,Medium,41,Resolved,5
TICK0010200,CUST03931,2025-11-12,How-To Question,Medium,37,Resolved,3
TICK0010201,CUST03931,2026-08-25,Feature Request,Medium,25,Resolved,5
TICK0010202,CUST03931,2025-04-03,Feature Request,Low,145,Resolved,4
TICK0010203,CUST03931,2025-04-25,Account Access,Medium,50,Resolved,3
TICK0010204,CUST03932,2026-06-16,Bug Report,Low,75,Resolved,3
TICK0010205,CUST03932,2026-02-08,Account Access,Medium,51,Resolved,5
TICK0010206,CUST03933,2025-05-14,Technical Issue,Medium,43,Open,5
TICK0010207,CUST03933,2025-05-19,Account Access,Low,50,Resolved,5
TICK0010208,CUST03933,2026-07-14,Performance,Medium,63,Resolved,5
TICK0010209,CUST03935,2026-01-20,Account Access,Urgent,9,Resolved,2
TICK0010210,CUST03935,2025-12-15,Account Access,Low,108,Resolved,3
TICK0010211,CUST03935,2026-02-15,Integration,Low,132,Resolved,1
TICK0010212,CUST03935,2025-06-26,Integration,Low,143,Resolved,2
TICK0010213,CUST03937,2026-08-31,Performance,High,32,Resolved,4
TICK0010214,CUST03937,2024-09-25,Billing,Low,65,Resolved,2
TICK0010215,CUST03937,2025-12-15,Billing,Low,38,Resolved,4
TICK0010216,CUST03937,2026-02-22,Feature Request,Low,22,Resolved,4
TICK0010217,CUST03937,2024-10-03,Billing,MEDIUM,52,Resolved,4
TICK0010218,CUST03938,2026-09-22,How-To Question,Low,84,Resolved,5
TICK0010219,CUST03940,2025-11-11,Technical Issue,Low,101,Resolved,4
TICK0010220,CUST03940,2025-11-12,Account Access,Medium,98,Resolved,5
TICK0010221,CUST03940,2025-08-04,Integration,Low,51,Resolved,1
TICK0010222,CUST03940,2026-09-17,Technical Issue,Low,119,Resolved,2
TICK0010223,CUST03940,2025-09-16,Performance,High,30,Resolved,1
TICK0010224,CUST03940,2025-08-01,Bug Report,Medium,101,Resolved,2
TICK0010225,CUST03940,2026-06-17,Technical Issue,High,39,Resolved,5
TICK0010226,CUST03940,2025-05-23,Technical Issue,Low,132,Resolved,3
TICK0010227,CUST03941,2025-07-09,Billing,High,19,Resolved,5
TICK0010228,CUST03941,2025-11-13,Performance,Medium,40,Resolved,1
TICK0010229,CUST03942,2026-02-01,Account Access,High,18,Resolved,5
TICK0010230,CUST03942,2026-05-24,Feature Request,High,14,Resolved,4
TICK0010231,CUST03943,2026-09-03,Technical Issue,High,10,Pending,3
TICK0010232,CUST03943,2025-06-17,Performance,Medium,23,Resolved,3
TICK0010233,CUST03943,2025-06-23,Integration,Low,15,Resolved,2
TICK0010234,CUST03943,2025-05-17,Account Access,Low,27,Resolved,5
TICK0010235,CUST03944,2024-03-05,Feature Request,Low,90,Resolved,3
TICK0010236,CUST03944,2025-01-16,Billing,Medium,55,Resolved,5
TICK0010237,CUST03944,2024-10-03,Feature Request,High,21,Resolved,5
TICK0010238,CUST03944,2025-08-31,Integration,Medium,32,Resolved,5
TICK0010239,CUST03944,2025-06-14,Account Access,Medium,81,Open,4
TICK0010240,CUST03944,2024-11-14,Account Access,Low,97,Resolved,4
TICK0010241,CUST03945,2026-08-16,Performance,Low,155,Pending,2
TICK0010242,CUST03945,2026-06-19,Technical Issue,Low,116,Resolved,1
TICK0010243,CUST03945,2026-08-08,Performance,High,39,Resolved,1
TICK0010244,CUST03945,2026-07-31,Technical Issue,Low,97,Resolved,2
TICK0010245,CUST03945,2026-07-06,Technical Issue,Low,186,Resolved,3
TICK0010246,CUST03945,2026-07-23,Account Access,Medium,69,Resolved,3
TICK0010247,CUST03945,2026-08-13,Integration,Medium,89,Resolved,2
TICK0010248,CUST03946,2024-12-05,Billing,Medium,51,Resolved,5
TICK0010249,CUST03946,2024-09-05,Feature Request,Low,67,Pending,5
TICK0010250,CUST03948,2026-09-19,Feature Request,Medium,68,Resolved,5
TICK0010251,CUST03948,2026-06-23,Billing,Medium,58,Resolved,3
TICK0010252,CUST03948,2026-08-18,Performance,Low,67,Resolved,5
TICK0010253,CUST03948,2026-07-11,Billing,High,25,Resolved,4
TICK0010254,CUST03949,2026-06-01,Technical Issue,Medium,96,Resolved,2
TICK0010255,CUST03949,2025-07-19,Account Access,Low,100,Resolved,1
TICK0010256,CUST03949,2026-02-04,Technical Issue,Low,106,Resolved,3
TICK0010257,CUST03949,2025-08-21,Technical Issue,High,48,Resolved,1
TICK0010258,CUST03950,2026-09-11,Bug Report,Medium,50,Pending,5
TICK0010259,CUST03950,2026-08-11,Performance,Low,104,Resolved,5
TICK0010260,CUST03951,2024-09-28,Account Access,Low,13,Resolved,4
TICK0010261,CUST03951,2024-11-23,Feature Request,Low,45,Resolved,4
TICK0010262,CUST03951,2026-01-09,Integration,Low,102,Resolved,4
TICK0010263,CUST03952,2026-01-29,FEATURE REQUEST,Low,87,Resolved,5
TICK0010264,CUST03952,2026-04-05,Performance,Medium,54,Resolved,5
TICK0010265,CUST03953,2024-11-19,How-To Question,High,28,Resolved,4
TICK0010266,CUST03953,2026-07-04,Performance,low,102,Pending,3
TICK0010267,CUST03954 ,2024-01-17,Account Access,Low,116,Resolved,1
TICK0010268,CUST03954,2023-11-24,Technical Issue,High,24,Resolved,2
TICK0010269,CUST03954,2024-06-11,Account Access,Low,146,Resolved,3
TICK0010270,CUST03955,2025-10-06,How-To Question,Medium,43,Resolved,5
TICK0010271,CUST03956,2026-01-29,Feature Request,Medium,43,Resolved,4
TICK0010272,CUST03956 ,2024-10-22,How-To Question,Medium,56,Resolved,5
TICK0010273,CUST03956,2025-07-23,How-To Question,Medium,74,Resolved,3
TICK0010274,CUST03956,2025-08-19,How-To Question,High,23,Open,3
TICK0010275,CUST03957,2023-11-12,Billing,Medium,26,open,4
TICK0010276,CUST03957,2024-11-07,Technical Issue,Low,69,Open,4
TICK0010277,CUST03957,2025-09-14,Integration,High,27,Resolved,4
TICK0010278,CUST03957,2024-12-21,Integration,Medium,47,Resolved,4
TICK0010279,CUST03958,2026-08-10,Billing,High,4,Resolved,2
TICK0010280,CUST03958,2026-02-07,Billing,Low,39,Resolved,3
TICK0010281,CUST03958,2026-03-13,Performance,Low,86,Resolved,3
TICK0010282,CUST03958,2026-01-28,Feature Request,Medium,62,Open,3
TICK0010283,CUST03959,2025-07-15,Billing,Low,118,Resolved,3
TICK0010284,CUST03959,2025-07-08,Feature Request,Low,75,Resolved,5
TICK0010285,CUST03959,2025-05-10,Billing,Medium,55,Resolved,5
TICK0010286,CUST03959,2025-07-22,Billing,Medium,70,Resolved,4
TICK0010287,CUST03959,2025-06-27,Billing,Low,104,Resolved,5
TICK0010288,CUST03959,2025-04-13,Performance,Low,94,Resolved,1
TICK0010289,CUST03959,2025-06-23,Performance,Medium,47,Resolved,3
TICK0010290,CUST03960,2025-10-12,Performance,Low,75,Resolved,5
TICK0010291,CUST03960,2025-06-01,Feature Request,Medium,86,Resolved,4
TICK0010292,CUST03962,2026-09-16,Account Access,Medium,76,Resolved,1
TICK0010293,CUST03962,2026-02-22,Account Access,High,25,Resolved,2
TICK0010294,CUST03962,2025-02-08,Bug Report,low,37,Resolved,4
TICK0010295,CUST03962,2025-03-04,Technical Issue,Medium,10,Resolved,1
TICK0010296,CUST03962,2025-12-17,Technical Issue,Low,137,Resolved,3
TICK0010297,CUST03962,2025-03-28,Integration,Medium,94,Resolved,2
TICK0010298,CUST03962,2026-02-01,Account Access,Medium,87,Resolved,2
TICK0010299,CUST03962,2025-01-26,Bug Report,Medium,24,Resolved,1
TICK0010300,CUST03962,2026-08-16,Bug Report,Low,111,Resolved,2
TICK0010301,CUST03963,2026-02-28,Account Access,Medium,45,Resolved,3
TICK0010302,CUST03963,2026-03-04,Account Access,Medium,53,Resolved,5
TICK0010303,CUST03963,2026-02-12,Feature Request,Low,50,Resolved,3
TICK0010304,CUST03964,2025-01-08,Performance,Medium,34,Resolved,3
TICK0010305,CUST03964,2025-06-28,Feature Request,Low,30,Open,5
TICK0010306,CUST03964,2026-01-14,Feature Request,Low,93,Resolved,2
TICK0010307,CUST03964,2024-11-16,Performance,Low,48,Resolved,3
TICK0010308,CUST03965,2023-12-26,How-To Question,Medium,53,Resolved,1
TICK0010309,CUST03965,2023-11-23,Account Access,Medium,54,Resolved,5
TICK0010310,CUST03966,2026-06-13,Billing,Low,73,Resolved,3
TICK0010311,CUST03967,2026-04-30,Billing,Low,78,Resolved,2
TICK0010312,CUST03967,2026-05-05,Performance,Low,102,Resolved,5
TICK0010313,CUST03968,2025-12-08,Account Access,High,41,Resolved,3
TICK0010314,CUST03968,2025-11-19,Technical Issue,Medium,19,Resolved,1
TICK0010315,CUST03968,2024-12-30,Performance,Low,181,Resolved,2
TICK0010316,CUST03968,2025-03-01,Performance,Medium,134,Resolved,2
TICK0010317,CUST03968,2025-05-31,Performance,Medium,84,Resolved,2
TICK0010318,CUST03968,2026-03-01,Account Access,Medium,55,Resolved,1
TICK0010319,CUST03969,2026-06-10,How-To Question,High,24,Resolved,3
TICK0010320,CUST03969,2026-07-21,Billing,Medium,41,Resolved,
TICK0010321,CUST03969,2026-05-17,Billing,Medium,67,Resolved,4
TICK0010322,CUST03969 ,2026-06-02,Performance,High,15,Resolved,3
TICK0010323,CUST03969,2026-04-19,Performance,Medium,41,Open,4
TICK0010324,CUST03970,2024-08-16, billing,Low,86,Resolved,4
TICK0010325,CUST03970,2024-08-22,How-To Question,Medium,92,Resolved,5
TICK0010326,CUST03972,2026-01-23,How-To Question,High,16,Resolved,4
TICK0010327,CUST03972,2025-06-08,How-To Question,Low,100,Resolved,5
TICK0010328,CUST03972,2026-02-02,how-to question,Medium,70,Resolved,5
TICK0010329,CUST03973,2026-08-02,Technical Issue,Low,32,Resolved,5
TICK0010330,CUST03973,2026-07-05,Performance,Low,62,Resolved,4
TICK0010331,CUST03974,2024-11-13,How-To Question,Low,91,Resolved,4
TICK0010332,CUST03974,2026-08-11,Performance,Low,111,Resolved,5
TICK0010333,CUST03974,2024-11-12,Integration,Medium,76,Resolved,1
TICK0010334,CUST03975,2025-12-13,Performance,Medium,19,Resolved,3
TICK0010335,CUST03975,2025-08-01,How-To Question,Medium,55,Resolved,2
TICK0010336,CUST03975,2026-07-09,Feature Request,Low,75,Resolved,1
TICK0010337,CUST03975,2026-03-18,Feature Request,Low,58,Resolved,1
TICK0010338,CUST03976,2025-04-01,Feature Request,Medium,40,Resolved,4
TICK0010339,CUST03976,2025-12-05,How-To Question,Low,61,Resolved,5
TICK0010340,CUST03977,2026-04-18,Feature Request,Low,61,Resolved,2
TICK0010341,CUST03977,2026-04-16,Billing,Medium,12,Resolved,4
TICK0010342,CUST03979,2026-01-29,Integration,High,16,Resolved,5
TICK0010343,CUST03979,2026-06-09,Performance,Medium,47,Resolved,4
TICK0010344,CUST03980,2026-07-21,Account Access,Medium,101,Resolved,4
TICK0010345,CUST03980,2026-08-26,Technical Issue,Medium,101,Resolved,3
TICK0010346,CUST03980,2026-07-14,Integration,Low,57,Resolved,1
TICK0010347,CUST03980,2026-08-26,Bug Report,Medium,38,Resolved,2
TICK0010348,CUST03982,2026-04-06,Feature Request,Medium,27,Resolved,4
TICK0010349,CUST03982,2026-05-10,Performance,Urgent,5,Resolved,5
TICK0010350,CUST03982,2026-04-19,Feature Request,Medium,19,Resolved,4
TICK0010351,CUST03983,2024-09-22,Billing,Low,120,Resolved,3
TICK0010352,CUST03983,2024-11-10,Feature Request,Low,105,Resolved,1
TICK0010353,CUST03983,2024-10-01,Performance,Low,102,Resolved,3
TICK0010354,CUST03984,2026-06-29,Bug Report,Low,123,Resolved,4
TICK0010355,CUST03984,2025-09-22,Performance,Low,57,Resolved,2
TICK0010356,CUST03984,2025-09-23,Feature Request,Low,68,Resolved,5
TICK0010357,CUST03984,2026-03-16,Integration,High,16,Resolved,4
TICK0010358,CUST03985,2026-03-18,Account Access,Medium,32,Resolved,5
TICK0010359,CUST03986,2026-09-20,Integration,Urgent,16,Resolved,5
TICK0010360,CUST03986,2025-09-01,How-To Question,Low,32,Resolved,5
TICK0010361,CUST03986,2026-02-26,Account Access,Medium,29,Resolved,4
TICK0010362,CUST03987,2025-09-15,Feature Request,High,20,Resolved,4
TICK0010363,CUST03987,2026-09-10,How-To Question,Low,67,Resolved,1
TICK0010364,CUST03987,2026-06-15,Feature Request,Low,118,Resolved,5
TICK0010365,CUST03988,2025-04-15,Feature Request,Low,50,Resolved,4
TICK0010366,CUST03988,2026-05-10,How-To Question,Low,91,Resolved,4
TICK0010367,CUST03989,2025-07-29,Performance,High,11,Resolved,4
TICK0010368,CUST03989,2025-05-30,Bug Report,Low,149,Resolved,4
TICK0010369,CUST03989,2025-06-01,Bug Report,Low,111,Open,1
TICK0010370,CUST03990,2024-09-13,Billing,Medium,63,Resolved,3
TICK0010371,CUST03990,2025-05-26,Performance,Low,79,Resolved,5
TICK0010372,CUST03991,2026-02-10,Technical Issue,Medium,35,Resolved,4
TICK0010373,CUST03992,2026-03-12,Performance,Medium,15,Resolved,3
TICK0010374,CUST03992,2025-05-20,How-To Question,High,28,Resolved,5
TICK0010375,CUST03992,2025-05-10,Integration,Low,76,Resolved,5
TICK0010376,CUST03993,2025-07-10,Bug Report,Urgent,13,Resolved,3
TICK0010377,CUST03994,2024-03-06,Technical Issue,Low,79,Resolved,3
TICK0010378,CUST03994,2025-02-26,Integration,Medium,79,Resolved,3
TICK0010379,CUST03994,2024-08-05,Technical Issue,High,45,Resolved,1
TICK0010380,CUST03994,2024-10-16,Performance,Low,71,Resolved,3
TICK0010381,CUST03995,2026-08-29,Feature Request,Low,31,Resolved,3
TICK0010382,CUST03995,2026-08-28,Integration,Low,57,Resolved,5
TICK0010383,CUST03995,2026-08-30,Technical Issue,High,27,Resolved,2
TICK0010384,CUST03996,2026-02-22,Bug Report,Low,41,Resolved,2
TICK0010385,CUST03996,2026-02-01,Billing,Urgent,19,Resolved,3
TICK0010386,CUST03996,2026-01-20,Account Access,Low,103,Resolved,5
TICK0010387,CUST03996,2026-07-19,Feature Request,Low,23,Resolved,4
TICK0010388,CUST03996,2026-03-04,Technical Issue,Medium,38,Resolved,
TICK0010389,CUST03997,2025-11-14,How-To Question,Medium,39,Resolved,5
TICK0010390,CUST03997,2026-07-20,Feature Request,Low,67,Resolved,3
TICK0010391,CUST03998,2026-09-11,Account Access,Low,128,Resolved,4
TICK0010392,CUST03998,2026-07-20,Bug Report,Low,170,Resolved,1
TICK0010393,CUST03998,2026-05-08,Account Access,Low,93,Resolved,1
TICK0010394,CUST03999,2025-12-25,Integration,Medium,148,Resolved,5
TICK0010395,CUST03999,2025-10-27,Technical Issue,Low,129,Resolved,4
TICK0010396,CUST03999,2025-02-10,Integration,Low,163,Resolved,4
TICK0010397,CUST03999,2026-06-22,Bug Report,High,47,Resolved,3
TICK0010398,CUST03999,2024-10-04,Technical Issue,Medium,158,Resolved,1
TICK0010399,CUST03999,2026-03-15,Integration,Low,101,Resolved,2
TICK0010400,CUST03999,2026-09-15,Performance,Low,83,Resolved,
TICK0010401,CUST03999,2024-12-06,Performance,Medium,90,Resolved,2
TICK0010402,CUST03999,2026-01-13,Integration,Medium,19,Resolved,1
TICK0010403,CUST03999,2025-01-13,Performance,Medium,101,Resolved,1
TICK0010404,CUST04000,2023-10-28,Feature Request,Low,106,Resolved,2
TICK0010405,CUST04000,2024-08-24,Account Access,Low,48,Resolved,1
TICK0010406,CUST04000,2024-06-26,Account Access,Low,57,Resolved,4
TICK0010407,CUST04000,2025-01-13,How-To Question,Medium,22,resolved,3
TICK0010408,CUST04000,2025-04-09,Account Access,Low,96,Resolved,1
TICK0010409,CUST04000,2024-01-01,How-To Question,Low,120,Resolved,2
TICK0010410,CUST04001,2025-08-09,how-to question,Medium,27,Resolved,2
TICK0010411,CUST04002,2026-08-22,Account Access,Medium,37,Resolved,4
TICK0010412,CUST04002,2025-11-25,How-To Question,Medium,64,Resolved,5
TICK0010413,CUST04003,2026-08-04,Account Access,Medium,50,Resolved,4
TICK0010414,CUST04003 ,2026-08-21,Bug Report,Medium,60,Pending,4
TICK0010415,CUST04003,2026-07-28,Integration,Medium,25,Resolved,5
TICK0010416,CUST04004,2024-08-23,Technical Issue,Medium,21,Resolved,3
TICK0010417,CUST04004,2024-11-12,Performance,Medium,23,Resolved,2
TICK0010418,CUST04004,2024-12-25,Bug Report,Low,151,Resolved,2
TICK0010419,CUST04004,2024-11-18,Integration,Low,99,Resolved,3
TICK0010420,CUST04004,2024-12-16,Technical Issue,Medium,60,Pending,4
TICK0010421,CUST04004,2024-12-06,Bug Report,Low,111,Resolved,5
TICK0010422,CUST04005,2025-06-13,Technical Issue,Medium,64,Resolved,5
TICK0010423,CUST04005,2024-06-25,Bug Report,Low,62,Resolved,5
TICK0010424,CUST04005,2026-09-11,How-To Question,High,39,Pending,4
TICK0010425,CUST04006,2026-09-13,Billing,High,39,Resolved,5
TICK0010426,CUST04007,2025-02-12,Feature Request,Medium,53,Resolved,4
TICK0010427,CUST04007,2026-07-19,Account Access,Low,59,Resolved,5
TICK0010428,CUST04008,2026-05-12,Performance,High,26,Resolved,3
TICK0010429,CUST04008,2026-08-15,Bug Report,Urgent,2,Resolved,2
TICK0010430,CUST04008,2025-05-07,Account Access,High,50,Resolved,1
TICK0010431,CUST04008,2025-10-16,Performance,Medium,101,Resolved,4
TICK0010432,CUST04008,2025-09-12,Integration,Medium,95,Resolved,2
TICK0010433,CUST04009,2026-08-03,Billing,Medium,33,Resolved,1
TICK0010434,CUST04009,2025-11-18,Bug Report,Medium,56,Resolved,4
TICK0010435,CUST04009,2025-04-30,Billing,Medium,44,Resolved,3
TICK0010436,CUST04010,2026-07-16,Performance,Medium,62,Resolved,4
TICK0010437,CUST04010,2026-08-04,Bug Report,Medium,19,Resolved,4
TICK0010438,CUST04010,2026-07-09,Billing,Urgent,14,Resolved,4
TICK0010439,CUST04011,2026-06-23,Technical Issue,Low,84,Resolved,2
TICK0010440,CUST04011,2026-04-04,Account Access, high,36,Resolved,2
TICK0010441,CUST04011,2026-05-29,Account Access,Medium,59,Resolved,4
TICK0010442,CUST04011,2026-05-23,Technical Issue,Medium,25,Resolved,1
TICK0010443,CUST04011,2026-05-31,Performance,Medium,118,Resolved,2
TICK0010444,CUST04012,2026-02-04,How-To Question,Medium,69,Resolved,3
TICK0010445,CUST04012,2026-01-11,Billing,Low,137,Resolved,5
TICK0010446,CUST04013,2026-06-15,Bug Report,Medium,69,Resolved,3
TICK0010447,CUST04013,2024-02-22,Technical Issue,Medium,39,Resolved,1
TICK0010448,CUST04013,2024-03-24,Performance,Medium,23,Resolved,1
TICK0010449,CUST04013,2024-02-07,Technical Issue,Medium,52,Resolved,1
TICK0010450,CUST04013,2026-07-05,Performance,Medium,94,Resolved,1
TICK0010451,CUST04013,2024-02-18,Bug Report,Medium,103,Resolved,1
TICK0010452,CUST04014,2026-01-16,How-To Question,Low,46,Open,5
TICK0010453,CUST04015,2026-04-16,How-To Question,Medium,51,Resolved,3
TICK0010454,CUST04015,2026-07-08,FEATURE REQUEST,Medium,72,Resolved,4
TICK0010455,CUST04016,2026-06-30,Account Access,Medium,46,Resolved,5
TICK0010456,CUST04016,2026-09-10,Integration,High,28,Resolved,2
TICK0010457,CUST04017,2025-09-13,Feature Request,Medium,39,Resolved,1
TICK0010458,CUST04017,2024-06-17,Integration,Medium,48,resolved,5
TICK0010459,CUST04018,2026-01-08,How-To Question,Low,69,Resolved,3
TICK0010460,CUST04018,2024-08-01,How-To Question,Low,64,Resolved,4
TICK0010461,CUST04019,2025-09-08,How-To Question,Low,12,Resolved,5
TICK0010462,CUST04019,2025-04-23,Performance,High,40,Resolved,4
TICK0010463,CUST04019,2024-12-14,Billing,Medium,45,Resolved,5
TICK0010464,CUST04020,2026-03-25,Account Access,Low,12,Resolved,4
TICK0010465,CUST04020,2025-12-31,Account Access,Low,86,Resolved,2
TICK0010466,CUST04021,2026-02-27,How-To Question,Low,39,Resolved,3
TICK0010467,CUST04021,2025-06-20,Performance,Medium,21,Resolved,3
TICK0010468,CUST04021,2026-03-18,Feature Request,Urgent,9,Resolved,4
TICK0010469,CUST04022,2025-05-10,Feature Request,Low,61,Resolved,5
TICK0010470,CUST04022,2025-04-01,How-To Question,Medium,59,Resolved,5
TICK0010471,CUST04022,2025-01-20,Account Access,Low,50,Resolved,4
TICK0010472,CUST04023,2026-07-03,Technical Issue,Low,68,Resolved,3
TICK0010473,CUST04023,2026-07-02,Account Access,Low,69,Resolved,5
TICK0010474,CUST04024,2025-07-12,Technical Issue,Medium,70,Resolved,2
TICK0010475,CUST04024,2026-08-04,Account Access,Low,145,Resolved,2
TICK0010476,CUST04025,2026-03-24,Feature Request,High,7,Resolved,5
TICK0010477,CUST04026,2026-07-09,Feature Request,High,26,Resolved,4
TICK0010478,CUST04028,2025-05-30,Performance,Low,66,Resolved,4
TICK0010479,CUST04028,2025-01-11,How-To Question,Medium,25,Resolved,2
TICK0010480,CUST04028,2025-07-13,Billing,Low,34,Resolved,1
TICK0010481,CUST04028,2024-09-16,Billing,Medium,57,Resolved,5
TICK0010482,CUST04029,2026-08-27,Performance,High,18,Resolved,5
TICK0010483,CUST04031,2024-09-08,Account Access,Low,100,Resolved,4
TICK0010484,CUST04031,2024-11-04,Billing,Medium,37,Resolved,4
TICK0010485,CUST04031,2025-01-03,Bug Report,Low,68,Open,5
TICK0010486,CUST04033,2026-04-27,Feature Request,Low,67,Resolved,3
TICK0010487,CUST04034,2025-02-16,how-to question,Low,57,Resolved,4
TICK0010488,CUST04034,2026-07-26,How-To Question,Low,60,Resolved,4
TICK0010489,CUST04035,2026-03-03,Feature Request,High,10,Resolved,4
TICK0010490,CUST04035,2026-02-13,Feature Request,Medium,50,Open,2
TICK0010491,CUST04036,2026-09-22,Account Access,Low,99,Resolved,3
TICK0010492,CUST04036,2026-01-31,Feature Request,Medium,32,Resolved,5
TICK0010493,CUST04037,2025-12-25,How-To Question,Low,36,Resolved,4
TICK0010494,CUST04038,2026-04-30,Performance,Low,12,Resolved,5
TICK0010495,CUST04038,2026-05-23,Technical Issue,Medium,29,Resolved,3
TICK0010496,CUST04038,2026-06-20,Billing,High,23,Resolved,5
TICK0010497,CUST04040,2025-03-06,Feature Request,Low,19,Pending,4
TICK0010498,CUST04041,2024-04-08,Feature Request,Medium,65,Resolved,4
TICK0010499,CUST04041,2025-03-13,How-To Question,High,28,Resolved,2
TICK0010500,CUST04041,2024-07-14,Feature Request,Low,61,Resolved,3
TICK0010501,CUST04041,2025-02-21,Feature Request,Medium,68,Resolved,4
TICK0010502,CUST04042,2026-05-28,Account Access,Low,48,Open,2
TICK0010503,CUST04043,2026-05-04,Feature Request,High,34,Resolved,5
TICK0010504,CUST04043,2025-05-14,How-To Question,Medium,67,Pending,4
TICK0010505,CUST04043,2025-08-14,Account Access,Medium,38,Resolved,4
TICK0010506,CUST04043,2025-12-31,Technical Issue,Low,105,Resolved,5
TICK0010507,CUST04044,10/02/2025,Integration,Medium,91,Resolved,1
TICK0010508,CUST04044,2026-06-02,Integration,Low,149,Resolved,1
TICK0010509,CUST04044,2025-05-04,Bug Report,Low,151,Resolved,2
TICK0010510,CUST04044,2026-04-04,Bug Report,Medium,55,Resolved,4
TICK0010511,CUST04044,2025-10-27,Bug Report,Low,89,Resolved,2
TICK0010512,CUST04045,2026-07-13,Feature Request,Low,111,Resolved,4
TICK0010513,CUST04045,2025-09-09,Performance,Medium,64,Resolved,4
TICK0010514,CUST04046,2025-12-24,Account Access,Low,61,Resolved,4
TICK0010515,CUST04046,2025-07-14,Feature Request,High,29,Resolved,2
TICK0010516,CUST04047,2025-09-06,Performance,Low,52,Resolved,
TICK0010517,CUST04047 ,2025-12-02,Performance,Medium,38,Resolved,4
TICK0010518,CUST04047,2026-04-05,Billing,Medium,43,Resolved,2
TICK0010519,CUST04047,2026-08-01,Performance,Low,105,Resolved,4
TICK0010520,CUST04048,2026-01-22,Account Access,Medium,16,Pending,3
TICK0010521,CUST04049,2025-02-22,How-To Question,Low,133,Resolved,4
TICK0010522,CUST04050,2025-11-12,Feature Request,Low,73,Resolved,4
TICK0010523,CUST04050,2025-05-13,Account Access,High,5,Resolved,2
TICK0010524,CUST04050,2025-01-10,Account Access,Medium,29,Resolved,3
TICK0010525,CUST04051,2025-03-29,Performance,Low,68,Resolved,5
TICK0010526,CUST04051,2025-09-14,How-To Question,Medium,47,Resolved,3
TICK0010527,CUST04051,2026-08-28,How-To Question,Medium,56,Resolved,4
TICK0010528,CUST04051,2026-08-16,How-To Question,Medium,65,Resolved,5
TICK0010529,CUST04052,2026-08-12,Account Access,Low,62,Resolved,4
TICK0010530,CUST04052,2025-10-28,Feature Request,High,26,Resolved,2
TICK0010531,CUST04053,2026-08-03,Bug Report,Low,170,Resolved,2
TICK0010532,CUST04053,2026-03-03,Bug Report,Low,64,Resolved,1
TICK0010533,CUST04053,2025-10-24,Bug Report,Urgent,13,Resolved,1
TICK0010534,CUST04053,2025-12-09,Integration,Low,36,Resolved,1
TICK0010535,CUST04053,2025-09-22,Integration,High,32,Resolved,2
TICK0010536,CUST04053,2026-06-13,Performance,Low,57,Resolved,1
TICK0010537,CUST04053,2025-09-05,Technical Issue,Low,26,Resolved,1
TICK0010538,CUST04054,2026-05-08,Technical Issue,Low,107,Resolved,5
TICK0010539,CUST04054,2024-12-22,Feature Request,Low,69,Resolved,5
TICK0010540,CUST04054,2025-09-30,Technical Issue,Medium,61,Pending,3
TICK0010541,CUST04055,2026-07-28,How-To Question,Low,100,Resolved,5
TICK0010542,CUST04055,2026-07-15,Account Access,Urgent,10,Resolved,4
TICK0010543,CUST04056,2026-03-08,Integration,Low,59,Resolved,1
TICK0010544,CUST04056,2026-03-24,Bug Report,Low,123,Resolved,2
TICK0010545,CUST04056,2026-02-22,Bug Report,High,11,Resolved,2
TICK0010546,CUST04057,2025-09-16,Feature Request,Low,31,Resolved,5
TICK0010547,CUST04057,2025-12-11,Integration,Low,39,Resolved,3
TICK0010548,CUST04057,2026-04-11,Performance,Medium,8,Resolved,5
TICK0010549,CUST04058,2026-03-10,Technical Issue,Low,82,Resolved,5
TICK0010550,CUST04058,2026-05-13,Feature Request,Low,39,Resolved,2
TICK0010551,CUST04059,2026-05-09,Technical Issue,Low,66,Resolved,4
TICK0010552,CUST04061,2025-11-21,Performance,Urgent,8,Resolved,5
TICK0010553,CUST04061,2026-02-16,Feature Request,High,32,Pending,3
TICK0010554,CUST04061,2025-05-09,Account Access,Medium,34,Resolved,5
TICK0010555,CUST04063,2026-09-16,Technical Issue,Low,87,Resolved,4
TICK0010556,CUST04063,2026-08-31,Feature Request,High,29,Resolved,4
TICK0010557,CUST04063,2026-07-26,Billing,Medium,76,Resolved,5
TICK0010558,CUST04064,2024-10-15,How-To Question,Low,54,Resolved,3
TICK0010559,CUST04067,2026-09-23,Performance,Medium,52,Resolved,3
TICK0010560,CUST04067,03/22/2026,Performance,Low,121,Resolved,5
TICK0010561,CUST04067,2026-03-10,Account Access,High,24,Resolved,5
TICK0010562,CUST04067,2026-03-07,Integration,Low,78,Resolved,5
TICK0010563,CUST04069,2026-05-08,Integration,Medium,80,Resolved,4
TICK0010564,CUST04069,2026-09-16,Technical Issue,High,19,Resolved,3
TICK0010565,CUST04070,2025-03-10,Bug Report,Medium,142,Open,2
TICK0010566,CUST04070,2024-11-07,Bug Report,Low,53,Resolved,3
TICK0010567,CUST04070,02/11/2024,Bug Report,High,67,Resolved,2
TICK0010568,CUST04070,2024-03-17,Integration,Low,116,Resolved,2
TICK0010569,CUST04071,2024-09-01,Billing,High,20,Pending,4
TICK0010570,CUST04072,2025-08-09,How-To Question,High,4,Pending,4
TICK0010571,CUST04072,2026-08-22,How-To Question,Medium,74,resolved,5
TICK0010572,CUST04073,01/10/2026,Feature Request,Medium,76,Resolved,4
TICK0010573,CUST04073,2026-05-01,Billing,Medium,53,Resolved,2
TICK0010574,CUST04073,2025-11-05,How-To Question,High,18,Resolved,5
TICK0010575,CUST04073,2026-06-07,Performance,High,26,Resolved,1
TICK0010576,CUST04073,04/13/2026, billing,Low,31,Resolved,5
TICK0010577,CUST04074,2025-03-30,How-To Question,High,18,Resolved,4
TICK0010578,CUST04075,2026-01-25,How-To Question,Medium,86,Resolved,4
TICK0010579,CUST04076,2026-07-05,Bug Report,Low,77,Resolved,2
TICK0010580,CUST04076,2025-04-20,Integration,High,43,Resolved,1
TICK0010581,CUST04078,2026-02-07,How-To Question,Low,66,Resolved,2
TICK0010582,CUST04078,2026-06-17,Billing,Low,112,Resolved,4
TICK0010583,CUST04079,2025-12-29,How-To Question,Medium,21,Resolved,1
TICK0010584,CUST04079,2026-08-21,Feature Request,Low,59,Resolved,1
TICK0010585,CUST04080,2026-06-28,Technical Issue,Medium,38,Resolved,5
TICK0010586,CUST04080,2026-09-16,Feature Request,Low,82,Resolved,3
TICK0010587,CUST04080,2026-08-08,Billing,Low,115,Resolved,5
TICK0010588,CUST04082,2024-12-13,Integration,Medium,119,Resolved,5
TICK0010589,CUST04083,2026-07-30,Account Access,Medium,32,Resolved,5
TICK0010590,CUST04084,2025-09-22,Integration,Low,80,Resolved,1
TICK0010591,CUST04084,2025-08-03,performance,Medium,79,Resolved,5
TICK0010592,CUST04084,2025-07-23,Integration,Medium,82,Resolved,1
TICK0010593,CUST04085,2026-05-09,Technical Issue,Medium,94,Resolved,4
TICK0010594,CUST04085,2026-01-27,Feature Request,Medium,53,Resolved,3
TICK0010595,CUST04085,2026-02-28,How-To Question,Low,44,Resolved,5
TICK0010596,CUST04085,2026-02-24,How-To Question,Low,63,Resolved,4
TICK0010597,CUST04085,2025-11-27,Performance,Low,86,Resolved,5
TICK0010598,CUST04086,2026-02-01,Performance,Low,53,Resolved,3
TICK0010599,CUST04086,2026-02-18,Account Access,Urgent,19,Resolved,1
TICK0010600,CUST04086,2026-02-21,Technical Issue,Medium,50,Resolved,1
TICK0010601,CUST04086,2026-03-04,Performance,Low,116,Open,4
TICK0010602,CUST04086,2026-03-03,Performance,Urgent,14,Resolved,1
TICK0010603,CUST04087,2025-11-18,Billing,Medium,23,Resolved,4
TICK0010604,CUST04087,2025-12-02,Performance,Medium,50,Resolved,4
TICK0010605,CUST04087,2026-05-23,Billing,Low,96,Resolved,3
TICK0010606,CUST04087,2025-10-16,Feature Request,Low,76,Resolved,5
TICK0010607,CUST04088,2024-05-28,Bug Report,Medium,62,Resolved,4
TICK0010608,CUST04089,2026-08-29,Performance,High,19,Pending,5
TICK0010609,CUST04089,2024-06-07,Performance,High,8,Resolved,
TICK0010610,CUST04089,2025-09-18,Integration,Low,75,Resolved,5
TICK0010611,CUST04089,2024-10-25,Account Access,Medium,60,Resolved,2
TICK0010612,CUST04089,2024-12-31,Account Access,Medium,23,Resolved,4
TICK0010613,CUST04089,2025-01-11,Integration,Medium,53,Resolved,4
TICK0010614,CUST04090,2026-02-28,Bug Report, high,48,Resolved,4
TICK0010615,CUST04090,2026-02-08,Account Access,Low,82,Resolved,5
TICK0010616,CUST04091,2026-09-11,Technical Issue,Medium,106,Resolved,5
TICK0010617,CUST04091,2026-09-13,Bug Report,Medium,122,Resolved,4
TICK0010618,CUST04091,2026-07-07,Technical Issue,Low,175,Resolved,1
TICK0010619,CUST04092,2026-01-20,Performance,High,14,Resolved,5
TICK0010620,CUST04093,2026-02-26,Bug Report,Low,97,Resolved,3
TICK0010621,CUST04093,2026-09-16,Integration,Medium,80,Resolved,5
TICK0010622,CUST04094,2025-08-04,Billing,Medium,39,Resolved,5
TICK0010623,CUST04094,2025-05-01,How-To Question,Urgent,12,Resolved,5
TICK0010624,CUST04094,2026-06-22,Account Access,Medium,45,Resolved,4
TICK0010625,CUST04095,2026-08-31,Account Access,Medium,56,Resolved,5
TICK0010626,CUST04096,2026-06-22,Feature Request,Low,104,Resolved,1
TICK0010627,CUST04096,2025-09-24,How-To Question,Medium,44,Resolved,4
TICK0010628,CUST04096,2026-06-20,How-To Question,High,31,Resolved,2
TICK0010629,CUST04097,2024-07-22,Technical Issue,Low,52,Resolved,3
TICK0010630,CUST04098,2024-10-02,Account Access,Low,90,Resolved,4
TICK0010631,CUST04098,09/29/2024,Technical Issue,Low,90,Resolved,5
TICK0010632,CUST04099,2026-04-20,Performance,Low,96,Resolved,4
TICK0010633,CUST04100,2026-09-08,Account Access,Low,82,Resolved,4
TICK0010634,CUST04100,2026-08-25,Performance,Medium,35,Resolved,5
TICK0010635,CUST04101,2026-02-22,Performance,Medium,109,Resolved,1
TICK0010636,CUST04101,2026-04-18,Account Access,Medium,72,Resolved,5
TICK0010637,CUST04101,2026-07-12,Account Access,Medium,61,Resolved,1
TICK0010638,CUST04101,2025-10-16,Performance,Medium,82,Resolved,2
TICK0010639,CUST04102,2026-09-11,Feature Request,Low,57,Resolved,1
TICK0010640,CUST04102,2026-04-10,Feature Request,Medium,64,Resolved,1
TICK0010641,CUST04102,2026-03-22,Feature Request,Low,101,Resolved,5
TICK0010642,CUST04102,2026-03-23,How-To Question,Low,91,Resolved,3
TICK0010643,CUST04102,2026-03-24,How-To Question,Low,67,Resolved,3
TICK0010644,CUST04103,2026-01-14,Bug Report,High,10,Resolved,1
TICK0010645,CUST04103,2026-09-01,Performance,Low,120,Open,
TICK0010646,CUST04103,2025-05-11,Bug Report,Medium,158,Resolved,1
TICK0010647,CUST04103,06/15/2026,Technical Issue,Low,126,Resolved,1
TICK0010648,CUST04104,2026-08-12,Billing,Medium,47,Pending,4
TICK0010649,CUST04104,2026-08-01,Feature Request,Low,138,Resolved,3
TICK0010650,CUST04105,2025-07-16,Technical Issue,Medium,57,Resolved,5
TICK0010651,CUST04106,2025-01-29,Account Access,Low,104,Resolved,1
TICK0010652,CUST04106,2024-08-12,Integration,Low,53,Resolved,4
TICK0010653,CUST04106,2025-07-06,Integration,Low,62,Open,1
TICK0010654,CUST04106,2025-10-02,Technical Issue,Medium,111,Resolved,5
TICK0010655,CUST04106,2024-12-13,Performance,Low,34,Resolved,1
TICK0010656,CUST04106,2024-12-30,Account Access,Medium,108,Resolved,1
TICK0010657,CUST04106,2025-06-10,Performance,Low,85,Resolved,1
TICK0010658,CUST04106,2026-01-14,Technical Issue,Medium,85,Resolved,3
TICK0010659,CUST04107,2025-03-20,Performance,Low,63,Resolved,4
TICK0010660,CUST04107,2026-08-29,Integration,Medium,75,Resolved,5
TICK0010661,CUST04108,07/11/2026,Billing,Low,161,Resolved,5
TICK0010662,CUST04108,2026-08-09,Performance,Urgent,21,Resolved,3
TICK0010663,CUST04108,2026-08-02,Feature Request,Low,94,Resolved,3
TICK0010664,CUST04109,2026-04-11,How-To Question,Low,40,Resolved,1
TICK0010665,CUST04109,2026-06-18,How-To Question,Low,86,Resolved,3
TICK0010666,CUST04109,07/17/2026,Billing,Low,81,Resolved,4
TICK0010667,CUST04110,2025-11-18,Account Access,Medium,52,Resolved,3
TICK0010668,CUST04110,2025-10-22,Performance,Low,70,Resolved,5
TICK0010669,CUST04111,04/06/2026,How-To Question,Medium,55,Resolved,5
TICK0010670,CUST04112,2026-09-05,Bug Report,Medium,54,Resolved,4
TICK0010671,CUST04113,2026-09-18,Performance,Medium,73,Resolved,4
TICK0010672,CUST04113,2025-12-11,Technical Issue,Medium,24,Resolved,5
TICK0010673,CUST04114,2025-11-07,Billing,Medium,65,Pending,4
TICK0010674,CUST04114,2025-11-14,Feature Request,Low,64,Resolved,4
TICK0010675,CUST04114,2025-09-28,Feature Request,Low,65,Resolved,4
TICK0010676,CUST04115,2026-09-06,Billing,Low,44,Resolved,5
TICK0010677,CUST04115,2024-10-07,Feature Request,Medium,67,Resolved,4
TICK0010678,CUST04115,2024-09-30,Technical Issue,Medium,65,Resolved,5
TICK0010679,CUST04115,2026-07-05,Performance,Medium,52,Resolved,3
TICK0010680,CUST04116,2025-09-25,Billing,High,25,Resolved,4
TICK0010681,CUST04117,2025-02-27,Performance,Medium,54,Open,1
TICK0010682,CUST04117,2025-02-04,Performance,Low,101,Resolved,3
TICK0010683,CUST04118,2026-07-19,How-To Question,Medium,47,Resolved,3
TICK0010684,CUST04119,2024-11-26,Feature Request,Low,73,Resolved,3
TICK0010685,CUST04119,2025-04-01,Performance,Medium,25,Resolved,2
TICK0010686,CUST04119,2024-12-04,Billing,Medium,8,Resolved,3
TICK0010687,CUST04119,2025-02-23,How-To Question,High,22,Resolved,4
TICK0010688,CUST04120,2026-09-12,How-To Question,Medium,57,Resolved,4
TICK0010689,CUST04120,2026-04-08,Bug Report,Medium,73,Open,5
TICK0010690,CUST04120,2026-03-19,Feature Request,Low,54,Resolved,4
TICK0010691,CUST04121,2026-08-11,Billing,Medium,56,Resolved,
TICK0010692,CUST04121,2026-07-04,Feature Request,Low,90,Pending,5
TICK0010693,CUST04122,2025-08-16,Performance,High,13,Resolved,5
TICK0010694,CUST04122 ,2025-01-08,How-To Question,Low,111,Open,3
TICK0010695,CUST04122,2026-07-27,Billing,Medium,48,Resolved,1
TICK0010696,CUST04123,2026-06-30,Account Access,Medium,41,Resolved,3
TICK0010697,CUST04123,2026-02-05,Feature Request,High,24,Resolved,4
TICK0010698,CUST04126,2026-08-31,bug report,Medium,34,Resolved,4
TICK0010699,CUST04126,2026-06-30,Integration,Medium,57,Resolved,5
TICK0010700,CUST04126,2026-07-06,How-To Question,Urgent,19,Resolved,4
TICK0010701,CUST04126,2026-06-09,Technical Issue,Medium,64,Resolved,4
TICK0010702,CUST04127,2026-07-20,Technical Issue,Medium,48,Resolved,5
TICK0010703,CUST04127,2025-10-22,Account Access,Medium,104,Resolved,4
TICK0010704,CUST04128,2026-01-26,Feature Request,Urgent,17,Resolved,4
TICK0010705,CUST04129,2026-05-21,how-to question,High,23,Resolved,4
TICK0010706,CUST04129,2026-01-29,Performance,Low,74,Resolved,3
TICK0010707,CUST04129,2026-05-01,Performance,Medium,55,Resolved,3
TICK0010708,CUST04130,2025-06-02,Account Access,High,37,Resolved,2
TICK0010709,CUST04130,2025-09-01,Account Access,Medium,41,Pending,1
TICK0010710,CUST04130,2025-05-04,Bug Report,Low,150,Open,1
TICK0010711,CUST04130,2025-07-29,Account Access,Medium,70,Resolved,4
TICK0010712,CUST04130,2025-05-27,Bug Report,High,6,Resolved,2
TICK0010713,CUST04130,2025-10-16,Technical Issue,Low,151,Resolved,2
TICK0010714,CUST04130,2025-07-26,Account Access,Medium,96,resolved,5
TICK0010715,CUST04131,2026-01-08,Feature Request,Urgent,16,Resolved,3
TICK0010716,CUST04131,2025-12-15,Billing,Low,58,Resolved,2
TICK0010717,CUST04131,2025-04-03,How-To Question,Low,81,Resolved,3
TICK0010718,CUST04133,2025-03-22,Technical Issue,Low,239,Resolved,1
TICK0010719,CUST04133,2025-09-11,Account Access,Medium,108,Resolved,3
TICK0010720,CUST04133,2026-01-13,Technical Issue,Medium,58,Resolved,2
TICK0010721,CUST04133,2026-01-16,Technical Issue,Low,113,Resolved,2
TICK0010722,CUST04133,2025-05-21,Account Access,Low,52,Resolved,1
TICK0010723,CUST04134,2025-05-12,Account Access,Medium,47,Resolved,1
TICK0010724,CUST04134,2024-06-30,Integration,Low,119,Open,4
TICK0010725,CUST04134,2026-05-07,Performance,High,23,Pending,1
TICK0010726,CUST04134,2026-08-10,Technical Issue,Medium,148,Resolved,2
TICK0010727,CUST04135,2026-08-30,How-To Question,Medium,64,Resolved,2
TICK0010728,CUST04135,2026-02-05,Performance,Low,53,Resolved,3
TICK0010729,CUST04135,2026-05-13,Billing,Medium,27,Resolved,5
TICK0010730,CUST04135,2025-11-22,Feature Request,Low,38,Resolved,5
TICK0010731,CUST04136,2025-06-22,Technical Issue,Medium,117,Pending,1
TICK0010732,CUST04136,2025-04-27,Performance,Medium,62,Resolved,3
TICK0010733,CUST04137,2026-04-01,Technical Issue,Low,12,Resolved,5
TICK0010734,CUST04138,2024-07-19,Technical Issue,Low,73,Resolved,3
TICK0010735,CUST04138,2025-10-14,Technical Issue,Low,70,Resolved,3
TICK0010736,CUST04138,10/03/2025,Bug Report,Low,92,Pending,5
TICK0010737,CUST04138,2025-06-21,Performance,Low,53,Open,5
TICK0010738,CUST04139,2026-08-07,Account Access,High,19,Resolved,1
TICK0010739,CUST04139,2026-08-25,Integration,Medium,190,Resolved,3
TICK0010740,CUST04139,08/14/2026,Technical Issue,Low,105,Resolved,1
TICK0010741,CUST04139,2026-08-13,Bug Report,Low,125,Resolved,2
TICK0010742,CUST04139,2026-09-18,Account Access,Low,112,Resolved,1
TICK0010743,CUST04139,2026-08-08,Bug Report,Medium,103,Resolved,4
TICK0010744,CUST04139,2026-09-13,Bug Report,Low,99,Resolved,1
TICK0010745,CUST04140,2025-08-08,Account Access,Low,95,Resolved,4
TICK0010746,CUST04140,2025-10-06,Account Access,Medium,60,Resolved,2
TICK0010747,CUST04140,2025-12-05,Feature Request,High,6,Resolved,1
TICK0010748,CUST04141,2025-12-16,Billing,High,36,Resolved,3
TICK0010749,CUST04141,2025-11-19,Bug Report,Medium,41,Resolved,5
TICK0010750,CUST04141,2025-06-29,Performance,Medium,50,Resolved,4
TICK0010751,CUST04142,2026-02-01,Performance,Medium,51,Resolved,4
TICK0010752,CUST04143,2024-07-23,Feature Request,Medium,31,Resolved,3
TICK0010753,CUST04144,2024-10-31,Integration,Medium,41,Resolved,
TICK0010754,CUST04144,2026-07-27,Account Access,Low,30,Open,5
TICK0010755,CUST04144,2025-10-04,Technical Issue,Urgent,18,Resolved,4
TICK0010756,CUST04144,2025-08-05,Integration,High,34,Resolved,5
TICK0010757,CUST04146,2025-11-06,Bug Report,Medium,52,Resolved,2
TICK0010758,CUST04146,2024-12-28,Account Access,Low,65,Resolved,4
TICK0010759,CUST04146,2025-12-26,Integration,Low,113,Resolved,2
TICK0010760,CUST04147,2026-08-21,Technical Issue,Medium,21,Resolved,4
TICK0010761,CUST04147,2026-03-30,Feature Request,High,16,Resolved,4
TICK0010762,CUST04147,2026-08-06,Bug Report,Medium,61,Resolved,5
TICK0010763,CUST04148,2024-03-09,How-To Question,Medium,28,Pending,5
TICK0010764,CUST04148,2025-02-13,Feature Request,Low,43,Resolved,1
TICK0010765,CUST04148,2026-02-20,Feature Request,Medium,25,Resolved,5
TICK0010766,CUST04148,2025-12-22,How-To Question,Medium,54,Resolved,5
TICK0010767,CUST04149,2026-05-31,Performance,Medium,89,Resolved,1
TICK0010768,CUST04150,2026-01-17,Bug Report,low,63,resolved,5
TICK0010769,CUST04151,2026-04-16,Bug Report,Medium,66,Resolved,3
TICK0010770,CUST04151,2025-10-02,Technical Issue,Medium,38,Resolved,5
TICK0010771,CUST04152,2026-02-26,Performance,Medium,59,Resolved,1
TICK0010772,CUST04153,2026-07-02,How-To Question,Medium,45,Resolved,4
TICK0010773,CUST04154,2026-05-15,Account Access,Urgent,27,Resolved,2
TICK0010774,CUST04154,2024-09-02,Technical Issue,Medium,76,Resolved,1
TICK0010775,CUST04154,2024-10-19,Integration,Low,71,Resolved,3
TICK0010776,CUST04154,2025-04-14,Technical Issue,Medium,144,Pending,4
TICK0010777,CUST04155,2026-09-13,Technical Issue,Low,82,Resolved,5
TICK0010778,CUST04156,2026-09-03,Billing,Urgent,11,Resolved,4
TICK0010779,CUST04156,2026-09-03,Performance,Urgent,8,Resolved,3
TICK0010780,CUST04156,2026-08-13,Performance,Medium,45,Resolved,2
TICK0010781,CUST04157,02/23/2026,Performance,Low,38,Resolved,5
TICK0010782,CUST04157,2024-06-09,Performance,Low,51,Resolved,4
TICK0010783,CUST04157,2026-04-10,Technical Issue,Medium,62,Resolved,4
TICK0010784,CUST04158,2025-11-28,Billing,Medium,44,Resolved,3
TICK0010785,CUST04158,2026-03-05,Integration,Medium,62,Resolved,4
TICK0010786,CUST04158,2026-04-10,Bug Report,Low,81,Resolved,5
TICK0010787,CUST04158,2026-04-14,Performance,Medium,29,Resolved,5
TICK0010788,CUST04158,2026-05-03,Technical Issue,Medium,27,Resolved,3
TICK0010789,CUST04159,2026-09-08,Feature Request,Low,65,Resolved,4
TICK0010790,CUST04159,2025-06-08,How-To Question,Low,94,Resolved,4
TICK0010791,CUST04160,2025-12-30,How-To Question,High,24,resolved,3
TICK0010792,CUST04161,2025-05-21,How-To Question,Low,75,Resolved,3
TICK0010793,CUST04161,2025-07-14,Performance,Medium,64,Resolved,2
TICK0010794,CUST04161,2025-05-24,Billing,Medium,14,Resolved,4
TICK0010795,CUST04162,2026-01-09,Technical Issue,Low,110,Resolved,5
TICK0010796,CUST04162,2025-08-27,Integration,Medium,53,Resolved,3
TICK0010797,CUST04164,2025-05-01,Integration,Medium,50,Open,1
TICK0010798,CUST04164,2026-05-08,Feature Request,High,42,Resolved,4
TICK0010799,CUST04164,2025-11-03,How-To Question,High,17,Resolved,4
TICK0010800,CUST04165,2025-11-27,How-To Question,Medium,47,Resolved,4
TICK0010801,CUST04165,2024-12-12,Feature Request,Medium,65,Resolved,5
TICK0010802,CUST04165,2024-12-12,How-To Question,Medium,55,Resolved,2
TICK0010803,CUST04166,2026-09-08,How-To Question,Medium,62,Resolved,5
TICK0010804,CUST04166,2026-05-12,Account Access,Low,78,Resolved,5
TICK0010805,CUST04166,2025-07-24,Integration,Medium,12,Resolved,5
TICK0010806,CUST04168,2024-08-02,How-To Question,low,38,Resolved,3
TICK0010807,CUST04168,2025-01-05,Billing,Medium,26,Resolved,5
TICK0010808,CUST04169,2026-01-06,Account Access,Low,57,Pending,2
TICK0010809,CUST04170,2024-05-28,Billing,Low,15,Resolved,4
TICK0010810,CUST04171,2025-10-15,Performance,Medium,29,Resolved,4
TICK0010811,CUST04171,2025-10-31,How-To Question,Low,115,Resolved,5
TICK0010812,CUST04172,2026-04-03,Account Access,Low,33,Resolved,3
TICK0010813,CUST04172,2026-02-22,Feature Request,Low,12,Resolved,
TICK0010814,CUST04173,2026-08-27,Performance,Medium,26,Pending,5
TICK0010815,CUST04173,2026-09-08,Integration,High,24,Resolved,4
TICK0010816,CUST04174,2025-06-23,How-To Question,Low,67,Resolved,4
TICK0010817,CUST04176,2025-09-22,Performance,Low,177,Open,2
TICK0010818,CUST04176,2026-07-16,Account Access,Medium,53,Resolved,1
TICK0010819,CUST04176,2026-05-01,Bug Report,Low,89,Resolved,4
TICK0010820,CUST04176,2025-12-26,Integration,Low,143,Resolved,2
TICK0010821,CUST04176,2026-05-13,Integration,Medium,65,Resolved,3
TICK0010822,CUST04176,2025-08-18,Account Access,Low,81,Resolved,2
TICK0010823,CUST04176,2025-11-14,Bug Report,Medium,53,Resolved,1
TICK0010824,CUST04176,2026-04-21,Integration,Low,49,Resolved,2
TICK0010825,CUST04177,2026-06-23,Bug Report,Low,29,Open,3
TICK0010826,CUST04177,2026-04-28,Account Access,Low,80,Resolved,4
TICK0010827,CUST04178,2025-12-15,Performance,Medium,21,Open,5
TICK0010828,CUST04178,2024-11-04,Feature Request,Medium,32,Pending,1
TICK0010829,CUST04178,2025-10-15,Billing,High,4,Open,3
TICK0010830,CUST04179,2025-01-19,Feature Request,Low,109,Resolved,4
TICK0010831,CUST04179,2025-10-01,Billing,Low,83,Pending,5
TICK0010832,CUST04181,2024-03-07,How-To Question,Urgent,15,Open,3
TICK0010833,CUST04182,2026-09-14,Performance,High,6,resolved,3
TICK0010834,CUST04183,2025-07-28,Feature Request,Medium,43,Resolved,4
TICK0010835,CUST04184,2026-09-19,Account Access,Low,101,Resolved,2
TICK0010836,CUST04184,2026-01-15,Performance,Medium,81,Resolved,4
TICK0010837,CUST04184,2024-09-06,Bug Report,Low,106,Pending,3
TICK0010838,CUST04184,2026-05-27,Feature Request,Medium,78,Resolved,5
TICK0010839,CUST04185,2026-02-27,Billing,Medium,61,Resolved,5
TICK0010840,CUST04185,2026-09-17,Bug Report,Low,152,Resolved,2
TICK0010841,CUST04186,2026-05-28,Technical Issue,Medium,65,Resolved,4
TICK0010842,CUST04187,2025-12-06,Technical Issue,Medium,74,Resolved,4
TICK0010843,CUST04187,2025-02-28,Technical Issue,Low,80,Resolved,4
TICK0010844,CUST04187,2025-04-09,Account Access,Low,79,Resolved,5
TICK0010845,CUST04187,2024-11-07,Billing,Medium,65,Resolved,4
TICK0010846,CUST04188,2025-06-16,Integration,Medium,34,Resolved,4
TICK0010847,CUST04188,2025-11-29,FEATURE REQUEST,Medium,30,Resolved,5
TICK0010848,CUST04188,2025-05-22,Account Access,Medium,56,Resolved,5
TICK0010849,CUST04189,2026-04-13,Feature Request,Low,120,Resolved,5
TICK0010850,CUST04189,2026-07-01,Performance,High,16,Resolved,3
TICK0010851,CUST04189,2026-07-20,How-To Question,Low,48,Resolved,3
TICK0010852,CUST04189,2026-04-17,How-To Question,Low,93,Resolved,5
TICK0010853,CUST04190,2026-07-14,Account Access,Low,81,Resolved,5
TICK0010854,CUST04190,2026-07-27,Integration,Medium,122,Resolved,2
TICK0010855,CUST04190,2026-09-23,Bug Report,Low,75,Resolved,3
TICK0010856,CUST04190,2026-09-14,Account Access,Low,186,Resolved,1
TICK0010857,CUST04190,2026-09-12,Integration,Low,90,Resolved,2
TICK0010858,CUST04190,2026-08-25,Performance,Low,102,Resolved,3
TICK0010859,CUST04190,2026-08-11,Bug Report,Low,152,Resolved,1
TICK0010860,CUST04191,2024-03-29,Integration,Medium,91,Resolved,3
TICK0010861,CUST04191,2025-06-19,Account Access,Medium,86,Resolved,1
TICK0010862,CUST04191,2026-02-20,Performance,Low,113,Resolved,3
TICK0010863,CUST04191,2025-10-03,Integration,Low,149,Resolved,1
TICK0010864,CUST04192,2026-09-13,Feature Request,Low,99,Resolved,5
TICK0010865,CUST04192,2026-07-11,Performance,Low,56,Resolved,3
TICK0010866,CUST04192,2026-03-28,Performance,Medium,64,Resolved,3
TICK0010867,CUST04192,2026-04-09,How-To Question,Medium,43,Resolved,4
TICK0010868,CUST04192,2026-04-09,Performance,Medium,13,Resolved,3
TICK0010869,CUST04193,2025-05-12,Performance,Low,76,Resolved,1
TICK0010870,CUST04193,2026-04-21,Account Access,Low,70,Resolved,2
TICK0010871,CUST04193,2026-03-23,Integration,Low,107,Resolved,3
TICK0010872,CUST04195,2025-01-22,Billing,Medium,29,Resolved,5
TICK0010873,CUST04196,2025-03-06,Technical Issue,Medium,165,Resolved,2
TICK0010874,CUST04196,10/21/2024,Bug Report,Medium,90,Resolved,2
TICK0010875,CUST04196,2025-02-23,Technical Issue,Medium,53,Resolved,2
TICK0010876,CUST04196,2024-10-12,Bug Report,Medium,93,Resolved,3
TICK0010877,CUST04196,2024-11-03,Performance,Medium,82,Resolved,1
TICK0010878,CUST04196,2025-05-31,Technical Issue,Medium,75,Resolved,3
TICK0010879,CUST04196,2024-12-09,Account Access,Low,135,Resolved,4
TICK0010880,CUST04197,2026-05-30,How-To Question,Low,12,Resolved,4
TICK0010881,CUST04197,2026-05-31,How-To Question,High,47,Resolved,3
TICK0010882,CUST04198,2026-08-07,Feature Request,Low,99,Resolved,5
TICK0010883,CUST04198,2026-07-27,Performance,Low,47,Resolved,4
TICK0010884,CUST04198,2026-07-17,How-To Question,Medium,15,Resolved,5
TICK0010885,CUST04199,2024-04-15,Billing,Low,53,Resolved,3
TICK0010886,CUST04200,2026-03-23,Feature Request,Medium,46,Resolved,1
TICK0010887,CUST04200,2026-06-19,Feature Request,Low,39,Resolved,2
TICK0010888,CUST04200,2025-07-12,Feature Request,Low,86,Resolved,2
TICK0010889,CUST04201,2026-08-23,INTEGRATION,Low,71,Resolved,3
TICK0010890,CUST04201,2026-08-29,Feature Request,Low,51,Resolved,5
TICK0010891,CUST04202,2026-08-14,Integration,Medium,54,Resolved,3
TICK0010892,CUST04203,2026-01-23,Performance,Medium,43,Pending,4
TICK0010893,CUST04203,2025-10-06,Feature Request,Low,71,Resolved,3
TICK0010894,CUST04203,2026-08-19,Feature Request,Medium,50,Resolved,4
TICK0010895,CUST04204,2025-11-04,How-To Question,Medium,74,Resolved,5
TICK0010896,CUST04204,2024-12-25,Account Access,Medium,73,Resolved,4
TICK0010897,CUST04204,2025-03-18,Billing,Low,76,Open,5
TICK0010898,CUST04206,2025-09-19,Bug Report,Medium,89,Resolved,2
TICK0010899,CUST04206,2025-11-30,Integration,Low,155,Resolved,1
TICK0010900,CUST04206,2025-08-28,Performance,Medium,78,Resolved,2
TICK0010901,CUST04206,2026-02-14,Integration,Low,22,Resolved,2
TICK0010902,CUST04206,2025-04-07,Integration,Medium,67,Resolved,2
TICK0010903,CUST04206,2025-07-21,Bug Report,Medium,105,Resolved,5
TICK0010904,CUST04207,2024-04-12,Account Access,Low,116,Resolved,2
TICK0010905,CUST04208,2025-12-06,How-To Question,Medium,61,Resolved,3
TICK0010906,CUST04208,2026-02-10,Feature Request,Low,132,Resolved,3
TICK0010907,CUST04209,2024-05-23,Billing,Low,122,Resolved,
TICK0010908,CUST04210,2025-08-10,How-To Question,Medium,8,Resolved,3
TICK0010909,CUST04211,2026-08-16,Account Access,High,50,Resolved,5
TICK0010910,CUST04211,2026-09-07,Account Access,Medium,88,Resolved,5
TICK0010911,CUST04211,2026-08-26,technical issue,Medium,10,Resolved,5
TICK0010912,CUST04211,2026-09-13,Integration,Medium,44,Resolved,3
TICK0010913,CUST04211,2026-08-25,Billing,Low,81,Resolved,1
TICK0010914,CUST04213,2025-04-10,How-To Question,Low,75,resolved,5
TICK0010915,CUST04213,2025-01-03,Performance,Low,73,Resolved,2
TICK0010916,CUST04214,2025-03-29,Performance,Medium,13,Resolved,5
TICK0010917,CUST04214 ,2024-12-18,Performance,High,34,Resolved,5
TICK0010918,CUST04214,2026-09-12,Bug Report,High,14,Resolved,5
TICK0010919,CUST04215,2024-04-17,Billing,Low,103,Resolved,5
TICK0010920,CUST04215,2025-01-13,Technical Issue,Low,96,Resolved,4
TICK0010921,CUST04215,2025-05-16,Account Access,Low,66,Resolved,3
TICK0010922,CUST04216,2025-12-16,Account Access,Low,125,Resolved,4
TICK0010923,CUST04216,2026-06-30,Performance,Low,141,Resolved,2
TICK0010924,CUST04216,2025-10-22,Technical Issue,Medium,144,Pending,1
TICK0010925,CUST04216,2026-07-08,Bug Report,Low,111,Resolved,2
TICK0010926,CUST04216,2026-02-03,Performance,Low,166,Pending,1
TICK0010927,CUST04216,03/30/2026,Integration,Low,217,Resolved,1
TICK0010928,CUST04218,2026-04-06,Performance,Medium,17,Resolved,3
TICK0010929,CUST04218,2025-11-03,How-To Question,Medium,86,Resolved,2
TICK0010930,CUST04218,2024-06-11,How-To Question,Medium,58,Resolved,3
TICK0010931,CUST04218,2025-07-03,How-To Question,Low,52,Resolved,3
TICK0010932,CUST04218 ,2025-12-02,Billing,Medium,53,Resolved,2
TICK0010933,CUST04219,2024-11-26,How-To Question,Low,12,Resolved,5
TICK0010934,CUST04219,2026-03-19,Feature Request,Medium,36,Pending,3
TICK0010935,CUST04219,2025-11-22,Account Access,High,26,Pending,4
TICK0010936,CUST04220,09/22/2025,Integration,Medium,49,Resolved,4
TICK0010937,CUST04220,2026-04-09,Performance,Low,53,Resolved,3
TICK0010938,CUST04221,2024-04-23,How-To Question,Low,36,Resolved,5
TICK0010939,CUST04221,2026-05-06,Feature Request,Low,123,Resolved,2
TICK0010940,CUST04222,2024-08-23,Account Access,High,8,Resolved,2
TICK0010941,CUST04222,2025-04-06,Performance,Low,92,Resolved,5
TICK0010942,CUST04222,2025-06-19,Billing,Low,66,Resolved,5
TICK0010943,CUST04223,2026-05-18,Account Access,Medium,77,Resolved,5
TICK0010944,CUST04224,2026-05-29,Bug Report,High,35,Resolved,5
TICK0010945,CUST04224,2026-03-23,Integration,High,52,Resolved,2
TICK0010946,CUST04224,03/12/2026,Account Access,Low,100,Pending,4
TICK0010947,CUST04224,2026-08-26,Integration,Medium,111,Resolved,1
TICK0010948,CUST04224,2026-04-22,Bug Report,Medium,112,Resolved,2
TICK0010949,CUST04224,2026-08-20,Bug Report,Medium,87,Resolved,2
TICK0010950,CUST04224,2026-06-22,Bug Report,Low,84,Resolved,
TICK0010951,CUST04225,2025-12-04,Technical Issue,Low,113,Open,3
TICK0010952,CUST04225,2025-01-21,Integration,Low,135,Resolved,1
TICK0010953,CUST04225,2025-01-05,Performance,Low,88,Resolved,1
TICK0010954,CUST04225,2024-08-13,Integration,Medium,107,Resolved,1
TICK0010955,CUST04225,2026-08-11,Integration,Low,124,Resolved,2
TICK0010956,CUST04226,2025-07-01,Integration,Low,70,Resolved,3
TICK0010957,CUST04226,2026-05-08,Performance,MEDIUM,116,Resolved,2
TICK0010958,CUST04226,2025-09-19,Technical Issue,Low,31,Resolved,1
TICK0010959,CUST04226,2026-09-13,Bug Report,High,27,Resolved,1
TICK0010960,CUST04226,2025-08-03,Bug Report,Low,228,Resolved,1
TICK0010961,CUST04226,2026-07-02,Account Access,Low,157,Resolved,2
TICK0010962,CUST04226,2025-07-03,Bug Report,Medium,14,Resolved,2
TICK0010963,CUST04226,2026-03-20,Technical Issue,Medium,95,Resolved,1
TICK0010964,CUST04227,2026-07-18,Account Access,Low,83,Resolved,5
TICK0010965,CUST04227,2025-11-01,Bug Report,Low,117,Resolved,5
TICK0010966,CUST04227,2025-12-28,Account Access,Medium,87,Resolved,4
TICK0010967,CUST04229,2026-09-05,How-To Question,Medium,52,Pending,5
TICK0010968,CUST04229,2026-08-05,Feature Request,Low,89,Resolved,4
TICK0010969,CUST04230,2025-11-15,Billing,Medium,92,Resolved,5
TICK0010970,CUST04230,2026-01-18,Feature Request,Medium,18,Resolved,4
TICK0010971,CUST04231,2026-08-30,Bug Report,Low,238,Resolved,1
TICK0010972,CUST04231,2026-06-25,Performance,Low,41,Resolved,1
TICK0010973,CUST04231,2026-04-04,Account Access,High,28,Pending,3
TICK0010974,CUST04231,2026-08-30,Integration,Medium,66,Resolved,2
TICK0010975,CUST04231,2026-08-08,Technical Issue,Low,168,Resolved,1
TICK0010976,CUST04231,2026-08-02,Bug Report,Medium,55,Resolved,1
TICK0010977,CUST04232,2025-10-20,Bug Report,Medium,47,Resolved,4
TICK0010978,CUST04232,2025-03-11,How-To Question,Medium,76,Resolved,4
TICK0010979,CUST04233,2025-08-27,How-To Question,Low,107,Open,3
TICK0010980,CUST04233,2026-03-30,Billing,Urgent,6,Open,4
TICK0010981,CUST04233,2025-12-10,Feature Request,Low,69,Resolved,2
TICK0010982,CUST04233,2025-12-24,How-To Question,Medium,117,Resolved,4
TICK0010983,CUST04233,2025-06-22,Feature Request,High,31,Resolved,3
TICK0010984,CUST04233,2025-04-06,Performance,Medium,79,Resolved,4
TICK0010985,CUST04234,07/07/2024,Bug Report,Low,43,Resolved,5
TICK0010986,CUST04235,2026-04-06,Feature Request,Medium,37,Resolved,5
TICK0010987,CUST04235,2025-11-23,Technical Issue,Medium,69,Resolved,4
TICK0010988,CUST04236,2026-07-03,Integration,Low,44,Resolved,2
TICK0010989,CUST04236,2024-09-25,Performance,Medium,46,Resolved,1
TICK0010990,CUST04236,2026-04-25,Account Access,Low,80,Resolved,1
TICK0010991,CUST04236,2025-12-19,Performance,Medium,110,Resolved,3
TICK0010992,CUST04236,2026-01-17,Bug Report,Low,99,Resolved,2
TICK0010993,CUST04236,2025-03-26,technical issue,Medium,85,Resolved,1
TICK0010994,CUST04236,2024-10-15,Integration,Low,106,Resolved,1
TICK0010995,CUST04237,2025-08-24,Billing,High,15,Resolved,5
TICK0010996,CUST04237,2025-09-21,Integration,Low,24,Resolved,4
TICK0010997,CUST04237,2025-11-27,Integration,Medium,49,Resolved,4
TICK0010998,CUST04238,2025-04-13,Billing,Medium,67,Resolved,5
TICK0010999,CUST04238,2025-06-23,Billing,High,23,Resolved,4
TICK0011000,CUST04239,2026-03-02,Integration,Low,84,Resolved,3
TICK0011001,CUST04239,2025-09-07,Account Access,low,92,Resolved,2
TICK0011002,CUST04239,2026-07-25,Performance,Low,70,resolved,5
TICK0011003,CUST04239,2026-03-17,Technical Issue,Medium,165,Resolved,5
TICK0011004,CUST04239,2026-08-26,Integration,Medium,74,Resolved,1
TICK0011005,CUST04239,2026-01-04,Account Access,Low,102,Resolved,1
TICK0011006,CUST04239,2026-07-12,Bug Report,Low,131,Resolved,3
TICK0011007,CUST04239,2025-07-14,Technical Issue,Medium,55,Resolved,1
TICK0011008,CUST04240,2025-05-03,Account Access,Medium,41,Resolved,3
TICK0011009,CUST04240,2025-10-28,Feature Request,High,22,resolved,3
TICK0011010,CUST04241,2026-07-19,Integration,High,26,Resolved,3
TICK0011011,CUST04241,09/03/2025,Technical Issue,Medium,75,Resolved,4
TICK0011012,CUST04242,2024-08-23,Feature Request,Medium,38,Resolved,5
TICK0011013,CUST04243,2026-01-03,Performance,Medium,38,Resolved,4
TICK0011014,CUST04243,2025-06-06,Bug Report,Medium,30,Resolved,4
TICK0011015,CUST04246,2026-05-30,Performance,Low,50,Resolved,4
TICK0011016,CUST04246,2026-02-25,Billing,Medium,53,Resolved,4
TICK0011017,CUST04246,2026-03-19,Integration,Low,182,Resolved,5
TICK0011018,CUST04247,2024-10-15,How-To Question,Low,32,Resolved,4
TICK0011019,CUST04247,2025-11-16,How-To Question,Low,85,Resolved,5
TICK0011020,CUST04248,2024-10-19,Feature Request,Low,95,Resolved,5
TICK0011021,CUST04249,2024-09-19,Feature Request,Medium,54,Pending,5
TICK0011022,CUST04249,2025-05-25,Performance,Medium,43,Resolved,5
TICK0011023,CUST04249,2025-01-10,Performance,Medium,56,Resolved,4
TICK0011024,CUST04250,2024-12-28,Feature Request,Medium,66,Resolved,5
TICK0011025,CUST04250,2025-05-14,How-To Question,High,21,Resolved,2
TICK0011026,CUST04251,2025-01-10,Performance,Medium,33,Pending,4
TICK0011027,CUST04251,2025-01-11,Performance,Low,130,Resolved,4
TICK0011028,CUST04252,2024-04-26,Feature Request,Low,62,Resolved,5
TICK0011029,CUST04252,2025-11-11,Billing,Medium,23,Resolved,4
TICK0011030,CUST04252,2025-04-14,Billing,Medium,44,Resolved,5
TICK0011031,CUST04252,2024-01-03,Billing,Low,102,Resolved,5
TICK0011032,CUST04253,2025-11-01,Feature Request,Low,25,Resolved,3
TICK0011033,CUST04254,2025-02-12,Feature Request,Medium,17,Resolved,3
TICK0011034,CUST04254,2026-05-07,How-To Question,Medium,28,Resolved,5
TICK0011035,CUST04255,2025-06-22,Integration,Low,127,Resolved,3
TICK0011036,CUST04255,2024-09-17,Technical Issue,Low,75,Resolved,5
TICK0011037,CUST04255,2026-02-04,account access,Low,172,Resolved,1
TICK0011038,CUST04255,2025-11-02,Account Access,Low,96,Resolved,1
TICK0011039,CUST04255,2024-06-24,Integration,Medium,69,Resolved,3
TICK0011040,CUST04255,2025-08-15,Account Access,Medium,76,Resolved,1
TICK0011041,CUST04256,2026-07-29,Integration,Low,23,Resolved,5
TICK0011042,CUST04257,2025-12-15,Billing,Medium,47,Resolved,5
TICK0011043,CUST04257,2025-10-29, billing,Medium,45,Resolved,3
TICK0011044,CUST04257,2026-02-17,Billing,Medium,51,Resolved,5
TICK0011045,CUST04258,2025-08-20,How-To Question,Medium,45,Resolved,3
TICK0011046,CUST04258,2026-03-19,Integration,Medium,22,Resolved,4
TICK0011047,CUST04258,2025-11-09,How-To Question,Low,32,Resolved,4
TICK0011048,CUST04258,2024-04-12,Technical Issue,Low,93,Resolved,2
TICK0011049,CUST04258,2024-04-18,Technical Issue,Medium,36,Resolved,5
TICK0011050,CUST04258,2025-03-03,Account Access,Medium,70,Resolved,4
TICK0011051,CUST04259,2025-02-25,Account Access,Low,44,Resolved,4
TICK0011052,CUST04259,2025-05-14,Account Access,Low,73,Resolved,3
TICK0011053,CUST04259,2024-10-17,Account Access,Medium,39,Resolved,5
TICK0011054,CUST04259,2024-06-18,Billing,Low,58,Resolved,3
TICK0011055,CUST04259,2024-07-29,Bug Report,Low,57,Resolved,4
TICK0011056,CUST04259,2024-12-03,How-To Question,Low,92,Resolved,3
TICK0011057,CUST04260,2026-08-30,Integration,Low,33,Resolved,4
TICK0011058,CUST04260,2026-09-02,Feature Request,Low,65,Resolved,2
TICK0011059,CUST04260,2025-08-05,Performance,Medium,68,Resolved,4
TICK0011060,CUST04260,2026-01-03,Performance,Low,76,Resolved,5
TICK0011061,CUST04261,2024-05-21,Performance,Low,53,Resolved,3
TICK0011062,CUST04262,2026-07-11,Billing,Medium,42,Resolved,5
TICK0011063,CUST04262,2026-08-06,Account Access,Medium,31,Resolved,4
TICK0011064,CUST04262,2026-07-31,Billing,Low,36,Resolved,5
TICK0011065,CUST04263,2025-03-03,Feature Request,High,21,Resolved,1
TICK0011066,CUST04263,2025-03-04,Billing,Medium,35,Resolved,3
TICK0011067,CUST04263,2025-05-07,Feature Request,Low,78,Resolved,5
TICK0011068,CUST04264,2025-09-12,Billing,Low,87,Resolved,5
TICK0011069,CUST04266,09/22/2026,Performance,Low,43,Resolved,5
TICK0011070,CUST04266,2026-09-10,Performance,Urgent,6,Resolved,3
TICK0011071,CUST04267,10/24/2025,Integration,Low,151,Resolved,5
TICK0011072,CUST04267,2025-11-26,Performance,Medium,96,Resolved,3
TICK0011073,CUST04267,2026-07-25,Integration,High,33,Resolved,3
TICK0011074,CUST04267,2025-08-26,Integration,Medium,130,Resolved,1
TICK0011075,CUST04267,2025-07-27,Integration,Low,137,Pending,2
TICK0011076,CUST04267,2026-02-17,Performance,High,35,Pending,2
TICK0011077,CUST04267,2026-02-28,Technical Issue,Low,110,Resolved,3
TICK0011078,CUST04267,2025-08-08,Performance,Low,116,Resolved,2
TICK0011079,CUST04267,2026-02-18,Account Access,High,26,Resolved,2
TICK0011080,CUST04268,2026-09-01,Performance,Medium,22,Resolved,3
TICK0011081,CUST04268,2026-09-14,Feature Request,Low,95,Resolved,4
TICK0011082,CUST04269,2026-07-12,Technical Issue,Low,56,Resolved,3
TICK0011083,CUST04269,2026-05-13,Integration,Low,13,Resolved,5
TICK0011084,CUST04270,2026-07-06,How-To Question,Medium,53,Open,5
TICK0011085,CUST04270,2026-06-29,How-To Question,Medium,51,Resolved,5
TICK0011086,CUST04272,06/22/2025,Technical Issue,High,27,Resolved,5
TICK0011087,CUST04272,2026-09-21,Feature Request,Low,39,Resolved,3
TICK0011088,CUST04274,2026-07-23,Technical Issue,Low,55,Resolved,
TICK0011089,CUST04275,2026-01-10,Performance,Medium,35,resolved,2
TICK0011090,CUST04275,04/01/2026,Billing,Low,77,Resolved,4
TICK0011091,CUST04276,2025-12-07,Performance,Low,66,Resolved,3
TICK0011092,CUST04277,2025-12-18,Performance,Low,99,Resolved,2
TICK0011093,CUST04277,2025-09-02,Bug Report,Medium,92,Resolved,2
TICK0011094,CUST04277,2026-05-19,Technical Issue,Low,180,Resolved,2
TICK0011095,CUST04277,2025-12-14,Integration,Low,134,Resolved,3
TICK0011096,CUST04279,2024-11-05,Billing,High,49,Resolved,2
TICK0011097,CUST04279,2024-11-21,Performance,Low,59,Resolved,3
TICK0011098,CUST04279,2025-08-06,Billing,Low,12,Resolved,1
TICK0011099,CUST04279,2025-06-02, billing,Medium,54,Resolved,4
TICK0011100,CUST04279,2025-06-09,How-To Question,Low,65,Resolved,4
TICK0011101,CUST04280,2026-02-01,How-To Question,Low,81,Resolved,4
TICK0011102,CUST04281,2024-07-13,How-To Question,High,30,Resolved,4
TICK0011103,CUST04281,2024-06-10,How-To Question,Medium,45,Resolved,3
TICK0011104,CUST04281,2024-05-16,Performance,MEDIUM,59,Resolved,5
TICK0011105,CUST04281,2024-07-15,Billing,Urgent,12,Resolved,4
TICK0011106,CUST04282,07/26/2026,Billing,High,17,Resolved,5
TICK0011107,CUST04282,2025-12-23,How-To Question,Medium,37,Resolved,4
TICK0011108,CUST04282,2026-08-22,How-To Question,Low,68,Resolved,4
TICK0011109,CUST04282,2026-02-11,Performance,Low,100,Resolved,1
TICK0011110,CUST04283,2026-07-26,Performance,Medium,30,Resolved,5
TICK0011111,CUST04283,2026-07-21,Performance,Low,75,Resolved,4
TICK0011112,CUST04284,2025-09-07,Performance,Low,12,Resolved,4
TICK0011113,CUST04284,2024-12-06,Performance,Low,75,Pending,3
TICK0011114,CUST04284,2024-01-07,How-To Question,Medium,42,Resolved,5
TICK0011115,CUST04285,2026-08-21,Account Access,Low,45,Resolved,4
TICK0011116,CUST04285,2026-05-27,Feature Request,Low,73,Resolved,5
TICK0011117,CUST04286,2026-01-24,Bug Report,Medium,77,Resolved,5
TICK0011118,CUST04287,2025-06-22,How-To Question,Medium,40,Resolved,1
TICK0011119,CUST04287,2026-04-29,Billing,Medium,29,Resolved,1
TICK0011120,CUST04287,2025-11-18,How-To Question,Medium,47,Resolved,5
TICK0011121,CUST04287,2026-02-18,Performance,Medium,33,Resolved,5
TICK0011122,CUST04288,2025-02-23,Performance, high,17,Resolved,5
TICK0011123,CUST04288,2025-06-09,How-To Question,Medium,8,Resolved,1
TICK0011124,CUST04288,2025-02-09,Billing,Low,83,Pending,3
TICK0011125,CUST04290,2026-07-15,How-To Question,Medium,67,Resolved,4
TICK0011126,CUST04290,2026-09-22,How-To Question,Medium,25,Resolved,5
TICK0011127,CUST04291,2024-02-28,Billing,Low,76,Resolved,3
TICK0011128,CUST04291,2026-01-07,Feature Request,Low,101,Resolved,5
TICK0011129,CUST04292,2026-08-17,Integration,Medium,64,Resolved,5
TICK0011130,CUST04292,2026-08-27,Bug Report,Low,61,Resolved,4
TICK0011131,CUST04292,2026-08-16,Performance,Medium,45,Resolved,5
TICK0011132,CUST04293,2026-04-05,Account Access,Medium,54,Resolved,2
TICK0011133,CUST04293,2025-11-01,Performance,Low,99,Resolved,4
TICK0011134,CUST04293,2025-10-22,Technical Issue,Low,77,Resolved,2
TICK0011135,CUST04293,2025-11-21,Account Access,High,35,Resolved,1
TICK0011136,CUST04296,2026-06-07,Performance,Medium,51,Pending,4
TICK0011137,CUST04297,2024-04-27,Account Access,Low,159,Resolved,1
TICK0011138,CUST04297,2024-07-12,Account Access,Urgent,16,Resolved,3
TICK0011139,CUST04298,2025-12-25,Feature Request,High,21,Resolved,5
TICK0011140,CUST04299,2026-09-18,Account Access,Low,176,Resolved,1
TICK0011141,CUST04299,2026-09-12,Account Access,Low,82,Resolved,1
TICK0011142,CUST04299,2026-09-09,Bug Report,Medium,122,Resolved,5
TICK0011143,CUST04299,2026-08-27,Integration,Medium,90,Resolved,4
TICK0011144,CUST04302,2026-06-22,Technical Issue,Medium,61,Resolved,1
TICK0011145,CUST04302,2026-06-13,Integration,High,31,Resolved,2
TICK0011146,CUST04302,2026-05-01,Account Access,Low,239,Resolved,1
TICK0011147,CUST04302,2026-06-29,Integration,Low,138,Resolved,2
TICK0011148,CUST04302,2026-04-06,Technical Issue,Medium,11,Resolved,3
TICK0011149,CUST04302,2026-03-21,Performance,Medium,67,Resolved,1
TICK0011150,CUST04302,2026-07-18,Integration,High,30,Resolved,2
TICK0011151,CUST04303,2025-07-26,Performance,Low,67,Pending,4
TICK0011152,CUST04303,2026-02-16,Bug Report,Low,145,Open,1
TICK0011153,CUST04303,2025-10-13,Account Access,Low,135,Resolved,1
TICK0011154,CUST04303,2026-08-21,Integration,Medium,77,Resolved,2
TICK0011155,CUST04303,2026-04-04,Account Access,Medium,13,Resolved,2
TICK0011156,CUST04303,2026-04-07,Integration,Medium,108,Resolved,4
TICK0011157,CUST04303,2026-03-06,Integration,Low,161,Resolved,3
TICK0011158,CUST04304,2026-07-09,Feature Request,Low,87,Resolved,2
TICK0011159,CUST04304,2026-05-06,How-To Question,Medium,93,Resolved,5
TICK0011160,CUST04305,2026-08-24,Technical Issue,Low,151,Resolved,2
TICK0011161,CUST04305,2026-08-30,Performance,Low,87,Resolved,2
TICK0011162,CUST04305,2025-09-02,Integration,Low,125,Resolved,4
TICK0011163,CUST04307,2025-10-05,Billing,High,21,Pending,5
TICK0011164,CUST04307,2026-05-06,Technical Issue,Low,111,Pending,5
TICK0011165,CUST04308,2026-04-05,Performance,Medium,29,Resolved,5
TICK0011166,CUST04308,2026-02-15,Performance,Medium,66,Resolved,5
TICK0011167,CUST04308,2025-11-10,How-To Question,Medium,27,Resolved,4
TICK0011168,CUST04309,2026-08-21,How-To Question,Medium,55,Resolved,5
TICK0011169,CUST04309,2026-09-18,How-To Question,Medium,16,Resolved,4
TICK0011170,CUST04309,2026-08-15,Feature Request,Low,66,Resolved,5
TICK0011171,CUST04310,2026-01-09,How-To Question,Medium,60,Resolved,5
TICK0011172,CUST04310,2026-05-08,How-To Question,Urgent,21,Resolved,5
TICK0011173,CUST04310,2026-06-26,Account Access,Low,58,Resolved,4
TICK0011174,CUST04311,2025-11-30,Bug Report,Urgent,2,Pending,2
TICK0011175,CUST04311,2026-07-11,Account Access,Low,59,Resolved,1
TICK0011176,CUST04311,2026-07-06,Technical Issue,High,45,Resolved,4
TICK0011177,CUST04311,2025-09-29,Account Access,Urgent,17,Resolved,1
TICK0011178,CUST04312,2025-12-03,Technical Issue,Medium,43,Resolved,5
TICK0011179,CUST04312,2025-10-26,Integration,Medium,37,Resolved,1
TICK0011180,CUST04312,2026-04-09,Integration,Low,120,Resolved,4
TICK0011181,CUST04313,2026-04-18,Performance,High,29,Resolved,3
TICK0011182,CUST04313,2026-06-22,Performance,Low,72,Resolved,5
TICK0011183,CUST04313,2026-07-29,How-To Question,Medium,34,Open,3
TICK0011184,CUST04313,2026-06-03,Feature Request,Low,74,Resolved,4
TICK0011185,CUST04314,2026-08-31,Account Access,Medium,23,Open,5
TICK0011186,CUST04315,2026-08-15,Feature Request,Low,48,Pending,4
TICK0011187,CUST04315,2026-07-09,Technical Issue,Low,89,Resolved,4
TICK0011188,CUST04316,2024-05-14,Account Access,Low,151,Resolved,2
TICK0011189,CUST04316,2024-07-30,Bug Report,High,17,Resolved,1
TICK0011190,CUST04316,2025-08-20,Bug Report,Medium,15,Resolved,5
TICK0011191,CUST04316,2025-10-04,Account Access,High,37,Resolved,1
TICK0011192,CUST04316,2024-09-09,Technical Issue,Medium,64,Resolved,5
TICK0011193,CUST04316,2025-01-26,Bug Report,High,49,Resolved,2
TICK0011194,CUST04316,2025-06-12,Performance,Urgent,27,Resolved,2
TICK0011195,CUST04318,2026-06-15,Feature Request,Low,101,Pending,1
TICK0011196,CUST04318,2026-08-16,Performance,Low,55,Pending,3
TICK0011197,CUST04318,2026-06-10,Billing,Medium,77,Resolved,4
TICK0011198,CUST04318,2026-08-22,Billing,Low,30,Resolved,5
TICK0011199,CUST04319,2025-11-07,Performance,Low,77,Resolved,3
TICK0011200,CUST04319,2026-01-25,Performance,Medium,50,Resolved,3
TICK0011201,CUST04319,2026-06-28,Feature Request,Low,84,Resolved,5
TICK0011202,CUST04320,2026-08-17,Billing,Low,24,Resolved,4
TICK0011203,CUST04320,2026-06-27,Account Access,Medium,54,Resolved,2
TICK0011204,CUST04321,2026-05-14,Technical Issue,Low,70,Pending,4
TICK0011205,CUST04321,2026-09-23,Bug Report,Medium,40,Resolved,4
TICK0011206,CUST04322,2024-12-06,Billing,Low,72,Resolved,5
TICK0011207,CUST04322,2025-09-27,Bug Report,Low,135,Pending,5
TICK0011208,CUST04322,2024-04-29,Billing,Medium,8,Pending,5
TICK0011209,CUST04322,2025-04-28,Bug Report,Medium,59,Resolved,5
TICK0011210,CUST04324,2024-11-01,Account Access,Low,29,Resolved,1
TICK0011211,CUST04324,2024-11-03,Bug Report,Low,157,Resolved,3
TICK0011212,CUST04324,2026-07-19,Performance,Low,238,Resolved,1
TICK0011213,CUST04324,2026-07-10,Performance,Low,43,Resolved,4
TICK0011214,CUST04325,2025-09-01,Technical Issue,Medium,60,Resolved,1
TICK0011215,CUST04325,2026-09-19,Technical Issue,Low,40,Resolved,1
TICK0011216,CUST04325,2025-12-26,Account Access,Low,98,Pending,2
TICK0011217,CUST04325,2025-08-16,Technical Issue,Low,126,Resolved,2
TICK0011218,CUST04325,2026-03-18,Performance,Low,88,Resolved,5
TICK0011219,CUST04326,2024-09-28,Technical Issue,Low,94,Resolved,5
TICK0011220,CUST04326,2026-09-02,Technical Issue,Low,78,Resolved,4
TICK0011221,CUST04326,2024-08-31,Feature Request,Low,74,Resolved,4
TICK0011222,CUST04327,2025-01-23,Feature Request,Low,89,Resolved,3
TICK0011223,CUST04327,2024-06-20,Account Access,Low,106,Pending,1
TICK0011224,CUST04327,2024-06-19,Feature Request,High,25,Resolved,5
TICK0011225,CUST04327,2024-07-09,Account Access,Low,71,Resolved,2
TICK0011226,CUST04328,2026-08-08,Integration,Low,61,Resolved,3
TICK0011227,CUST04329,2025-12-02,Billing,Urgent,8,Resolved,4
TICK0011228,CUST04330,2026-08-05,Technical Issue,Medium,59,Pending,2
TICK0011229,CUST04330,2026-02-07,Technical Issue,Medium,74,Resolved,4
TICK0011230,CUST04330,2026-08-28,Account Access,Low,76,Resolved,5
TICK0011231,CUST04331,2025-11-16,Technical Issue,Low,159,Resolved,3
TICK0011232,CUST04331,2026-03-09,Technical Issue,Low,138,Resolved,1
TICK0011233,CUST04331,2026-04-14,Technical Issue,High,61,Resolved,1
TICK0011234,CUST04331,2026-08-29,Performance,Low,121,Resolved,5
TICK0011235,CUST04331,2026-01-15,Technical Issue,Urgent,5,Resolved,2
TICK0011236,CUST04331,2025-12-27,Bug Report,Low,101,Resolved,2
TICK0011237,CUST04332,2024-06-02,Bug Report,low,17,Resolved,4
TICK0011238,CUST04332,2024-11-29,Performance,Medium,34,Resolved,5
TICK0011239,CUST04333,2026-02-27,Feature Request,Medium,82,Resolved,3
TICK0011240,CUST04334,2024-09-23,Billing,Low,37,Resolved,3
TICK0011241,CUST04334,2024-05-13,How-To Question,Low,12,Resolved,2
TICK0011242,CUST04334,01/28/2024,Billing,Low,35,Resolved,5
TICK0011243,CUST04334,2026-05-21,How-To Question,Low,107,Resolved,4
TICK0011244,CUST04335,2026-09-22,Technical Issue,High,28,Open,3
TICK0011245,CUST04335,2026-09-09,Performance,Low,136,Resolved,2
TICK0011246,CUST04335,08/14/2026,technical issue,Medium,65,Resolved,3
TICK0011247,CUST04335,2026-09-04,Integration,Low,98,Resolved,2
TICK0011248,CUST04336,2026-01-11,Account Access,Low,63,Resolved,4
TICK0011249,CUST04336,2026-04-08,Technical Issue,Low,91,Resolved,5
TICK0011250,CUST04336,2026-03-27,Integration,Medium,83,Resolved,4
TICK0011251,CUST04337,2025-04-27,Feature Request,High,18,Resolved,2
TICK0011252,CUST04337,2026-02-12,Billing,Medium,67,Pending,3
TICK0011253,CUST04337,2025-08-06,Feature Request,Low,37,Resolved,1
TICK0011254,CUST04338,2026-07-24,Performance,Low,119,Resolved,4
TICK0011255,CUST04338,2026-06-25,Billing,Low,22,Resolved,1
TICK0011256,CUST04338,2026-03-21,Performance,Low,57,Resolved,5
TICK0011257,CUST04339,2026-07-31,Account Access,High,17,Resolved,4
TICK0011258,CUST04340,2026-08-31,How-To Question,Medium,38,Resolved,4
TICK0011259,CUST04340,2026-04-19,Performance,Low,86,Pending,4
TICK0011260,CUST04341,2026-01-19,Account Access,Low,91,Resolved,3
TICK0011261,CUST04342,2026-08-08,Billing,Low,67,Resolved,4
TICK0011262,CUST04343,2025-02-15,Feature Request,Medium,56,Resolved,1
TICK0011263,CUST04343,2025-10-21,Account Access,Low,96,Resolved,5
TICK0011264,CUST04343,2025-06-30,How-To Question,Medium,58,Resolved,4
TICK0011265,CUST04344,2025-07-20,Technical Issue,Low,46,Resolved,4
TICK0011266,CUST04344,2024-11-17,Bug Report,Medium,61,Pending,1
TICK0011267,CUST04345,2026-08-12,Technical Issue,Low,83,Resolved,3
TICK0011268,CUST04345,2026-03-27,Feature Request,Medium,48,Resolved,4
TICK0011269,CUST04345,2026-08-07,Account Access,Medium,35,Resolved,5
TICK0011270,CUST04347,2024-09-12,Technical Issue,Low,61,Resolved,3
TICK0011271,CUST04347,2024-06-11,Account Access,Low,208,Resolved,1
TICK0011272,CUST04347,2025-02-07,Bug Report,Low,166,Resolved,2
TICK0011273,CUST04347,10/04/2024,Bug Report,Low,153,Resolved,5
TICK0011274,CUST04347,2024-06-11,Performance,Medium,69,Resolved,3
TICK0011275,CUST04348,2026-07-04,Feature Request,Low,12,Resolved,4
TICK0011276,CUST04350,2026-07-03,Technical Issue,Low,54,Resolved,4
TICK0011277,CUST04351,2026-09-01,How-To Question,Low,61,Pending,3
TICK0011278,CUST04352,2025-05-28,Integration,Medium,50,Resolved,2
TICK0011279,CUST04352,2025-06-05,Bug Report,Medium,77,Resolved,3
TICK0011280,CUST04352,2026-04-04,Integration,Low,152,Resolved,1
TICK0011281,CUST04352,2025-11-13,Account Access,Low,178,Resolved,2
TICK0011282,CUST04352,2025-05-18,Account Access,Medium,67,Resolved,4
TICK0011283,CUST04352,2026-04-15,Integration,Low,79,Resolved,1
TICK0011284,CUST04352,2025-08-24,Bug Report,Medium,13,Resolved,1
TICK0011285,CUST04352,2025-11-23,Technical Issue,Medium,50,Resolved,2
TICK0011286,CUST04353,2026-08-24,Bug Report,Medium,85,Resolved,1
TICK0011287,CUST04353,2026-09-21,Account Access,Low,175,Resolved,2
TICK0011288,CUST04353,2026-09-02,Integration,Low,96,Resolved,3
TICK0011289,CUST04353,2026-09-20,Account Access,Low,65,Resolved,2
TICK0011290,CUST04353,2026-08-22,Bug Report,Low,68,Resolved,2
TICK0011291,CUST04354,2024-09-21,Technical Issue,Low,52,Resolved,5
TICK0011292,CUST04355,2026-04-05,How-To Question,Medium,42,resolved,5
TICK0011293,CUST04355,2026-06-11,Billing,High,23,Resolved,3
TICK0011294,CUST04355,2026-07-19,Feature Request,Urgent,18,Resolved,3
TICK0011295,CUST04356,2026-07-03,Performance,High,16,Resolved,4
TICK0011296,CUST04356,2026-07-18,Technical Issue,Medium,67,Resolved,5
TICK0011297,CUST04356,2026-06-16,Bug Report,Low,70,Open,3
TICK0011298,CUST04357,2025-03-08,Performance,Low,89,Resolved,5
TICK0011299,CUST04357,2025-12-26,Feature Request,Medium,69,Resolved,4
TICK0011300,CUST04358,2026-09-21,Billing,Medium,32,Resolved,5
TICK0011301,CUST04358,2026-06-04,How-To Question,Medium,15,Resolved,1
TICK0011302,CUST04358,2026-06-09,How-To Question,Low,122,Resolved,5
TICK0011303,CUST04358,2026-09-16,How-To Question,Low,96,Resolved,4
TICK0011304,CUST04359,2026-04-21,Feature Request,Low,102,Resolved,4
TICK0011305,CUST04360,2024-12-23,Bug Report,High,16,Resolved,1
TICK0011306,CUST04360,2025-01-19,Integration,Low,93,Resolved,1
TICK0011307,CUST04360,2025-09-05,Account Access,Medium,106,Pending,3
TICK0011308,CUST04360,2025-09-26,Integration,Medium,79,Resolved,3
TICK0011309,CUST04360,2025-06-15,Integration,Medium,107,Resolved,1
TICK0011310,CUST04360,2025-03-19,Technical Issue,High,23,Resolved,4
TICK0011311,CUST04360,2025-01-16,Performance,Medium,71,Resolved,2
TICK0011312,CUST04360,2025-10-03,Performance,Low,122,Open,2
TICK0011313,CUST04360,09/17/2025,Account Access,Medium,93,Resolved,3
TICK0011314,CUST04361,2025-05-23,Integration,Low,61,Resolved,4
TICK0011315,CUST04361,2026-05-15,Feature Request,Medium,8,Pending,5
TICK0011316,CUST04361,2026-01-31,Technical Issue,Low,136,Resolved,5
TICK0011317,CUST04362,2026-03-22,Technical Issue,Medium,44,Resolved,2
TICK0011318,CUST04363,2026-01-31,Performance,Low,99,Pending,3
TICK0011319,CUST04364,2025-03-04,Bug Report,High,22,Resolved,4
TICK0011320,CUST04365,2025-04-14,Account Access,Medium,41,Resolved,3
TICK0011321,CUST04365,2025-02-12,How-To Question,Medium,60,resolved,4
TICK0011322,CUST04365,2025-06-07,Account Access,Medium,59,resolved,3
TICK0011323,CUST04365,2025-04-25,How-To Question,Medium,26,Resolved,5
TICK0011324,CUST04365,2025-05-05,How-To Question,Low,64,Resolved,5
TICK0011325,CUST04366,2026-08-25,Technical Issue,Low,75,Resolved,3
TICK0011326,CUST04366,2026-09-14,Integration,Low,124,Resolved,1
TICK0011327,CUST04366,2026-09-19,Performance,Low,174,Resolved,1
TICK0011328,CUST04366,2026-08-26,Integration,Medium,65,Resolved,2
TICK0011329,CUST04366,2026-08-19,Integration,Low,192,Resolved,4
TICK0011330,CUST04366,2026-08-29,Integration,Low,57,Resolved,1
TICK0011331,CUST04366,2026-08-18,Integration,High,45,Resolved,3
TICK0011332,CUST04367,2025-12-29,Feature Request,Medium,44,Resolved,5
TICK0011333,CUST04367,2025-07-13,Billing,Low,87,Resolved,3
TICK0011334,CUST04368,2026-08-10,Bug Report,Medium,40,Resolved,5
TICK0011335,CUST04369,2025-10-08,Technical Issue,Low,46,Resolved,5
TICK0011336,CUST04369,2025-08-09,Feature Request,Medium,73,Resolved,2
TICK0011337,CUST04370,2025-01-27,Feature Request,Medium,44,Resolved,2
TICK0011338,CUST04373,2026-02-15,Performance,Medium,46,resolved,1
TICK0011339,CUST04373,2025-12-12,Performance,Medium,54,Resolved,5
TICK0011340,CUST04373,2025-12-24,How-To Question,Medium,50,Resolved,4
TICK0011341,CUST04373,2026-05-10,Account Access,Medium,28,Pending,1
TICK0011342,CUST04374,2024-08-21,Bug Report,Medium,36,Resolved,5
TICK0011343,CUST04374,2025-01-13,Performance,Medium,58,Resolved,5
TICK0011344,CUST04374,2024-11-27,Feature Request,Medium,63,Resolved,5
TICK0011345,CUST04374,2026-04-24,Account Access,Low,55,Open,4
TICK0011346,CUST04374,2025-08-19,Billing,Medium,31,Resolved,5
TICK0011347,CUST04375,2026-09-06,Feature Request,High,19,Resolved,4
TICK0011348,CUST04375,2026-07-14,Account Access,Medium,52,Resolved,5
TICK0011349,CUST04376,2026-09-13,Feature Request,Low,27,Resolved,4
TICK0011350,CUST04376,2025-11-23,Feature Request,Low,74,Resolved,3
TICK0011351,CUST04377,2026-09-01,Billing,Low,97,Resolved,3
TICK0011352,CUST04377,2026-09-12,Feature Request,Low,89,Pending,4
TICK0011353,CUST04379,2026-02-09,Performance,Low,63,Open,4
TICK0011354,CUST04379,2026-03-04,Performance,Low,19,Resolved,3
TICK0011355,CUST04379,2026-02-23,Billing,Low,133,Resolved,2
TICK0011356,CUST04379,2026-01-28,Performance,Low,79,Resolved,4
TICK0011357,CUST04379,2026-01-31,How-To Question,Urgent,23,Resolved,4
TICK0011358,CUST04381,2025-04-01,Bug Report,Low,57,Resolved,2
TICK0011359,CUST04381,2025-01-23,Bug Report,Medium,115,Pending,4
TICK0011360,CUST04381,2024-08-05,Integration,Low,78,Resolved,1
TICK0011361,CUST04381,2024-06-01,Account Access,Medium,84,Open,1
TICK0011362,CUST04382,2025-07-17,How-To Question,Low,38,Resolved,5
TICK0011363,CUST04382,2025-04-25,Bug Report,Medium,60,Resolved,2
TICK0011364,CUST04383,2026-02-16,Integration,Medium,101,Resolved,2
TICK0011365,CUST04383,2025-12-03,Account Access,Medium,41,Open,1
TICK0011366,CUST04383,2026-09-18,Integration,Medium,87,Resolved,2
TICK0011367,CUST04384,2025-06-07,Performance,Low,48,Pending,1
TICK0011368,CUST04385,2025-11-26,Billing,Medium,48,Resolved,4
TICK0011369,CUST04386,2025-12-02,Technical Issue,low,38,Resolved,4
TICK0011370,CUST04386,2026-08-06,Bug Report,Low,46,Resolved,5
TICK0011371,CUST04387,2026-05-22,Integration,High,50,Resolved,1
TICK0011372,CUST04387,2026-08-22,Technical Issue,Low,112,Resolved,3
TICK0011373,CUST04387 ,2026-07-09,Account Access,Low,209,Resolved,5
TICK0011374,CUST04388,2025-05-18,Technical Issue,Low,84,Resolved,4
TICK0011375,CUST04388,2025-05-13,Bug Report,Low,20,Resolved,5
TICK0011376,CUST04388,2025-05-22,Billing,Low,82,Resolved,5
TICK0011377,CUST04389,2026-02-06,Integration,High,24,Resolved,4
TICK0011378,CUST04389,2025-12-04,Integration,Low,93,Resolved,4
TICK0011379,CUST04390,2026-02-25,Integration,Medium,13,Resolved,1
TICK0011380,CUST04390,2025-06-26,Integration,High,41,Resolved,3
TICK0011381,CUST04390,2026-05-24,Performance,Medium,104,Resolved,5
TICK0011382,CUST04390,2025-03-26,Integration,Medium,38,Resolved,1
TICK0011383,CUST04390,2026-05-11,Bug Report,Low,50,Resolved,3
TICK0011384,CUST04392,2026-03-12,How-To Question,Medium,42,Resolved,3
TICK0011385,CUST04393,2026-08-03,Integration,Low,71,Resolved,5
TICK0011386,CUST04393,2026-08-19,Feature Request,Low,81,Resolved,5
TICK0011387,CUST04394,2025-07-19,How-To Question,Urgent,7,Resolved,4
TICK0011388,CUST04395,2026-02-09,Billing,Urgent,11,Resolved,4
TICK0011389,CUST04395,2024-07-30,Feature Request,Low,52,Resolved,4
TICK0011390,CUST04395,2025-09-28,How-To Question,Medium,29,Resolved,5
TICK0011391,CUST04395,2024-07-21,Feature Request,Low,54,Resolved,4
TICK0011392,CUST04396,2025-12-17,How-To Question,Low,152,Resolved,5
TICK0011393,CUST04396,2026-07-24,How-To Question,Low,42,Open,3
TICK0011394,CUST04396,2025-11-26,Performance,Low,86,Pending,4
TICK0011395,CUST04396,2026-05-22,Performance,Low,36,Resolved,5
TICK0011396,CUST04397,2026-06-03,How-To Question,Medium,27,Resolved,5
TICK0011397,CUST04397,2026-03-25,Feature Request,Low,34,Resolved,1
TICK0011398,CUST04397,2026-02-28,Billing,Medium,50,Resolved,4
TICK0011399,CUST04397,2026-07-01,Performance,Medium,68,Resolved,4
TICK0011400,CUST04398,2024-09-19,Technical Issue,Low,68,Open,1
TICK0011401,CUST04398,2025-04-24,Integration,Urgent,13,Resolved,5
TICK0011402,CUST04398,2025-11-04,Technical Issue,Medium,64,Pending,1
TICK0011403,CUST04398,2025-05-29,Bug Report,Low,108,Resolved,2
TICK0011404,CUST04398,2024-10-21,Account Access,Medium,72,Resolved,3
TICK0011405,CUST04399,2026-06-18,Account Access,Low,89,Resolved,2
TICK0011406,CUST04399,2026-03-07,How-To Question,Medium,48,Resolved,3
TICK0011407,CUST04399,2026-01-10,How-To Question,Low,63,Resolved,2
TICK0011408,CUST04399,2026-01-09,Account Access,Low,117,Resolved,1
TICK0011409,CUST04400,2025-01-30,Technical Issue,High,62,Resolved,4
TICK0011410,CUST04400,2025-09-08,Performance,Low,85,Resolved,2
TICK0011411,CUST04400,2025-09-30,Performance,High,43,resolved,5
TICK0011412,CUST04400,2025-10-26,Account Access,Medium,85,Resolved,3
TICK0011413,CUST04401,2026-04-16,Billing,Low,57,Resolved,4
TICK0011414,CUST04401,2026-02-09,Billing,Low,38,Resolved,4
TICK0011415,CUST04401,2026-04-25,Performance,Medium,58,Resolved,3
TICK0011416,CUST04401,2026-01-05,Performance,Low,132,Resolved,4
TICK0011417,CUST04401,2026-01-04,Feature Request,High,17,Resolved,2
TICK0011418,CUST04401,2026-01-18,How-To Question,Low,95,Resolved,1
TICK0011419,CUST04402,2024-05-24,Account Access,Medium,14,Resolved,4
TICK0011420,CUST04402,2025-03-03,Account Access,Medium,91,Resolved,4
TICK0011421,CUST04403,2026-02-11,Performance,Low,87,Resolved,5
TICK0011422,CUST04403,2025-11-04,account access,Medium,52,Resolved,5
TICK0011423,CUST04403,2025-06-09,Billing,Low,112,Resolved,3
TICK0011424,CUST04403,2026-01-22,Performance,Low,88,Resolved,5
TICK0011425,CUST04404,2025-09-23,Bug Report,Medium,71,Resolved,2
TICK0011426,CUST04404,2026-08-11,Technical Issue,Low,150,Resolved,1
TICK0011427,CUST04404,2025-11-19,Bug Report,Low,69,Resolved,1
TICK0011428,CUST04404,2026-06-25,Account Access,Medium,53,Resolved,4
TICK0011429,CUST04404,2025-12-24,Bug Report,Medium,117,Resolved,1
TICK0011430,CUST04405,2026-02-08,Billing,Medium,59,Resolved,4
TICK0011431,CUST04405,2025-03-11,Performance,Medium,81,Resolved,1
TICK0011432,CUST04405,2025-07-23,Performance,High,28,Resolved,4
TICK0011433,CUST04408,2025-07-24,Account Access,Low,30,Open,5
TICK0011434,CUST04408,2025-12-09,Feature Request,Medium,59,Resolved,5
TICK0011435,CUST04408,2025-07-26,Billing,High,14,Resolved,5
TICK0011436,CUST04409,2025-04-15,How-To Question,Medium,48,Resolved,4
TICK0011437,CUST04409,2026-01-13,Bug Report,Low,56,Resolved,5
TICK0011438,CUST04409,2025-04-02,Integration,Medium,64,Resolved,4
TICK0011439,CUST04410,2026-02-16,How-To Question,High,30,Resolved,5
TICK0011440,CUST04410,2026-01-16,Feature Request,Low,78,Resolved,3
TICK0011441,CUST04413,2026-03-04,Technical Issue,High,23,Resolved,5
TICK0011442,CUST04413,2025-02-16,Feature Request,Medium,64,Open,5
TICK0011443,CUST04413,2026-07-11,Technical Issue,Urgent,14,Resolved,3
TICK0011444,CUST04414,2024-12-22,Account Access,Medium,67,Resolved,4
TICK0011445,CUST04414,2025-12-17,How-To Question,Medium,13,Resolved,3
TICK0011446,CUST04414,2026-04-13,Bug Report,Low,69,Resolved,5
TICK0011447,CUST04414,2025-01-19,Integration,High,10,Resolved,5
TICK0011448,CUST04415,2026-07-23,How-To Question,Low,96,Resolved,5
TICK0011449,CUST04415,2026-04-10,Technical Issue,Low,124,Resolved,5
TICK0011450,CUST04415,2026-08-22,Billing,Medium,27,Resolved,5
TICK0011451,CUST04416,2026-07-25,Billing,Low,84,Resolved,2
TICK0011452,CUST04417,2024-08-08,Performance,Low,95,Resolved,5
TICK0011453,CUST04418,2026-07-21,Billing,High,20,Resolved,4
TICK0011454,CUST04418,2026-09-21,Performance,Medium,59,Resolved,3
TICK0011455,CUST04418,2026-08-15,Performance,High,23,Resolved,4
TICK0011456,CUST04418,2026-08-18,Feature Request,Medium,53,Resolved,3
TICK0011457,CUST04418,2026-08-13,How-To Question,Low,71,Resolved,3
TICK0011458,CUST04419,2025-06-28,How-To Question,Low,88,Resolved,3
TICK0011459,CUST04420,2025-03-06,How-To Question,Low,92,Resolved,5
TICK0011460,CUST04420,2025-12-24,Account Access,Low,67,Resolved,5
TICK0011461,CUST04421,2024-09-11,Billing,Low,67,Resolved,2
TICK0011462,CUST04421,2026-04-06,How-To Question,Medium,42,Resolved,4
TICK0011463,CUST04421,2025-07-10,How-To Question,High,11,Pending,1
TICK0011464,CUST04422,2025-11-26,How-To Question,Low,47,Resolved,5
TICK0011465,CUST04422,2025-09-02,Integration,High,11,Resolved,5
TICK0011466,CUST04423,2026-07-10,Billing,Low,48,Resolved,5
TICK0011467,CUST04423,2026-03-05,How-To Question,High,24,Resolved,4
TICK0011468,CUST04423,2026-05-11,How-To Question,Medium,19,Resolved,5
TICK0011469,CUST04423,2026-03-21,Billing,Medium,49,Resolved,4
TICK0011470,CUST04423,2026-09-15,How-To Question,Low,104,Resolved,5
TICK0011471,CUST04423,2026-04-25,Performance,Low,69,Resolved,1
TICK0011472,CUST04423,2026-04-23,Feature Request,Medium,35,Resolved,3
TICK0011473,CUST04423,2026-03-21,Performance,Low,62,Resolved,
TICK0011474,CUST04424,2025-05-04,Performance,Low,92,Resolved,4
TICK0011475,CUST04424,2024-07-12,Account Access,Low,106,Resolved,5
TICK0011476,CUST04424,2025-06-18,Account Access,Low,72,Resolved,4
TICK0011477,CUST04425,2024-04-29,Technical Issue,High,25,Resolved,5
TICK0011478,CUST04425 ,2025-01-08,Account Access,High,22,Resolved,5
TICK0011479,CUST04426,2026-09-23,How-To Question,Low,64,Resolved,4
TICK0011480,CUST04428,2025-02-25,Bug Report,Low,102,Resolved,2
TICK0011481,CUST04428,2025-04-28,Performance,Low,88,Resolved,3
TICK0011482,CUST04428,2024-12-29,Account Access,Medium,67,Resolved,1
TICK0011483,CUST04428,2024-09-16,Technical Issue,Low,103,Resolved,2
TICK0011484,CUST04429,02/14/2024,How-To Question,Medium,47,Resolved,3
TICK0011485,CUST04429,2024-10-26,Account Access,Low,81,Pending,1
TICK0011486,CUST04430,06/27/2026,How-To Question,High,29,Resolved,5
TICK0011487,CUST04430,2026-05-17,How-To Question,Medium,32,Resolved,5
TICK0011488,CUST04431,2024-09-07,Bug Report,Medium,74,Resolved,4
TICK0011489,CUST04431,2024-05-06,How-To Question,Medium,43,Resolved,4
TICK0011490,CUST04431,2026-06-10,Feature Request,Urgent,3,Resolved,5
TICK0011491,CUST04431,2025-03-31,Feature Request,Medium,68,Resolved,4
TICK0011492,CUST04432,2026-06-26,Bug Report,Medium,49,Resolved,2
TICK0011493,CUST04432,2026-06-26,Technical Issue,High,23,Resolved,4
TICK0011494,CUST04433,2024-04-25,Billing,Medium,16,Resolved,5
TICK0011495,CUST04433 ,2025-03-27,Feature Request,Medium,31,Resolved,4
TICK0011496,CUST04434,2026-05-04,Billing,High,32,Resolved,4
TICK0011497,CUST04434,2026-04-07,Feature Request,Low,119,Resolved,4
TICK0011498,CUST04435,2024-03-26,Feature Request,Medium,63,Resolved,5
TICK0011499,CUST04436,2026-07-13,Feature Request,Low,61,Resolved,4
TICK0011500,CUST04436,2026-09-02,Bug Report,Medium,55,Resolved,3
TICK0011501,CUST04437,2026-06-17,Performance,Low,89,Pending,5
TICK0011502,CUST04437,2025-08-12,Integration,Medium,52,Resolved,5
TICK0011503,CUST04438,2025-02-27,How-To Question,Low,93,Resolved,5
TICK0011504,CUST04438,2024-11-28,Feature Request,High,26,Resolved,3
TICK0011505,CUST04439,2026-08-15,Feature Request,Medium,73,Resolved,5
TICK0011506,CUST04439,03/12/2026,How-To Question,High,17,Resolved,4
TICK0011507,CUST04439,2026-02-13,Billing,Medium,42,Resolved,4
TICK0011508,CUST04439,2026-07-17,Feature Request,Low,90,Resolved,5
TICK0011509,CUST04439,2025-10-15,Feature Request,Low,89,Resolved,5
TICK0011510,CUST04440,2026-05-16,Billing,High,26,Resolved,5
TICK0011511,CUST04440,2026-04-16,Performance,Medium,42,Resolved,5
TICK0011512,CUST04441,2026-09-05,How-To Question,High,34,Pending,5
TICK0011513,CUST04441,2026-07-26,Performance,Medium,40,Resolved,5
TICK0011514,CUST04442,2026-06-17,Integration,High,26,Pending,1
TICK0011515,CUST04442,2026-05-18,Integration,Low,124,Resolved,4
TICK0011516,CUST04442,2026-06-24,Performance,Low,86,Resolved,5
TICK0011517,CUST04442,2026-08-21,Integration,Low,12,Resolved,5
TICK0011518,CUST04443,2026-07-01,Integration,High,20,Resolved,5
TICK0011519,CUST04443,2026-07-05,Bug Report,Low,24,Resolved,5
TICK0011520,CUST04444,2026-08-28,Account Access,Low,75,Resolved,3
TICK0011521,CUST04444,2026-06-27,Performance,High,27,Resolved,3
TICK0011522,CUST04445,2024-04-03,Bug Report,Low,116,Resolved,4
TICK0011523,CUST04446,2026-04-01,Integration,Medium,93,Resolved,1
TICK0011524,CUST04446,2026-06-28,Performance,Low,47,Resolved,1
TICK0011525,CUST04446,2026-03-10,Technical Issue,Medium,12,Resolved,1
TICK0011526,CUST04446,2026-04-10,Bug Report,Low,120,Resolved,4
TICK0011527,CUST04446,2026-05-12,Account Access,Medium,91,Resolved,4
TICK0011528,CUST04447,2025-09-03,Technical Issue,Medium,57,Resolved,2
TICK0011529,CUST04447,2025-06-22,Account Access,High,36,Resolved,1
TICK0011530,CUST04447,2025-06-23,Account Access,Medium,76,Resolved,2
TICK0011531,CUST04447,2025-07-21,Bug Report,Medium,64,Resolved,4
TICK0011532,CUST04447,2025-06-17,Integration,Low,141,Resolved,1
TICK0011533,CUST04447,2025-07-23,Integration,High,39,Pending,2
TICK0011534,CUST04447,2025-08-17,Account Access,low,57,Resolved,5
TICK0011535,CUST04448,2024-09-03,How-To Question,Low,124,Resolved,3
TICK0011536,CUST04448,2024-11-09,Billing,Urgent,19,Resolved,4
TICK0011537,CUST04448,2025-01-26,Performance,High,21,Resolved,5
TICK0011538,CUST04448 ,2026-07-10,Performance,High,22,Resolved,4
TICK0011539,CUST04449,2026-09-17,Feature Request,Low,116,Resolved,4
TICK0011540,CUST04450,2025-10-04,Billing,Medium,60,Resolved,5
TICK0011541,CUST04450,2025-09-02,Bug Report,High,18,Pending,2
TICK0011542,CUST04450,2025-08-12,Performance,Low,111,Resolved,4
TICK0011543,CUST04451,2026-03-23,Performance,Low,149,Resolved,2
TICK0011544,CUST04451,2026-05-18,Bug Report,Medium,91,Resolved,2
TICK0011545,CUST04451,2026-05-13,Technical Issue,Medium,98,Resolved,2
TICK0011546,CUST04452,2026-07-20,Account Access,Low,131,Resolved,3
TICK0011547,CUST04452,2026-08-11,Account Access,Low,96,Resolved,3
TICK0011548,CUST04452,2026-09-17,Integration,Medium,81,Resolved,3
TICK0011549,CUST04452,2026-08-11,Technical Issue,Medium,50,Resolved,4
TICK0011550,CUST04452,2026-08-14,Technical Issue,Low,67,Resolved,3
TICK0011551,CUST04452,2026-07-23,Integration,Medium,75,Resolved,2
TICK0011552,CUST04454,2026-03-18,Billing,Medium,31,Resolved,5
TICK0011553,CUST04454,2026-02-24,Feature Request,Low,62,Resolved,5
TICK0011554,CUST04455,2026-07-02,Account Access,High,33,Open,5
TICK0011555,CUST04455,2026-09-17,Technical Issue,Low,94,Resolved,4
TICK0011556,CUST04455,2026-07-04,Feature Request,Medium,42,Resolved,5
TICK0011557,CUST04456,2024-08-01,Account Access,Low,173,Resolved,2
TICK0011558,CUST04456,2024-09-26,Technical Issue,Low,45,Resolved,3
TICK0011559,CUST04456,2025-05-27,Technical Issue,Low,179,Resolved,3
TICK0011560,CUST04456,2025-03-18,Integration,Low,84,Resolved,3
TICK0011561,CUST04456,2024-04-28,Bug Report,Low,163,Resolved,5
TICK0011562,CUST04456,2025-04-26,Bug Report,Low,187,Resolved,3
TICK0011563,CUST04456,2024-07-03,Technical Issue,Medium,59,Resolved,2
TICK0011564,CUST04456,2025-07-11,Bug Report,Low,136,Resolved,4
TICK0011565,CUST04456,2024-08-31,Bug Report,High,53,Resolved,
TICK0011566,CUST04456,2024-08-22,Integration,Low,219,Resolved,2
TICK0011567,CUST04456,2024-11-09,Performance,Medium,45,Resolved,1
TICK0011568,CUST04457,2026-01-08,Integration,Low,83,Resolved,2
TICK0011569,CUST04457,2026-02-07,Performance,Medium,57,Resolved,3
TICK0011570,CUST04458,2023-12-05,Technical Issue,Low,75,Resolved,4
TICK0011571,CUST04459,2026-09-18,Performance,High,41,Resolved,
TICK0011572,CUST04459,2026-04-13,Integration,Low,107,Resolved,1
TICK0011573,CUST04459 ,2026-08-25,Account Access,Medium,70,Resolved,2
TICK0011574,CUST04459,2026-06-30,Technical Issue,Medium,69,Resolved,4
TICK0011575,CUST04459,2026-07-14,Bug Report,Medium,105,Resolved,4
TICK0011576,CUST04459,2026-06-08,Integration,Medium,75,Resolved,1
TICK0011577,CUST04459,2026-05-06,Bug Report,Medium,99,Resolved,1
TICK0011578,CUST04459,2026-08-17,Integration,High,22,Resolved,2
TICK0011579,CUST04459,2026-05-28,Bug Report,Medium,104,Resolved,1
TICK0011580,CUST04459,2026-09-09,Technical Issue,Low,140,Resolved,2
TICK0011581,CUST04459,2026-04-10,Technical Issue,Medium,101,Resolved,1
TICK0011582,CUST04460,2026-05-28,How-To Question,Low,74,Resolved,5
TICK0011583,CUST04461,2026-04-07,Account Access,Low,92,Resolved,3
TICK0011584,CUST04461,2025-07-14,Feature Request,High,41,Resolved,2
TICK0011585,CUST04461,2025-12-13,How-To Question,Medium,80,Resolved,5
TICK0011586,CUST04463,2025-04-25,Bug Report,Low,48,Resolved,5
TICK0011587,CUST04464,2026-04-25,Feature Request,Low,62,Resolved,5
TICK0011588,CUST04464,2026-01-28,Performance,Low,122,Resolved,5
TICK0011589,CUST04465,2026-09-22,Performance,Low,76,Resolved,5
TICK0011590,CUST04465,2025-12-07,account access,High,11,Resolved,2
TICK0011591,CUST04465,2025-05-12,Performance,Medium,52,Resolved,3
TICK0011592,CUST04465,2026-08-05,Performance,Low,76,Open,3
TICK0011593,CUST04465,2026-06-26,Integration,Medium,40,Resolved,3
TICK0011594,CUST04465,2026-01-26,Performance,Low,52,Resolved,4
TICK0011595,CUST04466,2026-04-09,Technical Issue,Low,127,Pending,
TICK0011596,CUST04466,2025-02-15,Technical Issue,High,57,Resolved,2
TICK0011597,CUST04466,2026-04-20,Performance,High,45,Resolved,3
TICK0011598,CUST04467,2026-09-07,Feature Request,Low,77,Resolved,3
TICK0011599,CUST04467,2026-08-22,Bug Report,Low,100,Resolved,5
TICK0011600,CUST04468,2024-11-09,Account Access,Low,183,Resolved,1
TICK0011601,CUST04468,2024-11-21,Performance,Urgent,17,Resolved,2
TICK0011602,CUST04468,2025-01-01,Bug Report,Low,203,Resolved,1
TICK0011603,CUST04468,2024-10-11,Technical Issue,Low,108,Resolved,1
TICK0011604,CUST04468,2024-12-18,Bug Report,Low,81,Resolved,2
TICK0011605,CUST04468,2024-10-23,Bug Report,Medium,91,Resolved,1
TICK0011606,CUST04469,2025-12-11,Integration,Low,140,Open,3
TICK0011607,CUST04469,2025-09-15,Bug Report,Medium,69,Resolved,1
TICK0011608,CUST04469,2026-08-04,Technical Issue,Medium,42,Resolved,1
TICK0011609,CUST04469,2025-12-25,Account Access,Low,186,Resolved,2
TICK0011610,CUST04469,2026-09-16,Technical Issue,Low,193,Resolved,1
TICK0011611,CUST04469,2026-03-10,Performance,Medium,124,Resolved,4
TICK0011612,CUST04470,2025-04-20,Billing,Medium,25,Resolved,5
TICK0011613,CUST04470,2026-07-22,Bug Report,Urgent,11,Resolved,4
TICK0011614,CUST04470,2026-08-07,Integration,Low,61,Resolved,2
TICK0011615,CUST04471,2026-09-10,Bug Report,Medium,77,Resolved,2
TICK0011616,CUST04471,2026-08-15,Account Access,High,43,Resolved,4
TICK0011617,CUST04472,2026-05-02,Billing,Low,77,Resolved,4
TICK0011618,CUST04472,2026-07-22,How-To Question,Medium,64,Resolved,4
TICK0011619,CUST04474,2026-09-18,Account Access,Low,137,Resolved,2
TICK0011620,CUST04474,2026-08-23,Technical Issue,Low,125,Resolved,2
TICK0011621,CUST04474,2026-08-04,Account Access,Medium,161,Resolved,4
TICK0011622,CUST04474,2026-08-15,Account Access,Low,86,Resolved,1
TICK0011623,CUST04474,2026-08-12,Account Access,Medium,80,Resolved,2
TICK0011624,CUST04474,2026-07-28,Account Access,Medium,83,Resolved,4
TICK0011625,CUST04474,2026-09-23,Account Access,High,33,Resolved,5
TICK0011626,CUST04475,2025-12-22,Account Access,Medium,33,Resolved,3
TICK0011627,CUST04476,2025-07-15,Performance,Medium,65,Resolved,3
TICK0011628,CUST04476 ,2025-04-20,Billing,Medium,62,Resolved,3
TICK0011629,CUST04476,2025-05-31,Feature Request,Low,87,Resolved,4
TICK0011630,CUST04477,2026-07-16,Account Access,Low,108,Resolved,4
TICK0011631,CUST04477,2026-07-27,Account Access,High,21,Resolved,2
TICK0011632,CUST04478,2026-05-10,Performance,Medium,47,Resolved,4
TICK0011633,CUST04479,2026-07-27,Integration,Low,202,Open,2
TICK0011634,CUST04479,2026-07-10,Integration,Low,185,resolved,4
TICK0011635,CUST04479,2026-06-10,Bug Report,Medium,74,Resolved,2
TICK0011636,CUST04479,2026-07-19,Performance,Low,229,Resolved,5
TICK0011637,CUST04479,2026-07-03,Bug Report,Medium,85,Resolved,3
TICK0011638,CUST04479,2026-09-18,Technical Issue,Medium,56,Resolved,1
TICK0011639,CUST04479,2026-08-18,Account Access,Urgent,16,Resolved,4
TICK0011640,CUST04479,2026-06-10,Bug Report,Low,97,Resolved,3
TICK0011641,CUST04479,2026-06-21,Integration,Low,96,Resolved,2
TICK0011642,CUST04480,2026-05-01,Feature Request,Low,58,Resolved,3
TICK0011643,CUST04480,2025-11-15,Feature Request,Low,98,Resolved,3
TICK0011644,CUST04481,2026-01-18,Bug Report,Medium,8,Resolved,5
TICK0011645,CUST04481 ,2026-05-29,Performance,Medium,42,Resolved,3
TICK0011646,CUST04481,2025-11-17,Performance,Low,113,Resolved,5
TICK0011647,CUST04483,2026-08-15,Integration,Low,45,Resolved,3
TICK0011648,CUST04483,2025-06-25,Technical Issue,Urgent,21,Resolved,2
TICK0011649,CUST04483,2025-06-19,Account Access,Medium,93,Resolved,2
TICK0011650,CUST04483,2024-12-12,Account Access,Low,97,Resolved,5
TICK0011651,CUST04483,2025-05-11,Bug Report,Low,145,Resolved,1
TICK0011652,CUST04484,2024-12-07,Performance,Medium,23,Resolved,5
TICK0011653,CUST04484,2025-06-20,Account Access,High,24,Resolved,3
TICK0011654,CUST04485,2026-08-14,Feature Request,Medium,90,Resolved,5
TICK0011655,CUST04485,2026-08-27,How-To Question,Low,105,Resolved,5
TICK0011656,CUST04485,2026-09-18,Account Access,High,15,Resolved,1
TICK0011657,CUST04487,2025-09-26,Technical Issue,High,38,Resolved,3
TICK0011658,CUST04487,2025-08-25,Integration,Medium,82,resolved,1
TICK0011659,CUST04487,2025-10-25,Performance,Low,131,Resolved,2
TICK0011660,CUST04487,2025-11-17,Account Access,Medium,125,Resolved,1
TICK0011661,CUST04487,2025-12-04,Performance,Medium,57,Resolved,2
TICK0011662,CUST04487,2025-12-09,Account Access,Low,152,Resolved,1
TICK0011663,CUST04487,2025-09-19,Technical Issue,Urgent,10,Resolved,1
TICK0011664,CUST04487,2025-07-23,Integration,High,56,Resolved,1
TICK0011665,CUST04489,2024-07-19,Performance,Low,76,Resolved,4
TICK0011666,CUST04489,2024-12-04,How-To Question,Medium,34,Resolved,5
TICK0011667,CUST04489,2025-04-18,Bug Report,Low,65,Resolved,5
TICK0011668,CUST04489,2025-02-09,Technical Issue,Low,57,Pending,4
TICK0011669,CUST04489,2025-05-12,Integration,Low,74,Resolved,5
TICK0011670,CUST04489,2025-06-13,Feature Request,Low,102,Pending,4
TICK0011671,CUST04490,2026-06-24,Feature Request,Medium,39,Resolved,4
TICK0011672,CUST04490,2026-06-30,Bug Report,Medium,28,Resolved,5
TICK0011673,CUST04490,2026-06-19,Technical Issue,Low,103,Resolved,5
TICK0011674,CUST04490,2026-09-20,Performance,Low,55,Resolved,3
TICK0011675,CUST04490,2026-08-09,Billing,Low,104,Resolved,5
TICK0011676,CUST04491,2026-06-08,Feature Request,Medium,64,Resolved,2
TICK0011677,CUST04491,2026-01-10,Performance,Medium,42,Resolved,3
TICK0011678,CUST04491,2026-04-06,Billing,Medium,25,Resolved,3
TICK0011679,CUST04491,2025-06-14,Feature Request,Low,82,Pending,4
TICK0011680,CUST04492,2025-09-22,Bug Report,High,23,Resolved,4
TICK0011681,CUST04492,2026-09-18,Technical Issue,Low,66,Resolved,5
TICK0011682,CUST04493,2025-06-12,Account Access,Medium,22,Resolved,5
TICK0011683,CUST04493,2026-09-16,Bug Report,Low,55,Resolved,5
TICK0011684,CUST04493,2026-01-27,Performance,Medium,48,Resolved,5
TICK0011685,CUST04493,2026-06-11,Billing,Medium,40,Resolved,4
TICK0011686,CUST04494,2025-02-25,Bug Report,Low,85,Resolved,4
TICK0011687,CUST04495,2025-11-19,Billing,Medium,35,Resolved,4
TICK0011688,CUST04497,05/26/2025,Technical Issue,High,36,Resolved,4
TICK0011689,CUST04498,2026-06-18,How-To Question,Medium,24,Resolved,5
TICK0011690,CUST04498,2026-01-31,Technical Issue,Low,76,Resolved,4
TICK0011691,CUST04499,2026-04-08,How-To Question,Medium,44,Pending,3
TICK0011692,CUST04500,2025-03-06,Technical Issue,Low,50,Resolved,2
TICK0011693,CUST04500,2026-06-08,How-To Question,Low,84,Resolved,5
TICK0011694,CUST04500,2025-07-27,Bug Report,Low,59,Resolved,2
TICK0011695,CUST04501,2026-04-20,Billing,Medium,34,Open,4
TICK0011696,CUST04501,2025-09-23,Feature Request,MEDIUM,68,Resolved,5
TICK0011697,CUST04502,2024-11-19,Performance,Low,125,Resolved,2
TICK0011698,CUST04502,2025-05-14,Technical Issue,Low,80,Resolved,1
TICK0011699,CUST04502,2025-03-15,Technical Issue,Medium,130,Resolved,1
TICK0011700,CUST04502,2024-12-18,Integration,Low,98,Resolved,3
TICK0011701,CUST04502,2024-11-29,INTEGRATION,Urgent,25,Resolved,1
TICK0011702,CUST04504,2026-08-26,Bug Report,Low,37,Resolved,5
TICK0011703,CUST04504,2026-08-03,Bug Report,Low,122,Resolved,5
TICK0011704,CUST04504,2026-08-27,Feature Request,Medium,38,Resolved,5
TICK0011705,CUST04505,2026-09-20,Feature Request,Medium,74,Resolved,4
TICK0011706,CUST04507,2026-05-22,Bug Report,Low,60,Resolved,4
TICK0011707,CUST04507,2024-09-16,Bug Report,Low,85,Resolved,5
TICK0011708,CUST04508,2025-04-15,Billing,Urgent,13,Pending,5
TICK0011709,CUST04509,2025-01-06,Feature Request,Low,75,Resolved,4
TICK0011710,CUST04510,2025-05-26,Integration,Low,29,Resolved,5
TICK0011711,CUST04510,2026-05-19,Bug Report,Low,82,Open,4
TICK0011712,CUST04511,2025-05-10,Feature Request,Medium,51,Resolved,3
TICK0011713,CUST04511,2025-02-02,Billing,Medium,28,Resolved,5
TICK0011714,CUST04511,2025-04-17,Performance,Low,53,Resolved,1
TICK0011715,CUST04512,2024-10-02,Account Access,Low,45,Resolved,5
TICK0011716,CUST04512,2025-06-21,Account Access,High,10,Resolved,3
TICK0011717,CUST04512,2026-01-22,Account Access,Low,48,Resolved,4
TICK0011718,CUST04513,2026-05-11,Technical Issue,Low,65,Resolved,5
TICK0011719,CUST04513,2026-07-21,Technical Issue,Low,139,Resolved,5
TICK0011720,CUST04513,2026-06-22,How-To Question,Low,21,resolved,5
TICK0011721,CUST04513,2026-05-07,Technical Issue,Low,69,Resolved,4
TICK0011722,CUST04513,2026-06-01,Feature Request,Medium,88,Resolved,5
TICK0011723,CUST04514,2025-10-22,How-To Question,Low,112,Resolved,2
TICK0011724,CUST04515,2026-06-04,Integration,High,29,Resolved,4
TICK0011725,CUST04516,2026-03-19,How-To Question,Low,72,Resolved,1
TICK0011726,CUST04517,2024-04-28,Account Access,Low,98,Open,3
TICK0011727,CUST04517,2025-07-01,Feature Request,Medium,46,Resolved,3
TICK0011728,CUST04517,2025-09-12,How-To Question,Low,84,Resolved,5
TICK0011729,CUST04518,2026-09-22,Account Access,Low,100,Resolved,4
TICK0011730,CUST04519,2024-07-14,Performance,Medium,138,Resolved,5
TICK0011731,CUST04519,2024-05-14,Bug Report,Low,106,Resolved,2
TICK0011732,CUST04519,2024-11-09,Bug Report,Medium,56,Resolved,2
TICK0011733,CUST04519,2024-09-09,Account Access,Medium,85,Resolved,1
TICK0011734,CUST04519,2024-06-23,Technical Issue,Low,134,Resolved,2
TICK0011735,CUST04519,2024-12-22,Bug Report,High,41,Resolved,3
TICK0011736,CUST04519,2024-07-18,Technical Issue,High,27,Resolved,2
TICK0011737,CUST04519,2024-08-30,Technical Issue,Low,78,Resolved,1
TICK0011738,CUST04520,2024-10-25,Billing,Low,99,Resolved,5
TICK0011739,CUST04521,2026-07-18,How-To Question,Low,53,Resolved,5
TICK0011740,CUST04521,2024-01-25,Performance,Medium,75,Resolved,4
TICK0011741,CUST04521,2025-06-02,Technical Issue,Low,57,Open,2
TICK0011742,CUST04521,2026-04-08,Performance,Low,121,Resolved,4
TICK0011743,CUST04522,2026-06-16,Integration,Medium,63,Resolved,5
TICK0011744,CUST04522,2025-09-29,Technical Issue,High,32,Resolved,5
TICK0011745,CUST04522,2026-08-03,Billing,Medium,34,Resolved,3
TICK0011746,CUST04523,2024-06-14,Feature Request,Medium,60,Resolved,5
TICK0011747,CUST04524,2026-01-09,Bug Report,High,70,Resolved,5
TICK0011748,CUST04525,2025-09-29,Integration,Low,38,Resolved,4
TICK0011749,CUST04526,2024-12-07,How-To Question,Low,76,Resolved,4
TICK0011750,CUST04526,2025-07-04,Account Access,Low,108,Resolved,5
TICK0011751,CUST04526,2025-03-26,Account Access,Low,12,Resolved,4
TICK0011752,CUST04527,2025-12-11,How-To Question,Low,101,Resolved,5
TICK0011753,CUST04527,2024-12-31,How-To Question,Low,40,Resolved,5
TICK0011754,CUST04527,2025-07-14,How-To Question,Low,25,Resolved,2
TICK0011755,CUST04527,2025-08-28,Feature Request,Low,114,Resolved,1
TICK0011756,CUST04528,2026-09-13,How-To Question,Urgent,10,Open,4
TICK0011757,CUST04528,2026-02-12,Billing,Medium,22,Resolved,5
TICK0011758,CUST04528,2026-01-12,Performance,Medium,53,Resolved,3
TICK0011759,CUST04528,2026-08-20,Feature Request,Low,12,Resolved,1
TICK0011760,CUST04528,2026-01-24,Feature Request,Urgent,9,Open,4
TICK0011761,CUST04528,2026-02-15,Feature Request,Low,99,resolved,5
TICK0011762,CUST04529,2025-08-19,Feature Request,Medium,8,Resolved,5
TICK0011763,CUST04529,2025-11-06,How-To Question,Medium,78,Resolved,4
TICK0011764,CUST04530,2026-09-13,Performance,Low,105,Resolved,5
TICK0011765,CUST04531,2025-11-26,How-To Question,High,19,Open,2
TICK0011766,CUST04531,2025-09-17,Account Access,Medium,59,Resolved,3
TICK0011767,CUST04532,2024-11-08,Technical Issue,Medium,56,Resolved,5
TICK0011768,CUST04533,2026-04-14,Billing,Low,96,Resolved,2
TICK0011769,CUST04533,2026-03-29,Feature Request,low,75,Pending,5
TICK0011770,CUST04535,2026-07-31,Feature Request,Medium,50,Resolved,4
TICK0011771,CUST04535,08/18/2026,Technical Issue,High,22,Resolved,5
TICK0011772,CUST04536,2026-09-17,Bug Report,Medium,67,Resolved,5
TICK0011773,CUST04536,2026-09-02,Integration,Low,100,Resolved,3
TICK0011774,CUST04537,2025-11-21,Bug Report,Low,53,Resolved,4
TICK0011775,CUST04538,2026-07-16,How-To Question,Low,62,Resolved,5
TICK0011776,CUST04538,2025-05-11,Feature Request,Low,59,Resolved,4
TICK0011777,CUST04538,2025-01-27,Feature Request,Medium,8,Resolved,3
TICK0011778,CUST04538,2024-08-24,How-To Question,Medium,74,Resolved,5
TICK0011779,CUST04539,2025-10-26,Technical Issue,Low,106,Resolved,3
TICK0011780,CUST04541,2025-01-21,Billing,Medium,43,Resolved,4
TICK0011781,CUST04542,2026-05-29,Integration,Medium,34,Pending,4
TICK0011782,CUST04542,2024-11-18,Integration,Low,112,Resolved,4
TICK0011783,CUST04543,2026-08-15,Billing,Medium,26,Resolved,5
TICK0011784,CUST04543,2026-08-28,Technical Issue,Urgent,22,Resolved,5
TICK0011785,CUST04544,2026-04-29,Performance,Low,127,Resolved,1
TICK0011786,CUST04544,2026-05-17,Billing,Urgent,6,Resolved,4
TICK0011787,CUST04545,2026-04-21,How-To Question,Low,70,Resolved,5
TICK0011788,CUST04545,2026-08-22,Performance,Medium,57,Resolved,5
TICK0011789,CUST04546,2026-04-23,Performance,Medium,35,Resolved,5
TICK0011790,CUST04546 ,2025-12-01,Technical Issue,Medium,46,Open,5
TICK0011791,CUST04546,2025-07-02,Integration,Medium,42,Resolved,2
TICK0011792,CUST04547,2025-12-14,Account Access,Low,84,Resolved,5
TICK0011793,CUST04548,2025-08-29,Integration,Low,96,Resolved,5
TICK0011794,CUST04548,2026-03-18,Integration,Low,71,Resolved,5
TICK0011795,CUST04549,2026-06-18,How-To Question,Low,39,Resolved,3
TICK0011796,CUST04549,2026-09-05,Performance,Medium,36,Resolved,2
TICK0011797,CUST04549,2026-06-08,How-To Question,Low,91,Resolved,1
TICK0011798,CUST04549,2026-07-24,Billing,Medium,59,Resolved,3
TICK0011799,CUST04549,2026-08-22,Billing,Medium,15,Pending,4
TICK0011800,CUST04550,2026-05-29,Bug Report,Medium,95,Resolved,3
TICK0011801,CUST04550,2026-08-09,Technical Issue,Low,79,Resolved,3
TICK0011802,CUST04550,2026-05-15,Account Access,Medium,11,Pending,3
TICK0011803,CUST04550,2026-03-30,Account Access,Medium,127,Pending,
TICK0011804,CUST04550,2026-08-27,Integration,Low,49,Resolved,5
TICK0011805,CUST04551,2026-06-19,Account Access,Medium,55,Resolved,4
TICK0011806,CUST04552,2026-04-04,Feature Request,Low,105,Open,3
TICK0011807,CUST04552,2026-03-12,Feature Request,Medium,60,Open,4
TICK0011808,CUST04552,2026-04-13,Billing,Low,90,Resolved,5
TICK0011809,CUST04553,2024-06-30,Integration,High,57,Resolved,2
TICK0011810,CUST04553,2026-02-27,Technical Issue,Low,87,Resolved,1
TICK0011811,CUST04553,2025-10-22,Integration,Medium,73,Resolved,1
TICK0011812,CUST04554,2026-07-02,Feature Request,Low,53,Resolved,4
TICK0011813,CUST04554,2025-12-13,Integration,Low,61,Resolved,5
TICK0011814,CUST04554,2026-01-13,Performance,Low,87,Resolved,5
TICK0011815,CUST04554,2025-12-17,Feature Request,Medium,16,Resolved,3
TICK0011816,CUST04555,2025-11-22,Feature Request,Medium,62,Resolved,4
TICK0011817,CUST04555,2026-07-02,Performance,High,14,Resolved,4
TICK0011818,CUST04555,2026-07-22,Feature Request,Low,97,Resolved,5
TICK0011819,CUST04555,2026-08-02,How-To Question,Low,134,Resolved,5
TICK0011820,CUST04555,2025-06-30,How-To Question,Low,72,Resolved,3
TICK0011821,CUST04555,2025-07-17,Billing,Low,105,Resolved,3
TICK0011822,CUST04556,2026-04-22,Account Access,Medium,27,Resolved,5
TICK0011823,CUST04556,2024-11-15,Technical Issue,Low,47,Resolved,3
TICK0011824,CUST04556,2026-03-07,Billing,Medium,63,Resolved,5
TICK0011825,CUST04556,2026-07-14,Feature Request,Medium,49,Resolved,3
TICK0011826,CUST04556,2026-04-06,How-To Question,High,4,Resolved,5
TICK0011827,CUST04557,2026-08-25,Bug Report,Medium,30,Resolved,1
TICK0011828,CUST04557,2024-06-21,Technical Issue,Medium,121,Resolved,5
TICK0011829,CUST04557,2024-07-20,Performance,Low,112,Resolved,1
TICK0011830,CUST04557,2026-05-03,Performance,Medium,57,Resolved,2
TICK0011831,CUST04557,2025-01-24,Bug Report,Low,197,Resolved,3
TICK0011832,CUST04557,2025-05-02,Account Access,Low,81,Resolved,3
TICK0011833,CUST04557,2024-05-02,Performance,Low,199,Resolved,3
TICK0011834,CUST04557,2026-03-08,Account Access,Low,130,Resolved,1
TICK0011835,CUST04558,2026-05-22,Performance,Medium,59,Resolved,2
TICK0011836,CUST04558,2026-07-21,Integration,High,52,Resolved,2
TICK0011837,CUST04558,2026-07-18,Account Access,High,32,Resolved,3
TICK0011838,CUST04558,2026-06-03,Technical Issue,Low,102,Resolved,1
TICK0011839,CUST04558,2026-08-06,Bug Report,Low,173,Resolved,4
TICK0011840,CUST04559,2025-12-04,Integration,Low,62,Resolved,2
TICK0011841,CUST04559,2026-04-22,Bug Report,Medium,48,Resolved,4
TICK0011842,CUST04560,2026-09-11,Billing,Medium,71,Resolved,5
TICK0011843,CUST04561,2025-08-12,Billing,Medium,61,Pending,3
TICK0011844,CUST04561,2025-10-04,Performance,High,29,Resolved,5
TICK0011845,CUST04561,2025-11-10,Billing,Low,77,Resolved,3
TICK0011846,CUST04562,2026-04-05,Feature Request,High,22,Resolved,3
TICK0011847,CUST04563,2024-01-08,Performance,Low,50,Resolved,2
TICK0011848,CUST04563,2024-12-25,Billing,Low,137,Open,3
TICK0011849,CUST04563,2024-06-11,Performance,Low,82,Resolved,4
TICK0011850,CUST04564,2025-09-22,Integration,Medium,26,Pending,5
TICK0011851,CUST04564,2024-12-17,Bug Report,Low,75,Open,4
TICK0011852,CUST04565,2026-02-04,Billing,High,12,Resolved,4
TICK0011853,CUST04565,2026-01-31,Billing,Low,58,Resolved,4
TICK0011854,CUST04565,2026-02-20,Performance,Medium,19,Resolved,3
TICK0011855,CUST04566,2025-12-26,Performance,High,38,Resolved,4
TICK0011856,CUST04566,2024-04-22,Performance,High,15,Resolved,3
TICK0011857,CUST04567,2026-07-26,Feature Request,Medium,35,Resolved,1
TICK0011858,CUST04567,2026-07-20,Feature Request,Medium,45,Resolved,3
TICK0011859,CUST04567,2026-09-05,How-To Question,Low,52,Resolved,2
TICK0011860,CUST04567,2026-02-22,How-To Question,Low,51,Resolved,2
TICK0011861,CUST04567,2025-09-08,How-To Question,High,23,Resolved,4
TICK0011862,CUST04569,2025-01-03,Billing,Medium,40,Resolved,4
TICK0011863,CUST04570,2026-06-06,How-To Question,Low,88,Resolved,3
TICK0011864,CUST04571,2026-05-03,Billing,Low,64,Open,5
TICK0011865,CUST04571,2025-10-17,How-To Question,Medium,56,Resolved,5
TICK0011866,CUST04572,2025-07-24,Billing,Medium,19,Open,5
TICK0011867,CUST04572,2025-04-23,Account Access,Medium,69,Resolved,4
TICK0011868,CUST04572,2025-04-30,Technical Issue,Low,96,Pending,5
TICK0011869,CUST04572,2025-05-20,How-To Question,Medium,67,resolved,5
TICK0011870,CUST04574,2025-03-27,How-To Question,Medium,52,Resolved,5
TICK0011871,CUST04575,2026-06-09,Feature Request,Urgent,16,Resolved,3
TICK0011872,CUST04575,2026-08-16,Account Access,Medium,63,Resolved,5
TICK0011873,CUST04575,2026-04-18,Performance,Medium,68,Resolved,5
TICK0011874,CUST04576,2025-11-15,Performance,Medium,43,Pending,5
TICK0011875,CUST04576,2024-10-07,Bug Report,Medium,63,Resolved,4
TICK0011876,CUST04577,2025-09-09,How-To Question,Low,67,Pending,5
TICK0011877,CUST04577,2026-08-13,Performance,Low,64,Resolved,3
TICK0011878,CUST04577,2025-12-28,Billing,Low,68,Resolved,1
TICK0011879,CUST04577,2026-04-20,How-To Question,Medium,55,Resolved,3
TICK0011880,CUST04577,2025-09-13,Billing,Medium,54,resolved,3
TICK0011881,CUST04578,2025-05-12,How-To Question,Low,36,Resolved,4
TICK0011882,CUST04578,2026-08-06,How-To Question,Low,55,Resolved,5
TICK0011883,CUST04578,2024-11-07,How-To Question,Low,55,Resolved,3
TICK0011884,CUST04578,2025-02-06,Feature Request,Urgent,11,Resolved,4
TICK0011885,CUST04579,2025-01-12,Feature Request,High,33,Resolved,2
TICK0011886,CUST04580,2026-02-28,How-To Question,Medium,27,Resolved,4
TICK0011887,CUST04580,2026-04-04,Account Access,Medium,34,Resolved,1
TICK0011888,CUST04580,2025-12-02,Account Access,Low,117,Open,3
TICK0011889,CUST04581,2026-03-30,Billing,Low,110,Resolved,4
TICK0011890,CUST04581,2026-09-08,How-To Question,Medium,59,Resolved,3
TICK0011891,CUST04581,2026-07-23,Bug Report,Medium,47,Resolved,1
TICK0011892,CUST04582,2026-09-13,Bug Report,Low,33,Resolved,5
TICK0011893,CUST04583,08/12/2026,Performance,Low,47,Open,5
TICK0011894,CUST04584,06/26/2026,Bug Report,Low,168,Resolved,2
TICK0011895,CUST04584,2026-08-01,Integration,Medium,98,Resolved,5
TICK0011896,CUST04584,2026-07-31,Performance,Medium,19,Resolved,5
TICK0011897,CUST04584,2026-01-19,bug report,Medium,103,Resolved,2
TICK0011898,CUST04584,2026-07-20,Technical Issue,Low,179,Resolved,2
TICK0011899,CUST04584,2026-03-01,Performance,Medium,66,Resolved,3
TICK0011900,CUST04585,2026-08-03,How-To Question,Low,129,Resolved,2
TICK0011901,CUST04585,2026-09-21,Feature Request,Low,88,Resolved,3
TICK0011902,CUST04586,2025-10-11,How-To Question,Medium,80,Resolved,4
TICK0011903,CUST04586,2025-08-23,Feature Request,Low,12,Resolved,3
TICK0011904,CUST04588,2024-02-07,Feature Request,Urgent,16,Pending,5
TICK0011905,CUST04588,2024-07-15,Feature Request,Medium,34,Resolved,5
TICK0011906,CUST04588,2024-06-09,Feature Request,Medium,44,Resolved,1
TICK0011907,CUST04588,2024-02-29,Feature Request,Medium,28,Resolved,3
TICK0011908,CUST04589,2024-11-13,Billing,Low,79,Resolved,2
TICK0011909,CUST04589,2025-12-23,How-To Question,Medium,47,Resolved,4
TICK0011910,CUST04589,2025-06-15,How-To Question,Low,52,Resolved,3
TICK0011911,CUST04589,2025-07-20,Account Access,Medium,8,Resolved,5
TICK0011912,CUST04590,2026-06-24,Performance,Low,88,Resolved,5
TICK0011913,CUST04591,09/22/2026,technical issue,Low,156,Resolved,3
TICK0011914,CUST04591,2025-11-28,Account Access,Low,83,Resolved,4
TICK0011915,CUST04591,2024-12-30,Technical Issue,Medium,94,Resolved,3
TICK0011916,CUST04591,2025-06-11,Integration,Low,162,Resolved,3
TICK0011917,CUST04592,2026-06-27,How-To Question,Low,70,Resolved,4
TICK0011918,CUST04592,06/16/2026,Integration,High,25,Resolved,4
TICK0011919,CUST04593,2026-09-05,Billing,Medium,48,Resolved,2
TICK0011920,CUST04594,2024-08-26,Account Access,Low,62,Resolved,3
TICK0011921,CUST04594,2025-04-17,How-To Question,Low,54,Resolved,4
TICK0011922,CUST04594,2025-07-15,Account Access,Medium,24,Resolved,4
TICK0011923,CUST04594,2024-09-29,Feature Request,Low,71,Resolved,3
TICK0011924,CUST04594,2025-02-24,how-to question,Low,60,Resolved,5
TICK0011925,CUST04594,2024-12-26,How-To Question,Low,100,Pending,3
TICK0011926,CUST04595,2025-07-18,Performance,Urgent,13,Resolved,1
TICK0011927,CUST04595,2025-05-20,Performance,Low,154,Resolved,1
TICK0011928,CUST04595,2026-04-11,Integration,Low,149,Resolved,2
TICK0011929,CUST04595,2025-09-09,Bug Report,Low,112,Resolved,2
TICK0011930,CUST04596,2026-03-16,Bug Report,Low,60,Resolved,1
TICK0011931,CUST04597,2026-06-17,Performance,Low,103,Resolved,5
TICK0011932,CUST04597,2026-05-12,Performance,Low,63,Resolved,5
TICK0011933,CUST04597,2026-06-28,Billing, high,28,Resolved,5
TICK0011934,CUST04597,2026-06-16,Billing,Medium,29,Resolved,4
TICK0011935,CUST04598,2024-11-05,How-To Question,Medium,60,Resolved,4
TICK0011936,CUST04598,2024-12-26,Account Access,Medium,70,Resolved,4
TICK0011937,CUST04599,2026-01-30,Bug Report,Medium,66,Resolved,5
TICK0011938,CUST04599,2026-01-10,Performance,Medium,83,Resolved,4
TICK0011939,CUST04599,2025-07-31,Billing,Medium,62,Resolved,4
TICK0011940,CUST04599,2025-08-16,Billing,Medium,54,Resolved,3
TICK0011941,CUST04599,2025-07-21,Performance,Medium,62,Resolved,5
TICK0011942,CUST04600,2026-08-21,How-To Question,Low,30,Resolved,4
TICK0011943,CUST04601,2026-06-16,Account Access,Low,64,Resolved,4
TICK0011944,CUST04601,2026-04-28,Integration,Low,91,Open,5
TICK0011945,CUST04601,2026-07-24,Billing,Medium,33,Resolved,4
TICK0011946,CUST04601,2026-04-30,Technical Issue,Medium,68,Resolved,2
TICK0011947,CUST04602,2026-07-28,Technical Issue,Medium,35,Resolved,5
TICK0011948,CUST04602,2026-08-07,Bug Report,Medium,40,Resolved,3
TICK0011949,CUST04603,2026-08-28,How-To Question,Low,85,Pending,4
TICK0011950,CUST04604,2026-09-19,How-To Question,Medium,46,Resolved,3
TICK0011951,CUST04604,2026-07-06,Billing,Medium,55,Resolved,5
TICK0011952,CUST04604,2026-06-06,Billing,Medium,19,Resolved,2
TICK0011953,CUST04605,2026-07-19,Technical Issue,High,29,Resolved,
TICK0011954,CUST04605,2024-05-28,Billing,Low,127,Open,4
TICK0011955,CUST04605,2026-02-07,Integration,High,32,Pending,4
TICK0011956,CUST04605,2026-03-14,Billing,Medium,72,Resolved,5
TICK0011957,CUST04606,2025-07-10,Feature Request,low,119,Resolved,5
TICK0011958,CUST04607,2026-05-26,Feature Request,low,48,Pending,4
TICK0011959,CUST04607,2026-02-19,Feature Request,Low,54,Resolved,4
TICK0011960,CUST04607,2026-05-11,Account Access,Medium,19,Resolved,4
TICK0011961,CUST04607,2026-02-10,How-To Question,Urgent,16,Resolved,2
TICK0011962,CUST04608,2024-09-27,Performance,Low,60,Resolved,5
TICK0011963,CUST04609,2025-10-14,Performance,Low,48,Resolved,2
TICK0011964,CUST04609,2026-04-10,Feature Request,High,24,Resolved,3
TICK0011965,CUST04609,2025-11-04,Feature Request,Medium,50,Resolved,5
TICK0011966,CUST04609,2025-11-15,Billing,High,28,Resolved,2
TICK0011967,CUST04609,2026-06-22,Performance,Low,73,Resolved,5
TICK0011968,CUST04610,2026-08-22,Feature Request,Medium,40,Resolved,1
TICK0011969,CUST04610,2026-04-24,Feature Request,Low,74,Resolved,5
TICK0011970,CUST04611,2026-04-21,Billing,Medium,43,Resolved,3
TICK0011971,CUST04612,2024-08-28,Performance,Low,66,Resolved,3
TICK0011972,CUST04612,2024-09-15,Feature Request,Low,79,Resolved,2
TICK0011973,CUST04612,2024-10-04,Billing,Medium,36,Resolved,3
TICK0011974,CUST04613 ,2026-04-20,Account Access,Low,88,Resolved,3
TICK0011975,CUST04614,2024-10-24,Account Access,Low,73,Resolved,4
TICK0011976,CUST04614,2024-09-19,How-To Question,Medium,75,Resolved,4
TICK0011977,CUST04615,2026-03-11,Feature Request,Low,76,Open,3
TICK0011978,CUST04615,2026-09-07,Integration,Medium,62,Resolved,3
TICK0011979,CUST04616,2026-07-30,How-To Question,Low,97,Resolved,3
TICK0011980,CUST04617,2026-01-20,Technical Issue,Low,119,Resolved,1
TICK0011981,CUST04617,2024-04-26,Integration,Medium,27,Resolved,1
TICK0011982,CUST04617,2025-08-19,Performance,Low,125,Resolved,1
TICK0011983,CUST04617,2024-08-09,Integration,Low,149,Resolved,4
TICK0011984,CUST04617,2026-01-27,Account Access,High,42,Resolved,2
TICK0011985,CUST04617,2024-08-17,Integration,Low,171,Resolved,2
TICK0011986,CUST04618,2026-01-23,Billing,Low,79,Pending,5
TICK0011987,CUST04619,2026-05-18,Bug Report,Low,12,Resolved,5
TICK0011988,CUST04619,2025-09-23,Account Access,Medium,41,Resolved,5
TICK0011989,CUST04619,2026-07-08,Technical Issue,Medium,65,Resolved,3
TICK0011990,CUST04619,2026-06-30,Performance,High,21,Resolved,4
TICK0011991,CUST04620,2025-06-14,Performance,Medium,58,Resolved,5
TICK0011992,CUST04621,2024-07-29,Feature Request,Low,98,Resolved,2
TICK0011993,CUST04621,2024-11-20,How-To Question,Low,87,Pending,2
TICK0011994,CUST04621,2025-12-31,Account Access,Low,123,Resolved,4
TICK0011995,CUST04621,2025-10-03,Feature Request,High,47,Resolved,5
TICK0011996,CUST04622,2025-10-06,Performance,Low,38,Resolved,4
TICK0011997,CUST04623,2026-04-02,Technical Issue,Low,75,Resolved,4
TICK0011998,CUST04623,2026-08-07,Integration,Low,86,Resolved,1
TICK0011999,CUST04623,2026-07-28,Integration,Low,116,Resolved,5
TICK0012000,CUST04623,2026-08-09,Integration,Low,70,Resolved,2
TICK0012001,CUST04623,2026-04-01,Account Access,High,15,Open,2
TICK0012002,CUST04623,2026-06-03,Bug Report,Medium,65,Resolved,3
TICK0012003,CUST04623,2026-06-06,Bug Report,High,58,Resolved,2
TICK0012004,CUST04623,04/26/2026,Integration,Low,100,Resolved,5
TICK0012005,CUST04624,2024-08-05,Billing,Medium,14,Resolved,2
TICK0012006,CUST04624,2025-11-06,Billing,Low,75,Open,4
TICK0012007,CUST04624,2026-08-23,How-To Question,Medium,53,Resolved,3
TICK0012008,CUST04625,2026-02-22,Account Access,Low,75,Resolved,5
TICK0012009,CUST04626,2026-08-07,Feature Request,Low,92,Resolved,5
TICK0012010,CUST04626,2026-08-29,Technical Issue,Medium,33,Resolved,1
TICK0012011,CUST04627,2024-11-04,Feature Request,Medium,52,Resolved,3
TICK0012012,CUST04629,2024-11-04,Feature Request,High,4,Resolved,
TICK0012013,CUST04630,2026-04-20,Bug Report,Medium,44,Resolved,1
TICK0012014,CUST04630,2026-06-13,Performance,Medium,38,Resolved,3
TICK0012015,CUST04630,2026-09-04,Technical Issue,Low,80,Open,1
TICK0012016,CUST04630,2026-07-18,Account Access,Medium,38,Resolved,3
TICK0012017,CUST04630,2026-05-09,Performance,High,35,Resolved,5
TICK0012018,CUST04631,2025-12-07,Billing,Low,132,Resolved,2
TICK0012019,CUST04631,2026-08-01,How-To Question,Medium,25,Resolved,5
TICK0012020,CUST04631,2026-02-04,Technical Issue,Low,91,Resolved,3
TICK0012021,CUST04631,2025-12-29,Bug Report,Medium,13,Resolved,5
TICK0012022,CUST04631,2026-07-08,Technical Issue,Medium,60,Resolved,5
TICK0012023,CUST04632,2025-11-13,Feature Request,High,22,Resolved,4
TICK0012024,CUST04632,2025-01-21,Billing,Low,70,Resolved,5
TICK0012025,CUST04632,2026-04-18,Account Access,Low,104,Resolved,3
TICK0012026,CUST04633,2025-09-10,Feature Request,Low,80,Open,2
TICK0012027,CUST04633,2024-09-17,Feature Request,Low,78,Resolved,3
TICK0012028,CUST04634,2026-04-23,Integration,Medium,25,Resolved,4
TICK0012029,CUST04634,2026-08-21,How-To Question,Low,77,Resolved,4
TICK0012030,CUST04634,2026-03-28,Performance,Low,105,Resolved,5
TICK0012031,CUST04635,2024-07-10,Performance,Medium,23,Resolved,2
TICK0012032,CUST04635,2025-04-17,Billing,Low,85,Resolved,5
TICK0012033,CUST04635,2025-07-27,Feature Request,Low,55,Resolved,2
TICK0012034,CUST04636,2025-10-22,Integration,Medium,21,Pending,1
TICK0012035,CUST04636,2026-01-29,Account Access,High,28,Pending,1
TICK0012036,CUST04638,2025-06-16,Billing,Medium,56,Resolved,4
TICK0012037,CUST04638,2025-09-12,Performance,Low,64,Resolved,2
TICK0012038,CUST04639,2025-09-20,Integration,High,32,Resolved,4
TICK0012039,CUST04639,2026-04-02,Bug Report,Medium,101,Open,1
TICK0012040,CUST04639,2026-05-04,Bug Report,Medium,34,Resolved,3
TICK0012041,CUST04639,2025-03-31,Performance,High,69,Resolved,5
TICK0012042,CUST04639,2025-07-13,Technical Issue,Low,41,Resolved,4
TICK0012043,CUST04639,2025-07-11,Technical Issue,High,64,Resolved,3
TICK0012044,CUST04639,2025-11-27,Bug Report,High,40,Resolved,1
TICK0012045,CUST04639,2026-09-23,Bug Report,Low,46,Open,1
TICK0012046,CUST04639,2026-07-02,Technical Issue,Medium,115,Resolved,3
TICK0012047,CUST04640,2026-06-19,Account Access,Medium,37,Resolved,5
TICK0012048,CUST04641,2026-08-16,Performance,MEDIUM,77,Resolved,4
TICK0012049,CUST04641,2026-09-12,How-To Question,Medium,68,Resolved,2
TICK0012050,CUST04641,2026-09-15,Feature Request,Low,55,Resolved,2
TICK0012051,CUST04642,2026-03-18,Performance,High,18,Resolved,4
TICK0012052,CUST04642,2026-03-23,Feature Request,High,20,Resolved,5
TICK0012053,CUST04642,2025-11-16,FEATURE REQUEST,Medium,68,Resolved,4
TICK0012054,CUST04642,2026-08-17,How-To Question,Low,65,Resolved,5
TICK0012055,CUST04642,2026-09-16,How-To Question,High,29,Resolved,4
TICK0012056,CUST04642,2025-09-08,Performance,Low,78,Resolved,4
TICK0012057,CUST04642,2026-05-16,How-To Question,Low,43,Resolved,2
TICK0012058,CUST04643,2026-07-15,Account Access,Low,65,Resolved,2
TICK0012059,CUST04643,2026-06-22,Integration,Low,141,Resolved,3
TICK0012060,CUST04643,2026-06-30,Technical Issue,Low,56,Resolved,1
TICK0012061,CUST04643,2026-05-10,Performance,Medium,105,Resolved,3
TICK0012062,CUST04644,2026-05-29,How-To Question,Low,37,Pending,2
TICK0012063,CUST04644,07/16/2026,Performance,Low,84,Resolved,4
TICK0012064,CUST04644,2026-02-07,Account Access,Medium,36,Resolved,2
TICK0012065,CUST04644,2026-03-08,How-To Question,High,26,Resolved,5
TICK0012066,CUST04644,2026-04-26,Billing,Low,39,Resolved,4
TICK0012067,CUST04645,2025-11-02,Bug Report,Low,75,Resolved,1
TICK0012068,CUST04645,2026-01-01,Bug Report,Low,201,Resolved,1
TICK0012069,CUST04645,2025-11-05,Bug Report,Low,200,Resolved,2
TICK0012070,CUST04645,2026-04-26,Technical Issue,Medium,82,Resolved,2
TICK0012071,CUST04645,2026-01-01,Technical Issue,Medium,108,Resolved,4
TICK0012072,CUST04647,2026-06-03,Bug Report,Low,32,Resolved,3
TICK0012073,CUST04648,06/07/2026,Bug Report,Medium,40,Resolved,4
TICK0012074,CUST04649,2026-07-16,Feature Request,Low,76,Resolved,3
TICK0012075,CUST04649,2026-05-06,Account Access,Medium,22,Resolved,1
TICK0012076,CUST04650,2026-01-19,How-To Question,Medium,62,Resolved,5
TICK0012077,CUST04652,2026-09-21,How-To Question,Low,67,Resolved,3
TICK0012078,CUST04653,2025-07-01,Feature Request,Low,88,Resolved,3
TICK0012079,CUST04653,08/01/2024,Feature Request,High,45,Resolved,3
TICK0012080,CUST04653,2025-10-26,Account Access,Low,57,Resolved,5
TICK0012081,CUST04653,2024-07-14,Feature Request,Low,87,Resolved,5
TICK0012082,CUST04654,2026-09-10,Performance,High,27,Resolved,4
TICK0012083,CUST04654,2026-02-06,Technical Issue,High,43,Resolved,2
TICK0012084,CUST04654,2026-05-28,Performance,Low,104,Resolved,1
TICK0012085,CUST04654,2026-06-03,Bug Report,High,39,Resolved,3
TICK0012086,CUST04654,2026-02-04,Integration,Low,50,Resolved,4
TICK0012087,CUST04654,2026-08-04,Bug Report,Low,126,Resolved,
TICK0012088,CUST04654,2026-02-22,Technical Issue,Low,118,Resolved,1
TICK0012089,CUST04654,2026-05-11,Integration,Low,47,Resolved,2
TICK0012090,CUST04655,2026-07-29,INTEGRATION,Medium,34,Resolved,5
TICK0012091,CUST04655,2026-05-18,Performance,Low,51,Resolved,2
TICK0012092,CUST04655,2026-03-11,Performance,Low,81,Pending,5
TICK0012093,CUST04655,2026-09-10,Integration,High,25,Resolved,2
TICK0012094,CUST04655,2026-02-18,Billing,Low,49,Pending,3
TICK0012095,CUST04655,2026-03-05,Performance,Low,19,Resolved,5
TICK0012096,CUST04656,2025-12-16,Account Access,Low,43,Resolved,3
TICK0012097,CUST04657,2026-06-25,Account Access,High,17,Resolved,3
TICK0012098,CUST04657,2025-06-29,Feature Request,Low,79,Resolved,5
TICK0012099,CUST04657,2026-08-28,How-To Question,Low,34,Resolved,4
TICK0012100,CUST04657,2025-11-09,Account Access,Medium,55,Resolved,2
TICK0012101,CUST04658,2025-10-09,Integration,Low,29,Resolved,3
TICK0012102,CUST04659,2025-04-29,Feature Request,Medium,27,Resolved,5
TICK0012103,CUST04659 ,2025-06-15,Feature Request,High,46,Resolved,2
TICK0012104,CUST04659,2026-06-27,Performance,Medium,18,Resolved,3
TICK0012105,CUST04660,2025-03-26,Billing,Low,37,Resolved,4
TICK0012106,CUST04660,2026-08-27,Feature Request,Low,51,Resolved,4
TICK0012107,CUST04661,2026-08-26,Bug Report,Medium,77,Open,5
TICK0012108,CUST04661,2026-07-22,Billing,Low,101,Resolved,3
TICK0012109,CUST04662,2026-05-16,Account Access,High,34,Resolved,3
TICK0012110,CUST04663,2025-12-18,Feature Request,Medium,57,Resolved,5
TICK0012111,CUST04663,2026-04-14,Integration,Medium,50,Resolved,4
TICK0012112,CUST04664,2025-07-18,How-To Question,Medium,70,Resolved,5
TICK0012113,CUST04664,2025-09-13,Feature Request,Low,101,Resolved,3
TICK0012114,CUST04664,2026-08-08,Integration,Medium,59,Resolved,4
TICK0012115,CUST04664,2026-01-28,Feature Request,Medium,17,Resolved,5
TICK0012116,CUST04664,2026-03-25,Account Access,Low,70,Resolved,3
TICK0012117,CUST04666,2024-10-16,Performance,High,71,Resolved,3
TICK0012118,CUST04666,2025-05-25,Performance,Low,139,Resolved,4
TICK0012119,CUST04666,2025-11-06,Performance,Medium,62,Resolved,3
TICK0012120,CUST04666,2024-06-05,Bug Report,Low,156,Resolved,1
TICK0012121,CUST04666,2024-02-09,Bug Report,Medium,83,Resolved,3
TICK0012122,CUST04666,2024-02-18,Bug Report,High,42,Resolved,2
TICK0012123,CUST04667,2026-02-06,Integration,Medium,62,Open,3
TICK0012124,CUST04667,2026-02-05,Integration,Low,183,Resolved,5
TICK0012125,CUST04667,2025-07-05,Integration,High,32,Resolved,1
TICK0012126,CUST04667,2025-09-19,Performance,Low,160,Resolved,3
TICK0012127,CUST04667,2025-08-05,Technical Issue,Low,129,Resolved,3
TICK0012128,CUST04668,2025-09-26,Integration,Low,114,Resolved,2
TICK0012129,CUST04669,2025-10-06,FEATURE REQUEST,Medium,76,Resolved,5
TICK0012130,CUST04669,2026-03-26,How-To Question,Low,68,Resolved,3
TICK0012131,CUST04670,2026-07-13,How-To Question,Low,55,Resolved,4
TICK0012132,CUST04670,2026-05-28,Feature Request,Medium,37,Pending,3
TICK0012133,CUST04671,2026-09-23,Performance,Low,14,Resolved,3
TICK0012134,CUST04671,2025-08-10,Feature Request,Medium,24,Pending,3
TICK0012135,CUST04671,2025-06-10,Performance,Medium,56,Resolved,5
TICK0012136,CUST04671,2026-09-07,How-To Question,Low,134,Resolved,4
TICK0012137,CUST04672,2026-07-13,Account Access,Medium,83,Resolved,3
TICK0012138,CUST04672,2026-02-07,Bug Report,Low,172,Open,5
TICK0012139,CUST04672,2025-10-04,Integration, high,25,Resolved,4
TICK0012140,CUST04674,2026-08-21,Performance,Low,80,Resolved,2
TICK0012141,CUST04674,2026-09-16,Technical Issue,Low,222,Resolved,1
TICK0012142,CUST04674,2026-09-03,Performance,Medium,14,Resolved,3
TICK0012143,CUST04674,2026-09-20,Bug Report,Medium,163,Resolved,4
TICK0012144,CUST04674,2026-09-21,Performance,Low,103,Resolved,2
TICK0012145,CUST04674,2026-08-25,Performance,Medium,106,Resolved,3
TICK0012146,CUST04675,2025-01-29,Bug Report,Low,163,Resolved,3
TICK0012147,CUST04675,2026-02-11,Technical Issue,Low,96,Resolved,4
TICK0012148,CUST04675,2026-04-04,Bug Report,High,28,Resolved,1
TICK0012149,CUST04675,2024-12-25,Bug Report,Low,117,Resolved,2
TICK0012150,CUST04676,2026-08-10,Feature Request,High,28,Pending,4
TICK0012151,CUST04676,2026-08-10,How-To Question,Low,123,Resolved,5
TICK0012152,CUST04676,2026-05-27,Feature Request,Medium,53,Resolved,4
TICK0012153,CUST04676,2026-05-04,How-To Question,Medium,60,Resolved,5
TICK0012154,CUST04676,2026-06-07,How-To Question,Low,38,Resolved,5
TICK0012155,CUST04677 ,2025-05-07,Feature Request,Low,88,Resolved,4
TICK0012156,CUST04677,04/12/2025,Feature Request,Medium,59,Resolved,5
TICK0012157,CUST04677,2025-05-10,Feature Request,Low,115,Resolved,4
TICK0012158,CUST04678,2026-02-06,Feature Request,Low,26,Resolved,3
TICK0012159,CUST04678,2026-04-26,How-To Question,Medium,41,Resolved,4
TICK0012160,CUST04678,2026-03-23,How-To Question,Medium,81,Resolved,5
TICK0012161,CUST04678,2026-05-25,How-To Question,High,7,Resolved,
TICK0012162,CUST04678,2026-08-09,Account Access,Medium,19,Resolved,3
TICK0012163,CUST04679,2026-09-11,Bug Report,Medium,28,Resolved,5
TICK0012164,CUST04679,2024-06-18,Integration,Low,83,Resolved,2
TICK0012165,CUST04679,2025-07-05,Integration,Medium,62,Resolved,5
TICK0012166,CUST04679,2026-01-02,Feature Request,Medium,60,Resolved,4
TICK0012167,CUST04680,2024-11-20,Technical Issue,Low,111,Resolved,1
TICK0012168,CUST04680,2024-09-21,Performance,Low,84,Resolved,1
TICK0012169,CUST04680,2024-08-17,Account Access,Low,158,Resolved,4
TICK0012170,CUST04680,2025-07-24,Performance,Medium,157,Resolved,2
TICK0012171,CUST04680,2025-12-02,Integration,Low,72,Open,2
TICK0012172,CUST04680,2024-09-24,Integration,Low,114,Resolved,1
TICK0012173,CUST04681,2025-01-05,Performance,Low,48,Resolved,5
TICK0012174,CUST04681,2026-03-26,Feature Request,Medium,30,Resolved,5
TICK0012175,CUST04681,2024-10-18,Billing,Medium,39,Pending,5
TICK0012176,CUST04683,2025-07-26,Technical Issue,Low,282,Resolved,1
TICK0012177,CUST04683,2024-10-10,Performance,Medium,46,Resolved,1
TICK0012178,CUST04683,2025-09-27,Technical Issue,Medium,99,Resolved,2
TICK0012179,CUST04683,2025-09-05,Account Access,Medium,71,Resolved,4
TICK0012180,CUST04683,2026-08-05,Integration,Medium,153,Resolved,3
TICK0012181,CUST04684,2026-03-17,Bug Report,Urgent,20,Resolved,5
TICK0012182,CUST04684,2025-11-23,Technical Issue,Low,17,Resolved,5
TICK0012183,CUST04684,2025-05-01,Billing,Low,81,Resolved,5
TICK0012184,CUST04685,2026-04-30,Account Access,Medium,37,Resolved,5
TICK0012185,CUST04685,2026-03-29,Performance,Medium,56,Resolved,3
TICK0012186,CUST04686,2024-11-12,Billing,Low,80,Resolved,5
TICK0012187,CUST04687,2026-09-08,Performance,Low,55,Resolved,4
TICK0012188,CUST04687,2026-09-09,Performance,Low,12,Resolved,2
TICK0012189,CUST04687,2026-09-12,Performance,Low,69,Resolved,2
TICK0012190,CUST04688,2024-09-09,Billing,Medium,77,Resolved,5
TICK0012191,CUST04689,2024-12-31,Bug Report,Low,102,Resolved,4
TICK0012192,CUST04689,2025-03-08,Technical Issue,Medium,52,Resolved,3
TICK0012193,CUST04690,2026-07-13,Integration,High,31,Resolved,3
TICK0012194,CUST04691,2024-05-27,Technical Issue,Low,163,Resolved,2
TICK0012195,CUST04691,2024-05-12,Bug Report,Medium,35,Resolved,3
TICK0012196,CUST04691,2026-06-09,Integration,Medium,93,Resolved,3
TICK0012197,CUST04691,2025-07-04,Integration,High,35,Pending,1
TICK0012198,CUST04692,2025-03-17,How-To Question,Low,72,Resolved,4
TICK0012199,CUST04693,2025-06-22,Bug Report,Medium,76,Resolved,5
TICK0012200,CUST04693,2024-05-29,Account Access,Low,47,Resolved,5
TICK0012201,CUST04693,2024-11-02,Billing,Medium,52,Resolved,5
TICK0012202,CUST04694,2025-04-09,Feature Request,Low,95,Resolved,5
TICK0012203,CUST04694,2025-05-14,Integration,Low,33,Resolved,5
TICK0012204,CUST04694,2026-06-03,Feature Request,Medium,43,Resolved,5
TICK0012205,CUST04695,2025-05-29,Account Access,Low,64,Resolved,4
TICK0012206,CUST04695,2026-05-20,Feature Request,Medium,62,Resolved,3
TICK0012207,CUST04695,2026-08-25,Bug Report,Medium,17,Resolved,5
TICK0012208,CUST04695,2025-12-25,Bug Report,Medium,34,Resolved,4
TICK0012209,CUST04696,2025-07-30,Technical Issue,Medium,70,Pending,4
TICK0012210,CUST04698,2026-04-14,How-To Question,Low,41,Resolved,4
TICK0012211,CUST04698,2025-07-23,Account Access,High,41,Pending,2
TICK0012212,CUST04699,2024-10-12,Bug Report,Medium,111,Resolved,2
TICK0012213,CUST04699,2024-04-24,Account Access,Low,130,Resolved,1
TICK0012214,CUST04699,2024-05-04,Performance,Medium,15,Resolved,1
TICK0012215,CUST04699,06/03/2024,Performance,Medium,94,Resolved,5
TICK0012216,CUST04699,2024-09-24,Bug Report,Low,161,Resolved,3
TICK0012217,CUST04699,2024-06-05,Account Access,Low,101,Pending,1
TICK0012218,CUST04700,2026-07-21,How-To Question,High,31,Resolved,1
TICK0012219,CUST04700,2026-09-20,How-To Question,Low,56,Resolved,4
TICK0012220,CUST04700,2026-05-24,Performance,Urgent,14,Resolved,3
TICK0012221,CUST04700,2026-06-18,Performance,High,35,Resolved,5
TICK0012222,CUST04701,2025-09-06,Performance,Low,53,Resolved,5
TICK0012223,CUST04701,2025-07-17,How-To Question,Medium,54,Resolved,3
TICK0012224,CUST04701,2025-08-04,Billing,Low,82,Resolved,5
TICK0012225,CUST04702,2024-08-24,Technical Issue,Medium,47,Resolved,1
TICK0012226,CUST04702,2024-07-07,Performance,High,27,Resolved,2
TICK0012227,CUST04702,2024-06-28,Integration,Low,146,Resolved,4
TICK0012228,CUST04703,2026-04-08,Performance,Low,99,Resolved,4
TICK0012229,CUST04703,2026-09-07,Integration,High,26,Resolved,1
TICK0012230,CUST04703,2026-08-07,Bug Report,Medium,137,Resolved,1
TICK0012231,CUST04703,2026-08-03,Technical Issue,Low,87,Resolved,1
TICK0012232,CUST04703,2026-05-23,Integration,Urgent,27,Resolved,2
TICK0012233,CUST04703,2026-07-06,Bug Report,Low,120,Resolved,1
TICK0012234,CUST04704,2026-05-27,How-To Question,Urgent,2,Resolved,3
TICK0012235,CUST04704,2026-05-07,Performance,Low,48,Resolved,3
TICK0012236,CUST04705,2025-07-20,Feature Request,Low,80,Resolved,5
TICK0012237,CUST04705,2025-10-23,Billing,Low,48,Resolved,3
TICK0012238,CUST04705,2025-01-10,How-To Question,Low,96,Resolved,4
TICK0012239,CUST04707,2025-03-02,Performance,Low,52,Resolved,1
TICK0012240,CUST04707,2026-05-10,Feature Request,High,32,Resolved,2
TICK0012241,CUST04707,2026-04-24,Billing,Low,112,Resolved,5
TICK0012242,CUST04708,2026-06-25,Bug Report,Low,79,Resolved,4
TICK0012243,CUST04708,2026-05-24,How-To Question,Medium,51,Open,5
TICK0012244,CUST04709,2026-05-03,Account Access,Low,170,Resolved,5
TICK0012245,CUST04709,2026-06-13,Account Access,Low,104,Resolved,3
TICK0012246,CUST04709,2025-12-18,Performance,High,61,Resolved,3
TICK0012247,CUST04709,2026-04-09,Technical Issue,Medium,67,Resolved,1
TICK0012248,CUST04709,2026-06-30,Integration,Low,229,Resolved,2
TICK0012249,CUST04710,2026-01-25,Technical Issue,Medium,42,Resolved,5
TICK0012250,CUST04711,2025-10-11,Bug Report,Low,90,Resolved,5
TICK0012251,CUST04711,2025-04-09,Billing,Low,119,open,4
TICK0012252,CUST04711,2026-09-01,Account Access,Low,66,Open,5
TICK0012253,CUST04712,2024-08-23,Integration,Medium,24,Resolved,5
TICK0012254,CUST04713,2025-08-03,Bug Report,Medium,83,Resolved,2
TICK0012255,CUST04713,2026-02-08,Performance,Low,92,Resolved,1
TICK0012256,CUST04713,2026-01-22,Account Access,Medium,113,Pending,4
TICK0012257,CUST04713,2025-11-21,Account Access,High,49,Resolved,2
TICK0012258,CUST04713,2025-08-30,Technical Issue,Medium,100,Resolved,1
TICK0012259,CUST04713,2026-03-21,Technical Issue,Medium,92,Resolved,3
TICK0012260,CUST04713,2025-12-16,Bug Report,Medium,14,Resolved,3
TICK0012261,CUST04714,2026-08-24,Feature Request,Medium,48,Resolved,4
TICK0012262,CUST04714,2024-06-04,Feature Request,Medium,30,Resolved,5
TICK0012263,CUST04714,2024-02-14,Performance,Low,24,Resolved,5
TICK0012264,CUST04714,2025-01-09,Performance,High,27,Resolved,2
TICK0012265,CUST04715,2026-04-30,Account Access,Low,72,Resolved,3
TICK0012266,CUST04715,2026-04-22,Technical Issue,Medium,106,Resolved,2
TICK0012267,CUST04715,2026-08-31,Technical Issue,Medium,59,Resolved,2
TICK0012268,CUST04715,2026-03-05,Account Access,Medium,48,Resolved,4
TICK0012269,CUST04715,2026-04-18,Account Access,High,29,Resolved,2
TICK0012270,CUST04715,2026-04-21,Integration,Low,145,Resolved,1
TICK0012271,CUST04715,2026-04-04,Integration,Urgent,21,Resolved,1
TICK0012272,CUST04715,2026-08-09,Integration,High,8,Pending,1
TICK0012273,CUST04715,2026-07-20,Account Access,High,27,Resolved,3
TICK0012274,CUST04716,2026-05-13,How-To Question,Low,86,Resolved,2
TICK0012275,CUST04716,2026-06-26,Performance,Low,40,Resolved,4
TICK0012276,CUST04716,2026-05-23,Performance,Medium,62,Resolved,2
TICK0012277,CUST04716,2026-09-17,Billing,Medium,61,Resolved,2
TICK0012278,CUST04716,2026-05-28,How-To Question,Medium,61,Resolved,3
TICK0012279,CUST04717,2025-02-14,Account Access,Medium,64,Resolved,4
TICK0012280,CUST04717,03/17/2025,Integration,Low,93,Resolved,5
TICK0012281,CUST04718,2025-11-20,Billing,Medium,16,Resolved,4
TICK0012282,CUST04718,2026-01-08,Account Access,Low,75,Resolved,5
TICK0012283,CUST04718,2026-09-16,Feature Request,High,4,Resolved,5
TICK0012284,CUST04719,2024-12-27,How-To Question,Low,14,Pending,4
TICK0012285,CUST04720,2026-04-25,Account Access,Medium,23,Resolved,3
TICK0012286,CUST04721,2026-04-03,How-To Question,Low,97,Resolved,4
TICK0012287,CUST04721,2026-08-11,Billing,Medium,41,Pending,5
TICK0012288,CUST04722,05/02/2026,How-To Question,Medium,76,Resolved,5
TICK0012289,CUST04722,2026-03-03,Feature Request,Low,54,Resolved,4
TICK0012290,CUST04722,2026-05-01,Feature Request,Low,66,Resolved,4
TICK0012291,CUST04722,2026-03-27,Performance,Low,72,Resolved,4
TICK0012292,CUST04723,2026-09-02,Technical Issue,Low,42,Resolved,2
TICK0012293,CUST04723,2026-08-27,Account Access,High,37,Pending,2
TICK0012294,CUST04723,2026-09-01,Bug Report,Medium,37,Pending,2
TICK0012295,CUST04723,2026-08-26,Bug Report,High,73,Resolved,1
TICK0012296,CUST04723,2026-09-17,Technical Issue,Medium,52,Resolved,5
TICK0012297,CUST04723,2026-09-15,Integration,High,24,Resolved,2
TICK0012298,CUST04724,2025-07-12,Technical Issue,Low,46,Resolved,3
TICK0012299,CUST04725,2026-04-08,Bug Report,Medium,57,Resolved,2
TICK0012300,CUST04725,2026-02-23,Account Access,Medium,53,Open,5
TICK0012301,CUST04725,2026-05-04,Integration,Low,119,Resolved,5
TICK0012302,CUST04725,2025-12-10,Technical Issue,Medium,66,Resolved,5
TICK0012303,CUST04725,2026-06-07,Integration,Low,72,Pending,4
TICK0012304,CUST04725,2025-11-28,Account Access,Medium,60,Resolved,5
TICK0012305,CUST04726,2025-01-21,Technical Issue,High,40,Resolved,4
TICK0012306,CUST04727,2026-02-09,Feature Request,Medium,53,Resolved,4
TICK0012307,CUST04727,2025-12-17,How-To Question,Low,89,Pending,3
TICK0012308,CUST04727,2026-01-20,How-To Question,Medium,48,Open,5
TICK0012309,CUST04727,2026-08-09,FEATURE REQUEST,Medium,29,Resolved,1
TICK0012310,CUST04728,2026-01-18,Performance,Low,71,Pending,4
TICK0012311,CUST04728,2025-01-13,How-To Question,Low,48,Resolved,5
TICK0012312,CUST04729,2026-08-13,Feature Request,Medium,23,Resolved,2
TICK0012313,CUST04729,2026-05-30,Feature Request,Low,40,Resolved,3
TICK0012314,CUST04730,2026-01-15,Account Access,Low,87,Resolved,5
TICK0012315,CUST04730,2026-02-11,Feature Request,Low,116,Resolved,5
TICK0012316,CUST04730,2026-07-08,Integration,High,17,Resolved,3
TICK0012317,CUST04731,2024-11-17,Performance,High,13,Resolved,5
TICK0012318,CUST04731,2024-07-24,Feature Request,High,36,Resolved,5
TICK0012319,CUST04732,2026-09-06,Billing,High,20,Resolved,4
TICK0012320,CUST04732,2026-05-20,Technical Issue,Medium,55,Resolved,5
TICK0012321,CUST04732,2026-06-26,Billing,High,17,Resolved,4
TICK0012322,CUST04733,2024-03-27,Billing,Medium,83,Open,5
TICK0012323,CUST04733,2024-02-20,Feature Request,Medium,125,Resolved,1
TICK0012324,CUST04734,2025-06-09,Integration,Medium,68,Resolved,4
TICK0012325,CUST04734,2025-11-02,Billing,Low,102,Resolved,3
TICK0012326,CUST04734,2025-01-03,Billing,Low,55,Resolved,4
TICK0012327,CUST04734,2024-03-29,Integration,Low,54,Resolved,3
TICK0012328,CUST04735,2026-05-28,How-To Question,Low,82,Pending,5
TICK0012329,CUST04735,2026-05-09,How-To Question,Low,76,Open,1
TICK0012330,CUST04735,2026-09-09,How-To Question,Low,61,Resolved,2
TICK0012331,CUST04735,2026-04-06,Performance,Low,125,Resolved,3
TICK0012332,CUST04735,2026-06-16,Performance,High,32,Resolved,3
TICK0012333,CUST04735,2026-03-30,Performance,High,27,Resolved,5
TICK0012334,CUST04736,2025-02-23,Account Access,Medium,72,Resolved,3
TICK0012335,CUST04736,2025-03-10,Technical Issue,Urgent,13,Resolved,3
TICK0012336,CUST04736,2024-12-28,Technical Issue,Medium,49,Resolved,1
TICK0012337,CUST04737,2026-07-16,Feature Request,Medium,86,Resolved,2
TICK0012338,CUST04738,2026-06-12,Account Access,Low,166,Resolved,3
TICK0012339,CUST04738,2026-04-04,Technical Issue,Low,140,Resolved,2
TICK0012340,CUST04738,2026-08-21,Performance,Medium,60,Resolved,2
TICK0012341,CUST04739,2026-09-16,Technical Issue,Urgent,12,Resolved,4
TICK0012342,CUST04739,2025-06-08,Integration,Low,75,Resolved,5
TICK0012343,CUST04739,2026-02-13,Integration,Medium,58,Pending,4
TICK0012344,CUST04739,2026-02-05,Billing,Low,59,Pending,4
TICK0012345,CUST04740,2026-08-21,Performance,Low,69,Resolved,3
TICK0012346,CUST04740,2026-09-19,Billing,Medium,36,Open,4
TICK0012347,CUST04741,2026-06-29,Performance,Medium,41,Resolved,5
TICK0012348,CUST04741,2026-05-22,Account Access,High,21,Resolved,4
TICK0012349,CUST04741,2026-06-11,Technical Issue,Medium,20,Resolved,5
TICK0012350,CUST04741,2026-07-13,Billing,Low,96,Resolved,4
TICK0012351,CUST04741,2026-05-16,How-To Question,Medium,73,Resolved,4
TICK0012352,CUST04742,2026-05-10,Account Access,Low,97,Resolved,5
TICK0012353,CUST04743,2026-07-16,How-To Question,Low,115,Resolved,1
TICK0012354,CUST04743,2026-07-03,Account Access,Low,42,Resolved,4
TICK0012355,CUST04743,2026-05-24,Feature Request,Low,91,Resolved,4
TICK0012356,CUST04743,2026-07-23,Account Access,Medium,56,Resolved,5
TICK0012357,CUST04743,2026-06-08,How-To Question,High,28,Resolved,1
TICK0012358,CUST04746,2026-09-14,Bug Report,Low,61,Resolved,4
TICK0012359,CUST04746,2026-08-19,Bug Report,Low,90,Pending,3
TICK0012360,CUST04747,2026-03-17,Account Access,Medium,84,Resolved,5
TICK0012361,CUST04747,02/10/2026,Technical Issue,Medium,82,Resolved,1
TICK0012362,CUST04747,2025-09-22,Bug Report,Low,134,Resolved,4
TICK0012363,CUST04747,2025-12-22,Account Access,Low,154,Resolved,4
TICK0012364,CUST04748,2026-05-31,Integration,Low,210,Resolved,1
TICK0012365,CUST04748,2026-06-04,Account Access,Medium,45,Resolved,4
TICK0012366,CUST04748,2026-06-13,Account Access,Low,65,Resolved,1
TICK0012367,CUST04748,2026-08-22,Account Access,Low,156,Resolved,1
TICK0012368,CUST04748,2026-06-13,Account Access,Low,200,Resolved,2
TICK0012369,CUST04749,2025-12-18,Performance,Low,114,Resolved,1
TICK0012370,CUST04749,2024-10-19,Account Access,Low,21,Resolved,2
TICK0012371,CUST04749,2026-08-26,Performance,Low,92,Resolved,3
TICK0012372,CUST04749,2025-06-05,Account Access,Medium,79,Open,1
TICK0012373,CUST04749,2026-03-11,Performance,Low,109,Resolved,2
TICK0012374,CUST04749,2026-05-06,Performance,Low,114,Resolved,5
TICK0012375,CUST04749,2026-04-28,Technical Issue,Medium,31,Resolved,1
TICK0012376,CUST04749,2026-08-23,Account Access,Medium,127,Resolved,2
TICK0012377,CUST04749,2026-02-19,Account Access,Low,114,Resolved,3
TICK0012378,CUST04749,2024-08-22,Performance,Low,113,Resolved,2
TICK0012379,CUST04750,2026-02-09,Feature Request,Low,102,Resolved,5
TICK0012380,CUST04750,2026-08-16,Account Access,Low,83,Resolved,5
TICK0012381,CUST04750,2026-01-04,Billing,Medium,37,Resolved,5
TICK0012382,CUST04751,2024-07-31,Feature Request,Low,39,Resolved,4
TICK0012383,CUST04751,2026-02-23,Billing,Low,116,Resolved,3
TICK0012384,CUST04753,2024-12-06,Performance,Medium,82,Resolved,4
TICK0012385,CUST04753,2026-09-15,Account Access,Medium,41,Resolved,1
TICK0012386,CUST04753,2024-11-24,Integration,Low,153,Pending,2
TICK0012387,CUST04753,2025-07-12,Performance,Low,203,Resolved,3
TICK0012388,CUST04753,2026-04-29,Bug Report,Medium,101,Resolved,5
TICK0012389,CUST04753,2026-06-06,Account Access,High,67,Resolved,3
TICK0012390,CUST04753,2024-12-27,Account Access,Low,172,Resolved,3
TICK0012391,CUST04753,2025-02-21,Performance,Low,122,Resolved,1
TICK0012392,CUST04753,2025-06-07,Bug Report,High,65,Resolved,3
TICK0012393,CUST04755,2026-07-11,Integration,Low,36,Resolved,3
TICK0012394,CUST04756,2026-05-20,Account Access,Medium,43,Resolved,4
TICK0012395,CUST04756,2026-08-13,Integration,Low,112,Open,4
TICK0012396,CUST04756,2026-08-04,Technical Issue,Low,66,Pending,3
TICK0012397,CUST04757,2024-10-17,Feature Request,Low,95,Resolved,3
TICK0012398,CUST04757,2024-10-28,how-to question,Medium,28,Resolved,2
TICK0012399,CUST04758,2025-08-02,Account Access,Medium,22,Resolved,4
TICK0012400,CUST04758,2025-11-09,Integration,Medium,65,Resolved,5
TICK0012401,CUST04758,2026-08-10,Billing,Medium,62,Resolved,5
TICK0012402,CUST04758,2026-02-11,Integration,Low,70,Resolved,5
TICK0012403,CUST04759,2026-08-16,Technical Issue,Low,23,Resolved,1
TICK0012404,CUST04759,2026-08-02,Account Access,Medium,88,Resolved,1
TICK0012405,CUST04759,2026-08-12,Account Access,Low,120,Resolved,1
TICK0012406,CUST04759,2026-09-12,Technical Issue,High,30,Resolved,2
TICK0012407,CUST04759,2026-08-22,Account Access,Medium,141,Resolved,2
TICK0012408,CUST04759,2026-08-20,Integration,Urgent,28,Resolved,3
TICK0012409,CUST04759,2026-09-15,Account Access,Low,100,Resolved,2
TICK0012410,CUST04759,2026-09-12,Performance,Medium,49,Resolved,1
TICK0012411,CUST04759,2026-09-03,Account Access,Low,105,Resolved,3
TICK0012412,CUST04760,2026-03-30,Feature Request,Low,54,Resolved,5
TICK0012413,CUST04760,2026-08-31,Account Access,Medium,45,Resolved,3
TICK0012414,CUST04760,2026-07-12,Performance,High,23,Pending,3
TICK0012415,CUST04761,2025-07-13,Bug Report,Low,101,Resolved,5
TICK0012416,CUST04761,2026-06-26,Account Access,Low,43,Resolved,5
TICK0012417,CUST04761,2025-08-11,Billing,Low,69,Resolved,4
TICK0012418,CUST04762,2024-09-04,Bug Report,Medium,68,Resolved,2
TICK0012419,CUST04762,2026-07-03,Integration,Low,83,Resolved,2
TICK0012420,CUST04762,2025-12-13,Integration,Medium,103,Pending,1
TICK0012421,CUST04762,2024-10-04,Integration,Low,88,Resolved,2
TICK0012422,CUST04762,2024-09-03,Account Access,Low,126,Resolved,1
TICK0012423,CUST04763,2025-07-03,Feature Request,Low,108,Resolved,4
TICK0012424,CUST04763,2025-03-06,How-To Question,Low,99,Resolved,5
TICK0012425,CUST04763,2025-11-02,Billing,Medium,57,Resolved,4
TICK0012426,CUST04763,2024-07-10,How-To Question,Low,106,Open,4
TICK0012427,CUST04764,2025-04-24,Feature Request,Medium,52,Resolved,5
TICK0012428,CUST04765,2024-04-16,Bug Report,Medium,86, PENDING,5
TICK0012429,CUST04765,2025-09-26,Bug Report,Medium,64,Resolved,4
TICK0012430,CUST04765,2025-08-05,Performance,Medium,53,Resolved,5
TICK0012431,CUST04766,2024-01-04,How-To Question,Low,77,Resolved,5
TICK0012432,CUST04766,2025-01-09,Feature Request,Low,72,Resolved,4
TICK0012433,CUST04767,2026-08-12,Technical Issue,Medium,72,Resolved,5
TICK0012434,CUST04768,2024-10-03,How-To Question,Medium,62,Resolved,5
TICK0012435,CUST04769,2025-11-21,Billing,Medium,34,Resolved,3
TICK0012436,CUST04770,2025-03-30,Bug Report,Medium,98,Resolved,1
TICK0012437,CUST04773,2026-09-14,Feature Request,Low,36,Pending,5
TICK0012438,CUST04773,2024-05-10,Account Access,Low,97,Resolved,4
TICK0012439,CUST04774 ,2026-08-07,Feature Request,Medium,49,Open,3
TICK0012440,CUST04774,2026-06-06,Integration,Low,83,Resolved,3
TICK0012441,CUST04775,2025-10-22,Integration,Medium,101,Resolved,5
TICK0012442,CUST04775,2026-03-18,Integration,Low,240,Resolved,2
TICK0012443,CUST04775,2026-03-31,Technical Issue,Low,116,Resolved,1
TICK0012444,CUST04775,2024-09-24,Integration,Medium,38,Resolved,1
TICK0012445,CUST04775,2025-07-21,Technical Issue,Low,80,Resolved,3
TICK0012446,CUST04775,2024-11-21,Account Access,Low,125,Resolved,1
TICK0012447,CUST04776,2025-10-01,Feature Request,High,14,Resolved,4
TICK0012448,CUST04776,2025-11-17,Account Access,High,25,Resolved,3
TICK0012449,CUST04776,2024-12-25,How-To Question,Medium,53,Resolved,4
TICK0012450,CUST04777,2026-01-12,Performance,Medium,21,Resolved,3
TICK0012451,CUST04778,2025-08-06,Integration,low,23,Resolved,1
TICK0012452,CUST04778,2026-05-30,Account Access,High,37,Resolved,1
TICK0012453,CUST04778,2025-12-05,Performance,Medium,73,Resolved,1
TICK0012454,CUST04779,2024-10-05,Feature Request,Low,95,Resolved,4
TICK0012455,CUST04779,2025-08-25,Billing,Low,113,Resolved,3
TICK0012456,CUST04780,2026-08-31,Billing,Low,79,Resolved,4
TICK0012457,CUST04780,2026-01-15,Technical Issue,Low,98,Resolved,3
TICK0012458,CUST04780,2026-04-19,Technical Issue,Medium,45,Resolved,5
TICK0012459,CUST04780,2026-08-07,Feature Request,High,15,Pending,4
TICK0012460,CUST04781,2024-09-05,How-To Question,Medium,63,Resolved,5
TICK0012461,CUST04782,2025-07-26,How-To Question,Medium,32,Open,3
TICK0012462,CUST04783,2026-05-24,Account Access,Low,139,Resolved,5
TICK0012463,CUST04783,2026-07-07,Technical Issue,Low,61,Resolved,5
TICK0012464,CUST04783,2025-09-19,Billing,Medium,42,Resolved,3
TICK0012465,CUST04784,2026-08-04,Integration,Low,45,Resolved,3
TICK0012466,CUST04784,2026-07-31,Integration,High,29,Resolved,2
TICK0012467,CUST04784,2026-08-19,Performance,Low,16,Resolved,1
TICK0012468,CUST04784,2026-09-22,Technical Issue,Medium,118,Resolved,5
TICK0012469,CUST04785,2026-05-13,Performance,Medium,64,Pending,3
TICK0012470,CUST04785,2025-04-15,Technical Issue,Low,33,Resolved,4
TICK0012471,CUST04786,2026-06-26,Bug Report,Medium,74,Resolved,5
TICK0012472,CUST04786,2025-12-25,Bug Report,Low,56,Resolved,5
TICK0012473,CUST04786,2026-01-31,Billing,High,31,Open,4
TICK0012474,CUST04786,2026-07-27,Integration,Urgent,15,Resolved,4
TICK0012475,CUST04787,2025-04-12,How-To Question,High,11,Pending,4
TICK0012476,CUST04788,2026-01-30,How-To Question,Low,69,Resolved,4
TICK0012477,CUST04789,2025-11-17,Performance,Medium,20,Resolved,4
TICK0012478,CUST04789,2025-10-14,How-To Question,Medium,76,Resolved,1
TICK0012479,CUST04790,2025-10-01,Billing,Medium,61,Resolved,5
TICK0012480,CUST04791,2025-02-27,Account Access,High,24,Resolved,4
TICK0012481,CUST04791,06/13/2025,Integration,Medium,38,Open,4
TICK0012482,CUST04791,2024-11-19,Account Access,Low,64,Resolved,5
TICK0012483,CUST04792,2026-08-14,How-To Question,Medium,53,Resolved,5
TICK0012484,CUST04792,2026-06-28,How-To Question,Low,47,Resolved,3
TICK0012485,CUST04792,09/15/2026,Billing,Medium,49,Resolved,5
TICK0012486,CUST04792,2026-08-23,Integration,Medium,50,Pending,4
TICK0012487,CUST04793,2024-07-15,Billing,Medium,53,Resolved,4
TICK0012488,CUST04793,2025-11-13,Bug Report,Low,43,Resolved,5
TICK0012489,CUST04794,2025-09-13,Performance,Low,109,Resolved,5
TICK0012490,CUST04794,2025-09-20,Billing,Low,115,Resolved,3
TICK0012491,CUST04794,2026-07-09,How-To Question,Medium,23,Resolved,3
TICK0012492,CUST04795,2026-07-29,Billing,Low,17,Resolved,4
TICK0012493,CUST04795,2026-08-19,How-To Question,Low,73,Resolved,4
TICK0012494,CUST04795,2026-09-13,Feature Request,Low,44,Resolved,5
TICK0012495,CUST04795,2026-08-29,How-To Question,Medium,50,Resolved,5
TICK0012496,CUST04795,2026-08-19,How-To Question,Medium,37,Resolved,3
TICK0012497,CUST04796,2026-09-21,Bug Report,High,45,Resolved,5
TICK0012498,CUST04796,2026-05-21,Bug Report,Low,36,Pending,4
TICK0012499,CUST04796,2026-08-10,Technical Issue,Medium,59,Resolved,4
TICK0012500,CUST04796,2026-05-23,Bug Report,Medium,36,Resolved,4
TICK0012501,CUST04797,2025-12-27,Performance,Medium,27,Resolved,5
TICK0012502,CUST04798,2025-11-10,Feature Request,Urgent,15,Resolved,
TICK0012503,CUST04799,2025-11-13,Integration,Medium,30,Resolved,4
TICK0012504,CUST04799,2026-01-31,Bug Report,Low,64,Resolved,3
TICK0012505,CUST04800,2026-05-26,How-To Question,Low,89,Resolved,3
TICK0012506,CUST04800,2026-07-17,How-To Question,Medium,68,Resolved,2
TICK0012507,CUST04800,2026-02-03,How-To Question,Medium,15,Resolved,4
TICK0012508,CUST04801,2025-12-16,How-To Question,Low,66,Resolved,4
TICK0012509,CUST04801,2026-05-20,Billing,Low,72,Resolved,5
TICK0012510,CUST04801,2026-05-15,Performance,Medium,40,Resolved,3
TICK0012511,CUST04801,2026-06-21,Billing,Low,112,Resolved,3
TICK0012512,CUST04801,2025-12-12,Bug Report,Medium,69,Resolved,3
TICK0012513,CUST04802,2025-11-18,Feature Request,Medium,26,Resolved,1
TICK0012514,CUST04803,2026-09-02,Billing,High,23,Resolved,
TICK0012515,CUST04803,2026-03-28,Billing,Low,62,Resolved,4
TICK0012516,CUST04803,2026-06-01,Billing,Medium,55,Resolved,5
TICK0012517,CUST04804,2026-03-31,Performance,High,48,Resolved,2
TICK0012518,CUST04804,2026-08-24,Integration,Urgent,22,Resolved,4
TICK0012519,CUST04804,2026-07-31,Account Access,Low,175,Resolved,4
TICK0012520,CUST04804,2026-04-10,Performance,Medium,62,Resolved,1
TICK0012521,CUST04805,2026-07-15,How-To Question,Low,53,Open,5
TICK0012522,CUST04805,2026-06-06,Bug Report,Low,45,Resolved,5
TICK0012523,CUST04805,2024-12-28,Account Access,Low,85,Pending,3
TICK0012524,CUST04806,2025-10-21,How-To Question,Low,64,Resolved,1
TICK0012525,CUST04806,2025-08-28,How-To Question,High,15,Resolved,5
TICK0012526,CUST04806,2025-03-25,Feature Request,Medium,23,resolved,1
TICK0012527,CUST04806,2025-12-18,Billing,High,21,Pending,1
TICK0012528,CUST04806,2026-07-05,Feature Request,High,10,Resolved,2
TICK0012529,CUST04807,2025-05-07,Account Access,Low,57,Resolved,5
TICK0012530,CUST04808,2026-08-24,Account Access,Medium,21,Resolved,3
TICK0012531,CUST04808,2026-05-24,Performance,Low,50,Pending,4
TICK0012532,CUST04808,2025-12-30,Feature Request,Low,46,Resolved,3
TICK0012533,CUST04808,2026-06-27,Account Access,High,32,Resolved,5
TICK0012534,CUST04809,2026-02-06,Feature Request,High,19,Resolved,5
TICK0012535,CUST04810,2026-06-05,Performance,Medium,98,Resolved,4
TICK0012536,CUST04810,2026-08-09,Account Access,Medium,69,Resolved,1
TICK0012537,CUST04810,2026-06-03,Technical Issue,Low,142,Resolved,2
TICK0012538,CUST04810,2026-08-02,Bug Report,Medium,73,Pending,1
TICK0012539,CUST04810,2026-01-16,Account Access,Medium,58,Open,2
TICK0012540,CUST04811,2026-06-22,Feature Request,Medium,67,Resolved,5
TICK0012541,CUST04811,2026-05-22,Billing,Low,102,Resolved,4
TICK0012542,CUST04814,2025-09-07,Billing,Low,33,Resolved,5
TICK0012543,CUST04816,2026-04-25,Integration,Medium,126,Resolved,1
TICK0012544,CUST04816,2026-05-10,Integration,Low,108,Resolved,4
TICK0012545,CUST04816,2026-08-30,Integration,Medium,94,Pending,2
TICK0012546,CUST04816,2026-06-15,Technical Issue,Low,155,Resolved,1
TICK0012547,CUST04816,2026-08-04,Performance,Medium,53,Resolved,3
TICK0012548,CUST04816,2026-08-08,Technical Issue,High,33,Resolved,1
TICK0012549,CUST04816,2026-06-24,Performance,Medium,84,Resolved,1
TICK0012550,CUST04816,2026-08-20,Technical Issue,Medium,98,Resolved,5
TICK0012551,CUST04816,05/25/2026,Account Access,Low,217,Resolved,1
TICK0012552,CUST04816,2026-06-29,Bug Report,Low,64,Resolved,2
TICK0012553,CUST04817,2026-01-04,Integration,Low,94,Resolved,4
TICK0012554,CUST04817,2025-10-30,Technical Issue,Medium,62,Resolved,5
TICK0012555,CUST04817,2026-03-20,Bug Report,Medium,47,Resolved,2
TICK0012556,CUST04817,2026-06-04,Performance,Low,40,Resolved,4
TICK0012557,CUST04817,2026-03-23,Performance,High,17,Resolved,4
TICK0012558,CUST04818,2025-02-20,Feature Request,Low,134,Resolved,5
TICK0012559,CUST04818,2025-12-22,Feature Request,Medium,48,Resolved,5
TICK0012560,CUST04818,2025-05-27,Feature Request,Medium,69,Resolved,3
TICK0012561,CUST04818,2026-08-07,Performance,Medium,60,Resolved,5
TICK0012562,CUST04819,2026-03-22,Feature Request,Low,119,Resolved,3
TICK0012563,CUST04820,2026-02-03,How-To Question,Low,95,Resolved,2
TICK0012564,CUST04820,2026-01-23,Performance,Low,108,Resolved,1
TICK0012565,CUST04820,2026-01-27,How-To Question,Medium,79,Resolved,2
TICK0012566,CUST04820,2026-02-13,How-To Question,Low,117,Open,4
TICK0012567,CUST04820,2026-03-01,Feature Request,Low,72,Resolved,4
TICK0012568,CUST04820,2026-01-15,Billing,Low,69,Open,2
TICK0012569,CUST04821,2026-09-16,Integration,Low,97,Resolved,2
TICK0012570,CUST04821,2026-08-05,Performance,Low,202,Resolved,1
TICK0012571,CUST04821,2026-08-05,Performance,Medium,32,Resolved,4
TICK0012572,CUST04821,2026-09-16,Account Access,Low,125,Resolved,2
TICK0012573,CUST04821,2026-08-10,Technical Issue,High,41,Resolved,3
TICK0012574,CUST04821,2026-08-28,Performance,Medium,42,Resolved,4
TICK0012575,CUST04821,2026-08-31,Integration,Low,222,Resolved,3
TICK0012576,CUST04821,2026-07-18,Performance,Low,82,Resolved,1
TICK0012577,CUST04822,2026-01-03,Feature Request,High,45,Resolved,4
TICK0012578,CUST04822,2026-04-17,Billing,Low,58,Resolved,5
TICK0012579,CUST04822,2024-11-08,Feature Request,Medium,68,Resolved,4
TICK0012580,CUST04822,2024-10-14,Performance,Low,62,Resolved,5
TICK0012581,CUST04822,2026-06-14,Billing,Low,92,Resolved,3
TICK0012582,CUST04822,2024-08-10,Feature Request,Medium,63,Resolved,3
TICK0012583,CUST04823,2026-08-17,Billing,High,31,Resolved,5
TICK0012584,CUST04823,2026-07-28,Account Access,Medium,18,Resolved,3
TICK0012585,CUST04824,2026-07-24,How-To Question,Medium,71,Pending,5
TICK0012586,CUST04825,2025-11-13,Account Access,Low,78,Resolved,4
TICK0012587,CUST04827,2025-10-15,Technical Issue,Low,119,Resolved,2
TICK0012588,CUST04827,2026-04-13,Performance,Low,51,Resolved,1
TICK0012589,CUST04827,2026-06-17,Performance,Medium,82,Resolved,4
TICK0012590,CUST04828,2026-09-06,How-To Question,High,25,Resolved,5
TICK0012591,CUST04828 ,2026-09-07,Feature Request,Low,47,Resolved,5
TICK0012592,CUST04829,2026-07-05,Technical Issue,Medium,30,Resolved,3
TICK0012593,CUST04829,2026-03-02,Feature Request,Medium,68,Pending,3
TICK0012594,CUST04829,2025-12-26,Technical Issue,Urgent,13,Resolved,3
TICK0012595,CUST04829,2026-04-08,Bug Report,Medium,60,Resolved,5
TICK0012596,CUST04830,2026-03-30,Integration,Medium,87,Resolved,3
TICK0012597,CUST04830,2026-07-20,Technical Issue,Medium,50,Resolved,1
TICK0012598,CUST04830,2026-05-03,Account Access,Low,201,Resolved,5
TICK0012599,CUST04830,2026-04-29,Integration,Medium,108,Resolved,1
TICK0012600,CUST04831,2026-05-10,Billing,Low,94,Resolved,5
TICK0012601,CUST04831,2026-02-15,Feature Request,MEDIUM,41,Resolved,4
TICK0012602,CUST04831,2026-02-07,How-To Question,Medium,25,Resolved,1
TICK0012603,CUST04832,01/27/2025,How-To Question,Low,98,Resolved,4
TICK0012604,CUST04832,2025-10-03,Account Access,low,140,Pending,4
TICK0012605,CUST04833,2025-09-15,Billing,Medium,41,Resolved,2
TICK0012606,CUST04833,2024-10-16,Performance,Low,75,Resolved,1
TICK0012607,CUST04833,2026-09-06,Feature Request,Low,118,Resolved,4
TICK0012608,CUST04834,2026-08-18,Integration,low,91,Resolved,5
TICK0012609,CUST04834,2026-09-07,Performance,Low,76,Resolved,4
TICK0012610,CUST04834,2026-07-29,Billing,Medium,61,Resolved,5
TICK0012611,CUST04835,2026-05-19,Bug Report,High,56,Resolved,2
TICK0012612,CUST04835,04/25/2025,Bug Report,High,31,Resolved,2
TICK0012613,CUST04835,2024-07-08,Bug Report,High,36,Resolved,2
TICK0012614,CUST04835,2025-07-19,Technical Issue,Low,167,Resolved,1
TICK0012615,CUST04836,2026-04-15,Performance,Medium,57,Resolved,5
TICK0012616,CUST04838,2026-08-25,FEATURE REQUEST,Medium,69,Resolved,4
TICK0012617,CUST04838,2025-09-02,How-To Question,Medium,23,Resolved,4
TICK0012618,CUST04839,2025-04-19,Technical Issue,High,26,Resolved,4
TICK0012619,CUST04840,2026-09-07,Billing,Low,106,Pending,5
TICK0012620,CUST04840,2026-09-01,Feature Request,Urgent,13,Resolved,5
TICK0012621,CUST04841,2026-09-04,Billing,Low,114,Pending,5
TICK0012622,CUST04841,2026-08-18,How-To Question,Medium,50,Resolved,5
TICK0012623,CUST04842,2026-06-29,How-To Question,Medium,48,Resolved,5
TICK0012624,CUST04842,2026-07-06,Bug Report,Medium,22,Resolved,4
TICK0012625,CUST04843,2025-06-21,Bug Report,High,28,Resolved,5
TICK0012626,CUST04843,2025-06-15,Bug Report,Medium,43,Resolved,4
TICK0012627,CUST04844,2026-07-25,Bug Report,Medium,61,Resolved,3
TICK0012628,CUST04845,2026-06-30,Feature Request,Medium,31,Resolved,5
TICK0012629,CUST04845,2026-05-07,How-To Question,Low,31,Resolved,3
TICK0012630,CUST04845,2026-03-27,Technical Issue,Medium,92,Resolved,5
TICK0012631,CUST04845,2026-03-22,Performance,Medium,93,Resolved,4
TICK0012632,CUST04846,2024-04-16,Technical Issue,Medium,38,Resolved,5
TICK0012633,CUST04846,2024-03-11,Performance,Medium,68,Resolved,4
TICK0012634,CUST04847,08/17/2026,Feature Request,Medium,28,Resolved,5
TICK0012635,CUST04848,2023-12-05,Performance,Low,78,Resolved,5
TICK0012636,CUST04848,2024-09-21,Feature Request,Medium,82,Resolved,1
TICK0012637,CUST04848,2023-11-19,Feature Request,Medium,30,Resolved,2
TICK0012638,CUST04848,2026-02-04,Feature Request,Low,124,Pending,4
TICK0012639,CUST04848,2025-03-19,Performance,Low,24,Resolved,4
TICK0012640,CUST04849,2026-04-06,Feature Request,Low,81,Resolved,4
TICK0012641,CUST04849,2026-01-21,How-To Question,Medium,64,Resolved,3
TICK0012642,CUST04849,2026-05-08,Feature Request,Low,132,Resolved,4
TICK0012643,CUST04849,2026-04-18,Account Access,Low,33,Resolved,3
TICK0012644,CUST04849,2025-01-06,Feature Request,High,9,Resolved,1
TICK0012645,CUST04849,2026-06-25,How-To Question,Low,73,Pending,5
TICK0012646,CUST04850,2024-06-07,Billing,Medium,50,Resolved,2
TICK0012647,CUST04850,2024-11-02,Account Access,Low,88,Pending,5
TICK0012648,CUST04850,2026-08-30,Integration,High,17,Resolved,5
TICK0012649,CUST04850,2025-05-13,Billing,Medium,21,Resolved,4
TICK0012650,CUST04851,2024-12-11,How-To Question,Low,98,Resolved,3
TICK0012651,CUST04851,2024-12-21,Feature Request,Medium,36,Resolved,3
TICK0012652,CUST04851,2025-07-27,Feature Request,Medium,54,Resolved,4
TICK0012653,CUST04852,2026-05-06,Performance,High,33,Pending,5
TICK0012654,CUST04852,2026-06-10,Billing,Low,87,Resolved,4
TICK0012655,CUST04852,2026-07-29,Account Access,Low,47,Resolved,1
TICK0012656,CUST04853,2026-02-22,How-To Question,High,23,Resolved,2
TICK0012657,CUST04853,2026-02-11,Feature Request,Low,98,Resolved,1
TICK0012658,CUST04854,2024-08-17,Bug Report,Medium,32,resolved,5
TICK0012659,CUST04855,2026-06-12,Technical Issue,Low,87,Resolved,3
TICK0012660,CUST04855,2024-01-11,Account Access,High,24,Resolved,5
TICK0012661,CUST04855,2024-10-11,How-To Question,High,35,Resolved,5
TICK0012662,CUST04856,2024-12-15,Performance,Low,30,Resolved,5
TICK0012663,CUST04856,2025-01-22,Billing,Medium,39,Resolved,5
TICK0012664,CUST04856,2025-01-15,Performance,Low,85,Resolved,3
TICK0012665,CUST04857,2026-02-25,Technical Issue,Low,150,Resolved,4
TICK0012666,CUST04857,2026-02-18,Bug Report,High,38,Resolved,2
TICK0012667,CUST04857,2026-03-05,Technical Issue,Low,81,Resolved,1
TICK0012668,CUST04857,2025-08-25,Integration,Low,28,Resolved,4
TICK0012669,CUST04857,2026-06-17,Bug Report,Medium,70,Resolved,2
TICK0012670,CUST04857,2026-03-11,Performance,Medium,161,Pending,3
TICK0012671,CUST04857,09/05/2025,Bug Report,Medium,75,Resolved,1
TICK0012672,CUST04857,2026-04-20,Integration,Urgent,24,Resolved,2
TICK0012673,CUST04858,2026-01-05,Feature Request,Medium,25,Resolved,5
TICK0012674,CUST04858,2025-03-07,Feature Request,Low,53,Resolved,5
TICK0012675,CUST04858,2026-07-13,Technical Issue,High,47,Resolved,4
TICK0012676,CUST04859,2026-07-29,Bug Report,Low,17,Resolved,3
TICK0012677,CUST04859,2026-04-05,Account Access,Medium,44,Resolved,1
TICK0012678,CUST04859,2026-05-03,Account Access,Medium,106,Resolved,1
TICK0012679,CUST04859,2026-04-08,Account Access,High,29,Pending,3
TICK0012680,CUST04859,2026-09-08,Bug Report,Medium,84,Pending,1
TICK0012681,CUST04860,2026-07-11,Performance,Low,98,Resolved,5
TICK0012682,CUST04862,2026-04-07,Account Access,Medium,31,Resolved,4
TICK0012683,CUST04862,2025-01-05,Billing,High,18,Resolved,4
TICK0012684,CUST04862,2025-07-04,Billing,Low,95,Resolved,4
TICK0012685,CUST04863,2025-06-08,Performance,High,33,Resolved,1
TICK0012686,CUST04863,2025-04-22,Integration,Low,129,Resolved,1
TICK0012687,CUST04863,2025-05-07,Account Access,Medium,95,Resolved,4
TICK0012688,CUST04863,2025-04-20,Account Access,Low,121,Pending,2
TICK0012689,CUST04863,2025-04-19,Account Access,Medium,107,Open,2
TICK0012690,CUST04863,2025-03-07,Bug Report,Medium,42,Resolved,5
TICK0012691,CUST04864,2025-12-21,Feature Request,Low,82,Resolved,5
TICK0012692,CUST04864,2024-05-30,Performance,Low,51,Resolved,4
TICK0012693,CUST04864,2024-10-23,Feature Request,Low,59,Resolved,4
TICK0012694,CUST04864,2026-07-08,Feature Request,Medium,18,Resolved,4
TICK0012695,CUST04865,2024-08-16,Account Access,Urgent,13,Resolved,4
TICK0012696,CUST04865,2024-08-14,Account Access,Medium,52,Resolved,4
TICK0012697,CUST04867,2025-12-02,Performance,Urgent,14,Resolved,1
TICK0012698,CUST04867,2025-11-29,Billing,Low,90,resolved,5
TICK0012699,CUST04867,2024-08-22,How-To Question,Medium,32,Resolved,2
TICK0012700,CUST04868,2024-12-22,Integration,Urgent,9,Resolved,5
TICK0012701,CUST04868,2024-05-31,Performance,Low,62,Resolved,5
TICK0012702,CUST04868,09/02/2026,Performance,Low,62,Resolved,5
TICK0012703,CUST04869,2024-12-22,Account Access,High,19,Resolved,3
TICK0012704,CUST04869,2026-04-05,Performance,Medium,65,Resolved,5
TICK0012705,CUST04869,2025-07-06,Performance,Medium,42,Resolved,5
TICK0012706,CUST04871 ,2026-05-31,Account Access,Urgent,28,Resolved,1
TICK0012707,CUST04871,2026-02-19,Bug Report,High,64,Resolved,1
TICK0012708,CUST04871,2026-01-13,Bug Report,Medium,58,Resolved,2
TICK0012709,CUST04871,2026-06-23,Bug Report,Medium,111,Resolved,2
TICK0012710,CUST04871,2026-02-09,Technical Issue,Low,137,Resolved,3
TICK0012711,CUST04871,2026-04-06,Bug Report,Low,204,Resolved,3
TICK0012712,CUST04872,2026-06-29,Technical Issue,Low,72,Resolved,4
TICK0012713,CUST04872,2026-08-08,Account Access,Low,123,Resolved,5
TICK0012714,CUST04873,2024-10-22,How-To Question,High,37,Pending,2
TICK0012715,CUST04873,2025-11-30,Account Access,Low,80,Resolved,4
TICK0012716,CUST04873,2025-11-27,How-To Question,High,16,Resolved,1
TICK0012717,CUST04874,2025-04-26,Account Access,Medium,46,Resolved,5
TICK0012718,CUST04875,2026-07-15,Technical Issue,Low,23,Resolved,2
TICK0012719,CUST04875,2026-08-14,Account Access,Medium,97,Pending,2
TICK0012720,CUST04875,2026-07-12,Integration,High,35,Resolved,3
TICK0012721,CUST04876,2026-03-02,Billing,Medium,89,Resolved,3
TICK0012722,CUST04876,2024-07-07,Billing,High,27,Resolved,3
TICK0012723,CUST04876,2024-10-30,Feature Request,Urgent,14,Resolved,3
TICK0012724,CUST04877,2025-04-15,How-To Question,Low,88,Resolved,4
TICK0012725,CUST04878,2026-09-11,Bug Report,Medium,72,Resolved,2
TICK0012726,CUST04878,2026-07-09,Bug Report,Medium,52,resolved,4
TICK0012727,CUST04878,2026-07-28,Feature Request,Medium,45,Resolved,4
TICK0012728,CUST04879,2026-08-03,Feature Request,Medium,56,Resolved,4
TICK0012729,CUST04879,2025-02-11,Billing,Medium,42,Resolved,3
TICK0012730,CUST04879,2024-07-19,Feature Request,Medium,15,Resolved,4
TICK0012731,CUST04879,2025-05-26,Feature Request,Medium,38,Resolved,3
TICK0012732,CUST04879,2026-01-23,How-To Question,Low,84,resolved,2
TICK0012733,CUST04880,2026-02-10,Account Access,Medium,51,Resolved,4
TICK0012734,CUST04880,2026-07-08,How-To Question,Medium,42,Open,4
TICK0012735,CUST04880,2026-04-15,Integration,High,31,Resolved,4
TICK0012736,CUST04880,2026-09-12,Integration,Low,65,Resolved,5
TICK0012737,CUST04881,2026-03-01,How-To Question,Medium,51,Resolved,3
TICK0012738,CUST04881,2025-11-16,Integration,Low,73,Resolved,5
TICK0012739,CUST04882,2025-04-27,Feature Request,Low,105,Resolved,5
TICK0012740,CUST04883,2025-01-04,Account Access,Medium,18,Resolved,5
TICK0012741,CUST04883,2025-12-11,Account Access,Low,90,Resolved,5
TICK0012742,CUST04883,2024-02-12,Integration,Medium,77,Resolved,4
TICK0012743,CUST04883,2026-01-17,How-To Question,Medium,32,Resolved,4
TICK0012744,CUST04883,2026-08-07,Billing,Low,30,Resolved,4
TICK0012745,CUST04884,01/27/2026,Performance,Low,133,Resolved,3
TICK0012746,CUST04884,2026-03-24,Performance,Medium,22,Resolved,3
TICK0012747,CUST04884,04/24/2026,Performance,Low,66,Pending,3
TICK0012748,CUST04885,2026-09-04,How-To Question,Medium,42,Resolved,4
TICK0012749,CUST04885,2026-07-24,Bug Report,Low,78,Resolved,4
TICK0012750,CUST04885,2026-08-07,Performance,Medium,30,Resolved,3
TICK0012751,CUST04885,2026-07-19,Bug Report,High,21,Resolved,5
TICK0012752,CUST04885,2026-09-22,How-To Question,Low,104,Resolved,2
TICK0012753,CUST04887,2026-01-01,Integration,Low,20,Resolved,1
TICK0012754,CUST04887,2026-01-07,Performance,Low,120,Resolved,1
TICK0012755,CUST04887,2025-06-21,Account Access,Medium,127,Resolved,2
TICK0012756,CUST04887,2025-04-04,Bug Report,Medium,25,Resolved,1
TICK0012757,CUST04888,2023-12-09,Feature Request,Medium,37,Pending,4
TICK0012758,CUST04888,2026-01-12,Feature Request,High,4,Resolved,3
TICK0012759,CUST04888,2025-09-13,Performance,Medium,79,Resolved,1
TICK0012760,CUST04889,2026-06-01,Feature Request,High,29,Resolved,4
TICK0012761,CUST04889,2025-12-23,How-To Question,Low,76,Resolved,2
TICK0012762,CUST04889,2026-02-02,Account Access,Low,98,Resolved,3
TICK0012763,CUST04889,2026-05-01,How-To Question,Medium,64,Resolved,2
TICK0012764,CUST04890,2026-06-06,Bug Report,Low,104,Resolved,3
TICK0012765,CUST04890,2026-09-07,Billing,Medium,8,Resolved,5
TICK0012766,CUST04890,02/11/2026,Bug Report,Urgent,12,Resolved,5
TICK0012767,CUST04891,2023-12-26,Bug Report,Urgent,13,Resolved,2
TICK0012768,CUST04891,2026-03-19,How-To Question,Medium,53,Resolved,2
TICK0012769,CUST04891,2026-01-10,Technical Issue,Low,86,Resolved,5
TICK0012770,CUST04891,2026-06-03,Account Access,Medium,9,Resolved,1
TICK0012771,CUST04891,2026-02-06,How-To Question,Low,153,Resolved,4
TICK0012772,CUST04892,2026-05-08,How-To Question,Low,25,Resolved,2
TICK0012773,CUST04892,2026-01-24,Billing,Low,55,Resolved,3
TICK0012774,CUST04892,2026-04-03,Feature Request,Low,91,Resolved,3
TICK0012775,CUST04893,2026-07-12,Bug Report,Medium,147,Resolved,2
TICK0012776,CUST04893,2024-04-24,Technical Issue,Low,88,Resolved,3
TICK0012777,CUST04893,2026-04-02,Account Access,Low,89,Resolved,1
TICK0012778,CUST04893,2026-03-21,Account Access,Medium,75,Resolved,2
TICK0012779,CUST04894,2026-02-18,How-To Question,Medium,10,Resolved,3
TICK0012780,CUST04894,2026-07-18,Performance,Low,98,Resolved,5
TICK0012781,CUST04894,2026-08-14,How-To Question,High,26,Resolved,4
TICK0012782,CUST04895,2026-08-23,Account Access,Medium,48,Resolved,5
TICK0012783,CUST04895,2026-06-11,Account Access,Low,80,Resolved,1
TICK0012784,CUST04896,2025-06-16,How-To Question,Medium,45,Resolved,5
TICK0012785,CUST04896,2025-05-27,Feature Request,Low,70,Resolved,4
TICK0012786,CUST04897,2025-12-18,Performance,Medium,29,Open,3
TICK0012787,CUST04897,2025-04-24,Integration,Medium,70,Resolved,4
TICK0012788,CUST04898,2024-11-08,Billing,Medium,48,Resolved,2
TICK0012789,CUST04898,2025-05-22,Bug Report,Medium,53,Resolved,4
TICK0012790,CUST04898,2025-09-25,Billing,Low,69,Resolved,4
TICK0012791,CUST04899,2025-06-15,Account Access,Low,29,Resolved,5
TICK0012792,CUST04899,2025-05-25,Billing,Low,79,Resolved,4
TICK0012793,CUST04900,2026-04-06,Performance,Low,97,Resolved,4
TICK0012794,CUST04900,2026-06-20,Integration,Low,56,Resolved,5
TICK0012795,CUST04900,2026-08-04,Performance,Low,116,Resolved,4
TICK0012796,CUST04901,2025-08-05,Feature Request,Low,60,Resolved,1
TICK0012797,CUST04901,2025-07-06,Performance,MEDIUM,39,Resolved,3
TICK0012798,CUST04901,2025-05-15,Billing,Medium,39,Resolved,4
TICK0012799,CUST04901,2025-07-17,Feature Request,Low,112,Resolved,2
TICK0012800,CUST04901,2025-05-22,How-To Question,Low,58,Resolved,5
TICK0012801,CUST04901,2025-07-12,Billing,Low,101,Resolved,5
TICK0012802,CUST04902,2026-02-14,How-To Question,Low,74,Resolved,3
TICK0012803,CUST04902,2026-01-30,Performance,Medium,46,Resolved,3
TICK0012804,CUST04902,2026-02-25,Billing,Low,29,Resolved,4
TICK0012805,CUST04902,2026-04-06,Billing,Medium,34,Resolved,4
TICK0012806,CUST04903,2026-08-07,Bug Report,Medium,38,Resolved,5
TICK0012807,CUST04903,2026-07-28,Technical Issue,Low,48,Resolved,2
TICK0012808,CUST04903,2026-07-17,Billing,Medium,52,Resolved,3
TICK0012809,CUST04904,2026-06-24,Performance,Low,82,Open,4
TICK0012810,CUST04904,2026-09-11,Feature Request,Low,91,Resolved,4
TICK0012811,CUST04905,2024-11-07,How-To Question,Low,52,Resolved,2
TICK0012812,CUST04906,2026-03-05,Integration,Low,54,Resolved,4
TICK0012813,CUST04906,2025-07-22,How-To Question,Low,12,Resolved,4
TICK0012814,CUST04907,2025-05-12,Feature Request,Low,99,Resolved,4
TICK0012815,CUST04909,2025-12-18,Integration,Medium,106,Resolved,1
TICK0012816,CUST04909,2025-09-03,Integration,Medium,78,Resolved,3
TICK0012817,CUST04909,2026-03-18,Technical Issue,Medium,53,Resolved,2
TICK0012818,CUST04910,2026-09-14,Billing,Medium,84,Resolved,4
TICK0012819,CUST04911,2025-06-12,Billing,Medium,51,Resolved,5
TICK0012820,CUST04911,2026-02-02,How-To Question,Low,54,Resolved,4
TICK0012821,CUST04911 ,2026-09-16,Billing,Medium,86,Resolved,3
TICK0012822,CUST04911,2026-09-13,Performance,Urgent,14,Resolved,4
TICK0012823,CUST04912,2026-04-13,Integration,Low,111,Resolved,4
TICK0012824,CUST04912,2026-07-08,Billing,High,20,Resolved,2
TICK0012825,CUST04913,2026-01-24,Performance,Low,12,Resolved,4
TICK0012826,CUST04913,2026-08-04,Performance,Low,37,Resolved,4
TICK0012827,CUST04914,2025-06-28,Technical Issue,Medium,36,Resolved,5
TICK0012828,CUST04914,2024-06-28,Technical Issue,Medium,22,Resolved,5
TICK0012829,CUST04914,2026-05-18,Billing,Medium,36,Resolved,3
TICK0012830,CUST04915,2026-06-11,Performance,Low,42,Resolved,5
TICK0012831,CUST04915,2026-06-09,Account Access,Low,89,Resolved,5
TICK0012832,CUST04916,2026-09-16,How-To Question,Medium,22,Resolved,2
TICK0012833,CUST04916,2026-02-17,How-To Question,Medium,70,Resolved,4
TICK0012834,CUST04917,2026-08-20,How-To Question,Low,118,Resolved,5
TICK0012835,CUST04918,2024-03-07,Integration,High,8,Pending,4
TICK0012836,CUST04918,2025-02-23,Feature Request,Low,79,Resolved,5
TICK0012837,CUST04918,01/26/2024,Performance,Low,78,Resolved,5
TICK0012838,CUST04919,2025-12-16,How-To Question,Medium,58,Resolved,3
TICK0012839,CUST04920,2026-03-20,Technical Issue,Low,94,Resolved,3
TICK0012840,CUST04921,2024-12-23,Account Access,Low,44,Resolved,3
TICK0012841,CUST04922,2025-09-17,Performance,Low,56,Pending,5
TICK0012842,CUST04922,2025-03-19,Integration,High,24,Resolved,
TICK0012843,CUST04923,2026-07-22,Feature Request,Medium,76,Resolved,1
TICK0012844,CUST04923,2026-05-24,How-To Question,Low,103,Resolved,3
TICK0012845,CUST04923,2026-08-16,Feature Request,Medium,52,Pending,5
TICK0012846,CUST04923,2026-09-02,Account Access,Low,67,Pending,5
TICK0012847,CUST04924,2025-06-27,How-To Question,Medium,27,Resolved,4
TICK0012848,CUST04924,2024-11-12,How-To Question,Low,67,Resolved,2
TICK0012849,CUST04924,2026-06-19,Feature Request,Low,32,Resolved,5
TICK0012850,CUST04924,2024-06-18,How-To Question,Medium,104,Resolved,3
TICK0012851,CUST04925,2025-02-22,Billing,Low,96,Resolved,5
TICK0012852,CUST04925,2025-07-09,Feature Request,Medium,75,Resolved,4
TICK0012853,CUST04925,2024-12-20,How-To Question,Medium,44,Resolved,5
TICK0012854,CUST04925,2025-06-21,Billing,Low,74,Resolved,5
TICK0012855,CUST04925,2025-12-07,Feature Request,Low,60,Resolved,4
TICK0012856,CUST04926,2026-07-04,How-To Question,Medium,61,Resolved,4
TICK0012857,CUST04926,2026-08-15,Technical Issue,High,28,Resolved,3
TICK0012858,CUST04926,08/26/2026,Performance,Low,69,Resolved,5
TICK0012859,CUST04927,2024-09-22,Feature Request,Urgent,7,Resolved,5
TICK0012860,CUST04928,2025-01-12,Technical Issue,Low,95,Resolved,3
TICK0012861,CUST04928,2025-04-12,Integration,Medium,56,Resolved,5
TICK0012862,CUST04929,2026-07-25,Performance,High,23,Resolved,2
TICK0012863,CUST04931,2026-07-16,Bug Report,Low,95,Resolved,1
TICK0012864,CUST04931,2026-08-29,Bug Report,Urgent,22,Resolved,5
TICK0012865,CUST04931,2026-06-05,Account Access,High,37,Resolved,3
TICK0012866,CUST04931,2026-06-21,Account Access,Low,78,Resolved,2
TICK0012867,CUST04931,06/11/2026,Performance,Medium,172,Open,4
TICK0012868,CUST04931,2026-08-13,Technical Issue,Medium,96,Resolved,1
TICK0012869,CUST04931,2026-08-15,Performance,Low,117,Resolved,1
TICK0012870,CUST04932,2026-03-17,Account Access,Low,65,Resolved,3
TICK0012871,CUST04932,09/03/2026,performance,Medium,128,Resolved,5
TICK0012872,CUST04932,2026-06-05,Performance,Low,133,Pending,1
TICK0012873,CUST04932,2025-12-14,Account Access,Medium,74,Pending,3
TICK0012874,CUST04933,2025-04-21,Billing,Low,97,Resolved,5
TICK0012875,CUST04933,2025-03-14,Billing,High,29,Resolved,5
TICK0012876,CUST04934,2025-08-26,Feature Request,Medium,53,Resolved,4
TICK0012877,CUST04935,2026-07-02,Integration,Medium,58,Resolved,4
TICK0012878,CUST04935,2025-07-27,Bug Report,Low,131,Resolved,3
TICK0012879,CUST04937,2026-05-06,How-To Question,low,51,Resolved,3
TICK0012880,CUST04937,2026-06-15,Integration,Low,87,Resolved,5
TICK0012881,CUST04938,2024-09-01,Performance,Medium,73,Resolved,5
TICK0012882,CUST04938,2026-01-27,Account Access,Low,12,Resolved,3
TICK0012883,CUST04939,2025-11-17,Account Access,Low,173,Resolved,4
TICK0012884,CUST04939,2025-09-17,Account Access,Low,75,Resolved,2
TICK0012885,CUST04939,2026-05-14,Bug Report,Medium,88,Resolved,3
TICK0012886,CUST04939,2026-01-01,Performance,Urgent,20,Resolved,2
TICK0012887,CUST04939,2025-12-28,Integration,Low,107,Resolved,4
TICK0012888,CUST04939,2026-02-14,Bug Report,Medium,47,Resolved,3
TICK0012889,CUST04939,2026-02-27,Performance,Low,128,Resolved,3
TICK0012890,CUST04939,2025-09-27,Performance,Low,143,Open,3
TICK0012891,CUST04939,2025-10-04,Technical Issue,Medium,34,Resolved,3
TICK0012892,CUST04939,2026-03-26,Technical Issue,Low,119,Resolved,3
TICK0012893,CUST04941,2025-01-04,Bug Report,Medium,68,Resolved,1
TICK0012894,CUST04941,2025-12-10,Bug Report,High,37,Resolved,1
TICK0012895,CUST04941,2025-03-20,Account Access,Medium,93,Resolved,1
TICK0012896,CUST04941,2025-10-10,Bug Report,Low,83,Resolved,1
TICK0012897,CUST04941,2026-07-08,Performance,Medium,61,Resolved,1
TICK0012898,CUST04941,2025-06-07,Account Access,Medium,72,Open,3
TICK0012899,CUST04941,2025-09-17,Performance,Medium,102,Open,1
TICK0012900,CUST04941,2025-09-29,Bug Report,Low,107,Resolved,1
TICK0012901,CUST04941,2025-10-27,Integration,Low,123,Resolved,1
TICK0012902,CUST04942,2025-12-22,Performance,Medium,54,Resolved,4
TICK0012903,CUST04943,2026-07-10,Billing,Low,63,Resolved,5
TICK0012904,CUST04944,2025-11-14,Performance,High,30,Resolved,4
TICK0012905,CUST04946,2026-09-02,Account Access,Medium,39,Resolved,3
TICK0012906,CUST04946,2026-04-03,FEATURE REQUEST,Low,65,Pending,1
TICK0012907,CUST04947,2026-01-22,performance,Medium,39,Open,3
TICK0012908,CUST04948,2026-06-12,Performance,Low,61,Resolved,4
TICK0012909,CUST04948,2026-07-11,How-To Question,Low,121,Resolved,3
TICK0012910,CUST04952,2026-07-28,Billing,High,11,Resolved,3
TICK0012911,CUST04952,2026-07-12,Billing,Low,61,Resolved,4
TICK0012912,CUST04952,2026-08-01,Feature Request,Low,67,Resolved,4
TICK0012913,CUST04953,2026-04-03,Account Access,High,25,Resolved,5
TICK0012914,CUST04953,2025-12-20,Integration,Low,82,Resolved,5
TICK0012915,CUST04953,2025-11-16,Feature Request,High,21,Resolved,5
TICK0012916,CUST04954,2025-10-23,How-To Question,Low,67,Resolved,2
TICK0012917,CUST04955,2025-03-15,How-To Question,Medium,40,Resolved,4
TICK0012918,CUST04955,2025-04-02,Feature Request,High,40,Open,3
TICK0012919,CUST04956,2025-11-22,How-To Question,Low,71,Resolved,5
TICK0012920,CUST04957,2025-06-25,Feature Request,Medium,45,Resolved,3
TICK0012921,CUST04957,2025-12-02,How-To Question,Low,85,Resolved,4
TICK0012922,CUST04958,2026-06-25,How-To Question,Low,112,Resolved,4
TICK0012923,CUST04958,2026-07-29,FEATURE REQUEST,Low,72,Resolved,2
TICK0012924,CUST04958,2026-08-25,Account Access,Medium,91,Resolved,2
TICK0012925,CUST04958,2026-09-04,Feature Request,Medium,61,Resolved,4
TICK0012926,CUST04958,2026-08-12,How-To Question,Low,47,Resolved,2
TICK0012927,CUST04959,2025-04-10,Feature Request,Low,135,Resolved,2
TICK0012928,CUST04959,2025-02-27,How-To Question,Low,92,Resolved,5
TICK0012929,CUST04960,2026-07-25,Feature Request,Low,66,Resolved,5
TICK0012930,CUST04960,2025-10-19,Billing,Medium,17,Resolved,4
TICK0012931,CUST04960,2026-01-22,Bug Report,Low,68,Resolved,4
TICK0012932,CUST04960,2025-09-13,Billing,Medium,26,Open,4
TICK0012933,CUST04960,12/20/2025,INTEGRATION,High,25,Resolved,5
TICK0012934,CUST04960,2025-10-15,Bug Report,Low,64,Pending,5
TICK0012935,CUST04961,2026-08-10,Feature Request,Medium,79,Resolved,5
TICK0012936,CUST04961,2026-08-19,How-To Question,Low,46,Resolved,5
TICK0012937,CUST04962,2026-02-02,How-To Question,Low,88,Resolved,4
TICK0012938,CUST04962,2026-06-25,How-To Question,Medium,68,Resolved,2
TICK0012939,CUST04962,2026-05-05,How-To Question,High,18,Resolved,5
TICK0012940,CUST04963,2026-03-14,Integration,Low,29,Resolved,5
TICK0012941,CUST04964,2026-06-05,Integration,Medium,135,Pending,1
TICK0012942,CUST04964,2026-01-03,Performance,Low,169,Resolved,1
TICK0012943,CUST04964,2025-12-22,Integration,Medium,112,Open,1
TICK0012944,CUST04964,2025-12-03,Integration,Low,15,Resolved,2
TICK0012945,CUST04965,2025-12-24,Performance,Medium,22,Resolved,5
TICK0012946,CUST04965,2026-08-18,How-To Question,Medium,26,Resolved,5
TICK0012947,CUST04966,2026-09-18,Integration,Medium,66,Pending,3
TICK0012948,CUST04966,2026-04-21,Integration,Medium,79,Resolved,4
TICK0012949,CUST04967,2026-09-18,INTEGRATION,Low,41,Resolved,4
TICK0012950,CUST04967,2026-06-19,Performance,Low,65,Resolved,5
TICK0012951,CUST04967,2026-03-08,Bug Report,Medium,20,Resolved,3
TICK0012952,CUST04967,2026-06-20,Account Access,Low,77,Resolved,5
TICK0012953,CUST04968,2026-04-06,Account Access,High,11,Resolved,2
TICK0012954,CUST04968,2026-03-30,Account Access,High,11,Resolved,3
TICK0012955,CUST04969,2026-03-24,Billing,Low,92,Resolved,4
TICK0012956,CUST04969,2026-05-21,Performance,Low,71,Resolved,3
TICK0012957,CUST04969,2026-04-25,Performance,High,15,Resolved,3
TICK0012958,CUST04969,2026-05-01,How-To Question,Medium,32,Resolved,3
TICK0012959,CUST04969,2026-05-02,How-To Question,Low,73,Resolved,5
TICK0012960,CUST04969,2026-03-10,How-To Question,Low,71,Resolved,2
TICK0012961,CUST04970,2024-09-03,Feature Request,High,4,Resolved,4
TICK0012962,CUST04971,2026-07-31,Integration,High,30,Open,4
TICK0012963,CUST04971,2025-11-30,Account Access,Medium,73,Resolved,5
TICK0012964,CUST04971,2026-09-06,Performance,Low,75,Resolved,3
TICK0012965,CUST04971,2025-09-17,Bug Report,Medium,59,Resolved,2
TICK0012966,CUST04971,2025-08-26,How-To Question,High,17,Resolved,4
TICK0012967,CUST04971,2026-04-17,Account Access,High,24,Pending,4
TICK0012968,CUST04972,2024-11-22,Bug Report,Medium,69,Resolved,4
TICK0012969,CUST04972,2026-05-07,Integration,Low,57,Resolved,5
TICK0012970,CUST04972,2024-05-25,Integration,Medium,75,Resolved,1
TICK0012971,CUST04973,2026-04-17,Performance,High,28,Pending,2
TICK0012972,CUST04973,2026-02-10,How-To Question,Medium,57,Resolved,5
TICK0012973,CUST04973,2026-03-01,Account Access,Medium,66,Pending,5
TICK0012974,CUST04974,2024-07-17,Bug Report,Low,190,Resolved,1
TICK0012975,CUST04974,2025-01-18,Integration,Medium,24,Open,2
TICK0012976,CUST04974,2024-12-04,Technical Issue,High,45,Resolved,2
TICK0012977,CUST04974,2024-06-20,Bug Report,Low,179,Resolved,4
TICK0012978,CUST04975,2024-11-01,How-To Question,Low,110,Resolved,1
TICK0012979,CUST04975,2025-08-15,Account Access,Medium,65,Resolved,1
TICK0012980,CUST04975,2025-04-10,Account Access,Low,82,Resolved,2
TICK0012981,CUST04976,2026-06-11,Feature Request,Urgent,8,Resolved,5
TICK0012982,CUST04977,2024-07-06,Performance,Medium,99,Resolved,2
TICK0012983,CUST04977,2024-05-06,Technical Issue,Medium,112,Resolved,3
TICK0012984,CUST04977,2024-07-02,INTEGRATION,Low,31,Pending,5
TICK0012985,CUST04977,2024-08-30,Performance,Medium,98,Resolved,2
TICK0012986,CUST04977,2024-02-28,Account Access,Medium,19,Resolved,2
TICK0012987,CUST04977,2024-02-24,Bug Report,Medium,28,Resolved,4
TICK0012988,CUST04977,2024-06-25,Technical Issue,Low,22,Resolved,1
TICK0012989,CUST04978,2026-01-18,Technical Issue,Low,54,Resolved,4
TICK0012990,CUST04978,2024-12-23,Integration,Medium,55,Resolved,3
TICK0012991,CUST04978,2026-06-15,How-To Question,Low,14,Resolved,4
TICK0012992,CUST04978,2026-02-18,Feature Request,High,32,Resolved,4
TICK0012993,CUST04979,2025-07-31,Feature Request,Medium,44,Pending,4
TICK0012994,CUST04980,2026-08-07,Bug Report,High,27,Resolved,1
TICK0012995,CUST04980,2026-08-08,Account Access,Medium,87,Resolved,1
TICK0012996,CUST04981,2026-09-15,Billing,Medium,31,Resolved,5
TICK0012997,CUST04981,2026-09-23,Performance,Low,128,Resolved,3
TICK0012998,CUST04981,2026-08-19,Feature Request,Low,42,Resolved,4
TICK0012999,CUST04981,2026-08-03,Feature Request,Medium,50,Resolved,5
TICK0013000,CUST04981,2026-08-28,Feature Request,Medium,49,Resolved,4
TICK0013001,CUST04982,2025-07-22,how-to question,Low,18,Resolved,5
TICK0013002,CUST04982,2025-03-05,Account Access,Medium,50,Pending,4
TICK0013003,CUST04983,2026-07-13,Bug Report,Medium,90,Pending,3
TICK0013004,CUST04983,2026-08-08,Technical Issue,MEDIUM,58,Resolved,1
TICK0013005,CUST04983,2026-09-15,Account Access,low,137,Resolved,5
TICK0013006,CUST04983,2026-06-12,Technical Issue,Low,118,Resolved,1
TICK0013007,CUST04983,2026-09-23,Account Access,Low,60,Resolved,1
TICK0013008,CUST04984,2026-02-24,Billing,High,13,Resolved,5
TICK0013009,CUST04984,2026-07-06,Technical Issue,Medium,75,Resolved,4
TICK0013010,CUST04985,2024-08-24,Account Access,High,27,Resolved,4
TICK0013011,CUST04986,2025-08-28,Account Access,Medium,115,Resolved,2
TICK0013012,CUST04986,2026-05-05,Bug Report,Low,249,Resolved,3
TICK0013013,CUST04986,2025-06-11,Performance,Medium,94,Resolved,4
TICK0013014,CUST04987,2025-08-01,Billing,Medium,66,Resolved,3
TICK0013015,CUST04988,2026-03-04,Account Access,Medium,32,Resolved,5
TICK0013016,CUST04989,2026-01-05,Performance,Low,98,Resolved,5
TICK0013017,CUST04990,2026-01-05,Account Access,Medium,20,Resolved,5
TICK0013018,CUST04990,2025-10-26,Billing,Low,114,Resolved,3
TICK0013019,CUST04990,2025-10-10,How-To Question,High,25,Pending,5
TICK0013020,CUST04990,2026-07-03,How-To Question,Medium,36,Resolved,5
TICK0013021,CUST04990,2026-04-18,Billing,High,31,Resolved,4
TICK0013022,CUST04991,2025-11-06,Performance,Medium,27,Resolved,4
TICK0013023,CUST04991,2025-12-02,How-To Question,Low,29,Resolved,4
TICK0013024,CUST04992,2026-03-31,Integration,Medium,166,Resolved,3
TICK0013025,CUST04992,2026-01-18,Integration,Low,48,Resolved,3
TICK0013026,CUST04992,2025-12-01,Technical Issue,Low,22,Resolved,2
TICK0013027,CUST04992,2025-12-10,Technical Issue,Low,90,Resolved,3
TICK0013028,CUST04992,2026-03-30,Bug Report,Low,95,Resolved,2
TICK0013029,CUST04993,2025-12-21,Account Access,Low,105,Resolved,4
TICK0013030,CUST04993,2025-10-24,Technical Issue,Medium,49,Resolved,3
TICK0013031,CUST04994,2026-05-04,Performance,Medium,88,Resolved,2
TICK0013032,CUST04994,2026-07-20,Technical Issue,Medium,53,Resolved,3
TICK0013033,CUST04994,07/23/2026,Performance,High,55,Pending,1
TICK0013034,CUST04994,2026-07-27,Bug Report,Low,169,Resolved,1
TICK0013035,CUST04994,2026-08-07,Technical Issue,Low,148,Resolved,1
TICK0013036,CUST04994,2026-06-03,Technical Issue,Medium,125,Resolved,2
TICK0013037,CUST04995,2025-12-12,Performance,Medium,59,Open,1
TICK0013038,CUST04995,2025-12-07,Integration,Low,262,Resolved,1
TICK0013039,CUST04995,2026-09-13,Bug Report,High,14,Resolved,5
TICK0013040,CUST04995,2026-07-09,Technical Issue,Medium,25,Resolved,3
TICK0013041,CUST04995,07/03/2026,Performance,Medium,154,Resolved,1
TICK0013042,CUST04995,2026-06-23,Bug Report,Low,191,Resolved,3
TICK0013043,CUST04995,2026-01-12,Performance,Medium,70,Resolved,1
TICK0013044,CUST04995,2026-07-28,Bug Report,Medium,145,Resolved,2
TICK0013045,CUST04995,2026-08-12,Technical Issue,High,52,Open,2
TICK0013046,CUST04996,2025-11-22,Feature Request,Medium,56,Resolved,3
TICK0013047,CUST04996,2026-05-12,How-To Question,Medium,77,Resolved,5
TICK0013048,CUST04998,2025-11-19,Feature Request,Medium,72,Resolved,4
TICK0013049,CUST04998,2026-01-10,How-To Question,Low,66,Resolved,3
TICK0013050,CUST04998,2026-05-07,How-To Question,Medium,38,Resolved,4
TICK0013051,CUST04999,2025-04-02,Bug Report,Medium,34,Resolved,5
TICK0013052,CUST04999,2024-11-22,How-To Question,Medium,50,Resolved,4
TICK0013053,CUST04999,2026-05-26,Billing,Medium,21,Resolved,5
TICK0013054,CUST04999,2025-11-03,How-To Question,Medium,71,Resolved,4
TICK0013055,CUST05000,2024-08-05,Bug Report,Medium,46,Resolved,5
TICK0013056,CUST05000,2024-10-11,Integration,Low,100,Resolved,5
TICK0013057,CUST05000,2024-12-05,Feature Request,Low,133,Resolved,5
TICK0008990,CUST03472,2026-05-06,Account Access,Medium,32,Resolved,5
TICK0001735,CUST00673,2026-01-29,Integration,Medium,85,Resolved,1
TICK0004874,CUST01896,2026-04-05,Feature Request,High,17,Resolved,3
TICK0008273,CUST03182,2025-09-23,Billing,Medium,31,Resolved,4
TICK0011030,CUST04252,2025-04-14,Billing,Medium,44,Resolved,5
TICK0008877,CUST03425,2026-08-30,Account Access,Low,137,Resolved,4
TICK0004659,CUST01816,2025-03-04,Integration,Medium,63,Pending,3
TICK0002343,CUST00905,2026-02-11,Performance,Low,65,Resolved,4
TICK0011919,CUST04593,2026-09-05,Billing,Medium,48,Resolved,2
TICK0012842,CUST04922,2025-03-19,Integration,High,24,Resolved,
TICK0010504,CUST04043,2025-05-14,How-To Question,Medium,67,Pending,4
TICK0004640,CUST01806,2026-08-13,Technical Issue,Low,195,Resolved,2
TICK0007266,CUST02777,2025-05-24,Bug Report,Low,137,Resolved,5
TICK0005681,CUST02186,2025-11-11,Feature Request,Medium,49,Resolved,3
TICK0002853,CUST01097,2024-09-26,Billing,Low,72,Resolved,5
TICK0002147,CUST00820,2026-08-28,Technical Issue,High,35,Resolved,3
TICK0000819,CUST00322,2025-05-17,Feature Request,Low,66,Resolved,4
TICK0006930,CUST02655,2024-10-23,Technical Issue,High,14,Resolved,4
TICK0003210,CUST01233,2026-06-12,How-To Question,Medium,25,Resolved,5
TICK0004681,CUST01825,2026-03-14,How-To Question,Low,42,Resolved,2
TICK0001855,CUST00715,2026-02-13,Technical Issue,Low,152,Resolved,1
TICK0012847,CUST04924,2025-06-27,How-To Question,Medium,27,Resolved,4
TICK0001194,CUST00484,2026-06-06,Performance,High,29,Resolved,5
TICK0007342,CUST02805,2026-02-24,Technical Issue,Medium,59,Resolved,3
TICK0007129,CUST02724,2026-08-27,Feature Request,Low,66,Resolved,1
