customer_id,company_name,industry,country,city,company_size,signup_date,acquisition_channel
CUST00001,Murphy LLC,Professional Services,Kenya,Kampala,6-10,2025-01-31,Instagram
CUST00002,"Kennedy, Walker and Turner",Construction,Nigeria,Mombasa,201-500,2026-05-12,Google Ads
CUST00003,Kelly-Dorsey,Real Estate,Rwanda,Nairobi,1-5,2024-07-14,Google Ads
CUST00004,Aguilar-Hall,Hospitality,Uganda,Lagos,201-500,2023-11-05,Organic Search
CUST00005,Bishop-Brown,Logistics,Uganda,Lagos,51-200,2024-10-19,Instagram
CUST00006,Campbell-Hunter,Manufacturing,Ghana,Kampala,1-5,2026-04-24,Facebook
CUST00007,"Zimmerman, Carroll and Fields",Education,Tanzania,Kampala,6-10,2024-01-31,Instagram
CUST00008,"Walker, Davis and Nelson",Technology,Kenya,Mombasa,51-200,2025-03-27,Google Ads
CUST00009,Jones LLC,Technology,South Africa,Dar es Salaam,201-500,2024-06-15,Referral
CUST00010,"Santos, Harmon and Thompson",Retail,Nigeria,Accra,201-500,2026-08-06,Google Ads
CUST00011,Chavez PLC,Education,Kenya,Lagos,11-50,2024-11-10,Partner
CUST00012,"Sanchez, Horn and Rose",Real Estate,Uganda,Mombasa,1-5,2025-04-30,Instagram
CUST00013,"Thornton, Thornton and Weiss",Healthcare,Kenya,Nakuru,1-5,2026-03-24,Sales Team
CUST00014,Campbell-Miller,Healthcare,Rwanda,Dar es Salaam,6-10,2025-09-28,Partner
CUST00015,Martinez and Sons,Technology,Uganda,Kampala,1-5,2025-06-02,Facebook
CUST00016,Thomas Group,Logistics,Nigeria,Nakuru,6-10,2024-06-23,LinkedIn
CUST00017,"Harrington, Simon and Brown",Education,Tanzania,Lagos,6-10,2024-07-03,Partner
CUST00018,Russell LLC,Retail,Uganda,Nairobi,11-50,2024-06-27,Sales Team
CUST00019,Harvey and Sons,Healthcare,Kenya,Nakuru,201-500,2024-11-14,Partner
CUST00020,Buckley and Sons,Hospitality,Nigeria,Accra,51-200,2025-05-31,LinkedIn
CUST00021,Hernandez LLC,Construction,Tanzania,Kisumu,6-10,2025-12-05,Referral
CUST00022,"Foster, Little and Pineda",Real Estate,Rwanda,Johannesburg,51-200,2025-03-20,Partner
CUST00023,Herrera Inc,Hospitality,Uganda,Lagos,51-200,2026-06-29,Google Ads
CUST00024,"Thompson, Richmond and Jordan",Retail,South Africa,Mombasa,6-10,2024-08-15,Facebook
CUST00025,"Marshall, Lopez and Brown",Education,Ghana,Mombasa,51-200,2024-06-08,Sales Team
CUST00026,Herrera Ltd,Real Estate,Rwanda,Lagos,11-50,2025-06-05,Organic Search
CUST00027,Brown and Sons,Professional Services,Nigeria,Lagos,11-50,2024-06-03,Partner
CUST00028,"Lopez, Moore and Chang",Professional Services,Tanzania,Kigali,6-10,2025-06-07,LinkedIn
CUST00029,Larson and Sons,Retail,Nigeria,Kampala,201-500,2025-07-09,Facebook
CUST00030,"Shepherd, Schultz and Miller",Logistics,Kenya,Kampala,201-500,2024-10-06,Instagram
CUST00031,"King, Sanchez and Wilkinson",Construction,Tanzania,Kisumu,201-500,2025-04-02,Organic Search
CUST00032,Duran Group,Real Estate,Tanzania,Accra,1-5,2023-10-09,Google Ads
CUST00033,Wright Ltd,Technology,South Africa,Kampala,6-10,2024-07-19,Organic Search
CUST00034,"Wilkerson, Reese and Sullivan",Hospitality,Ghana,Mombasa,1-5,2025-11-01,LinkedIn
CUST00035,Phelps PLC,Professional Services,South Africa,Lagos,6-10,2025-12-02,Facebook
CUST00036,"Ochoa, Carney and Conner",Manufacturing,Ghana,Kisumu,11-50,2025-11-26,Sales Team
CUST00037,"Johnson, Moore and Clark",Hospitality,Ghana,Nakuru,11-50,2024-05-02,Sales Team
CUST00038,"Avila, Hess and Perez",Technology,Rwanda,Lagos,51-200,2024-05-19,Google Ads
CUST00039,Thornton Group,Hospitality,Uganda,Mombasa,11-50,2025-05-10,Organic Search
CUST00040,Cannon LLC,Real Estate,Ghana,Nakuru,201-500,2025-07-05,Instagram
CUST00041,Coleman-Jennings,Retail,Kenya,Nairobi,6-10,2026-07-24,Google Ads
CUST00042,Nelson PLC,Retail,South Africa,Dar es Salaam,1-5,2025-03-06,Instagram
CUST00043,Wise-Richmond,Healthcare,Nigeria,Accra,6-10,2023-11-07,Facebook
CUST00044,Hart-Moore,Real Estate,Ghana,Accra,6-10,2025-07-12,LinkedIn
CUST00045,Krueger-Crawford,Education,Uganda,Mombasa,1-5,2024-02-29,Sales Team
CUST00046,"Love, Lang and Perry",Technology,Rwanda,Kigali,51-200,2024-06-03,Organic Search
CUST00047,"Hunt, Meyer and Ortiz",Professional Services,Kenya,Kigali,11-50,2025-09-14,Google Ads
CUST00048,"Atkins, Craig and Gibson",Hospitality,Uganda,Nakuru,201-500,2024-12-12,LinkedIn
CUST00049,Anthony-Johnson,Construction,Rwanda,Kisumu,11-50,2026-04-11,LinkedIn
CUST00050,"Strickland, Smith and Wheeler",Hospitality,South Africa,Mombasa,51-200,2025-09-28,Google Ads
CUST00051,Moore and Sons,Retail,Nigeria,Lagos,1-5,2024-12-11,Google Ads
CUST00052,Smith and Sons,Hospitality,Uganda,Kigali,51-200,2025-10-08,LinkedIn
CUST00053,"Burke, Washington and English",Hospitality,South Africa,Kigali,1-5,2025-06-18,Facebook
CUST00054,Hughes LLC,Education,Kenya,Kigali,11-50,2024-05-27,LinkedIn
CUST00055,"Maldonado, Hayes and Humphrey",Healthcare,Rwanda,Lagos,51-200,2025-08-18,Facebook
CUST00056,Davis LLC,Hospitality,Tanzania,Nakuru,1-5,2025-07-06,Organic Search
CUST00057,"Smith, Newman and Wheeler",Technology,Kenya,Nairobi,201-500,2026-03-05,LinkedIn
CUST00058,"Soto, Richards and Todd",Logistics,South Africa,Lagos,6-10,2025-06-01,Organic Search
CUST00059,Salazar Ltd,Logistics,Kenya,Kisumu,1-5,2024-08-01,Google Ads
CUST00060,Evans Ltd,Hospitality,Rwanda,Mombasa,201-500,2026-05-25,Instagram
CUST00061,Salazar Group,Real Estate,Ghana,Nairobi,201-500,2025-04-17,Google Ads
CUST00062,"Strong, Finley and Boyer",Education,Nigeria,Johannesburg,201-500,2025-09-26,Partner
CUST00063,Green-Smith,Healthcare,Uganda,Dar es Salaam,6-10,2024-06-17,Referral
CUST00064,"Simpson, Oliver and Lee",Education,Uganda,Kampala,51-200,2025-12-04,Partner
CUST00065,Owens-Avila,Professional Services,Kenya,Accra,201-500,2025-09-30,Google Ads
CUST00066,Bishop PLC,Professional Services,Ghana,Nakuru,201-500,2024-01-25,Referral
CUST00067,Gibson-Arnold,Construction,Tanzania,Mombasa,6-10,2024-01-31,Partner
CUST00068,Callahan-Schneider,Healthcare,Uganda,Accra,201-500,2024-08-07,Referral
CUST00069,Baker-Lee,Real Estate,South Africa,Lagos,1-5,2026-08-01,Referral
CUST00070,Little-Lowe,Professional Services,Uganda,Kampala,1-5,2024-10-08,Google Ads
CUST00071,Mason Inc,Logistics,Uganda,Kampala,11-50,2025-09-08,Instagram
CUST00072,"Jones, Jones and Anderson",Technology,Uganda,Kampala,201-500,2025-09-27,LinkedIn
CUST00073,"Jimenez, Johnson and Graham",Healthcare,South Africa,Nairobi,1-5,2026-03-16,Sales Team
CUST00074,Cummings-Lopez,Healthcare,Kenya,Nairobi,11-50,2024-12-29,Facebook
CUST00075,"Cherry, Galvan and Craig",Healthcare,Uganda,Accra,201-500,2024-08-18,Sales Team
CUST00076,Burgess Group,Logistics,Kenya,Mombasa,1-5,2025-03-09,Facebook
CUST00077,Brown-Richards,Logistics,Kenya,Dar es Salaam,201-500,2023-09-28,Facebook
CUST00078,Butler-Gonzalez,Education,Uganda,Nairobi,11-50,2026-02-10,Partner
CUST00079,Atkins-Barker,Retail,Tanzania,Nakuru,6-10,2023-12-19,Google Ads
CUST00080,Burgess Ltd,Technology,South Africa,Lagos,51-200,2026-05-11,Facebook
CUST00081,Zimmerman-Shields,Hospitality,South Africa,Kisumu,6-10,2025-05-20,Sales Team
CUST00082,"Tapia, Soto and Barnes",Retail,Uganda,Dar es Salaam,51-200,2026-04-07,Instagram
CUST00083,"Reyes, Harvey and Ellison",Healthcare,Uganda,Mombasa,51-200,2024-07-06,Organic Search
CUST00084,Barr-Pearson,Manufacturing,Uganda,Nakuru,51-200,2024-03-03,Partner
CUST00085,Young Inc,Healthcare,South Africa,Nakuru,6-10,2025-06-21,Organic Search
CUST00086,Roberts Inc,Hospitality,Rwanda,Dar es Salaam,11-50,2025-02-17,Google Ads
CUST00087,Lozano PLC,Healthcare,Tanzania,Lagos,51-200,2026-03-13,Partner
CUST00088,Martin-Ellis,Retail,Kenya,Kampala,6-10,2023-10-28,Referral
CUST00089,Mann Ltd,Retail,Kenya,Johannesburg,51-200,2025-06-15,Partner
CUST00090,Cain-Griffith,Technology,Rwanda,Johannesburg,201-500,2024-09-11,Google Ads
CUST00091,Barnes-Wright,Education,Ghana,Nakuru,11-50,2025-09-25,Organic Search
CUST00092,Oliver-Garcia,Education,Kenya,Lagos,201-500,2025-11-09,Instagram
CUST00093,"Beck, Harris and Hawkins",Technology,Rwanda,Mombasa,11-50,2026-04-07,Partner
CUST00094,Daniels and Sons,Professional Services,Nigeria,Kampala,201-500,2025-09-03,Referral
CUST00095,Bates-Alvarez,Education,Tanzania,Kigali,11-50,2025-12-05,Facebook
CUST00096,"Russell, Farmer and Schultz",Hospitality,Rwanda,Kigali,6-10,2026-01-29,Referral
CUST00097,Hughes LLC,Education,Ghana,Nairobi,11-50,2024-03-04,Referral
CUST00098,Warner-Graham,Hospitality,Rwanda,Johannesburg,201-500,2025-08-08,Partner
CUST00099,Hall-Allen,Manufacturing,Rwanda,Accra,6-10,2024-12-04,LinkedIn
CUST00100,Walker LLC,Construction,Nigeria,Mombasa,11-50,2025-07-21,Partner
CUST00101,Franco Inc,Professional Services,South Africa,Nakuru,11-50,2025-03-16,Instagram
CUST00102,Black and Sons,Hospitality,Uganda,Nairobi,1-5,2026-04-19,Instagram
CUST00103,"Spencer, Bailey and Bryant",Manufacturing,Ghana,Mombasa,51-200,2024-10-16,Sales Team
CUST00104,"Perkins, Lewis and Williamson",Real Estate,Uganda,Kigali,51-200,2025-09-22,Sales Team
CUST00105,"Holland, Fields and Barnett",Hospitality,Uganda,Nairobi,1-5,2023-11-03,Sales Team
CUST00106,Carson-Walker,Hospitality,Uganda,Lagos,51-200,2025-06-27,Organic Search
CUST00107,Valencia Ltd,Logistics,Uganda,Mombasa,51-200,2025-08-12,Facebook
CUST00108,Long Group,Manufacturing,Nigeria,Lagos,201-500,2024-08-17,Partner
CUST00109,Jackson and Sons,Manufacturing,Ghana,Lagos,51-200,2026-06-04,LinkedIn
CUST00110,Casey Ltd,Construction,Nigeria,Accra,51-200,2025-12-07,Referral
CUST00111,Everett-Cameron,Hospitality,South Africa,Kampala,201-500,2026-03-08,LinkedIn
CUST00112,Wallace-Allen,Hospitality,Tanzania,Accra,1-5,2023-12-22,Referral
CUST00113,"Waters, Holden and Cruz",Hospitality,Tanzania,Dar es Salaam,11-50,2024-09-06,Google Ads
CUST00114,Cannon-Wallace,Construction,Uganda,Nakuru,51-200,2026-01-07,Facebook
CUST00115,"Ayers, Guerrero and Leach",Hospitality,Kenya,Kigali,51-200,2025-08-24,Partner
CUST00116,"Cooper, Miller and Mahoney",Logistics,Rwanda,Kigali,1-5,2023-10-26,Instagram
CUST00117,"Berry, Thornton and Jensen",Education,Rwanda,Johannesburg,1-5,2026-07-22,Sales Team
CUST00118,Campbell-Mclaughlin,Manufacturing,Kenya,Dar es Salaam,11-50,2024-10-24,Sales Team
CUST00119,Williams-Joyce,Education,Ghana,Lagos,201-500,2025-04-16,Instagram
CUST00120,Bowen-Cooper,Manufacturing,Uganda,Kampala,51-200,2025-02-24,LinkedIn
CUST00121,"Diaz, Bruce and Brown",Retail,Rwanda,Dar es Salaam,51-200,2024-02-16,Facebook
CUST00122,"Burke, Cummings and Friedman",Manufacturing,Uganda,Johannesburg,201-500,2026-04-17,Organic Search
CUST00123,Cabrera-Atkins,Education,Ghana,Johannesburg,1-5,2023-12-17,Google Ads
CUST00124,Ellison-Walker,Education,Uganda,Accra,6-10,2026-06-07,Organic Search
CUST00125,Harding-Ortega,Healthcare,Rwanda,Dar es Salaam,6-10,2024-06-28,LinkedIn
CUST00126,Miller-Fletcher,Technology,Tanzania,Kigali,11-50,2025-01-03,Sales Team
CUST00127,"Brown, Winters and Williams",Healthcare,South Africa,Mombasa,51-200,2025-04-02,Organic Search
CUST00128,Payne-Chase,Logistics,Kenya,Dar es Salaam,6-10,2024-01-02,Google Ads
CUST00129,Frank-Wolfe,Retail,South Africa,Nairobi,6-10,2024-08-22,Instagram
CUST00130,Horton PLC,Retail,Ghana,Kisumu,6-10,2024-02-27,Facebook
CUST00131,"Hughes, Freeman and Reed",Manufacturing,Nigeria,Mombasa,201-500,2024-11-26,Instagram
CUST00132,Herrera and Sons,Manufacturing,Nigeria,Kampala,11-50,2024-02-27,Facebook
CUST00133,May LLC,Real Estate,Ghana,Mombasa,6-10,2024-03-09,Referral
CUST00134,Daniels-Odonnell,Professional Services,Ghana,Nairobi,11-50,2025-09-17,Sales Team
CUST00135,Russell-Ross,Education,Nigeria,Nakuru,1-5,2026-08-18,Instagram
CUST00136,"Jones, Smith and Roberts",Professional Services,Nigeria,Kampala,201-500,2025-04-19,Google Ads
CUST00137,"Lewis, Holmes and Scott",Real Estate,South Africa,Nairobi,11-50,2026-03-03,Sales Team
CUST00138,Guzman-Raymond,Technology,Kenya,Lagos,11-50,2025-11-19,Organic Search
CUST00139,Thompson-Jones,Education,South Africa,Accra,1-5,2026-04-09,Sales Team
CUST00140,Davis-Duncan,Technology,Nigeria,Accra,6-10,2024-09-18,Sales Team
CUST00141,Bradford-Adkins,Construction,Nigeria,Lagos,11-50,2024-12-06,LinkedIn
CUST00142,"Hicks, Castillo and Rodriguez",Manufacturing,Rwanda,Johannesburg,11-50,2024-03-25,Partner
CUST00143,Rice Group,Hospitality,South Africa,Mombasa,11-50,2024-03-13,LinkedIn
CUST00144,Mitchell-Hunter,Hospitality,South Africa,Accra,201-500,2024-08-04,Sales Team
CUST00145,"Brennan, Espinoza and Russell",Technology,Kenya,Accra,11-50,2024-10-07,Facebook
CUST00146,"Gentry, Hall and Warren",Manufacturing,Uganda,Dar es Salaam,11-50,2024-07-26,Partner
CUST00147,Castro-Sweeney,Healthcare,Ghana,Kampala,201-500,2023-12-01,Organic Search
CUST00148,Ritter-Gomez,Logistics,Uganda,Mombasa,6-10,2026-06-21,Sales Team
CUST00149,"Warren, Hall and Baker",Manufacturing,Ghana,Nakuru,51-200,2025-05-13,LinkedIn
CUST00150,Garrett-Smith,Manufacturing,South Africa,Nairobi,1-5,2025-10-11,Referral
CUST00151,Ward Inc,Hospitality,Rwanda,Nakuru,11-50,2026-04-27,Partner
CUST00152,Montes Ltd,Manufacturing,Ghana,Lagos,11-50,2024-04-29,Sales Team
CUST00153,"Butler, Johnson and Henderson",Logistics,Tanzania,Dar es Salaam,51-200,2025-04-25,Referral
CUST00154,Garcia-Payne,Healthcare,Tanzania,Nakuru,1-5,2024-11-27,Instagram
CUST00155,"Sharp, Sanders and Roman",Technology,Kenya,Lagos,6-10,2026-01-16,Instagram
CUST00156,Graham-James,Hospitality,Nigeria,Accra,11-50,2026-08-07,Referral
CUST00157,Ross-Wright,Professional Services,South Africa,Nakuru,11-50,2024-09-20,Instagram
CUST00158,Roberts-Vaughn,Technology,Uganda,Kampala,1-5,2024-12-08,Facebook
CUST00159,Avila Inc,Healthcare,Kenya,Nairobi,201-500,2025-12-26,Referral
CUST00160,Mueller-Brewer,Construction,Nigeria,Accra,1-5,2026-01-28,Organic Search
CUST00161,Gonzales-White,Real Estate,Tanzania,Accra,51-200,2024-09-27,LinkedIn
CUST00162,"Keller, Allen and Murphy",Technology,Uganda,Nairobi,11-50,2023-12-10,LinkedIn
CUST00163,Stevens Group,Professional Services,South Africa,Mombasa,51-200,2025-10-16,LinkedIn
CUST00164,Taylor LLC,Professional Services,Ghana,Nairobi,6-10,2024-11-02,Facebook
CUST00165,Brown-Lewis,Real Estate,Tanzania,Mombasa,6-10,2024-09-24,Google Ads
CUST00166,"Rivera, Ballard and Reed",Logistics,South Africa,Kigali,201-500,2026-05-01,Instagram
CUST00167,"Barrett, Turner and Wolf",Logistics,Rwanda,Accra,51-200,2024-01-13,Referral
CUST00168,"Nguyen, Mitchell and Spencer",Real Estate,Rwanda,Kampala,201-500,2026-04-28,Organic Search
CUST00169,Smith LLC,Real Estate,Nigeria,Mombasa,6-10,2024-09-10,Instagram
CUST00170,Mitchell-Barton,Healthcare,Nigeria,Mombasa,6-10,2026-07-07,Instagram
CUST00171,Edwards and Sons,Construction,Ghana,Mombasa,6-10,2025-03-04,Organic Search
CUST00172,Rice Group,Education,Rwanda,Johannesburg,51-200,2024-07-20,Referral
CUST00173,Gilbert-Wolf,Retail,Uganda,Kampala,11-50,2024-03-01,LinkedIn
CUST00174,Rollins and Sons,Professional Services,Nigeria,Nakuru,11-50,2026-05-01,Instagram
CUST00175,Wilson-Munoz,Education,Kenya,Lagos,6-10,2025-03-28,Facebook
CUST00176,"Sanchez, Palmer and Powell",Healthcare,South Africa,Kisumu,1-5,2025-08-08,Organic Search
CUST00177,Adams-Jones,Construction,South Africa,Kampala,201-500,2026-02-07,Referral
CUST00178,Kirby-Holland,Manufacturing,Kenya,Accra,11-50,2024-12-22,Sales Team
CUST00179,Bradford-Stark,Healthcare,Ghana,Lagos,51-200,2025-06-02,LinkedIn
CUST00180,Glenn Group,Professional Services,Ghana,Nairobi,51-200,2025-02-09,Partner
CUST00181,Maddox-Johnson,Real Estate,Tanzania,Nairobi,1-5,2025-12-14,Instagram
CUST00182,"Mclaughlin, Flores and Daniels",Real Estate,Ghana,Nairobi,11-50,2024-01-07,Organic Search
CUST00183,Foster-Tapia,Construction,Rwanda,Lagos,51-200,2026-07-02,Referral
CUST00184,"Gardner, Martin and Mcclain",Construction,Ghana,Kigali,51-200,2026-02-01,Google Ads
CUST00185,Esparza-Vang,Manufacturing,Tanzania,Kigali,11-50,2024-06-22,Partner
CUST00186,"Boyd, Johnson and Jacobs",Professional Services,South Africa,Kisumu,11-50,2026-04-28,Sales Team
CUST00187,Chambers-Patel,Manufacturing,Tanzania,Kigali,201-500,2026-06-13,Organic Search
CUST00188,Nguyen-Garcia,Manufacturing,Kenya,Dar es Salaam,11-50,2025-02-12,Partner
CUST00189,Robinson-Hawkins,Professional Services,South Africa,Kigali,201-500,2025-05-06,Organic Search
CUST00190,Johnson-Collins,Logistics,Rwanda,Kigali,1-5,2024-05-31,Instagram
CUST00191,"Brennan, Oliver and Torres",Logistics,Tanzania,Johannesburg,51-200,2025-04-17,LinkedIn
CUST00192,Jackson Ltd,Retail,Uganda,Kampala,201-500,2025-01-16,Facebook
CUST00193,Olsen LLC,Healthcare,Rwanda,Accra,1-5,2026-06-12,Organic Search
CUST00194,Reynolds Group,Real Estate,South Africa,Nakuru,6-10,2023-11-23,Referral
CUST00195,Hill PLC,Logistics,Kenya,Lagos,51-200,2025-08-09,Google Ads
CUST00196,Barnett-Moore,Hospitality,South Africa,Mombasa,51-200,2025-12-10,Google Ads
CUST00197,Alvarez-Aguirre,Construction,Rwanda,Kampala,201-500,2025-10-27,Referral
CUST00198,Robinson PLC,Education,South Africa,Accra,51-200,2025-06-10,Instagram
CUST00199,"Pineda, Abbott and Young",Manufacturing,Ghana,Kisumu,51-200,2023-10-15,Instagram
CUST00200,Davis-Ingram,Real Estate,Ghana,Kisumu,1-5,2025-11-28,Referral
CUST00201,Pollard and Sons,Education,Tanzania,Lagos,11-50,2025-03-20,Organic Search
CUST00202,Evans PLC,Healthcare,Nigeria,Kampala,201-500,2025-01-21,LinkedIn
CUST00203,Escobar Group,Construction,Rwanda,Lagos,51-200,2024-01-16,Partner
CUST00204,Miller-Hughes,Technology,Ghana,Lagos,51-200,2024-01-18,LinkedIn
CUST00205,Cervantes PLC,Technology,South Africa,Nakuru,6-10,2024-03-03,Sales Team
CUST00206,Camacho-Williams,Hospitality,South Africa,Kigali,1-5,2024-05-12,Partner
CUST00207,Solis LLC,Manufacturing,Nigeria,Kigali,51-200,2025-04-10,Facebook
CUST00208,Smith PLC,Manufacturing,Kenya,Kisumu,201-500,2026-06-23,Partner
CUST00209,"Garner, Jones and Frazier",Professional Services,South Africa,Accra,1-5,2024-04-11,LinkedIn
CUST00210,"Joyce, Andrews and Banks",Retail,Nigeria,Kisumu,51-200,2023-11-24,Facebook
CUST00211,Massey Inc,Professional Services,Rwanda,Kampala,11-50,2024-06-30,Sales Team
CUST00212,Young-Smith,Professional Services,South Africa,Dar es Salaam,201-500,2025-06-24,Sales Team
CUST00213,Weber-Ortega,Technology,Nigeria,Accra,201-500,2025-05-01,Organic Search
CUST00214,Smith Group,Real Estate,Kenya,Nakuru,11-50,2025-03-30,Instagram
CUST00215,Shaw-Smith,Professional Services,Rwanda,Mombasa,1-5,2023-12-11,LinkedIn
CUST00216,Dunn-Delacruz,Construction,Nigeria,Kampala,1-5,2024-10-16,Organic Search
CUST00217,"Hoover, Lambert and Stevens",Technology,South Africa,Nairobi,11-50,2024-06-27,Partner
CUST00218,"Rogers, Chandler and Dorsey",Technology,Rwanda,Kisumu,6-10,2024-07-31,Sales Team
CUST00219,Delgado and Sons,Real Estate,Nigeria,Kisumu,6-10,2023-12-01,Facebook
CUST00220,"Murphy, Garza and Parker",Professional Services,Ghana,Kigali,201-500,2025-02-12,Instagram
CUST00221,"Ramos, Brown and Steele",Manufacturing,Ghana,Kisumu,6-10,2025-09-11,LinkedIn
CUST00222,Nelson LLC,Healthcare,Rwanda,Kampala,1-5,2024-10-31,LinkedIn
CUST00223,"Hughes, Gilbert and Maldonado",Healthcare,Nigeria,Lagos,6-10,2023-12-29,Google Ads
CUST00224,Nelson-Marshall,Manufacturing,Tanzania,Johannesburg,11-50,2025-12-25,Sales Team
CUST00225,Ramirez Group,Healthcare,Rwanda,Kampala,6-10,2025-12-10,Sales Team
CUST00226,"Sanchez, Green and Montgomery",Manufacturing,Kenya,Nakuru,51-200,2026-06-07,Partner
CUST00227,Holmes Inc,Real Estate,Tanzania,Kampala,1-5,2026-04-05,Sales Team
CUST00228,"Walker, Nixon and Armstrong",Healthcare,Kenya,Johannesburg,1-5,2025-07-01,LinkedIn
CUST00229,"Graham, Morales and Wilson",Healthcare,South Africa,Nakuru,201-500,2025-04-08,Partner
CUST00230,"Thomas, Martinez and Gallegos",Hospitality,Nigeria,Nakuru,201-500,2024-07-25,Referral
CUST00231,Jones-Kramer,Construction,Nigeria,Mombasa,1-5,2024-11-15,Referral
CUST00232,Lopez LLC,Manufacturing,Kenya,Johannesburg,11-50,2025-12-12,Facebook
CUST00233,White-Walker,Professional Services,Tanzania,Dar es Salaam,51-200,2024-11-06,Facebook
CUST00234,Kidd Group,Hospitality,Uganda,Lagos,11-50,2025-11-02,Referral
CUST00235,Morrison and Sons,Construction,Tanzania,Accra,11-50,2025-03-22,Partner
CUST00236,"Clark, Thompson and Johnston",Professional Services,Rwanda,Mombasa,6-10,2025-09-10,Instagram
CUST00237,"Holland, Robbins and Hernandez",Education,South Africa,Lagos,11-50,2023-10-06,Google Ads
CUST00238,Mora-Rodriguez,Education,Kenya,Kampala,201-500,2026-04-01,Google Ads
CUST00239,"Carrillo, Garcia and Anderson",Manufacturing,Tanzania,Kampala,201-500,2024-07-05,Sales Team
CUST00240,Ewing-Byrd,Technology,Kenya,Nakuru,51-200,2024-10-20,Organic Search
CUST00241,"Alexander, Nelson and Mullins",Real Estate,Ghana,Dar es Salaam,201-500,2025-10-08,Instagram
CUST00242,"Bates, White and Li",Professional Services,Nigeria,Accra,11-50,2025-12-15,Sales Team
CUST00243,Olson and Sons,Professional Services,Uganda,Nairobi,1-5,2024-11-22,Referral
CUST00244,Sullivan-Merritt,Manufacturing,Kenya,Mombasa,6-10,2025-01-17,Facebook
CUST00245,"Jones, Burns and Fitzgerald",Education,Rwanda,Dar es Salaam,201-500,2025-01-12,Sales Team
CUST00246,"Smith, Hamilton and Golden",Real Estate,Nigeria,Kisumu,51-200,2023-11-30,Google Ads
CUST00247,"Brooks, Stanley and Solis",Manufacturing,Ghana,Kigali,11-50,2024-05-11,Organic Search
CUST00248,"Lewis, Alexander and Carter",Technology,Uganda,Accra,51-200,2025-06-03,Instagram
CUST00249,Rosario-Vazquez,Technology,Kenya,Dar es Salaam,201-500,2023-12-13,Partner
CUST00250,Daniels and Sons,Retail,Rwanda,Kampala,6-10,2025-06-18,Google Ads
CUST00251,Dorsey and Sons,Manufacturing,Kenya,Nakuru,201-500,2024-05-24,Organic Search
CUST00252,Anderson Group,Retail,South Africa,Dar es Salaam,6-10,2026-02-13,Facebook
CUST00253,"Reid, Miller and Hernandez",Real Estate,Uganda,Mombasa,201-500,2024-01-02,Instagram
CUST00254,"Holmes, Buckley and Terrell",Real Estate,Uganda,Nakuru,11-50,2024-01-17,Facebook
CUST00255,Merritt-Turner,Real Estate,Kenya,Kampala,6-10,2025-12-02,Facebook
CUST00256,"Krueger, Villarreal and Carter",Logistics,Tanzania,Kisumu,1-5,2026-04-03,Organic Search
CUST00257,Turner-Rogers,Construction,Kenya,Dar es Salaam,6-10,2024-05-28,Partner
CUST00258,"Price, Dickerson and Smith",Retail,Uganda,Kampala,1-5,2025-10-20,Facebook
CUST00259,Woods and Sons,Education,Ghana,Mombasa,1-5,2025-12-10,LinkedIn
CUST00260,White Inc,Manufacturing,South Africa,Dar es Salaam,201-500,2024-10-27,Google Ads
CUST00261,Mcclure Inc,Manufacturing,Ghana,Nakuru,201-500,2024-01-09,Organic Search
CUST00262,Harris-Diaz,Logistics,Tanzania,Accra,1-5,2026-04-13,Organic Search
CUST00263,Williams and Sons,Manufacturing,South Africa,Kigali,51-200,2026-06-04,Google Ads
CUST00264,Ortega-Massey,Manufacturing,Nigeria,Accra,1-5,2023-12-27,Google Ads
CUST00265,Jones LLC,Technology,Ghana,Kisumu,1-5,2025-12-25,Facebook
CUST00266,"Smith, Williams and Watkins",Healthcare,Ghana,Johannesburg,201-500,2025-09-09,Partner
CUST00267,"Villegas, Martin and Ward",Education,Ghana,Lagos,11-50,2024-02-03,LinkedIn
CUST00268,Williams-Chan,Logistics,Ghana,Kigali,1-5,2024-09-07,Google Ads
CUST00269,"Mcintosh, Ray and Trujillo",Logistics,Nigeria,Nakuru,51-200,2026-02-25,LinkedIn
CUST00270,"Guzman, Nichols and Carter",Hospitality,Rwanda,Dar es Salaam,51-200,2026-04-14,Sales Team
CUST00271,"Ward, Fisher and Boyle",Education,Nigeria,Mombasa,11-50,2026-04-16,Sales Team
CUST00272,White-Gilbert,Technology,Nigeria,Kampala,11-50,2026-07-02,Facebook
CUST00273,Duarte PLC,Manufacturing,Kenya,Mombasa,1-5,2026-08-23,Google Ads
CUST00274,Salas-Jones,Education,Kenya,Dar es Salaam,6-10,2025-07-22,Organic Search
CUST00275,Goodman-Anderson,Real Estate,Ghana,Lagos,11-50,2025-09-17,Google Ads
CUST00276,"Hill, Nielsen and Ortega",Education,Tanzania,Kigali,1-5,2025-02-24,Referral
CUST00277,"Collins, George and Wang",Real Estate,Tanzania,Dar es Salaam,1-5,2026-03-24,Instagram
CUST00278,Alexander-Grant,Construction,Nigeria,Accra,6-10,2024-04-04,Google Ads
CUST00279,Hughes-Smith,Technology,South Africa,Lagos,11-50,2025-09-19,Google Ads
CUST00280,Simpson-Bennett,Healthcare,Ghana,Nakuru,51-200,2024-02-03,Organic Search
CUST00281,Williams PLC,Real Estate,Nigeria,Kampala,1-5,2026-06-30,Facebook
CUST00282,"Joseph, Cordova and Green",Healthcare,Nigeria,Kampala,11-50,2025-03-30,Partner
CUST00283,Brown-Ward,Retail,Uganda,Kisumu,201-500,2024-05-12,Sales Team
CUST00284,Cole-Skinner,Professional Services,Uganda,Nairobi,1-5,2025-01-30,Instagram
CUST00285,Mills-Horton,Education,Rwanda,Accra,11-50,2024-10-03,Facebook
CUST00286,Mcdonald-Matthews,Technology,Tanzania,Dar es Salaam,201-500,2023-09-30,Google Ads
CUST00287,"Walters, Russell and Moody",Retail,Uganda,Kisumu,201-500,2024-04-20,Organic Search
CUST00288,Barron PLC,Professional Services,Tanzania,Accra,51-200,2024-06-19,LinkedIn
CUST00289,Hart PLC,Real Estate,Rwanda,Kigali,11-50,2024-05-07,Instagram
CUST00290,Marshall-Bowen,Logistics,Kenya,Dar es Salaam,51-200,2024-09-21,Google Ads
CUST00291,Brooks LLC,Healthcare,Nigeria,Johannesburg,51-200,2024-01-15,Referral
CUST00292,Smith Inc,Retail,Uganda,Kigali,201-500,2024-02-05,Organic Search
CUST00293,Smith Inc,Retail,Uganda,Kampala,6-10,2025-09-24,Facebook
CUST00294,Gamble-Davis,Healthcare,Tanzania,Dar es Salaam,1-5,2024-04-12,Organic Search
CUST00295,Gill LLC,Manufacturing,Nigeria,Kigali,6-10,2024-10-09,Facebook
CUST00296,"Schwartz, Smith and Hammond",Education,Ghana,Nakuru,201-500,2024-06-25,Partner
CUST00297,Reyes-Ali,Professional Services,Rwanda,Nairobi,51-200,2026-06-29,Organic Search
CUST00298,Abbott Inc,Manufacturing,Kenya,Dar es Salaam,201-500,2025-11-05,Sales Team
CUST00299,Young LLC,Real Estate,Rwanda,Kigali,11-50,2025-04-02,Google Ads
CUST00300,Riddle Group,Education,Kenya,Dar es Salaam,6-10,2024-11-15,LinkedIn
CUST00301,"Brown, Holmes and Fletcher",Technology,Kenya,Kigali,1-5,2023-10-23,Instagram
CUST00302,Brown LLC,Education,Ghana,Kigali,201-500,2023-12-16,Google Ads
CUST00303,"Gates, Griffith and Burns",Education,South Africa,Kampala,11-50,2024-08-08,Instagram
CUST00304,West PLC,Technology,South Africa,Kisumu,1-5,2026-03-15,Google Ads
CUST00305,Bailey and Sons,Logistics,Ghana,Nakuru,11-50,2026-02-19,Partner
CUST00306,Cortez PLC,Construction,Uganda,Mombasa,6-10,2025-04-01,Referral
CUST00307,Wiggins-Allen,Hospitality,Uganda,Johannesburg,6-10,2024-04-05,Google Ads
CUST00308,Mckenzie and Sons,Construction,South Africa,Accra,51-200,2024-08-31,LinkedIn
CUST00309,"Stephens, Wells and Woods",Real Estate,Nigeria,Johannesburg,11-50,2025-10-24,Partner
CUST00310,"Hamilton, Clark and Khan",Construction,Rwanda,Mombasa,51-200,2026-01-25,LinkedIn
CUST00311,Perez-Marquez,Healthcare,South Africa,Kampala,201-500,2024-03-24,Organic Search
CUST00312,"Brown, Bailey and Reese",Technology,Ghana,Mombasa,11-50,2023-10-15,LinkedIn
CUST00313,Phillips and Sons,Manufacturing,Kenya,Nairobi,11-50,2025-07-21,Referral
CUST00314,Jones Inc,Professional Services,Nigeria,Mombasa,201-500,2023-11-26,Sales Team
CUST00315,Miller and Sons,Manufacturing,Ghana,Lagos,1-5,2025-03-10,LinkedIn
CUST00316,Reed Ltd,Real Estate,Nigeria,Nakuru,11-50,2024-02-15,LinkedIn
CUST00317,Hale-King,Logistics,Uganda,Nairobi,51-200,2024-09-23,Google Ads
CUST00318,"Romero, Thompson and Williams",Technology,Nigeria,Mombasa,201-500,2026-02-17,Facebook
CUST00319,"Smith, Mueller and Harvey",Retail,Uganda,Accra,51-200,2026-06-09,Facebook
CUST00320,"Lee, Dunn and Warren",Technology,Tanzania,Kampala,51-200,2024-05-29,Sales Team
CUST00321,Martin LLC,Technology,Nigeria,Johannesburg,1-5,2024-01-23,Partner
CUST00322,Blackwell-Smith,Professional Services,Tanzania,Mombasa,201-500,2025-04-16,Sales Team
CUST00323,Turner Inc,Healthcare,Tanzania,Johannesburg,6-10,2026-02-18,Partner
CUST00324,Ibarra-Barron,Professional Services,Ghana,Kisumu,11-50,2023-11-24,Referral
CUST00325,Parker-Lewis,Education,Uganda,Johannesburg,1-5,2025-01-10,Referral
CUST00326,"Hoffman, Hansen and Wells",Logistics,Rwanda,Dar es Salaam,6-10,2024-07-28,Google Ads
CUST00327,Beck-Hill,Education,Ghana,Dar es Salaam,1-5,2025-07-30,Partner
CUST00328,Weaver-Brown,Healthcare,Uganda,Nakuru,11-50,2026-03-10,LinkedIn
CUST00329,Chen Group,Hospitality,Uganda,Kisumu,6-10,2025-09-17,Google Ads
CUST00330,"Thornton, Lopez and Nichols",Healthcare,South Africa,Mombasa,201-500,2025-05-09,Organic Search
CUST00331,Key-Campbell,Technology,South Africa,Johannesburg,6-10,2026-02-04,Sales Team
CUST00332,"Hayes, Wilson and Bennett",Construction,Uganda,Kisumu,201-500,2026-06-03,Facebook
CUST00333,"Baker, Duncan and Carpenter",Manufacturing,Kenya,Kigali,11-50,2024-11-23,Instagram
CUST00334,"Turner, Simpson and Butler",Manufacturing,Ghana,Kampala,51-200,2025-06-22,Instagram
CUST00335,Snyder LLC,Logistics,Uganda,Kampala,51-200,2025-02-13,Instagram
CUST00336,Brewer-White,Technology,Nigeria,Johannesburg,51-200,2025-11-10,LinkedIn
CUST00337,Rivera Ltd,Healthcare,South Africa,Kigali,201-500,2024-03-24,Sales Team
CUST00338,Banks-Gonzalez,Construction,South Africa,Nakuru,201-500,2024-09-15,Facebook
CUST00339,"Singleton, Long and Campbell",Healthcare,Kenya,Accra,11-50,2025-02-03,Google Ads
CUST00340,"Ellis, Valencia and Blanchard",Logistics,South Africa,Mombasa,11-50,2024-08-10,Google Ads
CUST00341,Duncan and Sons,Construction,Tanzania,Accra,201-500,2024-05-25,Facebook
CUST00342,Henry-Yang,Education,Kenya,Nakuru,51-200,2024-11-18,Partner
CUST00343,"Keith, Robertson and Vasquez",Retail,Rwanda,Nairobi,51-200,2026-06-13,Partner
CUST00344,"Kramer, Howell and Macdonald",Hospitality,Rwanda,Mombasa,11-50,2025-10-01,Instagram
CUST00345,Price PLC,Retail,Tanzania,Mombasa,11-50,2025-05-31,Facebook
CUST00346,"Brown, Clark and English",Construction,Kenya,Kampala,51-200,2023-10-13,Facebook
CUST00347,"Spears, Williams and Miller",Manufacturing,Rwanda,Johannesburg,1-5,2026-03-13,Google Ads
CUST00348,"Gomez, Harris and Roman",Retail,Tanzania,Nakuru,6-10,2025-12-06,Sales Team
CUST00349,"Raymond, Ruiz and Fernandez",Professional Services,South Africa,Kampala,6-10,2023-12-15,Referral
CUST00350,Scott Ltd,Professional Services,Kenya,Nakuru,51-200,2023-09-27,LinkedIn
CUST00351,Herrera-Thomas,Professional Services,Kenya,Accra,201-500,2023-11-27,Organic Search
CUST00352,Guerrero LLC,Logistics,Ghana,Nakuru,6-10,2024-04-05,Referral
CUST00353,Horn Group,Education,Kenya,Johannesburg,11-50,2023-10-21,Instagram
CUST00354,Jones Group,Real Estate,Rwanda,Kisumu,1-5,2024-08-17,Partner
CUST00355,Santiago-Greene,Professional Services,Ghana,Lagos,201-500,2024-09-22,Organic Search
CUST00356,Keller Ltd,Education,South Africa,Accra,1-5,2026-07-26,Sales Team
CUST00357,Baxter LLC,Technology,Tanzania,Nairobi,11-50,2025-09-27,Google Ads
CUST00358,Yang Group,Technology,Uganda,Mombasa,201-500,2025-10-07,Partner
CUST00359,Gray PLC,Construction,Kenya,Dar es Salaam,201-500,2024-11-03,Partner
CUST00360,Hodges and Sons,Construction,South Africa,Accra,51-200,2025-02-16,Facebook
CUST00361,Payne-Williams,Construction,Kenya,Accra,1-5,2025-07-15,Referral
CUST00362,"Campbell, Morales and Griffin",Hospitality,Kenya,Nakuru,1-5,2024-04-21,Partner
CUST00363,Shannon-Salazar,Healthcare,Ghana,Kigali,201-500,2024-12-19,LinkedIn
CUST00364,Taylor Inc,Healthcare,Kenya,Nakuru,11-50,2024-12-09,Partner
CUST00365,Carter Inc,Retail,South Africa,Dar es Salaam,11-50,2025-04-18,Google Ads
CUST00366,"Palmer, Powell and Cook",Technology,Rwanda,Kigali,51-200,2024-06-22,Sales Team
CUST00367,Williams Inc,Technology,Uganda,Accra,51-200,2024-06-27,Partner
CUST00368,Jordan Group,Logistics,Tanzania,Mombasa,51-200,2026-03-28,Google Ads
CUST00369,Robinson PLC,Education,Ghana,Kisumu,201-500,2025-09-13,Referral
CUST00370,"Hancock, Schwartz and Scott",Technology,Kenya,Mombasa,11-50,2025-02-21,Referral
CUST00371,"Haynes, Simmons and Carr",Healthcare,Rwanda,Johannesburg,51-200,2024-09-29,Facebook
CUST00372,Stephens Ltd,Manufacturing,Tanzania,Accra,1-5,2025-04-25,Partner
CUST00373,Villarreal-Randolph,Real Estate,Rwanda,Kampala,1-5,2026-04-26,Google Ads
CUST00374,Simpson-Ramos,Education,Tanzania,Lagos,6-10,2023-10-07,Organic Search
CUST00375,Hall-Berger,Construction,South Africa,Johannesburg,51-200,2025-03-03,Organic Search
CUST00376,Jensen PLC,Construction,Kenya,Nakuru,11-50,2024-01-22,Partner
CUST00377,Shannon and Sons,Education,Ghana,Nairobi,201-500,2024-05-22,Facebook
CUST00378,Knox and Sons,Manufacturing,Tanzania,Dar es Salaam,51-200,2025-02-25,Google Ads
CUST00379,Lopez Group,Real Estate,Uganda,Lagos,11-50,2025-07-25,Sales Team
CUST00380,Thompson-Gamble,Technology,Nigeria,Kampala,6-10,2024-01-17,Google Ads
CUST00381,Estes-Carey,Retail,Nigeria,Kisumu,51-200,2026-01-11,Sales Team
CUST00382,Walters-Blackburn,Logistics,Kenya,Kampala,11-50,2024-08-07,LinkedIn
CUST00383,Davis Inc,Hospitality,Ghana,Kampala,51-200,2024-08-28,Instagram
CUST00384,"Johnson, Garner and Marshall",Professional Services,Uganda,Mombasa,51-200,2025-03-14,Facebook
CUST00385,Mitchell-Robinson,Manufacturing,Kenya,Dar es Salaam,11-50,2025-04-05,Google Ads
CUST00386,Walls and Sons,Logistics,Ghana,Kampala,11-50,2024-11-20,Facebook
CUST00387,"Goodman, Moore and Rogers",Construction,South Africa,Dar es Salaam,201-500,2026-01-20,Instagram
CUST00388,"Kim, Ramos and Allen",Professional Services,Uganda,Kisumu,6-10,2024-11-03,LinkedIn
CUST00389,Reid-Lowery,Retail,Tanzania,Lagos,201-500,2024-05-21,Partner
CUST00390,Green-Rosales,Manufacturing,South Africa,Lagos,6-10,2026-04-27,Google Ads
CUST00391,"Hooper, Quinn and House",Professional Services,Tanzania,Kigali,51-200,2025-03-04,Sales Team
CUST00392,"Abbott, Nielsen and Smith",Education,South Africa,Johannesburg,1-5,2024-12-06,Facebook
CUST00393,"Rodriguez, Williams and Smith",Technology,Nigeria,Mombasa,51-200,2024-04-03,LinkedIn
CUST00394,Spencer Inc,Logistics,Tanzania,Kisumu,201-500,2024-07-04,Facebook
CUST00395,"Romero, Larsen and Smith",Construction,Rwanda,Lagos,1-5,2024-10-05,Google Ads
CUST00396,Moore Group,Logistics,Uganda,Kampala,6-10,2026-04-02,Facebook
CUST00397,Moreno Inc,Technology,Nigeria,Nakuru,11-50,2023-12-08,Referral
CUST00398,Smith-Garcia,Professional Services,Tanzania,Nakuru,201-500,2024-02-09,Referral
CUST00399,Morales-Lopez,Construction,Nigeria,Kampala,201-500,2024-12-18,Google Ads
CUST00400,Shaw Ltd,Logistics,Nigeria,Kisumu,201-500,2023-10-19,Facebook
CUST00401,Gonzalez-Yang,Construction,Nigeria,Johannesburg,201-500,2025-02-21,Partner
CUST00402,Gray-Johnson,Real Estate,Kenya,Nairobi,1-5,2025-01-26,Organic Search
CUST00403,Wilson-Taylor,Real Estate,Tanzania,Nakuru,201-500,2024-06-17,Sales Team
CUST00404,"Waters, Jones and Cruz",Real Estate,Nigeria,Nairobi,51-200,2026-05-04,Referral
CUST00405,"Richardson, Hall and Newton",Healthcare,Rwanda,Nakuru,51-200,2025-09-29,Referral
CUST00406,Wilson PLC,Manufacturing,Kenya,Nairobi,6-10,2024-04-14,LinkedIn
CUST00407,Kirby Group,Education,Rwanda,Accra,6-10,2024-03-04,Partner
CUST00408,Smith and Sons,Real Estate,Uganda,Dar es Salaam,11-50,2026-05-25,Partner
CUST00409,Lopez-Newman,Education,Uganda,Dar es Salaam,201-500,2023-12-03,Google Ads
CUST00410,Cruz-Peters,Technology,Uganda,Accra,1-5,2024-08-10,Referral
CUST00411,Evans Inc,Manufacturing,Uganda,Kisumu,1-5,2025-07-16,Organic Search
CUST00412,Allen LLC,Healthcare,Rwanda,Johannesburg,51-200,2023-10-02,Instagram
CUST00413,"Hill, Peterson and Vang",Construction,South Africa,Dar es Salaam,201-500,2024-07-25,Partner
CUST00414,Chapman-Johnson,Hospitality,South Africa,Kisumu,51-200,2024-03-20,LinkedIn
CUST00415,Brown LLC,Manufacturing,Tanzania,Accra,1-5,2024-07-11,Google Ads
CUST00416,Duarte-Anderson,Education,Ghana,Accra,6-10,2024-11-25,Instagram
CUST00417,Marquez Ltd,Real Estate,Tanzania,Nairobi,1-5,2025-08-27,Referral
CUST00418,Thomas and Sons,Manufacturing,Ghana,Accra,11-50,2025-12-29,Organic Search
CUST00419,"Hernandez, Garrison and Gonzalez",Professional Services,Rwanda,Kisumu,11-50,2025-10-11,Partner
CUST00420,Warner-Bell,Education,Tanzania,Nairobi,51-200,2024-01-04,Organic Search
CUST00421,"Mayo, Atkinson and Salinas",Real Estate,Ghana,Nakuru,11-50,2025-05-24,Referral
CUST00422,"Kennedy, Li and Harris",Professional Services,Rwanda,Lagos,51-200,2024-06-15,Referral
CUST00423,Castillo-Mcdonald,Real Estate,Nigeria,Johannesburg,1-5,2023-12-18,Facebook
CUST00424,Martinez Inc,Professional Services,Rwanda,Dar es Salaam,11-50,2025-06-16,Partner
CUST00425,Alvarez-Johnson,Construction,Uganda,Johannesburg,201-500,2026-03-06,Sales Team
CUST00426,"Williams, Clark and Gregory",Logistics,Kenya,Nairobi,1-5,2024-06-30,Facebook
CUST00427,Zhang Inc,Technology,South Africa,Accra,201-500,2023-11-20,LinkedIn
CUST00428,Hobbs LLC,Construction,Ghana,Lagos,6-10,2024-07-07,Partner
CUST00429,Mata-Yoder,Real Estate,Tanzania,Kisumu,51-200,2026-05-22,Referral
CUST00430,"Hudson, Silva and Cruz",Real Estate,Tanzania,Lagos,201-500,2025-12-02,LinkedIn
CUST00431,Ruiz and Sons,Real Estate,Tanzania,Accra,1-5,2025-12-25,Partner
CUST00432,Lee-Johnson,Technology,Nigeria,Mombasa,51-200,2026-05-15,Referral
CUST00433,Gonzales-Brown,Retail,Ghana,Accra,11-50,2025-10-09,Instagram
CUST00434,Gutierrez-Garza,Retail,Ghana,Accra,6-10,2026-01-24,Sales Team
CUST00435,Maldonado-Perry,Construction,South Africa,Nakuru,1-5,2024-09-01,Google Ads
CUST00436,Wright-Brennan,Hospitality,Kenya,Accra,11-50,2025-01-04,Sales Team
CUST00437,"Williams, Atkins and Daniels",Construction,Rwanda,Nakuru,51-200,2023-12-13,LinkedIn
CUST00438,"Jimenez, Lambert and Griffin",Retail,Nigeria,Kisumu,201-500,2026-01-21,Instagram
CUST00439,Barr-Leonard,Logistics,Tanzania,Accra,201-500,2024-12-30,Sales Team
CUST00440,"Stuart, Lane and Munoz",Technology,Uganda,Accra,201-500,2024-03-19,Partner
CUST00441,"Williams, Brown and Johnson",Logistics,Tanzania,Kampala,201-500,2023-10-07,LinkedIn
CUST00442,Johnson Group,Hospitality,Uganda,Kampala,201-500,2025-11-02,Referral
CUST00443,Duarte LLC,Hospitality,Tanzania,Kampala,6-10,2024-01-04,LinkedIn
CUST00444,Sanchez and Sons,Technology,Rwanda,Dar es Salaam,201-500,2024-02-19,Referral
CUST00445,"Washington, Rose and Singh",Healthcare,Kenya,Johannesburg,201-500,2026-01-28,Sales Team
CUST00446,Houston Inc,Education,South Africa,Dar es Salaam,6-10,2025-10-13,Referral
CUST00447,"Weber, Morgan and Hoffman",Retail,Tanzania,Mombasa,11-50,2026-04-14,LinkedIn
CUST00448,"Byrd, Carroll and Valdez",Healthcare,Nigeria,Accra,6-10,2024-01-23,Instagram
CUST00449,Perez-Juarez,Logistics,Tanzania,Lagos,11-50,2026-08-16,Facebook
CUST00450,"Lynch, Nguyen and Diaz",Professional Services,Ghana,Johannesburg,6-10,2024-10-08,Instagram
CUST00451,Wilson Ltd,Retail,Nigeria,Lagos,6-10,2025-11-29,Instagram
CUST00452,Mclaughlin-Greene,Retail,Kenya,Kigali,11-50,2026-05-24,LinkedIn
CUST00453,Romero-Miller,Professional Services,Nigeria,Kisumu,1-5,2025-08-31,Facebook
CUST00454,Andrews-Fischer,Education,Nigeria,Accra,51-200,2026-05-16,Instagram
CUST00455,"Maynard, Leon and Jenkins",Healthcare,Tanzania,Kampala,1-5,2024-11-10,Google Ads
CUST00456,"Hooper, Williams and Carter",Real Estate,Uganda,Lagos,1-5,2026-07-16,Facebook
CUST00457,Shaw-Campbell,Education,South Africa,Kisumu,1-5,2024-12-13,Sales Team
CUST00458,"Price, Olson and Barajas",Manufacturing,Uganda,Kampala,1-5,2025-03-31,Organic Search
CUST00459,Kennedy-Pena,Healthcare,Ghana,Johannesburg,1-5,2024-01-19,Partner
CUST00460,Lin and Sons,Healthcare,Rwanda,Lagos,201-500,2024-08-28,LinkedIn
CUST00461,"Cook, Wall and Garcia",Construction,South Africa,Lagos,51-200,2026-08-13,Referral
CUST00462,Hines and Sons,Hospitality,South Africa,Mombasa,11-50,2024-03-07,Facebook
CUST00463,"Chung, Sanders and Guerrero",Manufacturing,Nigeria,Kampala,6-10,2024-02-21,Organic Search
CUST00464,Kim-Michael,Technology,South Africa,Kampala,201-500,2026-04-05,Instagram
CUST00465,Carr Inc,Construction,Ghana,Kigali,51-200,2024-09-05,Partner
CUST00466,"Calderon, Mendez and Mccarthy",Professional Services,Rwanda,Mombasa,6-10,2026-08-20,Facebook
CUST00467,"Miller, Sims and Martinez",Manufacturing,Tanzania,Nakuru,1-5,2025-07-24,Referral
CUST00468,"Wilkins, Castillo and Martin",Education,Uganda,Accra,11-50,2025-11-29,Partner
CUST00469,White-Sanchez,Healthcare,Ghana,Johannesburg,1-5,2025-01-05,Referral
CUST00470,Gutierrez PLC,Technology,Nigeria,Nakuru,1-5,2025-08-27,Google Ads
CUST00471,Thompson Inc,Manufacturing,Tanzania,Kisumu,51-200,2025-05-18,Referral
CUST00472,Knapp Inc,Professional Services,Nigeria,Kampala,11-50,2024-05-25,Instagram
CUST00473,"Hill, Kirby and Sandoval",Hospitality,Uganda,Accra,6-10,2025-02-15,LinkedIn
CUST00474,Bailey-Rose,Real Estate,Tanzania,Kigali,201-500,2025-07-11,LinkedIn
CUST00475,Cunningham PLC,Logistics,South Africa,Nakuru,6-10,2026-08-01,Google Ads
CUST00476,Barrett-Ewing,Logistics,Rwanda,Lagos,11-50,2025-12-23,Google Ads
CUST00477,"Aguilar, Munoz and Rubio",Real Estate,Kenya,Nairobi,201-500,2025-10-18,Instagram
CUST00478,Garcia-Underwood,Real Estate,Ghana,Kisumu,6-10,2025-05-12,Partner
CUST00479,Chen Group,Logistics,Rwanda,Mombasa,6-10,2024-08-25,LinkedIn
CUST00480,Miller Inc,Professional Services,Ghana,Accra,1-5,2024-08-30,LinkedIn
CUST00481,Tucker-Rojas,Construction,Ghana,Kigali,51-200,2025-08-17,Organic Search
CUST00482,"Smith, Barr and Mills",Logistics,Rwanda,Kampala,1-5,2025-03-19,Sales Team
CUST00483,Gonzalez Ltd,Healthcare,South Africa,Nairobi,6-10,2026-04-14,Google Ads
CUST00484,Blair-Gomez,Retail,Rwanda,Dar es Salaam,1-5,2024-08-11,Organic Search
CUST00485,"Valdez, Ross and Ramos",Professional Services,Rwanda,Nairobi,11-50,2025-12-19,Sales Team
CUST00486,Bailey-Brown,Construction,South Africa,Kisumu,51-200,2025-09-18,Partner
CUST00487,Fisher and Sons,Education,Rwanda,Kigali,51-200,2026-03-30,Google Ads
CUST00488,"Lozano, Kelly and Carroll",Logistics,Uganda,Dar es Salaam,1-5,2026-03-17,Facebook
CUST00489,Bradshaw Group,Logistics,Rwanda,Lagos,6-10,2025-04-10,Instagram
CUST00490,Wilson-Hooper,Retail,South Africa,Nairobi,11-50,2025-05-29,LinkedIn
CUST00491,Baker PLC,Logistics,Rwanda,Lagos,51-200,2024-02-21,Instagram
CUST00492,"Wilson, Hernandez and Fischer",Hospitality,Rwanda,Dar es Salaam,6-10,2025-08-31,Referral
CUST00493,Morris-Walker,Hospitality,Nigeria,Mombasa,1-5,2026-04-24,Sales Team
CUST00494,"Rose, Huffman and Chambers",Real Estate,South Africa,Nairobi,6-10,2024-09-29,Instagram
CUST00495,"Baker, Barnes and Gamble",Professional Services,Kenya,Johannesburg,1-5,2024-05-24,LinkedIn
CUST00496,"Espinoza, Roy and Schaefer",Real Estate,Nigeria,Nairobi,6-10,2025-04-22,Organic Search
CUST00497,Mason-Roach,Education,Rwanda,Nakuru,201-500,2025-08-18,Instagram
CUST00498,Woods-Russell,Retail,Uganda,Lagos,11-50,2025-06-07,Instagram
CUST00499,Ward-Martin,Real Estate,Tanzania,Johannesburg,201-500,2024-03-31,Partner
CUST00500,"Glover, Gonzalez and Davies",Hospitality,Tanzania,Kisumu,201-500,2025-09-18,Instagram
CUST00501,"Mendez, Decker and Cabrera",Education,Tanzania,Kampala,1-5,2026-01-13,Facebook
CUST00502,Harding Group,Education,Ghana,Accra,1-5,2025-04-22,Partner
CUST00503,"Dalton, Lewis and Garcia",Education,South Africa,Lagos,11-50,2026-02-08,Sales Team
CUST00504,Sharp-Lawrence,Education,Uganda,Kampala,51-200,2025-11-23,Facebook
CUST00505,"Gomez, Parker and Knight",Logistics,Rwanda,Nakuru,6-10,2026-03-15,Referral
CUST00506,Phillips-Berger,Construction,South Africa,Accra,1-5,2023-10-18,Sales Team
CUST00507,"Carter, Simon and Edwards",Education,Ghana,Lagos,6-10,2026-02-13,Sales Team
CUST00508,Lee-Mejia,Hospitality,Tanzania,Nakuru,11-50,2024-10-09,Google Ads
CUST00509,"Vance, King and Nunez",Manufacturing,South Africa,Dar es Salaam,1-5,2025-07-13,Instagram
CUST00510,Fritz-Garcia,Retail,Tanzania,Kigali,201-500,2024-07-18,Organic Search
CUST00511,Skinner-Tucker,Professional Services,Uganda,Johannesburg,201-500,2025-11-10,Instagram
CUST00512,"Carter, Summers and Mendoza",Manufacturing,Uganda,Dar es Salaam,11-50,2025-01-23,Organic Search
CUST00513,"White, Harmon and Jones",Hospitality,Uganda,Mombasa,51-200,2026-04-25,Instagram
CUST00514,Edwards-Wilson,Real Estate,Nigeria,Nakuru,51-200,2025-07-28,Instagram
CUST00515,"Davenport, Tran and Moran",Logistics,Tanzania,Kampala,51-200,2024-07-05,LinkedIn
CUST00516,"Hartman, Carson and Maldonado",Logistics,Nigeria,Dar es Salaam,11-50,2025-02-12,Referral
CUST00517,Espinoza-Shepherd,Technology,Ghana,Accra,51-200,2026-08-09,Google Ads
CUST00518,"Grant, Ramsey and Jennings",Manufacturing,South Africa,Dar es Salaam,6-10,2025-05-28,Partner
CUST00519,"Jones, Summers and Cummings",Technology,Rwanda,Nairobi,201-500,2026-07-27,Instagram
CUST00520,White-Mccall,Construction,Kenya,Kampala,201-500,2025-11-25,Sales Team
CUST00521,Dunn-Barnett,Healthcare,Uganda,Nakuru,11-50,2025-12-24,Instagram
CUST00522,Newton-Chandler,Education,Ghana,Nakuru,51-200,2026-07-27,Partner
CUST00523,Hale-Lawrence,Healthcare,South Africa,Accra,51-200,2026-04-27,LinkedIn
CUST00524,Davis Inc,Construction,Nigeria,Dar es Salaam,6-10,2025-02-19,Facebook
CUST00525,Butler-Green,Logistics,Rwanda,Kisumu,201-500,2025-07-07,Organic Search
CUST00526,Garcia-Adams,Logistics,Kenya,Mombasa,1-5,2024-11-22,Organic Search
CUST00527,Khan-Alexander,Education,Uganda,Nakuru,1-5,2026-07-21,Facebook
CUST00528,Johnson and Sons,Retail,Uganda,Lagos,51-200,2026-04-30,Partner
CUST00529,Brennan-Fox,Retail,Ghana,Johannesburg,51-200,2025-11-17,LinkedIn
CUST00530,Martin Inc,Retail,Kenya,Lagos,201-500,2025-05-07,Sales Team
CUST00531,Wyatt-Gates,Retail,Kenya,Lagos,11-50,2024-12-08,Referral
CUST00532,"Glenn, Gilbert and Ibarra",Retail,Ghana,Kigali,6-10,2025-04-24,Google Ads
CUST00533,Hughes PLC,Professional Services,Ghana,Kisumu,6-10,2025-04-28,Instagram
CUST00534,"Brown, Hurley and Hess",Real Estate,Ghana,Kampala,11-50,2025-06-06,Referral
CUST00535,Lang and Sons,Education,Kenya,Dar es Salaam,51-200,2025-04-15,LinkedIn
CUST00536,"Edwards, Copeland and Davis",Real Estate,Uganda,Nakuru,11-50,2024-07-03,Google Ads
CUST00537,Lewis-Cook,Retail,Kenya,Kigali,51-200,2023-10-06,Sales Team
CUST00538,Miller-Shannon,Logistics,Rwanda,Nairobi,1-5,2024-12-24,Facebook
CUST00539,"West, Schmitt and Walker",Professional Services,Rwanda,Kigali,11-50,2024-03-21,Google Ads
CUST00540,Doyle-Townsend,Logistics,Kenya,Nakuru,6-10,2026-04-14,LinkedIn
CUST00541,"Moreno, Salinas and Clark",Healthcare,Kenya,Mombasa,11-50,2024-07-30,Organic Search
CUST00542,Young-Thomas,Construction,South Africa,Dar es Salaam,1-5,2026-07-12,Instagram
CUST00543,"Lane, Smith and Foster",Real Estate,Uganda,Kigali,1-5,2023-12-08,Referral
CUST00544,Craig PLC,Construction,Ghana,Nakuru,201-500,2026-07-11,Sales Team
CUST00545,Hughes-Mcdaniel,Logistics,Tanzania,Kigali,6-10,2024-06-02,Google Ads
CUST00546,Bryan Inc,Logistics,Nigeria,Dar es Salaam,1-5,2023-11-08,Google Ads
CUST00547,Barr-Short,Education,Uganda,Mombasa,11-50,2025-11-18,Sales Team
CUST00548,Young-Kennedy,Technology,Kenya,Kampala,51-200,2024-03-27,LinkedIn
CUST00549,Lee and Sons,Hospitality,Tanzania,Lagos,51-200,2026-03-04,Sales Team
CUST00550,Thomas Inc,Construction,Nigeria,Johannesburg,51-200,2023-09-26,Google Ads
CUST00551,"Martin, Waters and Gibson",Real Estate,Tanzania,Nakuru,1-5,2025-01-17,Google Ads
CUST00552,"Erickson, Taylor and Jackson",Healthcare,Uganda,Kigali,6-10,2025-08-27,Sales Team
CUST00553,Jones PLC,Technology,Tanzania,Mombasa,1-5,2026-07-08,Organic Search
CUST00554,Sanchez-Tucker,Healthcare,Rwanda,Dar es Salaam,11-50,2025-03-30,Google Ads
CUST00555,Jones-Wagner,Construction,Kenya,Kisumu,51-200,2026-05-22,LinkedIn
CUST00556,Andrews PLC,Logistics,Ghana,Lagos,51-200,2025-08-04,Google Ads
CUST00557,Luna Ltd,Retail,Kenya,Dar es Salaam,201-500,2025-04-04,Google Ads
CUST00558,"Jones, Andersen and Thompson",Real Estate,Ghana,Dar es Salaam,51-200,2024-12-29,Organic Search
CUST00559,Brown-Clark,Healthcare,Rwanda,Kigali,1-5,2023-11-12,Instagram
CUST00560,Williams-Walker,Real Estate,Ghana,Kisumu,51-200,2026-01-17,Facebook
CUST00561,Price LLC,Construction,Tanzania,Kampala,11-50,2026-02-18,LinkedIn
CUST00562,Mendoza Ltd,Construction,Kenya,Kisumu,51-200,2025-05-21,Referral
CUST00563,"Rivera, Rogers and Williams",Education,Tanzania,Accra,1-5,2024-03-29,Partner
CUST00564,Yang-Massey,Healthcare,Uganda,Accra,201-500,2024-07-08,Instagram
CUST00565,Brown Group,Manufacturing,Kenya,Kisumu,11-50,2025-01-20,Organic Search
CUST00566,Henson-Stewart,Education,Tanzania,Johannesburg,51-200,2025-05-07,Partner
CUST00567,Marshall Ltd,Manufacturing,Tanzania,Kigali,201-500,2025-07-02,Facebook
CUST00568,Wilson-Meadows,Healthcare,Tanzania,Johannesburg,6-10,2024-10-19,LinkedIn
CUST00569,"Bray, Washington and Baldwin",Technology,Uganda,Kigali,11-50,2023-11-19,Referral
CUST00570,Hahn-Torres,Manufacturing,Ghana,Nakuru,11-50,2025-05-15,Sales Team
CUST00571,Cruz-Smith,Healthcare,South Africa,Kigali,11-50,2025-03-07,Google Ads
CUST00572,Gomez Ltd,Real Estate,Uganda,Johannesburg,201-500,2026-08-04,Facebook
CUST00573,Pacheco-Harris,Logistics,Kenya,Accra,6-10,2024-08-31,LinkedIn
CUST00574,"Logan, Bell and Brown",Healthcare,South Africa,Mombasa,51-200,2025-02-19,LinkedIn
CUST00575,Jordan Ltd,Construction,Nigeria,Kampala,6-10,2024-01-04,Referral
CUST00576,"Palmer, Johnson and Owens",Construction,Nigeria,Kigali,51-200,2026-05-14,Google Ads
CUST00577,Barton PLC,Manufacturing,Ghana,Accra,201-500,2024-11-12,Sales Team
CUST00578,Clark-Cortez,Logistics,Ghana,Kigali,201-500,2025-01-14,Organic Search
CUST00579,Carson PLC,Technology,Nigeria,Lagos,201-500,2026-04-14,Google Ads
CUST00580,"Ingram, Pierce and Sanders",Professional Services,South Africa,Nakuru,11-50,2025-03-17,Facebook
CUST00581,Vazquez Ltd,Real Estate,Kenya,Johannesburg,51-200,2026-03-22,Partner
CUST00582,Gutierrez Group,Education,Kenya,Nairobi,1-5,2023-11-01,Referral
CUST00583,"Franklin, Mason and Wagner",Hospitality,Ghana,Lagos,201-500,2025-03-29,Instagram
CUST00584,Vasquez-Evans,Manufacturing,Tanzania,Kigali,51-200,2024-05-29,Facebook
CUST00585,Small Inc,Technology,Kenya,Accra,1-5,2024-10-20,Referral
CUST00586,Ayers Inc,Education,Kenya,Mombasa,6-10,2025-04-10,Partner
CUST00587,Torres-Sanders,Healthcare,Tanzania,Accra,6-10,2023-12-17,LinkedIn
CUST00588,Williams Group,Technology,Rwanda,Mombasa,51-200,2025-06-20,LinkedIn
CUST00589,Bell-Robinson,Technology,Kenya,Kampala,1-5,2025-01-20,Google Ads
CUST00590,Torres Inc,Retail,South Africa,Dar es Salaam,1-5,2024-03-02,Facebook
CUST00591,"Drake, Banks and Scott",Hospitality,Ghana,Kisumu,201-500,2025-12-13,Facebook
CUST00592,Pitts-White,Technology,Ghana,Kigali,51-200,2024-02-06,Instagram
CUST00593,Rivera-Hughes,Education,Nigeria,Kisumu,6-10,2024-06-15,Sales Team
CUST00594,Crawford-Phillips,Education,Kenya,Johannesburg,6-10,2024-08-14,LinkedIn
CUST00595,"Pena, Stephenson and Campbell",Real Estate,Rwanda,Kigali,1-5,2025-03-12,Instagram
CUST00596,Johnson-Williams,Hospitality,Tanzania,Mombasa,201-500,2023-12-23,Google Ads
CUST00597,"Douglas, Clark and Thomas",Logistics,Uganda,Dar es Salaam,11-50,2025-02-18,Instagram
CUST00598,Freeman-Olsen,Manufacturing,Kenya,Kampala,51-200,2025-12-18,Partner
CUST00599,Ray LLC,Real Estate,Rwanda,Johannesburg,51-200,2025-11-17,Google Ads
CUST00600,Webb LLC,Technology,Tanzania,Accra,201-500,2026-02-11,Facebook
CUST00601,Serrano-Spears,Healthcare,Ghana,Johannesburg,1-5,2024-06-04,Facebook
CUST00602,Hill-Lopez,Technology,Kenya,Nakuru,11-50,2026-01-14,Google Ads
CUST00603,Parker Ltd,Construction,Tanzania,Kisumu,201-500,2024-08-14,Sales Team
CUST00604,"Jackson, Hoffman and Tucker",Education,Ghana,Kisumu,201-500,2025-10-18,Sales Team
CUST00605,"Cummings, Miller and Hanson",Education,Uganda,Accra,201-500,2023-10-30,Facebook
CUST00606,"Jackson, Cordova and Lewis",Logistics,Uganda,Accra,11-50,2025-12-22,Facebook
CUST00607,Moore Ltd,Construction,Tanzania,Accra,201-500,2024-05-25,Organic Search
CUST00608,Williamson-Webb,Technology,Kenya,Accra,6-10,2024-09-28,Instagram
CUST00609,"Leach, Fox and Carter",Education,Ghana,Lagos,51-200,2025-03-31,Sales Team
CUST00610,Bailey-Sanchez,Manufacturing,Rwanda,Accra,51-200,2025-10-20,Facebook
CUST00611,"Rivera, Jackson and Johnson",Professional Services,Ghana,Nairobi,6-10,2025-11-01,Referral
CUST00612,Young and Sons,Retail,Tanzania,Nakuru,201-500,2026-02-12,Referral
CUST00613,Davis-Fleming,Construction,South Africa,Accra,201-500,2026-03-03,LinkedIn
CUST00614,Reed-Weeks,Logistics,Ghana,Mombasa,201-500,2025-07-31,Google Ads
CUST00615,Frazier Inc,Healthcare,South Africa,Lagos,11-50,2023-12-21,Organic Search
CUST00616,"Melton, Downs and Berry",Manufacturing,Ghana,Nakuru,51-200,2025-05-31,Google Ads
CUST00617,"Jones, Phillips and Anderson",Hospitality,Tanzania,Nairobi,51-200,2025-01-25,Referral
CUST00618,Barnes Inc,Technology,South Africa,Mombasa,51-200,2025-06-25,Google Ads
CUST00619,Brooks LLC,Hospitality,Uganda,Johannesburg,11-50,2026-01-16,Sales Team
CUST00620,"Miller, Phillips and Nunez",Construction,Ghana,Kisumu,6-10,2026-05-28,Instagram
CUST00621,"Davis, Howard and Rollins",Retail,Ghana,Dar es Salaam,201-500,2025-01-05,Referral
CUST00622,Cummings LLC,Real Estate,Ghana,Kisumu,11-50,2023-10-20,Referral
CUST00623,"Williams, Lee and Lawrence",Healthcare,Ghana,Kampala,201-500,2025-08-17,Google Ads
CUST00624,"Thompson, Malone and Martinez",Construction,South Africa,Kigali,1-5,2025-01-09,Referral
CUST00625,"Hernandez, Simmons and Diaz",Construction,Nigeria,Kisumu,6-10,2026-05-24,Facebook
CUST00626,"Bailey, Wade and Sullivan",Technology,South Africa,Nakuru,51-200,2024-03-29,LinkedIn
CUST00627,"Howard, Cook and Brown",Construction,Ghana,Kampala,51-200,2024-04-05,Sales Team
CUST00628,Kelly-Taylor,Manufacturing,Kenya,Mombasa,51-200,2024-10-16,Referral
CUST00629,Porter-Carlson,Technology,Rwanda,Accra,11-50,2024-03-22,Organic Search
CUST00630,Wilson-Cantu,Professional Services,Nigeria,Accra,11-50,2025-01-26,Google Ads
CUST00631,Howard-Paul,Logistics,Rwanda,Nakuru,51-200,2024-03-04,Instagram
CUST00632,"Wilson, Mcgee and Watson",Manufacturing,Tanzania,Dar es Salaam,11-50,2025-01-17,Partner
CUST00633,Lee-Tucker,Logistics,Ghana,Kisumu,201-500,2025-06-27,LinkedIn
CUST00634,"Sanchez, Russell and Woods",Technology,Nigeria,Nairobi,1-5,2025-08-19,Google Ads
CUST00635,Davis Ltd,Manufacturing,Kenya,Mombasa,6-10,2024-10-12,LinkedIn
CUST00636,Reyes-Fernandez,Manufacturing,Kenya,Kigali,6-10,2024-11-03,Facebook
CUST00637,Howard-Grant,Healthcare,Uganda,Kampala,1-5,2024-06-26,Partner
CUST00638,"Neal, Weeks and Russell",Healthcare,Kenya,Dar es Salaam,6-10,2026-05-07,Organic Search
CUST00639,"Davis, Tucker and Williams",Education,Nigeria,Kampala,6-10,2025-08-06,Sales Team
CUST00640,Bennett and Sons,Professional Services,Nigeria,Mombasa,1-5,2024-06-15,Instagram
CUST00641,Moran-Moore,Manufacturing,Kenya,Kisumu,201-500,2023-09-26,Instagram
CUST00642,Hill and Sons,Logistics,Nigeria,Accra,1-5,2025-05-16,Organic Search
CUST00643,Roberts-Thomas,Technology,South Africa,Mombasa,51-200,2024-03-06,Facebook
CUST00644,"Brown, Leonard and Kelly",Manufacturing,Kenya,Nakuru,51-200,2026-04-23,Google Ads
CUST00645,Lee-Harding,Professional Services,Kenya,Dar es Salaam,11-50,2024-02-05,Referral
CUST00646,"Williams, Todd and Gilbert",Construction,Rwanda,Kisumu,6-10,2025-08-22,Google Ads
CUST00647,"Williams, Barber and Rodriguez",Logistics,Ghana,Nairobi,201-500,2025-04-07,Facebook
CUST00648,"Moore, Myers and Huang",Manufacturing,Tanzania,Nakuru,6-10,2024-04-11,Sales Team
CUST00649,Cochran-Osborne,Real Estate,Nigeria,Accra,6-10,2025-01-13,Google Ads
CUST00650,Allen Group,Professional Services,Uganda,Mombasa,201-500,2024-12-08,Sales Team
CUST00651,Lee-Barnes,Technology,Rwanda,Dar es Salaam,6-10,2024-04-24,Instagram
CUST00652,"Lopez, Hendrix and Long",Healthcare,Nigeria,Mombasa,6-10,2025-08-02,Referral
CUST00653,Stout Group,Retail,South Africa,Kampala,6-10,2024-03-06,Instagram
CUST00654,Rosales Ltd,Education,Tanzania,Nairobi,6-10,2025-04-30,LinkedIn
CUST00655,"Stephens, Wise and Rodriguez",Education,Kenya,Nakuru,51-200,2023-11-28,Google Ads
CUST00656,Shaw-Quinn,Logistics,Kenya,Dar es Salaam,11-50,2023-09-28,Facebook
CUST00657,"Johnson, Johnson and Ramsey",Education,South Africa,Johannesburg,51-200,2025-08-12,Partner
CUST00658,"Sullivan, Hernandez and Wagner",Logistics,Nigeria,Kisumu,51-200,2026-07-22,Google Ads
CUST00659,Barker-Thomas,Retail,Ghana,Mombasa,1-5,2026-08-03,Referral
CUST00660,Jones Ltd,Hospitality,Kenya,Nairobi,51-200,2023-09-25,Referral
CUST00661,Mason-Jones,Logistics,South Africa,Kigali,51-200,2024-10-05,Sales Team
CUST00662,"Miller, Horton and Steele",Professional Services,Nigeria,Lagos,201-500,2024-03-04,Facebook
CUST00663,Olson-Torres,Healthcare,Kenya,Kampala,1-5,2024-04-29,Instagram
CUST00664,Acosta Ltd,Construction,Ghana,Dar es Salaam,51-200,2025-03-09,Google Ads
CUST00665,"Ward, Mccormick and Craig",Healthcare,Nigeria,Kigali,6-10,2023-12-10,Organic Search
CUST00666,"Ramsey, Weeks and Barnett",Hospitality,Kenya,Kigali,1-5,2024-06-20,LinkedIn
CUST00667,Rodriguez LLC,Real Estate,Ghana,Nairobi,11-50,2024-06-13,Facebook
CUST00668,"Medina, Williams and Hines",Professional Services,Kenya,Kisumu,1-5,2024-09-18,Facebook
CUST00669,"Graham, Hughes and Jenkins",Manufacturing,Tanzania,Lagos,201-500,2026-01-03,Referral
CUST00670,Banks-Cline,Construction,Tanzania,Kisumu,11-50,2024-12-27,Google Ads
CUST00671,Gibson Group,Retail,Tanzania,Kigali,11-50,2024-08-23,Google Ads
CUST00672,"Zhang, Perkins and Dixon",Healthcare,Nigeria,Johannesburg,1-5,2025-03-13,LinkedIn
CUST00673,"Avery, Dean and Zhang",Manufacturing,Ghana,Dar es Salaam,1-5,2026-01-09,LinkedIn
CUST00674,Owens and Sons,Real Estate,Uganda,Dar es Salaam,6-10,2024-08-17,Referral
CUST00675,Hurley Group,Professional Services,Ghana,Mombasa,6-10,2025-01-08,Organic Search
CUST00676,Warren Ltd,Retail,South Africa,Nairobi,6-10,2024-06-26,Organic Search
CUST00677,Stone-Johnson,Manufacturing,Tanzania,Kigali,6-10,2026-08-20,Facebook
CUST00678,Murray-Cobb,Retail,Ghana,Kigali,6-10,2025-06-16,Partner
CUST00679,Figueroa-Kim,Hospitality,Rwanda,Dar es Salaam,11-50,2026-05-15,Google Ads
CUST00680,"Carey, Sanchez and Rodriguez",Real Estate,Tanzania,Mombasa,201-500,2026-02-08,Organic Search
CUST00681,"Little, Miller and Mann",Construction,Uganda,Lagos,1-5,2025-06-12,Sales Team
CUST00682,Schultz Ltd,Professional Services,Rwanda,Kampala,11-50,2025-10-27,Partner
CUST00683,Williams Group,Professional Services,Ghana,Accra,1-5,2025-07-27,Partner
CUST00684,Rice LLC,Hospitality,Tanzania,Johannesburg,11-50,2025-10-15,Instagram
CUST00685,Young-Avery,Manufacturing,Tanzania,Johannesburg,51-200,2025-04-18,Instagram
CUST00686,Turner-Carter,Logistics,South Africa,Nakuru,6-10,2024-05-31,Organic Search
CUST00687,Reed Ltd,Education,Kenya,Nakuru,201-500,2025-02-20,Partner
CUST00688,Hayes-Harrison,Retail,Tanzania,Nairobi,51-200,2024-07-12,Referral
CUST00689,Pruitt LLC,Professional Services,Uganda,Lagos,6-10,2024-08-12,Sales Team
CUST00690,Romero-Leach,Manufacturing,Kenya,Kisumu,11-50,2023-11-16,Google Ads
CUST00691,Huff Inc,Retail,Uganda,Lagos,51-200,2023-12-17,Partner
CUST00692,Nelson PLC,Manufacturing,Nigeria,Mombasa,201-500,2024-05-06,Google Ads
CUST00693,Gonzalez-Nguyen,Logistics,Uganda,Kigali,1-5,2024-03-08,Organic Search
CUST00694,Fernandez-Mendoza,Education,Nigeria,Kisumu,6-10,2025-06-06,Referral
CUST00695,"Shea, Jones and Molina",Healthcare,South Africa,Dar es Salaam,51-200,2025-02-24,Partner
CUST00696,Jones Group,Technology,Rwanda,Kampala,6-10,2023-12-24,Google Ads
CUST00697,Barrera Ltd,Hospitality,Uganda,Johannesburg,1-5,2024-01-01,Facebook
CUST00698,Williams LLC,Professional Services,Uganda,Accra,51-200,2024-06-17,Partner
CUST00699,James-Davis,Education,Kenya,Lagos,11-50,2025-02-19,Instagram
CUST00700,"Hernandez, Hancock and Torres",Manufacturing,Tanzania,Accra,11-50,2026-06-22,Google Ads
CUST00701,Benson-Franco,Professional Services,Uganda,Kampala,201-500,2024-01-02,Organic Search
CUST00702,Clark-Becker,Hospitality,South Africa,Dar es Salaam,6-10,2026-08-10,Google Ads
CUST00703,"Mcpherson, Mack and Ward",Hospitality,Tanzania,Kigali,201-500,2025-10-31,Organic Search
CUST00704,Fernandez-Johnson,Healthcare,Tanzania,Kisumu,1-5,2025-07-26,Sales Team
CUST00705,Carr-Brewer,Manufacturing,Ghana,Lagos,6-10,2023-12-20,Google Ads
CUST00706,Kim Group,Manufacturing,Kenya,Kisumu,1-5,2025-06-16,Organic Search
CUST00707,"Lopez, Lee and Rojas",Retail,South Africa,Nakuru,6-10,2024-11-05,Instagram
CUST00708,"Owens, Coleman and Thompson",Education,Tanzania,Mombasa,201-500,2024-03-11,Referral
CUST00709,Miller-Wade,Professional Services,Kenya,Mombasa,6-10,2024-08-31,LinkedIn
CUST00710,"Mueller, Kelley and Blair",Construction,Kenya,Dar es Salaam,1-5,2024-04-16,Organic Search
CUST00711,"Torres, Thompson and Stevens",Manufacturing,Kenya,Kisumu,201-500,2023-11-22,Sales Team
CUST00712,Potter-Bright,Education,Rwanda,Nairobi,51-200,2024-11-26,Sales Team
CUST00713,Black and Sons,Construction,Tanzania,Nakuru,6-10,2024-11-28,Referral
CUST00714,Sheppard PLC,Healthcare,Rwanda,Kisumu,1-5,2025-03-03,Instagram
CUST00715,Jacobson and Sons,Healthcare,Rwanda,Kigali,201-500,2024-07-25,LinkedIn
CUST00716,"Curry, Nelson and Jones",Retail,Kenya,Kampala,51-200,2025-02-15,Facebook
CUST00717,Harrison Group,Education,Uganda,Lagos,6-10,2025-11-30,Organic Search
CUST00718,Haney Inc,Education,South Africa,Dar es Salaam,51-200,2024-03-15,LinkedIn
CUST00719,Kennedy-Jones,Technology,Ghana,Lagos,11-50,2023-11-11,Sales Team
CUST00720,Murphy and Sons,Healthcare,Uganda,Nairobi,11-50,2024-02-07,Instagram
CUST00721,Adams-Shepard,Retail,South Africa,Kampala,1-5,2024-06-02,LinkedIn
CUST00722,Sutton-Alexander,Logistics,Tanzania,Johannesburg,6-10,2026-08-12,Facebook
CUST00723,Aguilar and Sons,Professional Services,Uganda,Nakuru,11-50,2025-10-13,Organic Search
CUST00724,Owens and Sons,Hospitality,Ghana,Kigali,11-50,2025-04-29,Facebook
CUST00725,Miller-Chung,Construction,Uganda,Johannesburg,11-50,2024-06-20,Partner
CUST00726,"Barrett, Jones and Hughes",Real Estate,Kenya,Dar es Salaam,201-500,2026-02-21,Facebook
CUST00727,Carpenter-Roberts,Real Estate,Uganda,Accra,201-500,2024-12-22,Referral
CUST00728,Allen and Sons,Construction,Rwanda,Nairobi,1-5,2024-03-08,Organic Search
CUST00729,Johnson-Kelly,Hospitality,Ghana,Nakuru,1-5,2025-03-27,LinkedIn
CUST00730,Peters PLC,Retail,Tanzania,Johannesburg,6-10,2024-04-18,Facebook
CUST00731,Gray PLC,Technology,Nigeria,Kisumu,11-50,2025-04-24,Organic Search
CUST00732,"Morrison, Freeman and Davis",Retail,Uganda,Johannesburg,6-10,2025-01-06,Google Ads
CUST00733,"Villa, Curry and Molina",Logistics,South Africa,Dar es Salaam,1-5,2025-02-03,Partner
CUST00734,Johnson-Rodgers,Education,Ghana,Mombasa,11-50,2025-06-21,Referral
CUST00735,"May, Henry and Freeman",Technology,Uganda,Kisumu,51-200,2026-07-01,LinkedIn
CUST00736,"Walker, Baker and Patton",Technology,Uganda,Lagos,201-500,2024-03-03,Partner
CUST00737,Jennings-Ochoa,Hospitality,Nigeria,Johannesburg,6-10,2025-04-08,Sales Team
CUST00738,Bailey-Butler,Healthcare,Nigeria,Kampala,6-10,2023-11-02,Facebook
CUST00739,Simpson LLC,Retail,Nigeria,Johannesburg,51-200,2024-05-17,Organic Search
CUST00740,"Richmond, Reed and Jackson",Construction,Ghana,Dar es Salaam,201-500,2025-02-22,Instagram
CUST00741,Lucas and Sons,Real Estate,Kenya,Accra,6-10,2025-04-02,Partner
CUST00742,Cochran and Sons,Professional Services,Uganda,Dar es Salaam,11-50,2023-10-28,Facebook
CUST00743,Palmer-Tran,Professional Services,South Africa,Dar es Salaam,51-200,2024-12-31,Organic Search
CUST00744,"Rosales, Smith and Powers",Healthcare,Uganda,Nakuru,1-5,2026-05-13,Partner
CUST00745,Taylor-Moore,Healthcare,South Africa,Mombasa,1-5,2024-11-06,Organic Search
CUST00746,Douglas-Smith,Education,Rwanda,Kigali,6-10,2024-07-14,Sales Team
CUST00747,Spencer-Simpson,Manufacturing,Rwanda,Dar es Salaam,201-500,2024-10-18,Sales Team
CUST00748,Lopez-Carpenter,Professional Services,South Africa,Accra,201-500,2026-03-07,Instagram
CUST00749,"Cherry, Leonard and Bowen",Construction,Rwanda,Mombasa,1-5,2024-07-04,Referral
CUST00750,Brown-Gonzalez,Retail,Tanzania,Kampala,1-5,2026-02-28,Google Ads
CUST00751,Conley and Sons,Technology,Uganda,Kigali,6-10,2025-08-31,Google Ads
CUST00752,Landry PLC,Logistics,Kenya,Dar es Salaam,201-500,2024-11-02,LinkedIn
CUST00753,Anderson Group,Retail,Rwanda,Kisumu,201-500,2025-03-06,Sales Team
CUST00754,Caldwell PLC,Construction,Kenya,Mombasa,11-50,2025-11-21,Instagram
CUST00755,Bush PLC,Hospitality,Rwanda,Lagos,201-500,2023-11-04,Referral
CUST00756,"Cook, Alexander and Abbott",Healthcare,Tanzania,Nakuru,1-5,2024-09-04,Organic Search
CUST00757,Rivera-Ellis,Education,Ghana,Lagos,51-200,2024-09-12,Facebook
CUST00758,Scott Group,Retail,Tanzania,Nairobi,51-200,2025-06-24,Google Ads
CUST00759,Gillespie and Sons,Healthcare,South Africa,Johannesburg,51-200,2024-09-26,Instagram
CUST00760,Osborn-Lowe,Professional Services,Kenya,Nakuru,6-10,2025-01-19,Referral
CUST00761,Jones-Miles,Professional Services,Rwanda,Mombasa,11-50,2024-04-13,Sales Team
CUST00762,West-Johnson,Manufacturing,Rwanda,Kampala,1-5,2024-05-07,Sales Team
CUST00763,Freeman LLC,Construction,Tanzania,Kigali,11-50,2026-08-22,Facebook
CUST00764,Cooper-Bell,Manufacturing,Kenya,Kampala,51-200,2024-06-25,LinkedIn
CUST00765,Smith and Sons,Healthcare,Uganda,Kampala,201-500,2025-03-30,Organic Search
CUST00766,Mason Group,Construction,South Africa,Mombasa,1-5,2023-11-20,Partner
CUST00767,Lopez-Ramirez,Logistics,Rwanda,Johannesburg,6-10,2024-07-25,Organic Search
CUST00768,"Hines, Andrews and Bennett",Education,South Africa,Lagos,51-200,2026-07-15,LinkedIn
CUST00769,Snyder-French,Real Estate,Uganda,Accra,11-50,2024-11-01,Google Ads
CUST00770,Lewis-Perry,Education,South Africa,Nairobi,201-500,2026-03-19,Facebook
CUST00771,"Gray, Gray and Flynn",Professional Services,South Africa,Accra,6-10,2024-11-03,Facebook
CUST00772,"Lee, Sanchez and Davis",Hospitality,South Africa,Nakuru,6-10,2026-03-28,Organic Search
CUST00773,Jones Ltd,Education,Kenya,Kigali,6-10,2025-02-28,Facebook
CUST00774,"Savage, Lane and Cook",Real Estate,Tanzania,Dar es Salaam,1-5,2025-09-23,Google Ads
CUST00775,Camacho Group,Education,Ghana,Kigali,201-500,2026-08-18,Partner
CUST00776,Mason-Harper,Healthcare,Ghana,Accra,1-5,2024-08-07,Sales Team
CUST00777,"Berry, Peters and Mcconnell",Professional Services,Rwanda,Kisumu,6-10,2026-04-05,Google Ads
CUST00778,"Snyder, Rowe and Ferguson",Professional Services,Ghana,Mombasa,11-50,2023-11-24,Partner
CUST00779,"Dawson, Murillo and Ochoa",Education,Tanzania,Kigali,51-200,2024-04-01,LinkedIn
CUST00780,"Potter, Kennedy and Hogan",Retail,Uganda,Kampala,51-200,2024-12-25,Facebook
CUST00781,Pollard PLC,Real Estate,Ghana,Kigali,1-5,2023-12-07,Sales Team
CUST00782,Berry Inc,Technology,Nigeria,Nakuru,1-5,2026-08-06,LinkedIn
CUST00783,"Rowe, Sullivan and Thompson",Healthcare,Tanzania,Nairobi,11-50,2025-09-29,Referral
CUST00784,Williams-Li,Healthcare,Tanzania,Accra,1-5,2024-05-01,Instagram
CUST00785,Mendoza Inc,Construction,Tanzania,Accra,11-50,2026-07-02,Referral
CUST00786,Valdez-Hill,Education,Ghana,Mombasa,6-10,2024-01-17,LinkedIn
CUST00787,"Moore, Baxter and Frey",Hospitality,South Africa,Kigali,51-200,2025-10-18,Partner
CUST00788,Mitchell-Hall,Retail,Ghana,Kisumu,1-5,2023-11-06,Referral
CUST00789,Scott Inc,Logistics,Rwanda,Kisumu,201-500,2024-04-14,Organic Search
CUST00790,Mason-Thomas,Construction,Uganda,Nakuru,1-5,2026-04-10,Instagram
CUST00791,Miller-Flowers,Retail,Rwanda,Nairobi,11-50,2024-10-01,Instagram
CUST00792,Miller-Gilbert,Healthcare,Tanzania,Accra,201-500,2025-11-13,Sales Team
CUST00793,"Graham, Payne and Caldwell",Professional Services,Nigeria,Nairobi,6-10,2026-07-30,Partner
CUST00794,Cole LLC,Manufacturing,Ghana,Accra,6-10,2024-07-31,LinkedIn
CUST00795,Taylor-Rodriguez,Real Estate,Ghana,Dar es Salaam,11-50,2024-03-28,Facebook
CUST00796,"Flores, Newman and Freeman",Healthcare,Nigeria,Mombasa,11-50,2026-01-25,Organic Search
CUST00797,Padilla-Ware,Education,Kenya,Kisumu,201-500,2024-01-29,Instagram
CUST00798,Taylor Ltd,Hospitality,Nigeria,Nakuru,6-10,2024-11-16,Referral
CUST00799,Cruz-Hughes,Education,Ghana,Nairobi,1-5,2025-09-21,LinkedIn
CUST00800,"Harris, Brown and Hart",Construction,Nigeria,Kisumu,201-500,2025-01-06,Organic Search
CUST00801,"Rojas, Montgomery and Bailey",Hospitality,Tanzania,Johannesburg,11-50,2026-01-27,Referral
CUST00802,Hudson LLC,Education,Rwanda,Dar es Salaam,51-200,2024-08-27,Referral
CUST00803,Flynn PLC,Hospitality,Rwanda,Kampala,201-500,2026-04-02,Sales Team
CUST00804,Moore Group,Real Estate,Kenya,Nairobi,201-500,2024-10-27,Partner
CUST00805,Dawson and Sons,Logistics,Nigeria,Johannesburg,201-500,2026-05-21,Referral
CUST00806,Lloyd LLC,Healthcare,Nigeria,Mombasa,51-200,2024-06-19,Google Ads
CUST00807,Lopez and Sons,Technology,Tanzania,Dar es Salaam,11-50,2024-09-26,Referral
CUST00808,Dean-Martinez,Healthcare,Uganda,Kisumu,201-500,2026-01-19,Instagram
CUST00809,Morgan-Hogan,Retail,South Africa,Johannesburg,51-200,2025-12-02,Partner
CUST00810,Sheppard-Burke,Construction,Nigeria,Nairobi,51-200,2025-01-30,Referral
CUST00811,Ryan-Smith,Healthcare,Rwanda,Kigali,51-200,2024-02-08,Organic Search
CUST00812,Sanchez Inc,Real Estate,Nigeria,Johannesburg,6-10,2024-11-16,Partner
CUST00813,Rojas LLC,Hospitality,Nigeria,Lagos,51-200,2026-02-01,Partner
CUST00814,Phillips Ltd,Logistics,Tanzania,Kisumu,201-500,2023-11-25,Facebook
CUST00815,Huang PLC,Healthcare,Kenya,Accra,6-10,2024-07-20,Referral
CUST00816,Robbins-Stewart,Logistics,South Africa,Kisumu,11-50,2023-10-20,Google Ads
CUST00817,"Carter, Clayton and Keith",Hospitality,Tanzania,Nakuru,11-50,2026-06-16,Sales Team
CUST00818,Payne PLC,Technology,Tanzania,Kampala,201-500,2024-08-09,Referral
CUST00819,Peterson LLC,Manufacturing,South Africa,Mombasa,51-200,2026-03-06,Organic Search
CUST00820,"Riley, Wise and Long",Real Estate,Ghana,Johannesburg,1-5,2024-07-31,LinkedIn
CUST00821,"Jenkins, Holt and Williams",Hospitality,Ghana,Mombasa,51-200,2024-10-09,Referral
CUST00822,Martinez-Cook,Education,Kenya,Kisumu,6-10,2024-11-24,Instagram
CUST00823,"Reid, Floyd and Henderson",Technology,Rwanda,Johannesburg,51-200,2024-12-07,Facebook
CUST00824,"Green, Palmer and Davis",Technology,South Africa,Kisumu,1-5,2024-06-27,LinkedIn
CUST00825,"Martin, Davis and Doyle",Technology,Nigeria,Kisumu,11-50,2023-12-14,Organic Search
CUST00826,"Sanford, Reed and Foster",Retail,Rwanda,Kampala,6-10,2024-03-27,Facebook
CUST00827,"Reynolds, Stewart and Johnson",Real Estate,South Africa,Kisumu,51-200,2025-10-13,Google Ads
CUST00828,Ramirez PLC,Construction,Ghana,Kigali,51-200,2025-09-16,Sales Team
CUST00829,Lopez Group,Education,Rwanda,Kigali,1-5,2026-04-12,Organic Search
CUST00830,"Jones, Edwards and Washington",Logistics,Uganda,Dar es Salaam,1-5,2025-11-24,Partner
CUST00831,Berg-Williams,Logistics,Uganda,Nairobi,1-5,2025-08-13,Instagram
CUST00832,Lopez-Taylor,Hospitality,Nigeria,Dar es Salaam,11-50,2024-01-07,Facebook
CUST00833,"Smith, Smith and Cox",Professional Services,Rwanda,Lagos,201-500,2025-08-20,Referral
CUST00834,Dennis-Brennan,Construction,Kenya,Nairobi,11-50,2024-06-21,Referral
CUST00835,Shea Ltd,Manufacturing,Nigeria,Lagos,201-500,2023-11-06,Partner
CUST00836,Hendricks Group,Education,Nigeria,Kisumu,11-50,2026-05-22,LinkedIn
CUST00837,Coleman-Martin,Technology,South Africa,Nakuru,6-10,2026-02-07,Sales Team
CUST00838,Ramsey Inc,Retail,Uganda,Nakuru,6-10,2026-05-30,Instagram
CUST00839,"Villanueva, Smith and Thomas",Retail,Ghana,Lagos,6-10,2024-12-09,Google Ads
CUST00840,Wilson-Romero,Technology,Nigeria,Nairobi,51-200,2026-02-04,Referral
CUST00841,Henderson-Ayala,Logistics,Ghana,Nairobi,201-500,2024-01-19,Organic Search
CUST00842,Weaver Inc,Professional Services,Nigeria,Nairobi,1-5,2023-09-26,Google Ads
CUST00843,Martin-Zhang,Education,Rwanda,Kigali,1-5,2025-12-20,Referral
CUST00844,"Ramos, Miller and Williamson",Manufacturing,Nigeria,Kisumu,6-10,2023-09-28,Organic Search
CUST00845,"Garcia, Miles and Mosley",Healthcare,Rwanda,Mombasa,201-500,2024-03-22,Referral
CUST00846,Case-Turner,Real Estate,Ghana,Kisumu,51-200,2026-05-19,Google Ads
CUST00847,Scott-Willis,Logistics,Nigeria,Johannesburg,1-5,2025-10-02,Referral
CUST00848,Brown-Young,Professional Services,South Africa,Mombasa,51-200,2025-02-20,Instagram
CUST00849,Blake and Sons,Real Estate,Uganda,Kampala,201-500,2024-08-18,Instagram
CUST00850,Ward-Mccoy,Technology,Nigeria,Kigali,11-50,2023-11-15,Facebook
CUST00851,"Wright, Williams and Moore",Retail,Ghana,Accra,6-10,2025-04-27,LinkedIn
CUST00852,Gonzalez and Sons,Technology,Uganda,Nairobi,1-5,2025-08-28,Google Ads
CUST00853,Gibson-Ryan,Professional Services,South Africa,Johannesburg,51-200,2025-07-05,Facebook
CUST00854,"Hayes, Johnson and Mendoza",Professional Services,South Africa,Lagos,1-5,2025-05-21,Google Ads
CUST00855,"Weaver, Gonzales and King",Healthcare,Nigeria,Nakuru,51-200,2024-01-05,Referral
CUST00856,"Hughes, Lee and Wolfe",Healthcare,Rwanda,Nairobi,1-5,2025-04-25,Facebook
CUST00857,"Jackson, Ramirez and Hodge",Retail,South Africa,Kampala,11-50,2024-04-03,Partner
CUST00858,"Hernandez, Johnson and Snyder",Education,Nigeria,Mombasa,1-5,2025-07-04,Organic Search
CUST00859,"Schroeder, Phelps and Gentry",Retail,South Africa,Kisumu,6-10,2026-06-02,Partner
CUST00860,Gibson-Andrews,Technology,Rwanda,Johannesburg,11-50,2024-11-15,Google Ads
CUST00861,Howell LLC,Technology,South Africa,Dar es Salaam,6-10,2024-10-21,Google Ads
CUST00862,Bell-Rodriguez,Education,Rwanda,Accra,11-50,2024-12-02,Sales Team
CUST00863,Brown-Paul,Manufacturing,South Africa,Kigali,6-10,2025-04-08,Google Ads
CUST00864,Martin Inc,Construction,Nigeria,Nairobi,6-10,2025-06-18,Google Ads
CUST00865,Krause-Jones,Education,Ghana,Accra,201-500,2026-04-01,LinkedIn
CUST00866,Floyd Ltd,Construction,Ghana,Kigali,11-50,2024-04-17,Organic Search
CUST00867,Stanley-Gonzalez,Construction,Rwanda,Accra,1-5,2024-02-19,Sales Team
CUST00868,Gregory Ltd,Manufacturing,Kenya,Mombasa,11-50,2024-06-02,Partner
CUST00869,"Heath, Snyder and Snow",Retail,Nigeria,Lagos,201-500,2025-11-09,Instagram
CUST00870,Dixon-Jones,Technology,Ghana,Lagos,201-500,2025-01-19,Google Ads
CUST00871,"Johnson, Garner and Sanchez",Education,Nigeria,Nakuru,51-200,2025-04-06,Partner
CUST00872,"Roach, Thompson and King",Education,Uganda,Lagos,201-500,2025-11-02,Organic Search
CUST00873,"Thompson, Johnson and Obrien",Retail,Nigeria,Kisumu,201-500,2026-03-21,LinkedIn
CUST00874,"Delgado, Gould and Mitchell",Manufacturing,South Africa,Kisumu,1-5,2025-10-17,LinkedIn
CUST00875,"Rivers, Arnold and Myers",Technology,Uganda,Dar es Salaam,11-50,2025-10-24,Organic Search
CUST00876,Miller Ltd,Logistics,Uganda,Lagos,51-200,2025-05-19,Sales Team
CUST00877,Warner-Mccall,Hospitality,Kenya,Accra,51-200,2025-03-12,LinkedIn
CUST00878,"Orr, Gutierrez and Robinson",Professional Services,South Africa,Accra,51-200,2025-05-17,Partner
CUST00879,Hopkins Group,Professional Services,Rwanda,Nairobi,1-5,2024-01-14,Sales Team
CUST00880,"Velazquez, Walsh and Chang",Education,Kenya,Lagos,201-500,2023-12-14,Organic Search
CUST00881,Ball-Moore,Professional Services,South Africa,Johannesburg,201-500,2023-11-02,Referral
CUST00882,"Ramsey, Dennis and Rivera",Logistics,Ghana,Nakuru,51-200,2024-06-09,Partner
CUST00883,Johnson Ltd,Technology,South Africa,Nairobi,6-10,2026-02-09,LinkedIn
CUST00884,Harrison-Morgan,Technology,Ghana,Johannesburg,201-500,2025-01-22,LinkedIn
CUST00885,"Shelton, Aguirre and Page",Technology,Nigeria,Accra,1-5,2026-08-17,Google Ads
CUST00886,Wilkins Ltd,Hospitality,Kenya,Dar es Salaam,11-50,2024-08-03,Referral
CUST00887,Phillips-Singh,Logistics,Ghana,Dar es Salaam,1-5,2023-10-15,Organic Search
CUST00888,"Smith, Evans and Brewer",Construction,Rwanda,Kisumu,51-200,2026-01-02,Google Ads
CUST00889,Cruz-Marquez,Healthcare,Ghana,Nakuru,6-10,2024-08-28,Google Ads
CUST00890,Collins and Sons,Education,Uganda,Accra,6-10,2025-08-01,Partner
CUST00891,Blake-Chase,Professional Services,South Africa,Kigali,1-5,2024-12-29,Google Ads
CUST00892,Wheeler and Sons,Manufacturing,Rwanda,Johannesburg,201-500,2025-11-30,Facebook
CUST00893,Clark Inc,Manufacturing,Kenya,Lagos,1-5,2025-09-25,Sales Team
CUST00894,Jones and Sons,Real Estate,Rwanda,Lagos,6-10,2026-03-14,Facebook
CUST00895,Newman Ltd,Construction,Kenya,Kigali,201-500,2025-11-27,Partner
CUST00896,Reynolds Group,Logistics,Rwanda,Kigali,201-500,2025-04-29,Instagram
CUST00897,Frey Ltd,Healthcare,Rwanda,Dar es Salaam,11-50,2025-01-26,LinkedIn
CUST00898,Burns-Ruiz,Construction,Uganda,Kigali,201-500,2024-07-10,Referral
CUST00899,Campbell PLC,Logistics,South Africa,Dar es Salaam,201-500,2025-10-07,Instagram
CUST00900,"Vaughn, Ward and Washington",Hospitality,Uganda,Johannesburg,11-50,2026-01-15,Partner
CUST00901,"Cantrell, Maxwell and Jackson",Construction,Nigeria,Kisumu,201-500,2025-10-29,Partner
CUST00902,Williams Ltd,Professional Services,South Africa,Dar es Salaam,201-500,2025-05-29,LinkedIn
CUST00903,Clark-Rogers,Real Estate,Ghana,Kigali,201-500,2025-03-08,Referral
CUST00904,Johns Ltd,Education,South Africa,Nairobi,201-500,2025-07-06,Google Ads
CUST00905,"Thompson, Hull and Jones",Retail,Rwanda,Kisumu,1-5,2025-08-30,Organic Search
CUST00906,Harris Ltd,Hospitality,Tanzania,Kisumu,11-50,2025-06-28,Referral
CUST00907,Chaney Ltd,Construction,South Africa,Nairobi,11-50,2025-01-04,Instagram
CUST00908,"Williams, Mitchell and Browning",Logistics,Kenya,Dar es Salaam,51-200,2025-07-02,Google Ads
CUST00909,"Porter, Swanson and Perez",Real Estate,South Africa,Lagos,6-10,2023-09-24,Sales Team
CUST00910,Taylor-Anderson,Hospitality,Ghana,Kampala,1-5,2026-04-20,Sales Team
CUST00911,Davis-Cannon,Education,Rwanda,Dar es Salaam,201-500,2024-04-02,Organic Search
CUST00912,Allen-Frank,Retail,Nigeria,Kampala,6-10,2026-06-25,LinkedIn
CUST00913,Buchanan and Sons,Hospitality,Nigeria,Dar es Salaam,201-500,2024-07-29,Instagram
CUST00914,Wood Group,Hospitality,Tanzania,Accra,6-10,2024-09-27,Google Ads
CUST00915,Tyler Inc,Construction,Uganda,Lagos,1-5,2024-01-19,Sales Team
CUST00916,Green-Roberts,Retail,Rwanda,Kampala,201-500,2026-03-04,Referral
CUST00917,Daniels LLC,Construction,Uganda,Johannesburg,11-50,2024-05-25,Organic Search
CUST00918,"Maxwell, Peterson and Bullock",Technology,Rwanda,Kisumu,1-5,2026-03-17,Facebook
CUST00919,Suarez Inc,Technology,Ghana,Nairobi,201-500,2026-05-16,Referral
CUST00920,Thomas Group,Manufacturing,South Africa,Johannesburg,201-500,2024-12-09,Partner
CUST00921,"Thornton, Cohen and Duncan",Professional Services,South Africa,Dar es Salaam,201-500,2025-06-08,Instagram
CUST00922,Combs-Schultz,Construction,Ghana,Mombasa,201-500,2024-09-04,Facebook
CUST00923,Wilson LLC,Education,Ghana,Lagos,51-200,2024-11-16,Google Ads
CUST00924,Gonzalez PLC,Technology,Uganda,Nakuru,11-50,2024-03-13,Partner
CUST00925,"Coleman, Holt and Chavez",Technology,Tanzania,Nakuru,201-500,2024-07-01,LinkedIn
CUST00926,Adkins and Sons,Logistics,South Africa,Nairobi,1-5,2026-07-05,Partner
CUST00927,Yang and Sons,Manufacturing,Uganda,Johannesburg,201-500,2025-12-11,Instagram
CUST00928,"Erickson, Davis and Tate",Retail,Nigeria,Dar es Salaam,51-200,2026-06-05,Google Ads
CUST00929,Brown PLC,Education,Tanzania,Lagos,11-50,2026-03-10,Organic Search
CUST00930,"Shepherd, Guerrero and Rivers",Logistics,South Africa,Dar es Salaam,201-500,2024-09-18,LinkedIn
CUST00931,Fisher-Huynh,Manufacturing,Kenya,Kampala,6-10,2026-03-16,Partner
CUST00932,Bell Group,Logistics,Kenya,Mombasa,6-10,2025-03-27,Organic Search
CUST00933,"Perry, Murillo and Lowe",Professional Services,Uganda,Nakuru,51-200,2026-01-21,Google Ads
CUST00934,"Obrien, Hall and Coleman",Hospitality,Ghana,Kigali,1-5,2026-02-22,Facebook
CUST00935,Barnett Ltd,Retail,Rwanda,Dar es Salaam,1-5,2024-05-15,Google Ads
CUST00936,"Anthony, Dougherty and Vasquez",Professional Services,Kenya,Kisumu,11-50,2026-04-29,Google Ads
CUST00937,Gutierrez Group,Real Estate,South Africa,Nakuru,11-50,2024-09-16,Sales Team
CUST00938,Briggs Group,Education,Rwanda,Kigali,51-200,2024-10-28,Partner
CUST00939,Brewer-Miles,Retail,Rwanda,Mombasa,201-500,2026-01-11,Organic Search
CUST00940,"Rowe, Dawson and Cherry",Real Estate,Kenya,Johannesburg,1-5,2024-10-30,Google Ads
CUST00941,Gray PLC,Technology,Ghana,Mombasa,11-50,2025-10-02,Referral
CUST00942,Santiago Ltd,Real Estate,Kenya,Kampala,51-200,2024-03-17,Sales Team
CUST00943,Hampton-Welch,Education,South Africa,Nairobi,51-200,2026-08-20,Facebook
CUST00944,"Davis, Morrison and Edwards",Logistics,Uganda,Kisumu,51-200,2024-06-07,Referral
CUST00945,Phillips-Hall,Construction,Tanzania,Dar es Salaam,1-5,2024-04-03,Facebook
CUST00946,Rodriguez and Sons,Professional Services,Kenya,Nairobi,201-500,2024-10-26,Sales Team
CUST00947,Cline and Sons,Logistics,Ghana,Mombasa,11-50,2024-02-03,Instagram
CUST00948,Strong Ltd,Technology,Uganda,Kigali,201-500,2025-09-21,Facebook
CUST00949,Nelson LLC,Construction,Uganda,Nakuru,201-500,2026-02-14,Referral
CUST00950,Stanton and Sons,Hospitality,Kenya,Kisumu,201-500,2026-04-27,Organic Search
CUST00951,"Patel, Dunlap and Schroeder",Logistics,Rwanda,Lagos,1-5,2024-09-07,Referral
CUST00952,Fleming-Hutchinson,Professional Services,Tanzania,Mombasa,6-10,2025-07-26,LinkedIn
CUST00953,"Manning, Hall and Grant",Technology,Tanzania,Kisumu,6-10,2026-03-17,Google Ads
CUST00954,"Ward, Edwards and Arnold",Healthcare,Ghana,Mombasa,6-10,2026-03-20,Partner
CUST00955,Ramos PLC,Manufacturing,Rwanda,Dar es Salaam,201-500,2023-12-11,Referral
CUST00956,"Cummings, Shepard and Colon",Real Estate,Uganda,Johannesburg,201-500,2024-09-17,Partner
CUST00957,"Pacheco, Austin and Miller",Technology,Rwanda,Kisumu,1-5,2025-09-16,Partner
CUST00958,Figueroa-Taylor,Hospitality,South Africa,Nakuru,51-200,2025-06-15,Referral
CUST00959,Hines Ltd,Technology,Uganda,Dar es Salaam,51-200,2025-12-20,LinkedIn
CUST00960,Dalton Group,Manufacturing,Tanzania,Kampala,51-200,2024-03-07,Google Ads
CUST00961,"Wilson, Alexander and Wilson",Construction,Nigeria,Johannesburg,1-5,2025-02-26,Referral
CUST00962,Mckenzie-Willis,Construction,Ghana,Nakuru,11-50,2024-08-10,Google Ads
CUST00963,Obrien LLC,Professional Services,Kenya,Lagos,1-5,2025-01-03,Sales Team
CUST00964,Short LLC,Real Estate,Uganda,Nairobi,201-500,2026-04-27,Referral
CUST00965,Oliver-Bowen,Logistics,Ghana,Accra,6-10,2024-08-18,Partner
CUST00966,Flynn LLC,Education,Uganda,Johannesburg,11-50,2026-01-26,Facebook
CUST00967,Adams-Wheeler,Manufacturing,Ghana,Lagos,1-5,2024-05-23,Sales Team
CUST00968,Henderson and Sons,Technology,Ghana,Nairobi,6-10,2024-12-12,Facebook
CUST00969,Adams and Sons,Logistics,Uganda,Accra,6-10,2024-01-30,Facebook
CUST00970,Blake and Sons,Real Estate,Ghana,Kisumu,51-200,2025-02-23,Partner
CUST00971,Garcia Ltd,Retail,Uganda,Accra,6-10,2026-01-09,Google Ads
CUST00972,Williams PLC,Healthcare,Tanzania,Nakuru,1-5,2024-11-13,Instagram
CUST00973,Lang-Jennings,Logistics,South Africa,Dar es Salaam,51-200,2025-11-18,LinkedIn
CUST00974,"Espinoza, Rodriguez and Wolf",Manufacturing,Kenya,Nairobi,11-50,2024-10-07,Google Ads
CUST00975,Peters Ltd,Logistics,Nigeria,Kampala,11-50,2026-01-31,Facebook
CUST00976,West Inc,Education,Nigeria,Kigali,11-50,2025-07-09,Google Ads
CUST00977,"Sanchez, Prince and Oconnor",Logistics,Tanzania,Kigali,6-10,2025-11-18,Sales Team
CUST00978,"Zimmerman, Carroll and Patrick",Technology,South Africa,Dar es Salaam,51-200,2025-08-08,LinkedIn
CUST00979,"Bailey, Young and Beltran",Real Estate,Kenya,Lagos,6-10,2025-04-28,LinkedIn
CUST00980,Jackson-Hill,Construction,Uganda,Mombasa,201-500,2025-09-08,Referral
CUST00981,"Berg, Dunn and Mcconnell",Hospitality,Uganda,Kisumu,6-10,2023-10-12,Partner
CUST00982,Buck Inc,Real Estate,Nigeria,Mombasa,6-10,2024-06-10,Sales Team
CUST00983,"Lopez, Clarke and Perry",Technology,Nigeria,Mombasa,51-200,2024-12-22,LinkedIn
CUST00984,Taylor-Collins,Manufacturing,Uganda,Johannesburg,6-10,2024-11-18,Sales Team
CUST00985,"Wolfe, Underwood and Guerrero",Retail,Uganda,Nairobi,6-10,2025-06-19,Facebook
CUST00986,Hoffman Inc,Construction,Nigeria,Lagos,1-5,2026-01-25,Facebook
CUST00987,Robinson-Martinez,Retail,Uganda,Kampala,6-10,2024-06-19,Sales Team
CUST00988,Carney and Sons,Real Estate,Ghana,Nairobi,11-50,2025-03-04,Google Ads
CUST00989,Mcgrath Ltd,Hospitality,Rwanda,Johannesburg,51-200,2026-02-12,LinkedIn
CUST00990,Parks-Smith,Construction,Uganda,Kigali,201-500,2025-12-26,Facebook
CUST00991,Rivers-Williams,Real Estate,South Africa,Kisumu,201-500,2025-07-04,Referral
CUST00992,Nelson Ltd,Construction,Nigeria,Dar es Salaam,51-200,2025-10-20,Google Ads
CUST00993,"Chang, Brennan and Bates",Hospitality,Rwanda,Kigali,6-10,2025-05-28,Google Ads
CUST00994,Brown-King,Retail,Uganda,Lagos,201-500,2024-10-22,Sales Team
CUST00995,"Fry, White and Williams",Construction,Ghana,Mombasa,6-10,2024-02-26,LinkedIn
CUST00996,Bennett Group,Real Estate,Ghana,Nairobi,201-500,2026-06-02,Google Ads
CUST00997,Castillo and Sons,Professional Services,Rwanda,Kisumu,201-500,2026-04-09,Organic Search
CUST00998,"Hughes, Hinton and Jackson",Education,Ghana,Kigali,11-50,2024-08-12,Organic Search
CUST00999,"Mcdonald, Jackson and Cortez",Logistics,Rwanda,Nakuru,51-200,2026-04-29,Sales Team
CUST01000,"Wang, Hill and Hawkins",Technology,Ghana,Johannesburg,1-5,2026-01-10,Sales Team
CUST01001,Allen-Moore,Construction,Tanzania,Accra,6-10,2026-03-22,Google Ads
CUST01002,Wells-Costa,Healthcare,Ghana,Lagos,51-200,2025-06-18,Referral
CUST01003,"Rich, Wagner and Adams",Hospitality,Kenya,Nairobi,201-500,2023-12-04,Google Ads
CUST01004,Underwood-Jackson,Logistics,Kenya,Kigali,6-10,2023-10-24,Partner
CUST01005,"Gill, Lozano and Hudson",Education,Tanzania,Mombasa,6-10,2024-03-02,Sales Team
CUST01006,White PLC,Real Estate,Tanzania,Kampala,201-500,2025-11-09,Sales Team
CUST01007,Johnson-Becker,Real Estate,Tanzania,Johannesburg,11-50,2024-12-27,Sales Team
CUST01008,Lopez Group,Hospitality,Rwanda,Lagos,201-500,2025-05-28,LinkedIn
CUST01009,"Jackson, Horton and Rios",Construction,Tanzania,Lagos,201-500,2026-02-09,LinkedIn
CUST01010,"Rodriguez, Solis and Mcconnell",Healthcare,Tanzania,Johannesburg,11-50,2025-09-19,Sales Team
CUST01011,Carson Ltd,Construction,South Africa,Mombasa,6-10,2024-05-10,LinkedIn
CUST01012,Gregory-Smith,Construction,Kenya,Nakuru,201-500,2024-08-10,Sales Team
CUST01013,Arias Inc,Technology,South Africa,Lagos,201-500,2025-06-04,Organic Search
CUST01014,Rodriguez PLC,Construction,Rwanda,Nairobi,1-5,2026-02-14,Facebook
CUST01015,James LLC,Manufacturing,Ghana,Kigali,1-5,2024-04-03,Google Ads
CUST01016,Alvarez-Love,Healthcare,Uganda,Dar es Salaam,1-5,2025-09-15,Organic Search
CUST01017,Glenn-Bradley,Education,Rwanda,Johannesburg,201-500,2025-11-19,Referral
CUST01018,Wallace-Huynh,Real Estate,Kenya,Kisumu,51-200,2024-10-01,LinkedIn
CUST01019,Mitchell-Larson,Retail,Uganda,Lagos,11-50,2023-10-07,Instagram
CUST01020,Holden PLC,Retail,South Africa,Johannesburg,201-500,2024-08-31,Instagram
CUST01021,"King, Brown and Hickman",Real Estate,Uganda,Nairobi,11-50,2024-10-29,Instagram
CUST01022,"Mcclure, Spencer and Gallagher",Retail,Uganda,Mombasa,11-50,2024-02-12,Sales Team
CUST01023,Waters Inc,Technology,Nigeria,Kigali,51-200,2025-03-21,Instagram
CUST01024,Black Group,Logistics,Kenya,Mombasa,1-5,2024-05-14,Referral
CUST01025,Morris Group,Logistics,Ghana,Dar es Salaam,11-50,2026-06-02,Referral
CUST01026,"Ward, Richardson and Porter",Hospitality,Ghana,Nakuru,51-200,2025-11-12,Sales Team
CUST01027,Andrade-Johnson,Real Estate,Kenya,Kampala,6-10,2023-12-28,Sales Team
CUST01028,"Price, Hawkins and Davis",Logistics,Kenya,Lagos,1-5,2025-02-27,Referral
CUST01029,Roth Inc,Technology,Kenya,Lagos,11-50,2024-04-21,Referral
CUST01030,Fitzgerald LLC,Manufacturing,Rwanda,Johannesburg,51-200,2024-08-25,Instagram
CUST01031,Chan-Smith,Technology,South Africa,Accra,51-200,2025-12-02,Organic Search
CUST01032,"Shea, Ross and Brooks",Manufacturing,Kenya,Kampala,1-5,2026-08-20,Sales Team
CUST01033,Watson-Jordan,Hospitality,Nigeria,Nakuru,11-50,2026-06-23,Sales Team
CUST01034,"Wright, Ward and Smith",Technology,Ghana,Lagos,1-5,2026-04-23,Referral
CUST01035,Fuller PLC,Hospitality,Tanzania,Mombasa,51-200,2024-01-12,Partner
CUST01036,Kennedy-Hodge,Professional Services,Ghana,Kisumu,51-200,2026-07-15,Partner
CUST01037,"Coffey, Taylor and Mcdowell",Technology,Uganda,Johannesburg,11-50,2024-08-26,Facebook
CUST01038,Fuller Group,Hospitality,Rwanda,Nakuru,6-10,2024-04-27,Instagram
CUST01039,Bradley-Rios,Healthcare,Uganda,Nakuru,6-10,2026-05-16,Instagram
CUST01040,Taylor Group,Real Estate,Tanzania,Kisumu,1-5,2024-07-16,Google Ads
CUST01041,"Roberts, Russell and Shannon",Professional Services,Nigeria,Accra,201-500,2024-08-09,Organic Search
CUST01042,Ross LLC,Logistics,Kenya,Accra,11-50,2023-12-14,Partner
CUST01043,Williams PLC,Manufacturing,Ghana,Kampala,51-200,2025-05-15,Facebook
CUST01044,Rivas-Shaw,Logistics,Tanzania,Kigali,6-10,2026-08-02,Facebook
CUST01045,Armstrong LLC,Retail,Ghana,Kigali,51-200,2025-03-15,Organic Search
CUST01046,Robinson and Sons,Logistics,Tanzania,Kigali,6-10,2024-03-26,LinkedIn
CUST01047,Williams LLC,Professional Services,Nigeria,Lagos,51-200,2026-06-15,Partner
CUST01048,Martin Ltd,Retail,Kenya,Nakuru,51-200,2024-03-18,Google Ads
CUST01049,Moran Ltd,Technology,Tanzania,Johannesburg,11-50,2024-08-14,Facebook
CUST01050,Williams-Horn,Logistics,Tanzania,Nakuru,11-50,2024-05-14,LinkedIn
CUST01051,"Hansen, Harrington and Rodriguez",Real Estate,Tanzania,Dar es Salaam,6-10,2026-08-16,LinkedIn
CUST01052,Parsons-Grant,Education,Uganda,Kigali,11-50,2024-05-23,Partner
CUST01053,Dunn LLC,Education,Tanzania,Accra,6-10,2025-04-05,Facebook
CUST01054,Nolan Group,Real Estate,Nigeria,Nakuru,1-5,2024-11-26,Referral
CUST01055,"Villarreal, Taylor and Graham",Hospitality,Ghana,Kigali,51-200,2024-08-19,Instagram
CUST01056,George Ltd,Construction,South Africa,Kisumu,51-200,2026-08-15,Organic Search
CUST01057,"Austin, Smith and Cross",Construction,Rwanda,Accra,6-10,2025-11-07,Partner
CUST01058,Sullivan LLC,Manufacturing,Tanzania,Kampala,201-500,2025-06-23,Organic Search
CUST01059,"Mccoy, Lucas and Brady",Education,Kenya,Kisumu,1-5,2026-04-15,Instagram
CUST01060,Flores PLC,Healthcare,Rwanda,Mombasa,51-200,2025-12-01,Partner
CUST01061,Carter-Rose,Healthcare,Tanzania,Dar es Salaam,201-500,2025-12-10,Referral
CUST01062,Morales Inc,Technology,Kenya,Kigali,1-5,2026-01-10,Partner
CUST01063,Norris-Stewart,Real Estate,Uganda,Johannesburg,201-500,2025-12-31,Facebook
CUST01064,Sutton-Fernandez,Healthcare,Tanzania,Dar es Salaam,201-500,2025-05-13,LinkedIn
CUST01065,Nelson Group,Manufacturing,Kenya,Kigali,201-500,2024-05-23,Referral
CUST01066,Elliott-Kaiser,Manufacturing,Nigeria,Kisumu,6-10,2024-02-21,Partner
CUST01067,Lawrence LLC,Education,Nigeria,Johannesburg,201-500,2024-01-17,Sales Team
CUST01068,"Santos, Gomez and Hernandez",Professional Services,Kenya,Kisumu,11-50,2024-11-19,Instagram
CUST01069,Garcia PLC,Technology,Tanzania,Kampala,11-50,2024-05-28,Sales Team
CUST01070,Macdonald-Houston,Healthcare,Rwanda,Dar es Salaam,201-500,2024-04-28,LinkedIn
CUST01071,Price-Stevens,Education,Uganda,Kisumu,1-5,2024-09-09,Facebook
CUST01072,Santos Inc,Hospitality,Nigeria,Kampala,1-5,2025-09-08,Instagram
CUST01073,"Ali, Cunningham and Young",Construction,Rwanda,Mombasa,1-5,2024-04-26,Google Ads
CUST01074,"Vega, Adams and Mckenzie",Manufacturing,Ghana,Nairobi,1-5,2026-03-01,Sales Team
CUST01075,Roberson-Foster,Logistics,South Africa,Mombasa,1-5,2025-01-20,Referral
CUST01076,Joseph-Eaton,Real Estate,Uganda,Mombasa,51-200,2026-08-14,Referral
CUST01077,Cline-Snyder,Hospitality,Uganda,Kampala,51-200,2024-03-25,Facebook
CUST01078,Garcia-Jenkins,Construction,Ghana,Kisumu,1-5,2025-06-05,Organic Search
CUST01079,"Pratt, Summers and Salas",Technology,South Africa,Dar es Salaam,51-200,2024-09-25,LinkedIn
CUST01080,Strickland LLC,Logistics,Tanzania,Lagos,51-200,2024-12-19,Facebook
CUST01081,Quinn PLC,Logistics,Uganda,Johannesburg,201-500,2024-01-07,LinkedIn
CUST01082,"Underwood, Key and Rodriguez",Real Estate,Rwanda,Lagos,201-500,2026-03-19,Referral
CUST01083,Smith PLC,Technology,Rwanda,Lagos,6-10,2024-03-13,Google Ads
CUST01084,Jones Inc,Manufacturing,Tanzania,Dar es Salaam,51-200,2023-12-10,Referral
CUST01085,White Inc,Construction,Tanzania,Nairobi,1-5,2023-11-15,Facebook
CUST01086,"Parker, Maldonado and Owen",Technology,Tanzania,Accra,201-500,2026-02-28,Organic Search
CUST01087,Reid-Gonzalez,Manufacturing,South Africa,Accra,11-50,2025-05-13,Organic Search
CUST01088,Hernandez Group,Education,South Africa,Kampala,201-500,2024-11-22,Instagram
CUST01089,Carr-Strickland,Retail,Ghana,Dar es Salaam,6-10,2024-06-14,Sales Team
CUST01090,"Lutz, Dominguez and Moore",Logistics,Rwanda,Kigali,6-10,2025-02-18,Facebook
CUST01091,Davis PLC,Education,South Africa,Kigali,6-10,2025-10-20,Referral
CUST01092,Solis Group,Professional Services,Rwanda,Nakuru,201-500,2025-07-16,Referral
CUST01093,"Long, Christensen and Golden",Healthcare,Nigeria,Lagos,11-50,2026-02-28,Sales Team
CUST01094,Fernandez Group,Hospitality,South Africa,Mombasa,6-10,2026-01-21,Facebook
CUST01095,Marks and Sons,Healthcare,Kenya,Accra,201-500,2026-06-15,LinkedIn
CUST01096,Willis-Lee,Healthcare,Nigeria,Johannesburg,51-200,2025-10-30,Instagram
CUST01097,"Wells, Martin and Brooks",Technology,Kenya,Kisumu,1-5,2024-02-28,Organic Search
CUST01098,Brown-Caldwell,Construction,Kenya,Kampala,11-50,2026-03-21,Facebook
CUST01099,Hendricks and Sons,Manufacturing,Nigeria,Nairobi,6-10,2026-06-20,Google Ads
CUST01100,"Flores, Nielsen and Hernandez",Construction,Kenya,Accra,6-10,2024-03-22,Partner
CUST01101,"Long, Williams and Powell",Education,Tanzania,Accra,11-50,2025-09-11,LinkedIn
CUST01102,Johnson Inc,Retail,Tanzania,Mombasa,6-10,2025-10-02,Organic Search
CUST01103,Andrews-Norman,Healthcare,South Africa,Kigali,1-5,2025-07-02,LinkedIn
CUST01104,"Hampton, Barrett and Werner",Construction,Uganda,Kampala,51-200,2025-11-18,Organic Search
CUST01105,Dixon-Miller,Professional Services,South Africa,Nakuru,51-200,2025-11-15,LinkedIn
CUST01106,Wang-Perry,Hospitality,Nigeria,Nairobi,6-10,2026-08-09,LinkedIn
CUST01107,Chung-Allen,Professional Services,Ghana,Nakuru,51-200,2025-08-21,Sales Team
CUST01108,Harris PLC,Healthcare,Tanzania,Kisumu,1-5,2026-08-04,Google Ads
CUST01109,"Armstrong, Hall and Norman",Healthcare,Rwanda,Kampala,6-10,2025-09-30,Partner
CUST01110,Moore Ltd,Retail,South Africa,Nakuru,1-5,2026-08-23,Instagram
CUST01111,Mckee-Chaney,Education,Tanzania,Nairobi,6-10,2024-10-26,Referral
CUST01112,"Garcia, Bennett and Bradley",Real Estate,Kenya,Kigali,6-10,2025-11-08,Organic Search
CUST01113,Miller-Campbell,Retail,Ghana,Accra,201-500,2025-11-01,Facebook
CUST01114,Baxter LLC,Technology,South Africa,Mombasa,6-10,2024-10-26,Facebook
CUST01115,Williams and Sons,Manufacturing,Kenya,Johannesburg,11-50,2024-03-20,Organic Search
CUST01116,Torres Ltd,Retail,Tanzania,Kisumu,201-500,2026-06-14,Google Ads
CUST01117,"Williams, Boone and Cortez",Construction,Rwanda,Nakuru,11-50,2025-01-13,Partner
CUST01118,"Williams, Green and Moran",Manufacturing,Nigeria,Nakuru,1-5,2024-05-03,Sales Team
CUST01119,Morrison Ltd,Technology,Nigeria,Kisumu,11-50,2026-07-24,Organic Search
CUST01120,Wilson and Sons,Manufacturing,Nigeria,Accra,201-500,2025-02-05,Referral
CUST01121,"Turner, Hurley and Garcia",Logistics,Nigeria,Accra,6-10,2024-01-18,Facebook
CUST01122,"Taylor, Johnston and Mckay",Logistics,Tanzania,Dar es Salaam,51-200,2025-03-03,Referral
CUST01123,Nelson and Sons,Real Estate,South Africa,Lagos,6-10,2024-01-01,Google Ads
CUST01124,Gray-Nolan,Logistics,Uganda,Accra,11-50,2026-07-01,Referral
CUST01125,"Calderon, Lowe and Richmond",Logistics,Tanzania,Accra,1-5,2025-03-20,Sales Team
CUST01126,"Tyler, Elliott and Bell",Construction,Kenya,Johannesburg,11-50,2025-08-08,Instagram
CUST01127,Blake-Wood,Technology,Nigeria,Mombasa,201-500,2024-07-27,Sales Team
CUST01128,"Olson, Shaffer and Moyer",Hospitality,Ghana,Accra,201-500,2024-07-07,Facebook
CUST01129,"Miller, Doyle and Obrien",Real Estate,Tanzania,Dar es Salaam,51-200,2023-11-16,Partner
CUST01130,"Martin, Weaver and Wiggins",Professional Services,Kenya,Lagos,1-5,2024-05-31,Organic Search
CUST01131,Branch Inc,Construction,Uganda,Nairobi,6-10,2025-02-14,Google Ads
CUST01132,"Cardenas, Carroll and Wagner",Manufacturing,Uganda,Mombasa,1-5,2024-03-27,Sales Team
CUST01133,Williams-Willis,Manufacturing,Ghana,Johannesburg,201-500,2026-02-18,Referral
CUST01134,Hall and Sons,Retail,Tanzania,Nakuru,201-500,2025-07-16,Google Ads
CUST01135,Daniel Inc,Retail,Uganda,Accra,1-5,2024-04-12,LinkedIn
CUST01136,"Sellers, Knox and Moore",Retail,Tanzania,Lagos,51-200,2024-06-10,Partner
CUST01137,Reynolds-Duncan,Retail,South Africa,Johannesburg,11-50,2025-01-19,Organic Search
CUST01138,Gilbert-Hoover,Professional Services,South Africa,Kampala,1-5,2024-01-15,Instagram
CUST01139,Harris-Browning,Logistics,Kenya,Mombasa,6-10,2025-09-13,Sales Team
CUST01140,Clark PLC,Hospitality,Uganda,Lagos,6-10,2025-11-15,Facebook
CUST01141,Bush PLC,Logistics,Nigeria,Lagos,51-200,2024-04-18,Google Ads
CUST01142,Wiley and Sons,Real Estate,Tanzania,Accra,51-200,2025-09-23,Google Ads
CUST01143,Jones Inc,Construction,South Africa,Kisumu,201-500,2024-11-21,Sales Team
CUST01144,"Sloan, Coleman and Cline",Logistics,Tanzania,Kisumu,201-500,2025-02-24,LinkedIn
CUST01145,Perez-Hall,Technology,Tanzania,Lagos,11-50,2026-08-03,Partner
CUST01146,Holmes-Cantu,Education,South Africa,Kigali,11-50,2025-12-20,Instagram
CUST01147,Edwards Ltd,Real Estate,Ghana,Nakuru,51-200,2023-12-25,Referral
CUST01148,"Hall, Hester and Williams",Technology,Rwanda,Accra,51-200,2024-07-17,Organic Search
CUST01149,"Reid, Barajas and Snow",Retail,Tanzania,Johannesburg,1-5,2025-05-13,Facebook
CUST01150,"Cunningham, Reyes and Robles",Healthcare,Kenya,Kampala,6-10,2026-08-13,Instagram
CUST01151,Joseph PLC,Technology,Kenya,Kampala,201-500,2024-07-03,Facebook
CUST01152,Garcia and Sons,Professional Services,Kenya,Accra,11-50,2026-02-20,Facebook
CUST01153,Gardner-Leon,Construction,Tanzania,Dar es Salaam,201-500,2025-01-15,Instagram
CUST01154,Evans-Spears,Hospitality,Tanzania,Kampala,1-5,2023-12-26,Sales Team
CUST01155,Flores-Russo,Real Estate,Uganda,Mombasa,11-50,2025-12-24,LinkedIn
CUST01156,"Kelly, Snyder and Crawford",Construction,Rwanda,Johannesburg,1-5,2024-06-11,Referral
CUST01157,"Hughes, Lane and Castillo",Retail,Nigeria,Johannesburg,51-200,2026-02-08,Google Ads
CUST01158,Roberts-Ryan,Retail,South Africa,Dar es Salaam,11-50,2026-08-14,Sales Team
CUST01159,Bradley-Johnson,Education,South Africa,Mombasa,6-10,2024-08-11,Organic Search
CUST01160,Bates and Sons,Education,Kenya,Kampala,201-500,2024-07-24,Organic Search
CUST01161,Martin PLC,Technology,Ghana,Johannesburg,6-10,2023-12-07,Partner
CUST01162,Baker-Moore,Logistics,Nigeria,Nakuru,6-10,2025-05-11,Organic Search
CUST01163,Prince Group,Education,Rwanda,Johannesburg,201-500,2026-07-15,Google Ads
CUST01164,"Eaton, Rodriguez and Martinez",Hospitality,Rwanda,Kampala,51-200,2024-05-19,Facebook
CUST01165,Mcintyre-Stout,Construction,Tanzania,Mombasa,51-200,2025-10-14,Organic Search
CUST01166,Martinez-Barr,Logistics,Rwanda,Kampala,1-5,2024-04-25,Sales Team
CUST01167,Williams PLC,Logistics,Rwanda,Kisumu,6-10,2024-04-20,LinkedIn
CUST01168,Taylor LLC,Logistics,Uganda,Accra,51-200,2024-08-10,Instagram
CUST01169,"Walker, Bernard and White",Logistics,Ghana,Lagos,6-10,2025-06-09,Instagram
CUST01170,Rush Inc,Professional Services,Tanzania,Kigali,11-50,2023-12-10,Google Ads
CUST01171,Cunningham PLC,Professional Services,Nigeria,Kigali,51-200,2025-05-11,Partner
CUST01172,Pittman-Stevens,Technology,Uganda,Dar es Salaam,11-50,2024-04-27,Organic Search
CUST01173,Jarvis-Meza,Healthcare,Uganda,Dar es Salaam,201-500,2024-07-12,LinkedIn
CUST01174,Smith-Nichols,Real Estate,Uganda,Accra,1-5,2026-01-10,Instagram
CUST01175,"Church, Hernandez and Smith",Hospitality,Nigeria,Dar es Salaam,6-10,2025-12-06,Google Ads
CUST01176,Chen-Pacheco,Professional Services,Nigeria,Nairobi,6-10,2025-08-13,Facebook
CUST01177,Daniels-Hill,Healthcare,Kenya,Dar es Salaam,1-5,2024-02-13,Referral
CUST01178,"Barnes, Lara and Sanchez",Manufacturing,Rwanda,Nairobi,11-50,2025-03-29,Instagram
CUST01179,"Mccoy, Lewis and Fuentes",Logistics,Uganda,Nakuru,201-500,2024-09-15,Referral
CUST01180,Rodriguez-Thompson,Logistics,Rwanda,Johannesburg,6-10,2023-11-29,Organic Search
CUST01181,Rodgers Group,Education,Ghana,Lagos,1-5,2025-05-16,Referral
CUST01182,Brooks-Hines,Construction,Kenya,Kampala,6-10,2024-12-02,Referral
CUST01183,"Tanner, Jimenez and Fernandez",Retail,Rwanda,Nairobi,1-5,2023-12-29,Sales Team
CUST01184,Davis LLC,Healthcare,Nigeria,Dar es Salaam,1-5,2024-11-17,Organic Search
CUST01185,Clayton-Barker,Healthcare,South Africa,Kigali,6-10,2026-04-02,Sales Team
CUST01186,"Williams, Brown and Nielsen",Logistics,Nigeria,Mombasa,11-50,2024-08-29,LinkedIn
CUST01187,Hamilton and Sons,Real Estate,Ghana,Mombasa,6-10,2024-03-20,Instagram
CUST01188,Wallace Group,Logistics,Rwanda,Lagos,1-5,2026-01-07,Organic Search
CUST01189,Newman-Marshall,Hospitality,Ghana,Kampala,11-50,2023-10-17,LinkedIn
CUST01190,"Christensen, Jacobson and Russell",Education,Nigeria,Kisumu,1-5,2026-04-29,Partner
CUST01191,Moore and Sons,Technology,Tanzania,Kampala,6-10,2024-06-07,Referral
CUST01192,"Aguilar, Jimenez and Smith",Retail,Nigeria,Kampala,51-200,2025-01-31,Organic Search
CUST01193,"Banks, Adams and Sullivan",Logistics,Tanzania,Nakuru,6-10,2026-03-18,Partner
CUST01194,"Vasquez, Suarez and Gutierrez",Education,Nigeria,Kisumu,1-5,2026-04-12,Sales Team
CUST01195,"Allen, Holmes and Howell",Logistics,Nigeria,Johannesburg,6-10,2025-06-08,Sales Team
CUST01196,Allen-Rodriguez,Hospitality,Ghana,Kisumu,51-200,2024-10-25,Referral
CUST01197,Greer and Sons,Real Estate,Tanzania,Accra,201-500,2026-07-15,Facebook
CUST01198,Wallace-Torres,Hospitality,Nigeria,Kisumu,201-500,2026-06-16,Instagram
CUST01199,"Stout, Hernandez and Smith",Construction,Tanzania,Lagos,6-10,2025-10-30,Sales Team
CUST01200,Goodwin-Browning,Construction,Nigeria,Johannesburg,6-10,2025-12-19,Partner
CUST01201,Pennington-Mays,Professional Services,Ghana,Lagos,1-5,2025-07-31,Facebook
CUST01202,Aguilar LLC,Technology,South Africa,Kisumu,1-5,2026-01-05,Partner
CUST01203,"Grant, Thomas and Ward",Education,Rwanda,Kampala,51-200,2026-03-13,Referral
CUST01204,"Lewis, Moore and Hogan",Construction,South Africa,Nakuru,1-5,2024-07-22,Facebook
CUST01205,Heath Group,Construction,Kenya,Johannesburg,201-500,2026-04-10,Referral
CUST01206,"Spencer, Hancock and Morris",Real Estate,Ghana,Johannesburg,6-10,2025-03-07,Instagram
CUST01207,Brown-Maynard,Hospitality,Nigeria,Nairobi,11-50,2025-11-04,Google Ads
CUST01208,Morgan-Vasquez,Manufacturing,Uganda,Lagos,201-500,2025-01-23,LinkedIn
CUST01209,Smith-Carroll,Technology,Uganda,Kigali,51-200,2026-03-02,LinkedIn
CUST01210,Bartlett and Sons,Construction,Uganda,Nakuru,6-10,2025-05-25,Organic Search
CUST01211,Dennis-West,Education,South Africa,Nairobi,11-50,2026-03-27,Sales Team
CUST01212,"Ramirez, Henry and Wagner",Hospitality,Nigeria,Nakuru,6-10,2024-05-30,Google Ads
CUST01213,"Barton, Valdez and Brown",Construction,Rwanda,Johannesburg,51-200,2026-03-11,Partner
CUST01214,"Hardy, Thomas and Clark",Manufacturing,Uganda,Kigali,51-200,2026-08-04,Organic Search
CUST01215,"Franklin, Tucker and Holmes",Real Estate,Nigeria,Kigali,11-50,2025-04-20,Sales Team
CUST01216,Shelton Ltd,Real Estate,Nigeria,Johannesburg,201-500,2025-03-26,Organic Search
CUST01217,Ramsey-Merritt,Logistics,Kenya,Accra,51-200,2024-07-02,Organic Search
CUST01218,"Caldwell, Anderson and Powell",Hospitality,Ghana,Lagos,51-200,2025-12-24,Organic Search
CUST01219,Reynolds Ltd,Logistics,Rwanda,Lagos,1-5,2024-04-11,Instagram
CUST01220,"Ramsey, Stephens and Woodward",Healthcare,Rwanda,Kigali,11-50,2025-12-05,Referral
CUST01221,Ferguson and Sons,Manufacturing,Uganda,Kigali,11-50,2026-06-01,Organic Search
CUST01222,Bush LLC,Logistics,Uganda,Accra,51-200,2024-05-10,Google Ads
CUST01223,Hoffman-Lambert,Logistics,Kenya,Kisumu,201-500,2023-11-17,Facebook
CUST01224,"Ayers, Wiggins and Nelson",Education,Rwanda,Dar es Salaam,51-200,2024-11-07,Organic Search
CUST01225,Bates Ltd,Construction,Rwanda,Johannesburg,6-10,2024-09-07,LinkedIn
CUST01226,Hale Ltd,Professional Services,Tanzania,Dar es Salaam,6-10,2024-09-22,Google Ads
CUST01227,Armstrong-Warner,Professional Services,Kenya,Accra,11-50,2026-03-09,Google Ads
CUST01228,Wells-Montes,Logistics,Nigeria,Kigali,201-500,2025-08-25,Facebook
CUST01229,Myers and Sons,Education,Ghana,Kigali,1-5,2026-08-06,Facebook
CUST01230,Luna-Hayden,Technology,Ghana,Kisumu,6-10,2025-07-23,Facebook
CUST01231,Berg-Khan,Construction,South Africa,Nairobi,51-200,2025-07-17,Referral
CUST01232,"Friedman, Gonzalez and Patrick",Healthcare,Nigeria,Accra,11-50,2024-07-30,Facebook
CUST01233,"Poole, Thomas and Scott",Professional Services,Uganda,Nakuru,1-5,2024-06-26,Referral
CUST01234,Howard Group,Retail,Rwanda,Accra,51-200,2026-03-30,Organic Search
CUST01235,"Davis, Oneal and Davis",Real Estate,Rwanda,Nakuru,6-10,2025-06-06,LinkedIn
CUST01236,Hamilton-Mills,Manufacturing,Rwanda,Accra,1-5,2025-08-06,Organic Search
CUST01237,Roy Inc,Hospitality,Ghana,Kampala,201-500,2025-10-29,Instagram
CUST01238,Herrera LLC,Retail,Uganda,Kisumu,1-5,2025-04-21,Partner
CUST01239,"Boyer, Hall and Foster",Retail,Uganda,Nairobi,201-500,2024-01-02,Referral
CUST01240,Smith Inc,Technology,Kenya,Nairobi,1-5,2024-08-19,Sales Team
CUST01241,Martin LLC,Construction,Uganda,Kampala,201-500,2024-03-13,Facebook
CUST01242,Mathews-Burke,Manufacturing,Nigeria,Johannesburg,11-50,2026-04-19,Organic Search
CUST01243,"Boyd, Stewart and Bradley",Professional Services,South Africa,Kampala,11-50,2025-12-09,Partner
CUST01244,Ramos Group,Education,South Africa,Mombasa,51-200,2024-06-06,Google Ads
CUST01245,"Bean, Campbell and Thomas",Healthcare,Rwanda,Kisumu,1-5,2025-09-28,Referral
CUST01246,"Wolfe, Melendez and Cortez",Technology,Ghana,Kigali,201-500,2026-06-02,Instagram
CUST01247,"Bishop, Howell and Woods",Hospitality,Ghana,Nairobi,1-5,2026-01-31,Google Ads
CUST01248,Warner LLC,Manufacturing,Nigeria,Johannesburg,11-50,2024-06-15,Sales Team
CUST01249,Perez PLC,Real Estate,South Africa,Dar es Salaam,11-50,2025-06-22,Partner
CUST01250,"Thornton, Jackson and Richard",Construction,Ghana,Johannesburg,51-200,2026-02-05,LinkedIn
CUST01251,Zamora-Duncan,Manufacturing,South Africa,Kisumu,201-500,2025-03-07,Instagram
CUST01252,Roth-Smith,Healthcare,Uganda,Nairobi,1-5,2025-11-11,Organic Search
CUST01253,Mccarthy-Rose,Manufacturing,Nigeria,Mombasa,6-10,2026-06-14,Sales Team
CUST01254,Johnson-Bates,Education,Kenya,Dar es Salaam,11-50,2024-01-30,Instagram
CUST01255,Johnson-Baker,Retail,Nigeria,Nakuru,11-50,2026-07-19,Referral
CUST01256,Gomez-Brown,Professional Services,Tanzania,Kampala,201-500,2025-09-05,Partner
CUST01257,"Burton, Buchanan and Clark",Retail,Kenya,Dar es Salaam,11-50,2026-07-13,Sales Team
CUST01258,"Perkins, Ellis and Johnson",Real Estate,Ghana,Nairobi,6-10,2026-01-21,Instagram
CUST01259,Ryan-Ellis,Technology,South Africa,Dar es Salaam,51-200,2024-12-10,LinkedIn
CUST01260,Vaughn-Oliver,Retail,Nigeria,Kisumu,51-200,2026-03-23,Facebook
CUST01261,Doyle Ltd,Manufacturing,South Africa,Lagos,11-50,2025-10-02,LinkedIn
CUST01262,"Arnold, Parker and Curry",Education,Nigeria,Nairobi,201-500,2024-08-03,Referral
CUST01263,"Smith, Williams and Meza",Real Estate,Nigeria,Dar es Salaam,201-500,2026-06-19,Organic Search
CUST01264,"Garcia, Fox and Garcia",Hospitality,Ghana,Dar es Salaam,11-50,2026-02-03,Google Ads
CUST01265,"Miller, Bryant and Gray",Construction,Tanzania,Nairobi,11-50,2024-04-19,Sales Team
CUST01266,Williams Group,Logistics,South Africa,Kisumu,201-500,2025-10-19,Sales Team
CUST01267,"Hamilton, Brown and Allen",Construction,Ghana,Mombasa,11-50,2023-10-10,Partner
CUST01268,Carter-Webb,Retail,Tanzania,Kigali,1-5,2024-07-29,LinkedIn
CUST01269,Thompson-Harris,Hospitality,Tanzania,Accra,11-50,2025-03-20,Instagram
CUST01270,"Johnson, Glass and Roberts",Logistics,Tanzania,Kisumu,1-5,2024-10-07,Partner
CUST01271,Clayton Group,Retail,South Africa,Nakuru,1-5,2025-10-20,LinkedIn
CUST01272,Huerta Group,Logistics,Kenya,Accra,201-500,2025-07-11,Facebook
CUST01273,Santos Ltd,Hospitality,Tanzania,Accra,201-500,2024-04-02,Referral
CUST01274,Ryan Group,Technology,Uganda,Mombasa,201-500,2023-10-30,Facebook
CUST01275,Dickson-White,Hospitality,Nigeria,Nairobi,51-200,2025-05-19,Sales Team
CUST01276,Nguyen-Johnson,Logistics,Kenya,Nairobi,11-50,2024-12-11,Organic Search
CUST01277,Farmer LLC,Real Estate,South Africa,Mombasa,11-50,2025-05-23,LinkedIn
CUST01278,Washington LLC,Retail,Kenya,Lagos,11-50,2024-10-06,Organic Search
CUST01279,Clark Inc,Real Estate,South Africa,Kampala,6-10,2024-11-15,Partner
CUST01280,"Hansen, Estes and Lin",Hospitality,Uganda,Kampala,11-50,2023-10-12,Partner
CUST01281,Harris-Wagner,Manufacturing,Nigeria,Mombasa,11-50,2025-12-19,Facebook
CUST01282,Jacobson-Moran,Construction,Tanzania,Mombasa,1-5,2024-10-16,Google Ads
CUST01283,"Howard, Jordan and Williams",Hospitality,Ghana,Dar es Salaam,201-500,2025-05-12,Partner
CUST01284,"Reeves, Brown and Campos",Healthcare,Uganda,Kampala,201-500,2024-05-31,Instagram
CUST01285,Solis and Sons,Construction,Kenya,Kampala,201-500,2024-05-11,Partner
CUST01286,Archer-Humphrey,Logistics,Rwanda,Nairobi,6-10,2024-09-03,Organic Search
CUST01287,Morgan and Sons,Manufacturing,Nigeria,Nairobi,1-5,2024-04-20,Sales Team
CUST01288,Taylor and Sons,Retail,Kenya,Kigali,51-200,2026-01-17,Facebook
CUST01289,"Parker, Richardson and Ellis",Real Estate,Ghana,Accra,201-500,2024-03-21,Partner
CUST01290,Cooper-Horton,Healthcare,Tanzania,Nakuru,201-500,2025-03-04,Google Ads
CUST01291,Duke LLC,Manufacturing,Ghana,Kisumu,1-5,2024-04-29,LinkedIn
CUST01292,West-Watson,Professional Services,Rwanda,Kampala,51-200,2026-02-12,LinkedIn
CUST01293,Farrell-Jimenez,Hospitality,Uganda,Kisumu,201-500,2024-01-24,Referral
CUST01294,Wood and Sons,Technology,Rwanda,Kisumu,11-50,2025-11-08,Partner
CUST01295,Sanchez and Sons,Manufacturing,Rwanda,Nairobi,1-5,2025-05-06,LinkedIn
CUST01296,Osborn Ltd,Professional Services,Tanzania,Accra,51-200,2025-11-01,Facebook
CUST01297,Mullins Ltd,Healthcare,South Africa,Dar es Salaam,201-500,2024-10-21,Facebook
CUST01298,"Farmer, Sharp and Rogers",Logistics,Kenya,Kigali,1-5,2025-01-01,Partner
CUST01299,White Group,Logistics,Nigeria,Mombasa,11-50,2024-07-03,LinkedIn
CUST01300,Clark-Maddox,Education,Ghana,Kigali,6-10,2023-10-04,Instagram
CUST01301,"Ayala, Kelley and Scott",Logistics,Uganda,Accra,51-200,2024-05-07,Google Ads
CUST01302,"Watts, Reeves and Blake",Technology,Uganda,Johannesburg,51-200,2025-02-05,Sales Team
CUST01303,Rogers LLC,Real Estate,South Africa,Dar es Salaam,201-500,2024-04-18,Instagram
CUST01304,Fisher-Briggs,Construction,Nigeria,Mombasa,201-500,2025-03-12,LinkedIn
CUST01305,Alvarado and Sons,Professional Services,Ghana,Johannesburg,51-200,2023-11-03,Partner
CUST01306,"Rodriguez, Perry and Castillo",Logistics,Kenya,Accra,6-10,2024-06-27,Referral
CUST01307,Calderon-Chapman,Education,Kenya,Johannesburg,1-5,2026-03-22,Sales Team
CUST01308,Jackson-Patterson,Technology,Rwanda,Nairobi,1-5,2024-02-09,Instagram
CUST01309,Chan Ltd,Construction,Ghana,Nairobi,6-10,2025-06-04,Facebook
CUST01310,Le Group,Manufacturing,Ghana,Kampala,51-200,2025-12-25,LinkedIn
CUST01311,Howard-Durham,Hospitality,Uganda,Dar es Salaam,11-50,2024-01-05,Referral
CUST01312,Miranda and Sons,Education,Nigeria,Dar es Salaam,1-5,2023-10-22,Organic Search
CUST01313,"Jones, Thompson and Mullins",Real Estate,Ghana,Kigali,6-10,2024-01-03,Referral
CUST01314,"Cooper, Hardy and Perry",Retail,Tanzania,Lagos,1-5,2024-06-02,Organic Search
CUST01315,Thompson-Thomas,Logistics,South Africa,Dar es Salaam,1-5,2025-10-09,Referral
CUST01316,"Rodriguez, Cherry and Curtis",Retail,Uganda,Kigali,201-500,2025-09-29,Sales Team
CUST01317,Lopez Ltd,Technology,Nigeria,Kigali,51-200,2025-02-04,Sales Team
CUST01318,Barton Group,Education,Ghana,Nakuru,6-10,2025-08-07,LinkedIn
CUST01319,"White, Ray and Houston",Construction,Uganda,Lagos,51-200,2024-03-23,Partner
CUST01320,Kelly-Beck,Education,Uganda,Kampala,6-10,2024-06-26,Facebook
CUST01321,"Neal, Richardson and Garrison",Retail,Kenya,Nairobi,6-10,2026-02-01,LinkedIn
CUST01322,"Price, Gentry and Garcia",Education,Uganda,Mombasa,6-10,2026-01-18,Sales Team
CUST01323,"Decker, Osborne and Dennis",Manufacturing,South Africa,Johannesburg,51-200,2024-08-30,Facebook
CUST01324,"Baldwin, Hamilton and Gomez",Manufacturing,Ghana,Kigali,201-500,2023-12-19,LinkedIn
CUST01325,Villa-Glover,Education,Tanzania,Nakuru,6-10,2024-06-30,Sales Team
CUST01326,"Carpenter, Newman and Keller",Real Estate,Kenya,Johannesburg,51-200,2026-04-15,Instagram
CUST01327,Maldonado LLC,Logistics,Tanzania,Kigali,201-500,2026-04-18,Partner
CUST01328,Delacruz-Harris,Retail,Kenya,Johannesburg,51-200,2026-02-20,Partner
CUST01329,Thomas-Rios,Professional Services,Ghana,Accra,1-5,2025-02-17,Facebook
CUST01330,Bryant Ltd,Logistics,South Africa,Kampala,51-200,2025-07-06,Google Ads
CUST01331,Richardson Group,Logistics,Ghana,Mombasa,6-10,2024-09-25,LinkedIn
CUST01332,Butler-Smith,Professional Services,Nigeria,Lagos,201-500,2025-05-29,Referral
CUST01333,"Hodge, Cowan and Thompson",Real Estate,Kenya,Dar es Salaam,201-500,2025-05-31,Organic Search
CUST01334,Thomas PLC,Manufacturing,Rwanda,Lagos,51-200,2024-04-18,Partner
CUST01335,Clark-Anderson,Education,Tanzania,Kampala,11-50,2023-10-01,Facebook
CUST01336,Rogers Group,Retail,Nigeria,Johannesburg,11-50,2023-09-26,Referral
CUST01337,"Nolan, Jenkins and Schmitt",Retail,Nigeria,Accra,201-500,2026-01-08,Facebook
CUST01338,"Roach, Lowe and Brown",Real Estate,Kenya,Kampala,201-500,2025-06-05,Organic Search
CUST01339,Farmer-Dennis,Healthcare,Rwanda,Mombasa,6-10,2025-06-29,Google Ads
CUST01340,Maynard Ltd,Healthcare,Tanzania,Kisumu,201-500,2023-12-04,Referral
CUST01341,"Ball, Dunlap and Wilson",Healthcare,South Africa,Kampala,1-5,2025-11-25,Google Ads
CUST01342,Dixon and Sons,Real Estate,Uganda,Johannesburg,6-10,2024-02-28,LinkedIn
CUST01343,Cooper-Powers,Technology,South Africa,Kisumu,11-50,2025-11-25,Instagram
CUST01344,"Gonzales, Melendez and Valentine",Manufacturing,Uganda,Lagos,1-5,2026-01-12,Partner
CUST01345,Farmer Inc,Professional Services,Uganda,Johannesburg,6-10,2026-06-14,LinkedIn
CUST01346,"Castillo, Wheeler and Burke",Education,South Africa,Kigali,6-10,2025-10-20,LinkedIn
CUST01347,"Johnson, Wheeler and Mcmahon",Construction,Uganda,Johannesburg,11-50,2026-04-24,Organic Search
CUST01348,"Nelson, Davis and Porter",Healthcare,South Africa,Mombasa,1-5,2023-10-29,Facebook
CUST01349,"Patterson, Obrien and Alexander",Manufacturing,Rwanda,Accra,11-50,2025-12-06,LinkedIn
CUST01350,West Inc,Logistics,Uganda,Kigali,51-200,2024-10-26,LinkedIn
CUST01351,Wilson Inc,Healthcare,Uganda,Lagos,51-200,2026-06-17,Organic Search
CUST01352,Green Ltd,Healthcare,South Africa,Accra,51-200,2026-08-12,Partner
CUST01353,Lewis-Howard,Logistics,Nigeria,Nairobi,1-5,2025-01-08,Partner
CUST01354,"Robinson, Nelson and Bailey",Education,Ghana,Kampala,11-50,2024-04-18,Referral
CUST01355,Rangel-Mccoy,Healthcare,South Africa,Mombasa,11-50,2024-05-04,Sales Team
CUST01356,Rush Group,Manufacturing,South Africa,Nakuru,201-500,2025-11-17,Instagram
CUST01357,"Smith, Cross and Castro",Logistics,Tanzania,Kisumu,11-50,2024-07-28,Organic Search
CUST01358,Jones-Kim,Retail,South Africa,Mombasa,1-5,2024-01-19,Sales Team
CUST01359,"White, Pena and Johnson",Professional Services,Ghana,Mombasa,51-200,2025-09-04,Partner
CUST01360,Patel-Meza,Hospitality,Nigeria,Kampala,11-50,2024-10-15,Instagram
CUST01361,"Cross, Douglas and Faulkner",Retail,Kenya,Johannesburg,1-5,2024-09-07,Organic Search
CUST01362,Rojas LLC,Real Estate,Nigeria,Nakuru,201-500,2026-04-24,Google Ads
CUST01363,Palmer-Jackson,Professional Services,Kenya,Johannesburg,6-10,2024-01-22,Sales Team
CUST01364,"Romero, Baker and Jones",Real Estate,South Africa,Kisumu,1-5,2024-05-03,Facebook
CUST01365,Hart-Hammond,Healthcare,Tanzania,Accra,1-5,2025-08-09,LinkedIn
CUST01366,Cain and Sons,Healthcare,South Africa,Kigali,11-50,2024-04-13,Referral
CUST01367,Mitchell-Johnson,Construction,South Africa,Mombasa,11-50,2025-07-15,Organic Search
CUST01368,"Fisher, Hammond and Rodriguez",Education,Rwanda,Dar es Salaam,1-5,2026-04-30,Referral
CUST01369,"Robinson, Warren and Perkins",Healthcare,Uganda,Accra,1-5,2023-10-20,LinkedIn
CUST01370,Castro-Hahn,Hospitality,Ghana,Kigali,6-10,2023-10-22,LinkedIn
CUST01371,Cox-Wade,Professional Services,Uganda,Lagos,51-200,2023-10-07,Instagram
CUST01372,Little LLC,Real Estate,Nigeria,Mombasa,51-200,2025-08-08,Referral
CUST01373,Wright Group,Professional Services,Kenya,Mombasa,1-5,2025-05-23,Referral
CUST01374,Villarreal LLC,Manufacturing,Kenya,Accra,6-10,2026-02-02,Organic Search
CUST01375,Jones-Rowland,Retail,Nigeria,Kigali,11-50,2024-03-24,Facebook
CUST01376,"Kim, Henry and Miller",Technology,Rwanda,Johannesburg,1-5,2026-08-16,LinkedIn
CUST01377,"Gordon, Cunningham and Cox",Manufacturing,Rwanda,Kigali,1-5,2025-07-08,Instagram
CUST01378,Santos-Morris,Retail,Rwanda,Accra,1-5,2024-01-15,Partner
CUST01379,Mullins-Simmons,Technology,Nigeria,Kampala,51-200,2026-04-16,Organic Search
CUST01380,Bird-Moore,Professional Services,Tanzania,Lagos,11-50,2024-10-02,Google Ads
CUST01381,Dean-Diaz,Manufacturing,South Africa,Kampala,6-10,2025-03-09,Facebook
CUST01382,"Carter, Russell and Anderson",Logistics,Kenya,Kigali,6-10,2025-05-19,Referral
CUST01383,Webb-Porter,Education,Kenya,Dar es Salaam,51-200,2024-09-29,Google Ads
CUST01384,Barnett PLC,Manufacturing,Nigeria,Nakuru,6-10,2026-01-29,Organic Search
CUST01385,Moreno Ltd,Hospitality,Kenya,Johannesburg,6-10,2024-09-16,LinkedIn
CUST01386,Chandler-Parker,Education,Kenya,Lagos,11-50,2025-07-03,LinkedIn
CUST01387,Burnett Ltd,Logistics,South Africa,Accra,1-5,2025-11-07,Organic Search
CUST01388,"Cook, Gibbs and Butler",Technology,Kenya,Dar es Salaam,1-5,2026-06-15,Sales Team
CUST01389,Russell-Williams,Professional Services,Uganda,Lagos,51-200,2025-01-13,Facebook
CUST01390,Smith Ltd,Real Estate,Uganda,Mombasa,1-5,2024-12-07,Facebook
CUST01391,"Burton, Gibson and Brown",Manufacturing,Nigeria,Nairobi,51-200,2024-04-17,Organic Search
CUST01392,Krause-King,Hospitality,Nigeria,Kisumu,1-5,2023-10-15,Facebook
CUST01393,Terrell Group,Retail,Tanzania,Mombasa,51-200,2025-01-30,Facebook
CUST01394,Drake PLC,Real Estate,Kenya,Mombasa,1-5,2025-03-13,LinkedIn
CUST01395,Reed-Carr,Real Estate,South Africa,Johannesburg,6-10,2024-11-29,Google Ads
CUST01396,Peters-Huynh,Hospitality,Rwanda,Dar es Salaam,51-200,2026-07-30,Partner
CUST01397,Davis-Nguyen,Professional Services,Nigeria,Johannesburg,201-500,2023-10-02,Facebook
CUST01398,Stewart and Sons,Technology,South Africa,Nakuru,1-5,2023-10-22,Facebook
CUST01399,Reynolds PLC,Technology,Kenya,Mombasa,11-50,2024-07-06,Facebook
CUST01400,Franklin and Sons,Education,Uganda,Dar es Salaam,201-500,2025-12-18,Facebook
CUST01401,Farley-Johnston,Manufacturing,Uganda,Johannesburg,1-5,2026-02-04,Facebook
CUST01402,Reese-Nunez,Professional Services,South Africa,Johannesburg,51-200,2026-05-22,Facebook
CUST01403,"Ruiz, Washington and Williams",Retail,Rwanda,Mombasa,1-5,2025-01-29,Organic Search
CUST01404,"Branch, Rogers and Bennett",Construction,Kenya,Johannesburg,11-50,2024-04-09,Sales Team
CUST01405,"Barnes, Molina and Liu",Manufacturing,Nigeria,Kisumu,6-10,2023-11-09,Facebook
CUST01406,Payne-Fletcher,Healthcare,Ghana,Accra,51-200,2023-10-26,Instagram
CUST01407,Estrada and Sons,Construction,Ghana,Nairobi,201-500,2025-05-16,Facebook
CUST01408,Perez Inc,Manufacturing,Ghana,Mombasa,11-50,2024-05-25,Partner
CUST01409,Mccarthy-Vance,Education,Kenya,Lagos,6-10,2025-06-13,Instagram
CUST01410,"White, Watkins and Martinez",Professional Services,Ghana,Mombasa,201-500,2025-01-04,Partner
CUST01411,Morton-Mckee,Logistics,Ghana,Nakuru,51-200,2025-02-24,Instagram
CUST01412,Johnston-Brown,Healthcare,Kenya,Nakuru,1-5,2023-10-24,Facebook
CUST01413,Pratt PLC,Manufacturing,Rwanda,Kisumu,6-10,2023-10-27,Organic Search
CUST01414,Miller and Sons,Retail,Nigeria,Dar es Salaam,11-50,2024-01-19,Instagram
CUST01415,"Bailey, Miller and Velasquez",Education,Tanzania,Dar es Salaam,201-500,2025-12-15,LinkedIn
CUST01416,Berg PLC,Retail,Kenya,Nairobi,201-500,2026-04-18,Facebook
CUST01417,Perkins LLC,Construction,South Africa,Nairobi,51-200,2023-09-26,Google Ads
CUST01418,Rodriguez-Conley,Professional Services,Uganda,Accra,201-500,2025-08-07,Partner
CUST01419,Stanley-Gallagher,Education,Uganda,Dar es Salaam,6-10,2026-01-16,Google Ads
CUST01420,Medina Inc,Technology,Uganda,Mombasa,6-10,2025-04-22,Sales Team
CUST01421,Singleton-Phillips,Hospitality,Rwanda,Nakuru,1-5,2024-07-05,LinkedIn
CUST01422,Reid Inc,Real Estate,Rwanda,Nairobi,51-200,2026-01-19,Facebook
CUST01423,"Werner, Rice and French",Hospitality,Ghana,Accra,6-10,2025-01-06,Sales Team
CUST01424,"Dawson, Thompson and King",Technology,Uganda,Accra,6-10,2025-11-16,Partner
CUST01425,Jarvis and Sons,Healthcare,Uganda,Dar es Salaam,6-10,2025-10-26,Organic Search
CUST01426,Johnston Group,Real Estate,Kenya,Kampala,6-10,2025-11-05,Google Ads
CUST01427,Garcia-Marshall,Manufacturing,Rwanda,Kigali,6-10,2026-04-25,Partner
CUST01428,"Waters, Serrano and Owens",Hospitality,Tanzania,Johannesburg,6-10,2024-05-19,Facebook
CUST01429,Smith Ltd,Real Estate,Ghana,Nakuru,1-5,2026-04-10,Sales Team
CUST01430,Howard and Sons,Logistics,Rwanda,Nakuru,201-500,2025-02-05,LinkedIn
CUST01431,"Watson, Clarke and Henry",Manufacturing,Tanzania,Nairobi,51-200,2024-08-29,Instagram
CUST01432,Morris Ltd,Hospitality,Tanzania,Kigali,201-500,2025-12-19,Instagram
CUST01433,Maldonado Ltd,Real Estate,Uganda,Johannesburg,1-5,2024-11-02,Sales Team
CUST01434,Perez Ltd,Retail,Kenya,Accra,201-500,2024-10-08,Organic Search
CUST01435,Duran Ltd,Education,Ghana,Kigali,51-200,2024-01-13,Google Ads
CUST01436,"Valentine, Burns and Rhodes",Manufacturing,Rwanda,Nakuru,1-5,2026-06-30,Organic Search
CUST01437,Wright Ltd,Education,Uganda,Kisumu,11-50,2024-09-02,Referral
CUST01438,Thornton Inc,Hospitality,Nigeria,Mombasa,1-5,2026-02-10,LinkedIn
CUST01439,"Walker, Phillips and Hunt",Healthcare,Uganda,Accra,201-500,2024-06-30,Organic Search
CUST01440,Gonzales-Collins,Manufacturing,Rwanda,Kisumu,51-200,2025-01-23,Facebook
CUST01441,Miller-Fritz,Technology,Nigeria,Accra,1-5,2026-05-04,Google Ads
CUST01442,Scott-Davis,Education,Nigeria,Dar es Salaam,201-500,2024-05-19,Organic Search
CUST01443,"Miller, Hartman and Bryant",Healthcare,Rwanda,Kampala,201-500,2024-10-11,Instagram
CUST01444,"Sharp, Eaton and Williams",Professional Services,Ghana,Dar es Salaam,1-5,2023-11-14,Partner
CUST01445,King-Stafford,Retail,Kenya,Kigali,11-50,2025-05-07,LinkedIn
CUST01446,Jensen-Gonzalez,Real Estate,Kenya,Dar es Salaam,11-50,2024-02-11,Facebook
CUST01447,Vazquez Group,Logistics,Nigeria,Mombasa,201-500,2025-01-27,Instagram
CUST01448,"Miller, Kirby and Stephens",Construction,Tanzania,Nakuru,201-500,2024-05-02,Google Ads
CUST01449,Brooks-Lucas,Manufacturing,Nigeria,Johannesburg,6-10,2024-11-09,Instagram
CUST01450,"Zhang, Davis and Mccarty",Technology,Tanzania,Kampala,201-500,2024-08-28,Sales Team
CUST01451,Dodson Group,Healthcare,Kenya,Mombasa,11-50,2024-06-22,Partner
CUST01452,Peters Inc,Manufacturing,Rwanda,Lagos,201-500,2024-07-15,Google Ads
CUST01453,Ochoa-Robertson,Manufacturing,Nigeria,Lagos,201-500,2023-10-04,Referral
CUST01454,Robles LLC,Manufacturing,Ghana,Dar es Salaam,1-5,2025-12-11,Instagram
CUST01455,Terry-Smith,Manufacturing,Kenya,Mombasa,51-200,2024-09-11,Facebook
CUST01456,Howard-Oconnor,Healthcare,Kenya,Mombasa,6-10,2024-10-28,Referral
CUST01457,Brown PLC,Professional Services,Nigeria,Kisumu,51-200,2025-10-22,Facebook
CUST01458,"Williams, Pena and Bryant",Hospitality,Ghana,Nairobi,11-50,2023-11-17,Sales Team
CUST01459,"Andrade, Duke and Ewing",Logistics,Uganda,Accra,11-50,2024-06-25,Sales Team
CUST01460,"Shepherd, Glass and Farley",Manufacturing,Nigeria,Nairobi,11-50,2025-06-10,Instagram
CUST01461,Reynolds-Robinson,Professional Services,Kenya,Nakuru,201-500,2024-01-12,Partner
CUST01462,"Grant, Curry and Montgomery",Education,Ghana,Dar es Salaam,11-50,2024-06-04,LinkedIn
CUST01463,Jones Inc,Real Estate,Nigeria,Lagos,201-500,2025-10-25,LinkedIn
CUST01464,Bender-Garcia,Manufacturing,Tanzania,Johannesburg,6-10,2026-04-22,Referral
CUST01465,"Tate, Sanchez and Gonzalez",Construction,South Africa,Kampala,6-10,2025-10-13,LinkedIn
CUST01466,"Solomon, Aguilar and Taylor",Technology,Tanzania,Nairobi,6-10,2025-03-07,Partner
CUST01467,Santana Group,Healthcare,Rwanda,Kisumu,201-500,2023-12-07,Facebook
CUST01468,"Pena, Reed and Moore",Logistics,Tanzania,Kisumu,6-10,2025-04-24,Facebook
CUST01469,Love-Barry,Construction,Uganda,Mombasa,1-5,2025-05-12,Partner
CUST01470,Melton-Clark,Real Estate,Uganda,Accra,11-50,2024-07-05,Partner
CUST01471,"Lewis, Chan and Washington",Construction,Uganda,Lagos,1-5,2024-11-28,Partner
CUST01472,Garza-Johnson,Technology,Uganda,Dar es Salaam,51-200,2024-05-16,Facebook
CUST01473,Lewis-Andrews,Logistics,Tanzania,Mombasa,1-5,2026-07-09,Sales Team
CUST01474,Cowan-Brown,Manufacturing,South Africa,Kisumu,51-200,2024-07-25,Partner
CUST01475,Herrera LLC,Construction,Kenya,Lagos,201-500,2023-12-07,Partner
CUST01476,Perkins-Collins,Healthcare,Rwanda,Kampala,201-500,2024-10-30,Facebook
CUST01477,"Ortiz, Johnson and Lopez",Real Estate,Nigeria,Accra,11-50,2024-04-06,Google Ads
CUST01478,Beard Ltd,Manufacturing,Kenya,Kisumu,201-500,2024-05-02,Google Ads
CUST01479,Solomon-Diaz,Healthcare,Kenya,Kigali,201-500,2026-05-13,Instagram
CUST01480,"Garcia, Harrison and Sherman",Manufacturing,Tanzania,Mombasa,11-50,2024-06-23,Organic Search
CUST01481,Clark-Bush,Real Estate,Nigeria,Nakuru,201-500,2025-11-21,Instagram
CUST01482,"May, Adams and Hodge",Healthcare,Uganda,Nairobi,1-5,2025-10-16,LinkedIn
CUST01483,"Odonnell, Walton and Smith",Professional Services,Ghana,Kigali,6-10,2026-01-09,LinkedIn
CUST01484,Scott Group,Technology,Ghana,Johannesburg,201-500,2026-03-07,Organic Search
CUST01485,"Williams, Ellis and Bush",Technology,Rwanda,Kisumu,51-200,2024-12-23,Partner
CUST01486,Andrews PLC,Education,Tanzania,Nairobi,11-50,2025-05-13,Partner
CUST01487,Johnson-Robinson,Technology,Tanzania,Accra,201-500,2025-01-30,Google Ads
CUST01488,Walker Group,Hospitality,Nigeria,Accra,51-200,2025-08-29,LinkedIn
CUST01489,Hart Ltd,Healthcare,Uganda,Kigali,51-200,2025-06-16,Facebook
CUST01490,"Sherman, Fuller and Roy",Real Estate,Ghana,Mombasa,6-10,2026-02-09,Instagram
CUST01491,Jones Group,Healthcare,Rwanda,Lagos,11-50,2024-09-07,Google Ads
CUST01492,"Rollins, Jones and Williams",Real Estate,South Africa,Kigali,1-5,2023-11-29,Organic Search
CUST01493,"Le, Grimes and Ward",Education,Nigeria,Kampala,51-200,2025-08-02,Facebook
CUST01494,"Rodriguez, Larson and Stewart",Logistics,Rwanda,Johannesburg,6-10,2024-05-16,Instagram
CUST01495,Villanueva-Ford,Construction,South Africa,Kigali,11-50,2024-05-17,LinkedIn
CUST01496,Robinson-Mills,Retail,South Africa,Kampala,201-500,2023-10-16,Referral
CUST01497,"Meyer, Hill and Davidson",Manufacturing,Ghana,Accra,6-10,2024-02-10,Organic Search
CUST01498,Lopez-Bean,Retail,Uganda,Kampala,11-50,2024-09-25,LinkedIn
CUST01499,"Hernandez, Baker and Walker",Professional Services,Nigeria,Kampala,51-200,2024-10-06,Facebook
CUST01500,"Petersen, Jordan and Ortega",Manufacturing,Nigeria,Nakuru,1-5,2025-09-27,Google Ads
CUST01501,Beasley-Lopez,Healthcare,Rwanda,Mombasa,201-500,2026-01-09,Partner
CUST01502,"Gray, Anderson and Keller",Real Estate,Rwanda,Johannesburg,51-200,2024-03-18,Referral
CUST01503,Howard-Williams,Manufacturing,Nigeria,Mombasa,11-50,2026-08-20,Organic Search
CUST01504,Lopez Group,Healthcare,Uganda,Johannesburg,1-5,2025-07-11,Facebook
CUST01505,"Jordan, Kim and Johnson",Technology,Rwanda,Kisumu,11-50,2026-04-04,Facebook
CUST01506,Singleton-Pace,Retail,Tanzania,Dar es Salaam,51-200,2023-11-08,Partner
CUST01507,Bates-Ortiz,Retail,Tanzania,Kampala,201-500,2023-09-26,Google Ads
CUST01508,Christian Group,Logistics,Uganda,Kisumu,1-5,2026-05-09,Facebook
CUST01509,Guerrero Ltd,Logistics,Tanzania,Dar es Salaam,11-50,2024-02-07,Referral
CUST01510,"Miles, Powers and Whitaker",Technology,Kenya,Lagos,201-500,2026-07-02,Partner
CUST01511,Sullivan-Ortega,Construction,Kenya,Kisumu,201-500,2024-01-12,Referral
CUST01512,Tucker Inc,Technology,South Africa,Accra,51-200,2025-09-14,Partner
CUST01513,Hebert-Perez,Construction,Kenya,Nakuru,6-10,2026-04-07,Instagram
CUST01514,"Henderson, Petty and Smith",Hospitality,South Africa,Lagos,201-500,2024-06-21,Google Ads
CUST01515,"Mack, Carr and Moore",Education,Rwanda,Mombasa,1-5,2023-12-25,Facebook
CUST01516,Sanchez-Chen,Retail,Rwanda,Dar es Salaam,11-50,2023-12-24,Partner
CUST01517,Donovan-Jackson,Construction,South Africa,Accra,201-500,2025-03-06,Partner
CUST01518,Allen PLC,Construction,Nigeria,Kampala,1-5,2024-04-15,Google Ads
CUST01519,Taylor and Sons,Hospitality,Uganda,Kisumu,6-10,2026-01-12,Referral
CUST01520,Bush Inc,Construction,Uganda,Kisumu,1-5,2024-10-28,Sales Team
CUST01521,"Reid, Herrera and Davis",Professional Services,Kenya,Nairobi,51-200,2024-02-19,Sales Team
CUST01522,Palmer-Stewart,Retail,Uganda,Mombasa,1-5,2024-10-22,Organic Search
CUST01523,"Adams, Owens and Turner",Manufacturing,Kenya,Kampala,1-5,2023-10-11,Google Ads
CUST01524,Harvey Group,Healthcare,Nigeria,Nairobi,1-5,2024-08-27,Google Ads
CUST01525,Porter LLC,Real Estate,Uganda,Johannesburg,6-10,2025-11-09,Facebook
CUST01526,Miller Group,Technology,Kenya,Mombasa,6-10,2024-05-23,Referral
CUST01527,Perry LLC,Real Estate,Tanzania,Dar es Salaam,6-10,2026-07-14,Instagram
CUST01528,Boyer Inc,Logistics,Ghana,Mombasa,1-5,2026-02-12,Organic Search
CUST01529,Hicks Inc,Logistics,Uganda,Nakuru,11-50,2025-10-06,Facebook
CUST01530,"Davis, Clark and Bass",Logistics,Kenya,Mombasa,6-10,2025-09-09,LinkedIn
CUST01531,"Edwards, Lee and Finley",Technology,Nigeria,Johannesburg,6-10,2026-03-23,LinkedIn
CUST01532,Barton-Dunn,Professional Services,Uganda,Dar es Salaam,51-200,2024-01-21,Sales Team
CUST01533,Schultz Group,Hospitality,Ghana,Nakuru,51-200,2026-02-28,Google Ads
CUST01534,James-Brown,Technology,Kenya,Accra,1-5,2025-10-17,Facebook
CUST01535,York-Fuller,Manufacturing,South Africa,Dar es Salaam,11-50,2026-07-31,Organic Search
CUST01536,"Miller, Miller and Zamora",Professional Services,Tanzania,Accra,1-5,2024-04-14,Sales Team
CUST01537,"Johnson, Smith and Sanchez",Healthcare,Rwanda,Johannesburg,11-50,2023-11-14,LinkedIn
CUST01538,"Cain, Martinez and Rodriguez",Hospitality,Ghana,Kigali,11-50,2025-12-31,Sales Team
CUST01539,Hernandez-Wells,Hospitality,South Africa,Mombasa,51-200,2025-07-11,Partner
CUST01540,Bird-Lawson,Construction,Kenya,Accra,1-5,2026-02-21,Sales Team
CUST01541,Garcia PLC,Manufacturing,Ghana,Mombasa,1-5,2024-01-29,Facebook
CUST01542,Smith-Mitchell,Education,Rwanda,Johannesburg,1-5,2025-05-13,Facebook
CUST01543,"Howell, Brennan and Brock",Professional Services,Tanzania,Nakuru,11-50,2026-03-29,Instagram
CUST01544,Wells-Flores,Real Estate,South Africa,Kigali,1-5,2025-11-05,Instagram
CUST01545,Walker PLC,Education,Nigeria,Accra,11-50,2024-10-18,Referral
CUST01546,Barker-Reed,Education,Tanzania,Accra,201-500,2023-10-28,Sales Team
CUST01547,Morales Ltd,Manufacturing,Ghana,Kampala,6-10,2023-10-28,LinkedIn
CUST01548,"Jensen, Leblanc and Cannon",Professional Services,Kenya,Kampala,51-200,2025-06-13,LinkedIn
CUST01549,"Ford, Boyd and Kaiser",Hospitality,Nigeria,Kisumu,1-5,2025-05-16,Google Ads
CUST01550,"Browning, Lowe and Yang",Retail,South Africa,Mombasa,51-200,2025-03-22,Organic Search
CUST01551,"Phillips, Nelson and Davis",Construction,Rwanda,Johannesburg,11-50,2026-06-04,Facebook
CUST01552,Serrano Ltd,Healthcare,Ghana,Johannesburg,1-5,2025-09-22,Google Ads
CUST01553,"Mcintyre, Harris and Thompson",Logistics,South Africa,Accra,51-200,2025-02-28,Instagram
CUST01554,Ho-Wright,Healthcare,Nigeria,Accra,51-200,2023-11-10,Referral
CUST01555,"Ward, Rosario and Sanchez",Logistics,Tanzania,Lagos,201-500,2024-11-09,Organic Search
CUST01556,"Blake, Payne and Sims",Retail,Rwanda,Mombasa,51-200,2026-03-31,LinkedIn
CUST01557,Long-Garza,Technology,South Africa,Kigali,51-200,2023-11-19,LinkedIn
CUST01558,"Hall, Gutierrez and Williams",Retail,Kenya,Kisumu,201-500,2023-10-01,Referral
CUST01559,Campbell-Boone,Construction,Rwanda,Kigali,6-10,2024-02-26,Referral
CUST01560,Hill Group,Education,Rwanda,Mombasa,201-500,2026-01-27,LinkedIn
CUST01561,Chan PLC,Logistics,Nigeria,Lagos,201-500,2024-06-01,LinkedIn
CUST01562,Castillo-Dyer,Manufacturing,Ghana,Kisumu,201-500,2025-08-18,Organic Search
CUST01563,Francis-Alvarez,Education,Tanzania,Accra,201-500,2023-10-12,Sales Team
CUST01564,Craig-Parks,Real Estate,Nigeria,Dar es Salaam,11-50,2024-08-20,Partner
CUST01565,Sharp-Wilson,Retail,Kenya,Johannesburg,1-5,2025-09-26,Facebook
CUST01566,Johnson-Roberts,Technology,Tanzania,Johannesburg,1-5,2024-03-06,Partner
CUST01567,Beck Ltd,Education,Kenya,Kigali,11-50,2026-06-08,Partner
CUST01568,Herrera-Harvey,Education,Tanzania,Nairobi,6-10,2026-07-14,Instagram
CUST01569,Duncan-Weiss,Hospitality,Nigeria,Kampala,201-500,2024-11-10,Google Ads
CUST01570,Simpson-Dawson,Professional Services,South Africa,Kampala,1-5,2024-02-24,Partner
CUST01571,Sanchez Group,Construction,Kenya,Lagos,11-50,2024-10-22,Organic Search
CUST01572,Sparks-Thompson,Manufacturing,Nigeria,Kigali,201-500,2024-08-04,Sales Team
CUST01573,Ramirez Ltd,Healthcare,Kenya,Accra,201-500,2025-05-11,Organic Search
CUST01574,Miller PLC,Technology,Rwanda,Johannesburg,51-200,2026-06-20,Partner
CUST01575,Johnson PLC,Real Estate,Kenya,Accra,1-5,2025-11-13,Instagram
CUST01576,"Palmer, Smith and Juarez",Technology,Rwanda,Lagos,11-50,2024-03-30,Facebook
CUST01577,Harrell-Gibson,Real Estate,Tanzania,Dar es Salaam,51-200,2024-05-31,Instagram
CUST01578,Martinez-Evans,Manufacturing,Nigeria,Mombasa,201-500,2024-10-31,Instagram
CUST01579,Reeves-Mercer,Healthcare,Tanzania,Nairobi,11-50,2024-01-24,Sales Team
CUST01580,Pittman Group,Hospitality,Ghana,Mombasa,201-500,2025-03-13,Google Ads
CUST01581,Jones-Key,Real Estate,Tanzania,Kampala,1-5,2025-06-14,LinkedIn
CUST01582,"Morton, Conley and Melendez",Education,Uganda,Dar es Salaam,1-5,2026-01-31,Referral
CUST01583,Bass and Sons,Logistics,South Africa,Kampala,51-200,2026-05-21,Partner
CUST01584,Taylor-Phillips,Hospitality,Rwanda,Kigali,11-50,2026-06-29,LinkedIn
CUST01585,Mendoza Inc,Logistics,Uganda,Nairobi,201-500,2024-12-27,Facebook
CUST01586,Reilly-Ramirez,Real Estate,Rwanda,Nakuru,51-200,2024-01-28,Referral
CUST01587,Jenkins-Bates,Logistics,South Africa,Johannesburg,51-200,2026-04-23,Organic Search
CUST01588,"Thompson, Miller and Erickson",Logistics,Uganda,Dar es Salaam,51-200,2024-03-19,Facebook
CUST01589,Cisneros-Jenkins,Hospitality,Uganda,Kampala,51-200,2024-03-27,Sales Team
CUST01590,"Carpenter, Sheppard and Moran",Technology,South Africa,Mombasa,6-10,2023-12-27,Sales Team
CUST01591,Miller-Gregory,Healthcare,South Africa,Kampala,6-10,2026-05-15,Referral
CUST01592,Nguyen Ltd,Real Estate,Uganda,Kigali,6-10,2024-10-03,Google Ads
CUST01593,Fletcher Group,Construction,Uganda,Nairobi,6-10,2026-03-03,Referral
CUST01594,Smith PLC,Manufacturing,Rwanda,Lagos,51-200,2024-12-24,Sales Team
CUST01595,"Bennett, Thompson and Lawson",Retail,Uganda,Kisumu,11-50,2026-04-23,Facebook
CUST01596,Frey Group,Retail,Tanzania,Kampala,201-500,2024-03-31,Facebook
CUST01597,Meyer-Mayer,Retail,Nigeria,Accra,1-5,2024-06-18,Organic Search
CUST01598,Mack-Gardner,Professional Services,Tanzania,Johannesburg,11-50,2024-07-13,Google Ads
CUST01599,Thomas-Villa,Education,Tanzania,Mombasa,51-200,2023-11-18,Facebook
CUST01600,Jenkins Inc,Hospitality,Kenya,Johannesburg,201-500,2023-10-30,Google Ads
CUST01601,Obrien-Sampson,Logistics,Nigeria,Johannesburg,201-500,2023-12-18,Referral
CUST01602,Pierce-White,Manufacturing,Kenya,Nakuru,201-500,2025-08-02,Google Ads
CUST01603,Forbes Inc,Technology,Tanzania,Johannesburg,51-200,2025-04-17,Instagram
CUST01604,"Skinner, Reed and May",Education,Uganda,Kisumu,1-5,2024-07-15,Facebook
CUST01605,Adams-Adams,Hospitality,Tanzania,Accra,51-200,2024-12-05,Referral
CUST01606,Perez LLC,Real Estate,Kenya,Accra,201-500,2025-11-11,Partner
CUST01607,Hansen-Duncan,Professional Services,Tanzania,Lagos,51-200,2023-10-20,LinkedIn
CUST01608,"Stevens, Garza and Hurst",Hospitality,Tanzania,Kisumu,11-50,2023-10-06,LinkedIn
CUST01609,Hall-Miller,Technology,South Africa,Kampala,1-5,2025-09-25,Organic Search
CUST01610,"Love, Joyce and Rodriguez",Retail,Nigeria,Nakuru,11-50,2025-03-02,Sales Team
CUST01611,Hawkins-Long,Healthcare,Nigeria,Dar es Salaam,1-5,2026-03-19,Instagram
CUST01612,"Garcia, Figueroa and Levy",Manufacturing,Rwanda,Nairobi,51-200,2024-03-29,Referral
CUST01613,"Smith, Martinez and Nichols",Healthcare,Kenya,Nakuru,11-50,2025-09-15,Instagram
CUST01614,Chan-Chen,Construction,Rwanda,Dar es Salaam,51-200,2024-06-20,Organic Search
CUST01615,Webb Inc,Healthcare,South Africa,Mombasa,51-200,2023-09-30,LinkedIn
CUST01616,Wallace-Cooper,Education,South Africa,Dar es Salaam,51-200,2023-10-02,Google Ads
CUST01617,Smith-Ballard,Construction,Nigeria,Kampala,201-500,2024-11-07,Google Ads
CUST01618,"Jackson, Cunningham and Barton",Technology,Rwanda,Johannesburg,201-500,2026-05-26,Partner
CUST01619,Phillips-Sims,Manufacturing,Nigeria,Nairobi,1-5,2026-07-31,Facebook
CUST01620,"Martinez, Sanders and Yates",Manufacturing,South Africa,Kisumu,1-5,2025-12-23,Sales Team
CUST01621,Crosby Ltd,Hospitality,Nigeria,Kampala,11-50,2026-02-05,Google Ads
CUST01622,Sandoval and Sons,Professional Services,Uganda,Nakuru,201-500,2025-12-25,Facebook
CUST01623,Evans Inc,Real Estate,Nigeria,Kigali,11-50,2024-01-01,LinkedIn
CUST01624,Lee-Murphy,Manufacturing,South Africa,Kisumu,11-50,2026-01-11,Facebook
CUST01625,Martinez Ltd,Real Estate,South Africa,Dar es Salaam,11-50,2025-02-20,Instagram
CUST01626,Jones-Sandoval,Professional Services,Rwanda,Dar es Salaam,6-10,2023-10-01,Sales Team
CUST01627,Day-Marks,Education,South Africa,Johannesburg,6-10,2024-08-15,Organic Search
CUST01628,Anderson Ltd,Retail,Ghana,Johannesburg,6-10,2025-07-03,Google Ads
CUST01629,"Perez, Torres and Austin",Manufacturing,Uganda,Kampala,6-10,2024-05-07,Organic Search
CUST01630,Hill-Woods,Education,Ghana,Kigali,201-500,2025-07-23,Referral
CUST01631,Zimmerman Ltd,Construction,Kenya,Dar es Salaam,6-10,2025-12-07,Google Ads
CUST01632,"Wright, Mitchell and Newton",Retail,Nigeria,Lagos,51-200,2024-11-19,LinkedIn
CUST01633,"Mckenzie, Henderson and Martin",Manufacturing,Kenya,Nakuru,6-10,2023-12-29,Instagram
CUST01634,Davis-Trujillo,Healthcare,Tanzania,Accra,51-200,2024-05-10,Facebook
CUST01635,Clark-Gonzalez,Education,South Africa,Nakuru,201-500,2025-07-21,Instagram
CUST01636,"Winters, Sherman and Hill",Healthcare,Nigeria,Nakuru,51-200,2026-04-16,Facebook
CUST01637,Parker-Pennington,Education,South Africa,Kisumu,1-5,2024-07-30,Referral
CUST01638,Fox PLC,Healthcare,Uganda,Johannesburg,51-200,2025-12-09,Instagram
CUST01639,Soto-Chavez,Technology,Ghana,Accra,1-5,2026-01-23,Organic Search
CUST01640,Melton-Smith,Manufacturing,Uganda,Dar es Salaam,51-200,2026-06-21,Instagram
CUST01641,Chavez Group,Education,Nigeria,Kigali,201-500,2025-02-26,Referral
CUST01642,"Anderson, Perkins and Moran",Professional Services,Kenya,Lagos,1-5,2026-04-09,Organic Search
CUST01643,Garner Ltd,Technology,Uganda,Accra,11-50,2023-11-17,Organic Search
CUST01644,Mcdowell-Garcia,Retail,Tanzania,Lagos,201-500,2023-10-17,Sales Team
CUST01645,"Murphy, Flores and Zamora",Healthcare,Rwanda,Dar es Salaam,6-10,2025-02-24,Organic Search
CUST01646,Johnson-Taylor,Real Estate,Uganda,Kampala,6-10,2025-01-26,LinkedIn
CUST01647,Thomas Inc,Technology,Rwanda,Kisumu,1-5,2025-05-23,Partner
CUST01648,"Martin, Gonzalez and Roberts",Logistics,Rwanda,Kisumu,11-50,2026-04-24,Google Ads
CUST01649,"Wilkins, Mckinney and Davis",Technology,Kenya,Kisumu,51-200,2026-04-03,Referral
CUST01650,"Alvarado, Burch and Spencer",Technology,Rwanda,Kampala,11-50,2024-08-24,Referral
CUST01651,"Reynolds, Cortez and Perry",Logistics,Tanzania,Kigali,6-10,2026-02-17,Partner
CUST01652,"Garcia, French and Miller",Manufacturing,South Africa,Kisumu,201-500,2024-02-05,LinkedIn
CUST01653,Kline-Parker,Retail,Uganda,Kisumu,1-5,2024-12-09,Instagram
CUST01654,Allen-Foster,Construction,Kenya,Accra,11-50,2025-09-11,Facebook
CUST01655,"Crawford, Watson and Bautista",Manufacturing,Rwanda,Mombasa,51-200,2026-06-01,Organic Search
CUST01656,"Clements, Sullivan and Glover",Manufacturing,Tanzania,Lagos,51-200,2026-03-20,LinkedIn
CUST01657,Parker Group,Manufacturing,Kenya,Kisumu,1-5,2025-04-29,Partner
CUST01658,Harris Ltd,Professional Services,Uganda,Kampala,6-10,2025-12-04,Facebook
CUST01659,Andrews-Cantrell,Logistics,South Africa,Kampala,201-500,2024-12-11,Instagram
CUST01660,Chung-Sherman,Real Estate,Kenya,Lagos,201-500,2025-12-08,Facebook
CUST01661,Diaz-Thompson,Education,Kenya,Nakuru,51-200,2024-09-11,Google Ads
CUST01662,"Boyer, Wheeler and Burke",Technology,Kenya,Kampala,1-5,2023-10-11,Sales Team
CUST01663,"Maldonado, Smith and Smith",Technology,Ghana,Mombasa,11-50,2026-03-19,Facebook
CUST01664,Combs-Murphy,Retail,Kenya,Accra,51-200,2023-11-20,LinkedIn
CUST01665,"Horton, Watson and Oneill",Healthcare,Ghana,Nairobi,11-50,2024-05-03,Organic Search
CUST01666,Mueller-Smith,Real Estate,Rwanda,Dar es Salaam,201-500,2024-02-16,Facebook
CUST01667,Frank-Brown,Hospitality,South Africa,Nairobi,11-50,2025-04-01,Partner
CUST01668,"Gallagher, Gonzalez and Stewart",Retail,Nigeria,Mombasa,201-500,2025-07-30,Sales Team
CUST01669,Edwards Ltd,Professional Services,Rwanda,Kampala,6-10,2024-11-05,Instagram
CUST01670,"Simmons, Williams and Strickland",Education,Kenya,Nairobi,6-10,2026-05-26,Facebook
CUST01671,Pham Ltd,Education,South Africa,Kigali,11-50,2024-12-26,Facebook
CUST01672,Garcia-Stevens,Professional Services,Tanzania,Accra,51-200,2023-11-09,Referral
CUST01673,Brown and Sons,Real Estate,Uganda,Dar es Salaam,1-5,2026-01-30,Partner
CUST01674,"Howell, Conner and Garcia",Logistics,Uganda,Accra,51-200,2026-04-14,Sales Team
CUST01675,Tucker PLC,Manufacturing,Tanzania,Johannesburg,201-500,2025-08-14,Sales Team
CUST01676,"Cox, Williams and Knapp",Professional Services,South Africa,Kigali,11-50,2026-04-19,Facebook
CUST01677,"Perry, Moore and Kennedy",Education,Nigeria,Kigali,1-5,2026-06-21,Organic Search
CUST01678,Blackwell and Sons,Logistics,Tanzania,Accra,6-10,2025-02-13,Facebook
CUST01679,"Lee, Woods and Mcguire",Manufacturing,Ghana,Lagos,1-5,2025-07-19,Referral
CUST01680,Rivera-Ho,Manufacturing,Rwanda,Mombasa,51-200,2025-06-12,Referral
CUST01681,Wright Ltd,Construction,Uganda,Kampala,6-10,2024-02-26,Sales Team
CUST01682,Ellis-Lawson,Healthcare,Ghana,Nairobi,201-500,2025-12-27,Google Ads
CUST01683,Hobbs and Sons,Retail,Ghana,Mombasa,201-500,2024-12-19,Sales Team
CUST01684,Mendez-Drake,Education,Kenya,Accra,201-500,2024-05-16,Referral
CUST01685,Vasquez-Greene,Technology,Tanzania,Johannesburg,1-5,2026-01-21,Organic Search
CUST01686,Williams-Daniel,Professional Services,Nigeria,Accra,6-10,2026-06-29,Facebook
CUST01687,"Buck, Green and Lara",Education,Kenya,Mombasa,51-200,2025-06-12,Referral
CUST01688,Hendricks-Berry,Technology,Ghana,Accra,51-200,2026-02-19,Referral
CUST01689,Ruiz PLC,Technology,South Africa,Kisumu,6-10,2024-04-23,Facebook
CUST01690,Fitzpatrick LLC,Professional Services,Nigeria,Johannesburg,11-50,2026-03-15,Google Ads
CUST01691,Lee Group,Education,Ghana,Nairobi,1-5,2023-11-18,Sales Team
CUST01692,"Lewis, Hernandez and Poole",Professional Services,Kenya,Kisumu,51-200,2025-05-02,LinkedIn
CUST01693,Thomas-Fernandez,Education,South Africa,Johannesburg,51-200,2024-11-04,Referral
CUST01694,Hernandez PLC,Real Estate,South Africa,Johannesburg,11-50,2026-07-02,Sales Team
CUST01695,Johnson Ltd,Healthcare,Kenya,Kisumu,6-10,2024-04-15,Organic Search
CUST01696,Perry-Roberts,Hospitality,Kenya,Nairobi,6-10,2025-01-21,Organic Search
CUST01697,Bridges-Smith,Hospitality,Rwanda,Kisumu,6-10,2024-11-15,Sales Team
CUST01698,"Allen, Weaver and Ali",Logistics,Uganda,Mombasa,11-50,2025-01-25,LinkedIn
CUST01699,Stephens and Sons,Construction,Rwanda,Kigali,1-5,2026-05-16,Google Ads
CUST01700,Vargas LLC,Construction,Uganda,Accra,51-200,2025-06-12,LinkedIn
CUST01701,Davis-Rogers,Retail,South Africa,Accra,201-500,2024-04-07,Instagram
CUST01702,"Jacobson, Nguyen and Smith",Hospitality,Tanzania,Johannesburg,51-200,2024-04-29,Organic Search
CUST01703,"Zavala, Acevedo and Holt",Technology,Kenya,Mombasa,51-200,2024-07-24,Sales Team
CUST01704,"Garrett, Walters and Thornton",Manufacturing,Nigeria,Johannesburg,201-500,2025-05-21,Referral
CUST01705,Chapman-Fox,Retail,Rwanda,Kigali,51-200,2024-05-13,LinkedIn
CUST01706,Ortega-Clements,Hospitality,Nigeria,Nairobi,201-500,2025-10-14,Organic Search
CUST01707,Figueroa PLC,Education,Ghana,Dar es Salaam,201-500,2024-12-14,Google Ads
CUST01708,Cochran-Hernandez,Healthcare,Nigeria,Kigali,51-200,2025-07-05,Google Ads
CUST01709,"Lopez, Tyler and Harris",Manufacturing,Ghana,Dar es Salaam,51-200,2024-02-12,Sales Team
CUST01710,Lopez-Cross,Retail,Uganda,Kampala,6-10,2026-03-30,LinkedIn
CUST01711,Banks Inc,Technology,Rwanda,Nakuru,201-500,2025-02-18,Instagram
CUST01712,Nguyen PLC,Real Estate,Nigeria,Dar es Salaam,201-500,2023-10-25,LinkedIn
CUST01713,"Gonzalez, Banks and Cooper",Construction,Tanzania,Kigali,51-200,2025-03-13,Partner
CUST01714,"Saunders, Medina and Soto",Manufacturing,South Africa,Kisumu,201-500,2023-10-19,Instagram
CUST01715,Mitchell and Sons,Healthcare,Nigeria,Mombasa,51-200,2025-05-29,Facebook
CUST01716,Mcdowell Inc,Construction,Uganda,Kisumu,201-500,2023-12-08,LinkedIn
CUST01717,"Alvarez, Joseph and Williams",Professional Services,South Africa,Kigali,51-200,2025-02-20,Referral
CUST01718,"Wilkins, Moon and White",Hospitality,Uganda,Lagos,1-5,2023-12-14,Organic Search
CUST01719,Ross LLC,Technology,Tanzania,Dar es Salaam,6-10,2024-09-01,Facebook
CUST01720,Byrd-Lutz,Logistics,Kenya,Mombasa,11-50,2026-01-26,Sales Team
CUST01721,Smith-Ray,Professional Services,Ghana,Nakuru,1-5,2024-11-15,Instagram
CUST01722,Espinoza-Bradley,Manufacturing,Tanzania,Dar es Salaam,11-50,2025-03-15,Organic Search
CUST01723,Harris-Hughes,Logistics,Tanzania,Kisumu,201-500,2026-07-30,Google Ads
CUST01724,Murphy Inc,Retail,Rwanda,Accra,1-5,2024-07-11,Google Ads
CUST01725,Saunders-Hunter,Real Estate,Ghana,Mombasa,201-500,2025-09-24,Organic Search
CUST01726,"Gomez, Johnson and Paul",Logistics,Kenya,Kisumu,1-5,2024-05-27,Instagram
CUST01727,Strickland-Davis,Technology,Uganda,Kampala,51-200,2025-12-31,LinkedIn
CUST01728,Jones-Mendoza,Professional Services,Uganda,Dar es Salaam,11-50,2025-09-24,Facebook
CUST01729,"Munoz, Hawkins and Zamora",Professional Services,South Africa,Nakuru,51-200,2025-05-22,Sales Team
CUST01730,Welch Inc,Retail,Uganda,Accra,11-50,2025-07-30,Referral
CUST01731,Schroeder-Yoder,Logistics,Uganda,Mombasa,11-50,2026-01-27,Partner
CUST01732,"Velasquez, Sims and Jackson",Education,Tanzania,Nakuru,6-10,2024-08-28,Sales Team
CUST01733,Jones-Anderson,Hospitality,Uganda,Kigali,51-200,2025-08-15,Sales Team
CUST01734,Garcia LLC,Manufacturing,South Africa,Lagos,11-50,2025-01-02,Organic Search
CUST01735,Carr-Dunn,Manufacturing,Uganda,Nairobi,201-500,2026-05-14,Google Ads
CUST01736,"Ayers, Gomez and Gallagher",Professional Services,Tanzania,Dar es Salaam,51-200,2024-01-06,Facebook
CUST01737,Reyes-Young,Education,Kenya,Kigali,1-5,2025-11-03,Facebook
CUST01738,Gordon-Kim,Real Estate,Kenya,Lagos,11-50,2023-11-15,Sales Team
CUST01739,Hopkins-Martinez,Education,Nigeria,Lagos,11-50,2024-06-08,Partner
CUST01740,Porter-Weber,Technology,Kenya,Kampala,201-500,2026-03-12,Facebook
CUST01741,"Ashley, Franklin and Goodman",Education,Rwanda,Nakuru,201-500,2025-12-24,LinkedIn
CUST01742,Moore-Cain,Technology,South Africa,Kigali,6-10,2026-01-15,Referral
CUST01743,Rodriguez-Santos,Professional Services,Kenya,Lagos,11-50,2023-10-08,Sales Team
CUST01744,Yang Inc,Construction,Ghana,Lagos,11-50,2026-04-22,Instagram
CUST01745,Torres-Zimmerman,Professional Services,Ghana,Lagos,11-50,2024-03-02,Partner
CUST01746,Lopez Ltd,Construction,Kenya,Nairobi,201-500,2024-05-16,Referral
CUST01747,"Moore, Johnston and Castillo",Hospitality,South Africa,Kampala,51-200,2024-06-12,Google Ads
CUST01748,"Turner, Anderson and Gomez",Retail,South Africa,Dar es Salaam,11-50,2026-02-26,Partner
CUST01749,Brooks-Lopez,Professional Services,Kenya,Mombasa,51-200,2023-10-04,Referral
CUST01750,Wheeler LLC,Real Estate,Nigeria,Nairobi,51-200,2025-01-22,Partner
CUST01751,Hinton-White,Hospitality,South Africa,Johannesburg,201-500,2026-05-07,Instagram
CUST01752,Lyons LLC,Technology,Tanzania,Kampala,201-500,2025-12-23,Facebook
CUST01753,Munoz-York,Education,Ghana,Nakuru,1-5,2026-05-04,Partner
CUST01754,Robinson-Berg,Logistics,Ghana,Nakuru,11-50,2025-12-03,LinkedIn
CUST01755,Williams Ltd,Professional Services,Uganda,Kigali,51-200,2024-02-06,Google Ads
CUST01756,Huang and Sons,Professional Services,Kenya,Kigali,6-10,2025-01-06,LinkedIn
CUST01757,Day-Davis,Hospitality,Rwanda,Mombasa,11-50,2023-10-24,Sales Team
CUST01758,Berg Ltd,Real Estate,Ghana,Lagos,51-200,2024-05-01,Referral
CUST01759,"Oneill, Smith and Fuller",Real Estate,Rwanda,Kigali,51-200,2023-12-31,LinkedIn
CUST01760,"Collins, Johnson and Richardson",Education,South Africa,Kisumu,6-10,2024-01-17,Facebook
CUST01761,Williams Group,Manufacturing,Nigeria,Accra,6-10,2025-01-29,Google Ads
CUST01762,Wiggins-Baldwin,Hospitality,Rwanda,Accra,1-5,2026-02-05,Facebook
CUST01763,"Miller, Butler and Graham",Logistics,Tanzania,Mombasa,201-500,2026-01-15,Sales Team
CUST01764,Ochoa-Wheeler,Professional Services,Kenya,Dar es Salaam,201-500,2024-09-14,Referral
CUST01765,Page-Meyer,Retail,Ghana,Kisumu,1-5,2025-07-10,Partner
CUST01766,Robbins-Andrews,Healthcare,Tanzania,Kampala,11-50,2025-03-07,LinkedIn
CUST01767,"Boyd, Arroyo and Bryant",Retail,South Africa,Kisumu,6-10,2026-07-13,Sales Team
CUST01768,Jackson LLC,Retail,Tanzania,Kampala,6-10,2025-02-17,Facebook
CUST01769,Page LLC,Manufacturing,Kenya,Mombasa,201-500,2025-01-11,Partner
CUST01770,Vasquez LLC,Professional Services,South Africa,Nairobi,51-200,2023-11-13,LinkedIn
CUST01771,"Baker, Green and Snow",Real Estate,Tanzania,Johannesburg,51-200,2025-10-25,Partner
CUST01772,Hudson-Wood,Education,Rwanda,Johannesburg,6-10,2024-11-19,Facebook
CUST01773,Cook-Hardy,Logistics,Nigeria,Accra,51-200,2024-06-06,LinkedIn
CUST01774,Romero-Baker,Construction,South Africa,Dar es Salaam,1-5,2025-02-15,Sales Team
CUST01775,Fields-Kelly,Education,Uganda,Kigali,11-50,2026-04-29,Organic Search
CUST01776,"Manning, Cooper and Bradshaw",Manufacturing,Nigeria,Kampala,1-5,2024-11-07,Facebook
CUST01777,Shelton LLC,Retail,Ghana,Kampala,201-500,2024-08-26,Google Ads
CUST01778,Harris-Cooper,Logistics,Kenya,Nakuru,201-500,2026-03-04,Organic Search
CUST01779,"Alvarado, Herrera and Rivas",Real Estate,Ghana,Nakuru,51-200,2024-12-30,Organic Search
CUST01780,Brown PLC,Professional Services,Nigeria,Lagos,6-10,2025-03-02,Organic Search
CUST01781,Brady-Lewis,Healthcare,South Africa,Nakuru,6-10,2026-05-16,LinkedIn
CUST01782,Dorsey and Sons,Professional Services,South Africa,Lagos,201-500,2026-08-02,Partner
CUST01783,Montgomery-Atkinson,Education,Ghana,Nairobi,51-200,2025-03-22,Organic Search
CUST01784,Smith-King,Technology,Rwanda,Kisumu,51-200,2024-03-21,Organic Search
CUST01785,Webb-Mendez,Logistics,Tanzania,Kigali,11-50,2024-10-07,Google Ads
CUST01786,"Carter, Lin and Ayala",Professional Services,Kenya,Lagos,6-10,2026-07-06,Referral
CUST01787,"Arnold, Mitchell and Arnold",Construction,Uganda,Kampala,1-5,2023-12-24,Facebook
CUST01788,Snyder and Sons,Healthcare,Rwanda,Kisumu,1-5,2024-11-28,Partner
CUST01789,Williams PLC,Construction,Kenya,Nairobi,11-50,2026-07-20,Sales Team
CUST01790,"Patton, Hernandez and Fleming",Professional Services,Tanzania,Kisumu,51-200,2024-02-16,Partner
CUST01791,"Russo, Young and Gilbert",Healthcare,Rwanda,Mombasa,1-5,2025-05-09,Instagram
CUST01792,"Hurley, Valentine and Brown",Hospitality,South Africa,Johannesburg,201-500,2024-11-10,Instagram
CUST01793,Stokes-Sawyer,Manufacturing,Ghana,Lagos,51-200,2026-01-19,Google Ads
CUST01794,Kelly Ltd,Healthcare,Kenya,Dar es Salaam,51-200,2024-07-15,Sales Team
CUST01795,Herring-White,Professional Services,Rwanda,Nairobi,51-200,2026-07-21,Instagram
CUST01796,"Smith, Choi and Black",Retail,Tanzania,Lagos,201-500,2024-06-14,Google Ads
CUST01797,Day Inc,Hospitality,South Africa,Lagos,6-10,2025-07-06,Referral
CUST01798,"Lawson, Barton and Levine",Real Estate,Rwanda,Accra,1-5,2024-08-10,Instagram
CUST01799,"Moore, Juarez and Russell",Construction,Tanzania,Lagos,6-10,2023-10-21,Instagram
CUST01800,White Group,Logistics,Rwanda,Lagos,51-200,2024-09-20,Organic Search
CUST01801,Hunt-Moore,Retail,South Africa,Accra,201-500,2025-11-07,Referral
CUST01802,"Alvarez, Pruitt and Lambert",Construction,Kenya,Nairobi,51-200,2025-09-26,Referral
CUST01803,Perkins Group,Real Estate,Tanzania,Kigali,11-50,2023-10-12,Instagram
CUST01804,Weaver-Wilson,Real Estate,South Africa,Lagos,11-50,2024-03-13,Organic Search
CUST01805,"Barnes, Brooks and Burke",Construction,Nigeria,Lagos,201-500,2023-11-23,Google Ads
CUST01806,Miller-Reed,Healthcare,Kenya,Kigali,1-5,2026-06-08,Facebook
CUST01807,Braun and Sons,Logistics,Tanzania,Kigali,6-10,2024-12-30,Partner
CUST01808,Davis PLC,Technology,Nigeria,Kampala,51-200,2025-12-14,Referral
CUST01809,Nelson PLC,Hospitality,Nigeria,Dar es Salaam,11-50,2026-07-22,Instagram
CUST01810,Walker and Sons,Manufacturing,Ghana,Dar es Salaam,1-5,2025-07-03,Facebook
CUST01811,Kerr Group,Retail,Ghana,Accra,1-5,2024-02-23,Organic Search
CUST01812,Morris Inc,Construction,Rwanda,Lagos,51-200,2025-04-13,Sales Team
CUST01813,Franklin-Bryant,Logistics,Kenya,Mombasa,201-500,2024-01-06,Organic Search
CUST01814,Contreras-Mcclain,Manufacturing,Nigeria,Mombasa,11-50,2024-10-03,Sales Team
CUST01815,Martinez-Herring,Real Estate,Tanzania,Kigali,6-10,2026-08-09,Organic Search
CUST01816,Watson Group,Professional Services,Rwanda,Dar es Salaam,6-10,2024-10-27,LinkedIn
CUST01817,Briggs-Scott,Retail,Uganda,Nairobi,11-50,2026-08-15,Partner
CUST01818,Long LLC,Hospitality,Kenya,Johannesburg,11-50,2024-08-21,Instagram
CUST01819,Smith Inc,Hospitality,Rwanda,Dar es Salaam,1-5,2025-04-26,Referral
CUST01820,Taylor Ltd,Manufacturing,Nigeria,Johannesburg,6-10,2024-12-17,Organic Search
CUST01821,Griffith-Murphy,Hospitality,South Africa,Kigali,1-5,2026-04-10,Referral
CUST01822,Thomas LLC,Real Estate,Ghana,Accra,6-10,2026-02-08,Instagram
CUST01823,"Mckinney, Cole and Perez",Real Estate,Nigeria,Johannesburg,201-500,2025-04-23,Facebook
CUST01824,Silva-Marshall,Professional Services,Ghana,Kisumu,1-5,2024-09-17,Facebook
CUST01825,"Lowe, Moore and Black",Healthcare,Ghana,Nakuru,201-500,2025-09-20,Referral
CUST01826,Graham and Sons,Hospitality,South Africa,Nairobi,201-500,2024-11-04,Referral
CUST01827,Robinson Ltd,Logistics,Rwanda,Nairobi,51-200,2026-05-13,Organic Search
CUST01828,Jones Group,Technology,Rwanda,Kigali,11-50,2024-02-22,Google Ads
CUST01829,Wells Ltd,Logistics,Rwanda,Accra,11-50,2025-04-30,Organic Search
CUST01830,White-Savage,Hospitality,Kenya,Kampala,51-200,2023-10-12,LinkedIn
CUST01831,Christensen Group,Technology,Kenya,Kigali,6-10,2025-07-24,Partner
CUST01832,Smith-Smith,Professional Services,Ghana,Nairobi,6-10,2025-08-20,Sales Team
CUST01833,Moon PLC,Professional Services,Uganda,Nakuru,6-10,2025-12-14,Partner
CUST01834,Koch-Young,Healthcare,Kenya,Mombasa,1-5,2025-08-11,LinkedIn
CUST01835,Nelson-Moreno,Education,South Africa,Nairobi,201-500,2024-03-27,Partner
CUST01836,Graham Inc,Healthcare,Uganda,Mombasa,51-200,2025-10-09,Instagram
CUST01837,Bentley-Scott,Technology,South Africa,Nairobi,11-50,2025-01-07,Instagram
CUST01838,"May, Boyd and York",Professional Services,South Africa,Johannesburg,201-500,2025-09-22,LinkedIn
CUST01839,Jackson-Collier,Professional Services,Nigeria,Accra,201-500,2025-06-28,Google Ads
CUST01840,Jones-Rose,Professional Services,Kenya,Nairobi,51-200,2024-09-02,Partner
CUST01841,Miller-Young,Professional Services,South Africa,Kisumu,1-5,2024-02-23,LinkedIn
CUST01842,Solis Ltd,Retail,Tanzania,Johannesburg,51-200,2024-02-12,Google Ads
CUST01843,Conner Group,Professional Services,Nigeria,Nairobi,201-500,2024-02-11,Organic Search
CUST01844,Smith-Walters,Healthcare,South Africa,Kigali,51-200,2024-04-07,Google Ads
CUST01845,Shepard PLC,Real Estate,South Africa,Kigali,6-10,2025-12-25,Organic Search
CUST01846,Hoffman and Sons,Manufacturing,Rwanda,Accra,51-200,2024-10-31,Google Ads
CUST01847,Rubio Ltd,Technology,Nigeria,Nairobi,51-200,2025-01-01,Partner
CUST01848,"Brown, Jones and Morris",Real Estate,Uganda,Mombasa,1-5,2025-01-21,Organic Search
CUST01849,"Roy, Jordan and Rice",Real Estate,Nigeria,Mombasa,201-500,2024-11-15,Instagram
CUST01850,Ramirez-Costa,Real Estate,Uganda,Lagos,11-50,2024-06-13,Partner
CUST01851,"King, Herrera and Walker",Education,Rwanda,Johannesburg,51-200,2025-08-20,Facebook
CUST01852,Harrington Inc,Hospitality,Uganda,Nairobi,1-5,2024-03-08,Facebook
CUST01853,Chang Inc,Healthcare,Ghana,Kigali,201-500,2024-04-07,Partner
CUST01854,"Snyder, Bennett and Ray",Healthcare,Ghana,Lagos,6-10,2026-01-15,Facebook
CUST01855,Werner Inc,Manufacturing,Tanzania,Johannesburg,11-50,2025-11-06,Referral
CUST01856,"Reed, Paul and Sanchez",Technology,Kenya,Lagos,201-500,2025-01-20,Facebook
CUST01857,Jackson LLC,Retail,Uganda,Lagos,201-500,2026-08-10,Organic Search
CUST01858,Richards-Miller,Education,Tanzania,Nakuru,6-10,2023-10-18,Instagram
CUST01859,"Keller, Wall and Morris",Professional Services,Tanzania,Nakuru,51-200,2023-10-21,LinkedIn
CUST01860,Hill Inc,Real Estate,Nigeria,Dar es Salaam,201-500,2024-02-05,Partner
CUST01861,"Delacruz, Reed and Brown",Real Estate,Tanzania,Kigali,11-50,2025-01-19,Facebook
CUST01862,Willis-Cooper,Professional Services,Rwanda,Nairobi,51-200,2025-12-28,Instagram
CUST01863,"Spence, Howard and Flores",Retail,Nigeria,Nakuru,6-10,2026-01-20,LinkedIn
CUST01864,Davidson-Adams,Real Estate,Uganda,Nakuru,51-200,2026-08-09,Partner
CUST01865,Paul PLC,Education,Uganda,Kigali,6-10,2025-10-07,Organic Search
CUST01866,"Garcia, Suarez and Davis",Technology,Kenya,Mombasa,11-50,2024-11-11,Organic Search
CUST01867,Williamson Ltd,Logistics,Kenya,Kisumu,11-50,2026-08-13,LinkedIn
CUST01868,Walker Group,Hospitality,Nigeria,Johannesburg,11-50,2025-02-18,Organic Search
CUST01869,"Harris, Lester and Russell",Retail,Uganda,Nakuru,11-50,2024-11-01,Facebook
CUST01870,Blevins and Sons,Hospitality,Tanzania,Kisumu,11-50,2025-03-14,Instagram
CUST01871,Mccarthy-Cameron,Construction,Uganda,Nairobi,6-10,2025-07-12,Referral
CUST01872,Roberts-Atkinson,Professional Services,Kenya,Kisumu,51-200,2024-08-01,Google Ads
CUST01873,Thornton-Cobb,Technology,Uganda,Kampala,51-200,2024-01-13,Instagram
CUST01874,Jordan PLC,Technology,South Africa,Dar es Salaam,6-10,2025-10-08,Sales Team
CUST01875,"Wallace, Oliver and Goodman",Professional Services,Kenya,Kisumu,6-10,2026-08-21,Instagram
CUST01876,Wood LLC,Hospitality,Ghana,Kigali,11-50,2025-07-11,Partner
CUST01877,Ochoa Ltd,Real Estate,Rwanda,Nakuru,1-5,2026-02-13,Instagram
CUST01878,"Smith, Rivera and Martin",Logistics,Tanzania,Kisumu,11-50,2023-11-18,Instagram
CUST01879,Goodman-Lloyd,Retail,Nigeria,Kampala,6-10,2025-06-21,LinkedIn
CUST01880,Hamilton Inc,Hospitality,Nigeria,Mombasa,51-200,2023-12-02,Google Ads
CUST01881,Butler and Sons,Construction,Ghana,Kigali,201-500,2024-10-19,Partner
CUST01882,Wilkinson-Reilly,Manufacturing,Ghana,Accra,6-10,2025-06-25,Partner
CUST01883,"Edwards, Pitts and Elliott",Technology,Ghana,Accra,51-200,2024-05-22,LinkedIn
CUST01884,"Anderson, Robinson and Gilbert",Healthcare,Ghana,Kigali,201-500,2024-06-28,Organic Search
CUST01885,"Roach, Oconnell and Cross",Hospitality,Uganda,Nakuru,51-200,2024-03-30,Instagram
CUST01886,Wong LLC,Education,Uganda,Kampala,51-200,2024-12-29,Sales Team
CUST01887,Williams Ltd,Real Estate,Uganda,Dar es Salaam,11-50,2026-05-04,Google Ads
CUST01888,"Flores, Miller and Wiggins",Construction,South Africa,Mombasa,11-50,2025-10-24,LinkedIn
CUST01889,Smith-Moore,Logistics,Tanzania,Nakuru,201-500,2026-06-10,Organic Search
CUST01890,"Kennedy, Lopez and Peterson",Manufacturing,Ghana,Johannesburg,11-50,2026-02-16,Sales Team
CUST01891,Dean LLC,Manufacturing,Rwanda,Kigali,51-200,2026-04-26,Partner
CUST01892,Massey Group,Manufacturing,Tanzania,Kampala,51-200,2026-04-22,Organic Search
CUST01893,Martin Ltd,Construction,Rwanda,Nakuru,11-50,2024-10-26,Google Ads
CUST01894,"Collins, Richardson and Long",Technology,Kenya,Kampala,201-500,2024-12-25,Google Ads
CUST01895,Rivera and Sons,Healthcare,Uganda,Mombasa,1-5,2024-11-16,Google Ads
CUST01896,Roberts-Oneal,Technology,Kenya,Lagos,6-10,2024-12-16,Partner
CUST01897,Moran-Lewis,Hospitality,Nigeria,Dar es Salaam,11-50,2025-12-18,Referral
CUST01898,Hobbs-Rodriguez,Healthcare,Uganda,Johannesburg,6-10,2026-06-25,Referral
CUST01899,Davis and Sons,Retail,South Africa,Kampala,11-50,2025-05-11,Partner
CUST01900,Scott Group,Education,Rwanda,Johannesburg,1-5,2026-05-13,LinkedIn
CUST01901,Landry-Hernandez,Logistics,South Africa,Kisumu,51-200,2025-02-09,Instagram
CUST01902,"Jackson, Thomas and Fuller",Hospitality,Nigeria,Nakuru,51-200,2026-07-01,Instagram
CUST01903,Trujillo-Berry,Logistics,Ghana,Lagos,51-200,2026-06-03,LinkedIn
CUST01904,"Johnson, Oneal and Graves",Technology,South Africa,Mombasa,11-50,2023-12-24,Instagram
CUST01905,Wagner Group,Education,South Africa,Kigali,6-10,2026-02-03,LinkedIn
CUST01906,Mitchell-Ray,Manufacturing,South Africa,Lagos,1-5,2024-05-10,Partner
CUST01907,Grimes-Walker,Construction,Ghana,Kisumu,11-50,2024-11-30,Organic Search
CUST01908,Rojas PLC,Manufacturing,South Africa,Dar es Salaam,11-50,2024-02-17,Instagram
CUST01909,"Burton, Rivera and Smith",Education,Rwanda,Kigali,201-500,2025-03-29,Referral
CUST01910,"Morgan, Sparks and Bell",Technology,Ghana,Nairobi,201-500,2024-03-15,Organic Search
CUST01911,Barber-Wells,Construction,Uganda,Dar es Salaam,201-500,2024-07-24,Sales Team
CUST01912,Potter-Alexander,Education,Uganda,Kigali,1-5,2024-04-04,Sales Team
CUST01913,Johnston Group,Hospitality,Rwanda,Mombasa,11-50,2024-07-28,LinkedIn
CUST01914,Nielsen Inc,Healthcare,Kenya,Kisumu,1-5,2025-08-30,Facebook
CUST01915,Peterson LLC,Retail,South Africa,Johannesburg,51-200,2025-05-09,Organic Search
CUST01916,"Fox, Reed and Poole",Construction,Uganda,Mombasa,51-200,2024-05-26,Referral
CUST01917,Matthews-Lewis,Hospitality,Uganda,Kampala,201-500,2025-02-08,Google Ads
CUST01918,Green LLC,Manufacturing,Kenya,Dar es Salaam,201-500,2024-07-26,Organic Search
CUST01919,Peterson LLC,Construction,Tanzania,Kigali,51-200,2024-04-27,Facebook
CUST01920,"Taylor, Baker and Smith",Professional Services,Uganda,Lagos,51-200,2024-03-25,LinkedIn
CUST01921,Rocha LLC,Professional Services,Rwanda,Nakuru,6-10,2024-10-23,Instagram
CUST01922,Camacho-Jensen,Healthcare,Rwanda,Accra,6-10,2024-09-17,Referral
CUST01923,Long Inc,Real Estate,Uganda,Lagos,51-200,2025-12-01,Referral
CUST01924,"Hoover, Schneider and Becker",Hospitality,Kenya,Kisumu,51-200,2024-09-15,Google Ads
CUST01925,Kramer Inc,Education,Ghana,Nakuru,201-500,2024-01-10,Partner
CUST01926,Rivera-Morris,Real Estate,Rwanda,Accra,51-200,2024-08-22,Organic Search
CUST01927,Richards Inc,Professional Services,Tanzania,Accra,11-50,2026-06-07,Referral
CUST01928,Alvarez and Sons,Education,Ghana,Kisumu,51-200,2023-09-26,Instagram
CUST01929,Palmer-Blake,Construction,Ghana,Kigali,51-200,2024-03-13,Sales Team
CUST01930,Smith and Sons,Construction,Nigeria,Johannesburg,1-5,2023-11-17,Sales Team
CUST01931,"Stevens, Armstrong and Park",Retail,Uganda,Kisumu,11-50,2025-06-17,Referral
CUST01932,Nelson-Rush,Professional Services,Nigeria,Nakuru,51-200,2026-01-17,Sales Team
CUST01933,Ramirez-Colon,Logistics,Kenya,Dar es Salaam,1-5,2023-12-08,Google Ads
CUST01934,"Sanchez, Brewer and Saunders",Logistics,South Africa,Dar es Salaam,51-200,2024-10-18,LinkedIn
CUST01935,Raymond-Williams,Construction,Tanzania,Nakuru,201-500,2025-06-25,Organic Search
CUST01936,"Johnson, Dodson and Collins",Manufacturing,Kenya,Mombasa,51-200,2026-03-04,Sales Team
CUST01937,Garcia-Valencia,Technology,Nigeria,Kigali,6-10,2025-02-13,Sales Team
CUST01938,Rodriguez-Ellison,Retail,Kenya,Kampala,1-5,2026-06-22,Facebook
CUST01939,Wong LLC,Technology,Nigeria,Accra,51-200,2025-11-05,LinkedIn
CUST01940,Dominguez-Stewart,Professional Services,Kenya,Lagos,6-10,2024-10-26,LinkedIn
CUST01941,Williams Group,Construction,Rwanda,Kampala,6-10,2025-04-05,Facebook
CUST01942,Miller PLC,Retail,Ghana,Mombasa,6-10,2024-03-14,Referral
CUST01943,"Conley, Myers and Bennett",Professional Services,Ghana,Kigali,6-10,2024-05-24,Google Ads
CUST01944,"West, Pierce and White",Retail,Nigeria,Kampala,6-10,2026-06-25,LinkedIn
CUST01945,Smith Ltd,Technology,Uganda,Nakuru,1-5,2024-12-12,Instagram
CUST01946,Casey-Nielsen,Manufacturing,Nigeria,Nairobi,201-500,2023-12-22,Google Ads
CUST01947,Wright LLC,Education,Nigeria,Kampala,51-200,2025-11-19,Organic Search
CUST01948,Prince Inc,Real Estate,Kenya,Nairobi,51-200,2023-12-26,Instagram
CUST01949,"Ramirez, Wagner and Mcintyre",Hospitality,Tanzania,Nakuru,6-10,2024-11-09,Google Ads
CUST01950,Brewer-Hunter,Retail,Rwanda,Nairobi,1-5,2024-03-17,Partner
CUST01951,Rodriguez-Smith,Hospitality,Nigeria,Mombasa,6-10,2024-06-23,Google Ads
CUST01952,Wilson Group,Construction,Nigeria,Kisumu,1-5,2025-11-06,Sales Team
CUST01953,Fry Inc,Logistics,Kenya,Dar es Salaam,11-50,2024-11-17,Instagram
CUST01954,"Edwards, Webb and Miller",Real Estate,Uganda,Lagos,51-200,2024-02-03,Sales Team
CUST01955,Baker PLC,Professional Services,Uganda,Nakuru,1-5,2023-11-15,Partner
CUST01956,Myers Inc,Technology,Uganda,Nairobi,51-200,2024-09-16,Partner
CUST01957,Macias LLC,Retail,Rwanda,Nakuru,51-200,2025-09-15,Instagram
CUST01958,Cortez Inc,Professional Services,Nigeria,Kampala,201-500,2025-12-22,Partner
CUST01959,Morrison Ltd,Retail,Kenya,Nakuru,51-200,2024-12-23,Referral
CUST01960,"Cole, Rodriguez and Lowe",Real Estate,Rwanda,Mombasa,201-500,2025-02-02,Facebook
CUST01961,"Hernandez, Thomas and Orozco",Healthcare,Kenya,Johannesburg,11-50,2023-10-28,Sales Team
CUST01962,Burns and Sons,Construction,Tanzania,Kisumu,11-50,2024-10-13,LinkedIn
CUST01963,Whitehead-Powell,Professional Services,Tanzania,Nairobi,201-500,2023-10-03,LinkedIn
CUST01964,Thomas Group,Education,Ghana,Nakuru,201-500,2024-06-30,Organic Search
CUST01965,Cervantes-Harmon,Hospitality,Kenya,Johannesburg,1-5,2024-12-07,Referral
CUST01966,"Campbell, Williams and Scott",Hospitality,Nigeria,Kigali,6-10,2024-08-22,Google Ads
CUST01967,Lowe-Williams,Retail,Uganda,Dar es Salaam,51-200,2025-06-27,Referral
CUST01968,Lee Group,Hospitality,Uganda,Kigali,6-10,2023-11-17,Organic Search
CUST01969,Tanner Group,Hospitality,Nigeria,Johannesburg,51-200,2024-05-25,Partner
CUST01970,"Maldonado, Smith and Smith",Construction,Tanzania,Dar es Salaam,1-5,2024-07-30,Sales Team
CUST01971,Williams LLC,Healthcare,South Africa,Nairobi,6-10,2024-09-27,Partner
CUST01972,Martin PLC,Technology,Uganda,Nakuru,201-500,2024-06-15,Organic Search
CUST01973,"Cooley, Lawson and Lee",Hospitality,South Africa,Nakuru,201-500,2026-08-18,Sales Team
CUST01974,Wilson-Ibarra,Logistics,Tanzania,Kisumu,51-200,2023-11-04,Organic Search
CUST01975,Leonard LLC,Professional Services,South Africa,Accra,1-5,2024-02-01,Instagram
CUST01976,"Harris, Montoya and French",Retail,Nigeria,Kisumu,6-10,2024-04-01,Facebook
CUST01977,Wilson-Porter,Professional Services,Uganda,Johannesburg,201-500,2024-12-31,Instagram
CUST01978,"Brown, Daniel and Ray",Hospitality,Ghana,Mombasa,51-200,2026-01-28,LinkedIn
CUST01979,Sanford and Sons,Healthcare,Uganda,Nakuru,6-10,2025-12-28,Sales Team
CUST01980,Murphy LLC,Construction,Ghana,Nakuru,11-50,2026-07-14,Referral
CUST01981,"Smith, Johnson and Moran",Real Estate,Rwanda,Nakuru,11-50,2025-02-07,LinkedIn
CUST01982,"Graham, Nguyen and Montgomery",Professional Services,Tanzania,Kigali,51-200,2026-04-11,Facebook
CUST01983,Allen Ltd,Manufacturing,Rwanda,Kigali,201-500,2024-03-10,Sales Team
CUST01984,"Wagner, Kim and Choi",Construction,South Africa,Accra,1-5,2025-08-08,Sales Team
CUST01985,Thomas Group,Education,South Africa,Mombasa,11-50,2025-09-09,Facebook
CUST01986,"Gregory, Blair and Fisher",Logistics,Nigeria,Kisumu,11-50,2026-05-12,Sales Team
CUST01987,Ramirez Inc,Manufacturing,Tanzania,Accra,11-50,2026-04-25,Sales Team
CUST01988,Soto Inc,Logistics,Ghana,Accra,1-5,2025-09-10,Partner
CUST01989,"Bowen, Gray and Williams",Construction,Nigeria,Accra,6-10,2025-09-25,Facebook
CUST01990,Ruiz-Schultz,Hospitality,Kenya,Nairobi,201-500,2026-01-02,Partner
CUST01991,Scott PLC,Manufacturing,Rwanda,Kigali,51-200,2024-04-13,Partner
CUST01992,"Ortega, Price and Hernandez",Education,Rwanda,Kampala,201-500,2024-08-24,Google Ads
CUST01993,"Potter, Barker and Smith",Education,Kenya,Mombasa,51-200,2024-07-24,Facebook
CUST01994,Clark and Sons,Hospitality,South Africa,Kigali,11-50,2026-03-15,Partner
CUST01995,"Roberts, Werner and Franklin",Logistics,Nigeria,Accra,11-50,2024-09-16,Organic Search
CUST01996,Howell-Lucas,Education,Rwanda,Nakuru,6-10,2025-05-05,LinkedIn
CUST01997,Macdonald LLC,Retail,South Africa,Dar es Salaam,1-5,2025-12-17,Facebook
CUST01998,Jones-Walker,Healthcare,Ghana,Accra,6-10,2023-10-17,Referral
CUST01999,"Wilson, Barrett and Swanson",Hospitality,Ghana,Johannesburg,6-10,2023-11-19,Organic Search
CUST02000,"Mcdowell, Dean and White",Professional Services,South Africa,Mombasa,51-200,2024-11-07,Sales Team
CUST02001,Navarro-Smith,Real Estate,Kenya,Lagos,6-10,2026-06-16,Sales Team
CUST02002,"Green, Potter and Flores",Construction,South Africa,Kigali,11-50,2026-08-18,Referral
CUST02003,Burgess-Ellis,Logistics,Ghana,Kigali,201-500,2026-06-29,Referral
CUST02004,Santana PLC,Education,South Africa,Mombasa,1-5,2024-10-25,Partner
CUST02005,"Richards, Anderson and Stevenson",Construction,Tanzania,Nakuru,51-200,2026-06-27,Referral
CUST02006,Coleman-Gallegos,Retail,Uganda,Accra,1-5,2024-04-18,Google Ads
CUST02007,"Morgan, Cervantes and Barry",Professional Services,South Africa,Kigali,201-500,2026-07-11,Sales Team
CUST02008,Johnson Group,Healthcare,Nigeria,Kigali,6-10,2024-11-27,Facebook
CUST02009,Gray LLC,Technology,Uganda,Kisumu,6-10,2025-06-04,LinkedIn
CUST02010,"Decker, Huffman and Bond",Construction,Ghana,Mombasa,51-200,2026-07-15,Instagram
CUST02011,Freeman Ltd,Construction,Uganda,Nairobi,6-10,2024-10-11,Instagram
CUST02012,Bailey Inc,Healthcare,South Africa,Kigali,51-200,2024-10-16,Google Ads
CUST02013,"Patterson, Logan and Miller",Construction,Kenya,Kampala,1-5,2024-01-08,Sales Team
CUST02014,Coleman Ltd,Professional Services,Tanzania,Mombasa,11-50,2024-04-17,Organic Search
CUST02015,"Booth, Jenkins and Bolton",Real Estate,Uganda,Accra,51-200,2023-12-13,Google Ads
CUST02016,"Mclean, Casey and Davis",Retail,Kenya,Kampala,1-5,2026-05-06,Organic Search
CUST02017,Wilson PLC,Professional Services,Uganda,Lagos,1-5,2025-06-28,Sales Team
CUST02018,Carter Ltd,Real Estate,Ghana,Kampala,51-200,2025-07-15,LinkedIn
CUST02019,"Perez, Mendoza and Butler",Technology,Ghana,Kigali,11-50,2023-12-21,Partner
CUST02020,Garcia and Sons,Technology,Tanzania,Nakuru,11-50,2026-01-25,Sales Team
CUST02021,Hubbard Group,Education,Ghana,Nairobi,11-50,2024-02-01,Partner
CUST02022,Rocha and Sons,Professional Services,Kenya,Accra,51-200,2024-05-21,Facebook
CUST02023,James-Choi,Retail,Ghana,Mombasa,201-500,2023-11-02,Referral
CUST02024,Orr LLC,Hospitality,Tanzania,Accra,201-500,2025-04-29,LinkedIn
CUST02025,Cooper-Romero,Logistics,Rwanda,Nakuru,1-5,2025-05-19,Partner
CUST02026,"Barrett, Elliott and Johnson",Retail,Nigeria,Dar es Salaam,1-5,2023-11-27,Partner
CUST02027,Mcmillan-Morrison,Manufacturing,Uganda,Johannesburg,51-200,2026-03-11,Sales Team
CUST02028,Sutton Inc,Real Estate,South Africa,Mombasa,11-50,2026-01-15,Sales Team
CUST02029,Parker-Hull,Manufacturing,Nigeria,Mombasa,51-200,2024-10-28,Referral
CUST02030,"Rojas, Burton and Hughes",Real Estate,Uganda,Kisumu,201-500,2026-03-06,Organic Search
CUST02031,"Santos, Henderson and Hess",Construction,Rwanda,Mombasa,11-50,2024-10-12,LinkedIn
CUST02032,Wagner-Briggs,Construction,Rwanda,Mombasa,51-200,2025-05-29,Instagram
CUST02033,Munoz-Marquez,Hospitality,Uganda,Kisumu,1-5,2026-04-06,Google Ads
CUST02034,"Benson, Perez and Ellis",Education,Nigeria,Nairobi,6-10,2025-03-03,Partner
CUST02035,"Reed, Cline and Melendez",Education,South Africa,Kampala,6-10,2023-11-24,Referral
CUST02036,"Moran, Woodard and Cox",Manufacturing,Nigeria,Mombasa,6-10,2025-09-28,LinkedIn
CUST02037,Davis-White,Professional Services,South Africa,Dar es Salaam,6-10,2024-01-22,Google Ads
CUST02038,"Cameron, Butler and Wilcox",Technology,Rwanda,Kigali,201-500,2024-11-04,Sales Team
CUST02039,Hopkins and Sons,Hospitality,Uganda,Kampala,1-5,2026-03-31,Referral
CUST02040,Davenport LLC,Professional Services,Kenya,Mombasa,11-50,2025-02-22,Instagram
CUST02041,Gray Ltd,Professional Services,Ghana,Dar es Salaam,6-10,2026-06-20,Partner
CUST02042,Rogers Ltd,Education,Ghana,Nairobi,11-50,2026-04-07,Organic Search
CUST02043,"Sellers, Allen and Henderson",Real Estate,Ghana,Nakuru,51-200,2025-05-09,Sales Team
CUST02044,"Mcgee, Sherman and Lee",Technology,South Africa,Dar es Salaam,6-10,2025-07-29,Instagram
CUST02045,Carson-Gregory,Professional Services,Rwanda,Nairobi,201-500,2024-02-27,LinkedIn
CUST02046,Mcneil PLC,Technology,Uganda,Kampala,6-10,2024-12-26,LinkedIn
CUST02047,Evans and Sons,Manufacturing,Uganda,Johannesburg,11-50,2025-09-21,Facebook
CUST02048,Roberts LLC,Retail,Ghana,Dar es Salaam,11-50,2026-03-28,Google Ads
CUST02049,"Arias, Lawrence and Lewis",Healthcare,South Africa,Johannesburg,51-200,2026-05-17,Instagram
CUST02050,"Nichols, Price and Waller",Manufacturing,Tanzania,Kigali,1-5,2025-07-11,Partner
CUST02051,Richards-Hunt,Construction,South Africa,Nakuru,6-10,2025-04-24,Organic Search
CUST02052,Long LLC,Construction,South Africa,Accra,51-200,2024-03-14,Referral
CUST02053,Fletcher-Martin,Construction,Kenya,Lagos,51-200,2024-07-14,Partner
CUST02054,Cook Group,Education,Nigeria,Accra,11-50,2025-03-23,Sales Team
CUST02055,"Kent, Weber and Torres",Education,Kenya,Lagos,11-50,2023-10-08,Referral
CUST02056,Kelly Ltd,Hospitality,Nigeria,Lagos,51-200,2023-10-14,Google Ads
CUST02057,"Kerr, Allen and Good",Construction,Tanzania,Johannesburg,1-5,2025-02-24,Referral
CUST02058,"Bernard, Johnson and Diaz",Manufacturing,Nigeria,Kisumu,201-500,2026-05-25,Facebook
CUST02059,Cox-Weiss,Manufacturing,Nigeria,Accra,11-50,2024-09-09,Facebook
CUST02060,Shields Inc,Hospitality,Uganda,Nakuru,1-5,2025-01-07,Partner
CUST02061,Zimmerman Group,Real Estate,Kenya,Kisumu,51-200,2024-02-09,Sales Team
CUST02062,Knight LLC,Construction,Kenya,Mombasa,11-50,2025-05-05,LinkedIn
CUST02063,Potter Inc,Construction,Kenya,Mombasa,201-500,2025-07-15,Partner
CUST02064,"Shepard, Young and Morris",Real Estate,Rwanda,Kisumu,51-200,2024-01-18,Instagram
CUST02065,Kelly PLC,Retail,Kenya,Nakuru,51-200,2025-08-28,LinkedIn
CUST02066,"Peterson, Thomas and Hudson",Healthcare,Nigeria,Johannesburg,6-10,2026-05-01,Sales Team
CUST02067,Washington-Booth,Professional Services,South Africa,Accra,51-200,2024-12-24,Referral
CUST02068,"Jones, Brown and Santos",Manufacturing,Tanzania,Nairobi,1-5,2026-07-17,Google Ads
CUST02069,"Smith, Parker and Stout",Professional Services,Kenya,Accra,201-500,2024-08-12,Instagram
CUST02070,Mcclure LLC,Retail,Ghana,Johannesburg,201-500,2026-03-04,LinkedIn
CUST02071,Gray-Gutierrez,Healthcare,Nigeria,Mombasa,201-500,2024-03-12,Facebook
CUST02072,Price Group,Education,Rwanda,Kigali,11-50,2025-07-05,Facebook
CUST02073,"Kelly, Flynn and Kim",Professional Services,Tanzania,Mombasa,201-500,2026-08-14,Facebook
CUST02074,Young Ltd,Education,South Africa,Nairobi,51-200,2025-10-08,LinkedIn
CUST02075,"Porter, Palmer and Gray",Professional Services,Ghana,Johannesburg,201-500,2025-01-10,Google Ads
CUST02076,"Rodriguez, Lee and Price",Hospitality,Nigeria,Mombasa,6-10,2026-01-24,Facebook
CUST02077,"Flynn, Lewis and Harris",Retail,Ghana,Accra,11-50,2024-09-10,Google Ads
CUST02078,Kim LLC,Retail,Uganda,Johannesburg,6-10,2026-03-21,Facebook
CUST02079,Wood Group,Professional Services,Ghana,Kampala,1-5,2023-12-25,Google Ads
CUST02080,Coleman-Alexander,Professional Services,Ghana,Kampala,11-50,2024-12-27,Facebook
CUST02081,Jenkins-Orozco,Education,Nigeria,Nairobi,6-10,2025-08-01,Referral
CUST02082,Baker PLC,Retail,Ghana,Kampala,201-500,2025-05-17,LinkedIn
CUST02083,Miranda-Solomon,Construction,Ghana,Accra,11-50,2024-08-09,Partner
CUST02084,"Lambert, Dickerson and Gibson",Real Estate,Ghana,Lagos,6-10,2025-07-08,Google Ads
CUST02085,"Vasquez, Sullivan and Castro",Retail,Uganda,Nairobi,6-10,2025-12-03,Facebook
CUST02086,"Clark, Ellis and Hill",Healthcare,South Africa,Nakuru,6-10,2024-06-03,Instagram
CUST02087,Floyd-Chaney,Real Estate,Tanzania,Kampala,6-10,2024-03-07,Sales Team
CUST02088,"Livingston, Heath and Baxter",Professional Services,Ghana,Kampala,11-50,2024-09-21,Sales Team
CUST02089,"Walker, Smith and Drake",Construction,Rwanda,Accra,1-5,2024-05-28,Referral
CUST02090,"Shannon, Scott and Harmon",Education,Nigeria,Kisumu,201-500,2023-11-17,Instagram
CUST02091,"Sherman, Hoffman and Wilkinson",Professional Services,Nigeria,Kampala,6-10,2025-02-11,Partner
CUST02092,Werner-Wallace,Real Estate,Nigeria,Lagos,201-500,2025-10-27,Facebook
CUST02093,"Campbell, Lowe and Mcpherson",Education,South Africa,Kisumu,11-50,2024-01-17,Sales Team
CUST02094,Hernandez-Price,Education,Kenya,Johannesburg,6-10,2025-08-21,Google Ads
CUST02095,Blevins Ltd,Healthcare,Kenya,Lagos,1-5,2025-08-22,Sales Team
CUST02096,Bowman-Lee,Professional Services,Tanzania,Mombasa,11-50,2024-07-19,Partner
CUST02097,"Williams, Smith and Jones",Healthcare,Uganda,Nakuru,11-50,2023-09-26,Organic Search
CUST02098,"Boyd, Moreno and Clarke",Professional Services,Rwanda,Nakuru,51-200,2026-06-24,Google Ads
CUST02099,Lewis-Bradford,Professional Services,Uganda,Lagos,11-50,2025-07-18,LinkedIn
CUST02100,Vasquez and Sons,Professional Services,Ghana,Dar es Salaam,201-500,2024-10-16,Referral
CUST02101,Chen Group,Logistics,Tanzania,Johannesburg,1-5,2026-03-03,Organic Search
CUST02102,Stokes-Dougherty,Construction,Tanzania,Kigali,6-10,2023-12-31,Partner
CUST02103,"Anderson, Andrews and Dickson",Logistics,Ghana,Johannesburg,51-200,2025-12-09,LinkedIn
CUST02104,Lewis LLC,Real Estate,Uganda,Kampala,1-5,2024-01-04,Facebook
CUST02105,Hale Inc,Construction,Uganda,Kigali,201-500,2025-07-07,Referral
CUST02106,Davis-Moreno,Retail,Nigeria,Dar es Salaam,6-10,2024-10-19,Sales Team
CUST02107,Adams LLC,Manufacturing,Uganda,Accra,11-50,2024-11-17,LinkedIn
CUST02108,Martinez-Jackson,Logistics,Tanzania,Kampala,51-200,2025-01-10,Instagram
CUST02109,Wilson-Lucas,Healthcare,Nigeria,Mombasa,11-50,2026-04-04,Sales Team
CUST02110,Thompson Ltd,Technology,South Africa,Mombasa,1-5,2023-11-23,Google Ads
CUST02111,"Cook, Payne and Green",Hospitality,Kenya,Kisumu,201-500,2024-10-14,Organic Search
CUST02112,"Rodriguez, Cook and Moses",Professional Services,Nigeria,Kampala,201-500,2026-01-05,LinkedIn
CUST02113,"Bass, Newton and Dorsey",Retail,Rwanda,Lagos,6-10,2023-12-25,LinkedIn
CUST02114,Simmons Group,Manufacturing,Ghana,Lagos,1-5,2023-09-27,Sales Team
CUST02115,Harmon-Hines,Retail,Ghana,Nakuru,1-5,2024-09-25,Sales Team
CUST02116,"Carney, Rodriguez and Brown",Logistics,Nigeria,Dar es Salaam,6-10,2026-07-03,Organic Search
CUST02117,"Sharp, Davis and Rivera",Real Estate,Rwanda,Kisumu,201-500,2024-02-03,Instagram
CUST02118,Bradford-Daniels,Construction,Kenya,Dar es Salaam,6-10,2025-05-06,Partner
CUST02119,"Stevenson, West and Stevens",Retail,Rwanda,Accra,51-200,2025-12-16,Facebook
CUST02120,Bennett-Perry,Technology,Kenya,Dar es Salaam,6-10,2026-03-01,Google Ads
CUST02121,"Anthony, Cain and Roberts",Healthcare,Tanzania,Accra,11-50,2024-08-10,Referral
CUST02122,Carr PLC,Hospitality,Kenya,Johannesburg,51-200,2026-06-07,Instagram
CUST02123,Thompson-Adams,Healthcare,Nigeria,Lagos,1-5,2025-02-01,LinkedIn
CUST02124,Banks-Merritt,Real Estate,South Africa,Accra,1-5,2024-03-16,Partner
CUST02125,"Mason, Gonzalez and Russell",Retail,Ghana,Accra,11-50,2025-09-06,Referral
CUST02126,"Villarreal, Hines and Ponce",Technology,Kenya,Nairobi,11-50,2025-10-13,Facebook
CUST02127,Woods Inc,Education,Tanzania,Nairobi,1-5,2024-10-29,Sales Team
CUST02128,Fowler LLC,Manufacturing,Uganda,Mombasa,201-500,2024-02-01,Facebook
CUST02129,Lewis PLC,Education,Kenya,Accra,1-5,2024-06-11,Facebook
CUST02130,Harris-Larson,Healthcare,Uganda,Accra,51-200,2025-07-17,Partner
CUST02131,Hall-King,Healthcare,Tanzania,Kigali,6-10,2024-12-14,Referral
CUST02132,Jones-Price,Professional Services,Rwanda,Accra,6-10,2025-07-17,Facebook
CUST02133,Barrett-Marshall,Technology,Nigeria,Kigali,1-5,2025-07-19,Partner
CUST02134,Sims-Barker,Hospitality,Kenya,Nakuru,11-50,2023-11-20,Organic Search
CUST02135,Burke-Diaz,Construction,Rwanda,Kigali,11-50,2024-07-08,Organic Search
CUST02136,Castro LLC,Construction,Nigeria,Nakuru,51-200,2025-08-31,Referral
CUST02137,Mitchell LLC,Professional Services,Rwanda,Accra,201-500,2025-12-28,LinkedIn
CUST02138,Campbell Group,Construction,Tanzania,Kigali,201-500,2025-11-05,Sales Team
CUST02139,Baker Inc,Construction,Kenya,Mombasa,1-5,2023-10-04,Facebook
CUST02140,Davis PLC,Construction,Tanzania,Lagos,1-5,2025-08-28,Instagram
CUST02141,"Manning, Davis and Davis",Retail,Nigeria,Dar es Salaam,51-200,2025-06-27,Organic Search
CUST02142,Adams-Diaz,Education,Rwanda,Kampala,11-50,2025-06-05,LinkedIn
CUST02143,Cortez PLC,Professional Services,South Africa,Kigali,6-10,2025-03-23,Facebook
CUST02144,Frank PLC,Logistics,Uganda,Nakuru,11-50,2024-09-23,Google Ads
CUST02145,"Meyer, Liu and Silva",Healthcare,Nigeria,Nakuru,51-200,2026-07-26,Instagram
CUST02146,"Russell, Mack and Lee",Manufacturing,Nigeria,Mombasa,201-500,2025-10-14,Facebook
CUST02147,"Ferguson, Cross and Peterson",Hospitality,South Africa,Johannesburg,6-10,2024-07-16,Instagram
CUST02148,"Robinson, Ortiz and Mills",Professional Services,Uganda,Kigali,1-5,2024-01-01,Referral
CUST02149,Holland-Black,Hospitality,Uganda,Kigali,1-5,2026-01-04,Instagram
CUST02150,Holmes-Shah,Professional Services,South Africa,Nairobi,51-200,2025-12-18,Sales Team
CUST02151,Davis Ltd,Logistics,Tanzania,Nakuru,6-10,2024-06-07,Partner
CUST02152,"Ramirez, Gaines and Mcdonald",Education,Rwanda,Nairobi,201-500,2025-12-12,Sales Team
CUST02153,Nelson-Williams,Retail,Tanzania,Mombasa,11-50,2023-12-22,Partner
CUST02154,Gonzales Ltd,Healthcare,Tanzania,Kigali,6-10,2023-12-31,Partner
CUST02155,Townsend Ltd,Retail,Uganda,Nairobi,1-5,2024-04-06,Organic Search
CUST02156,Esparza-Blair,Technology,Uganda,Kampala,51-200,2024-12-28,Referral
CUST02157,Anderson LLC,Real Estate,Kenya,Kigali,6-10,2025-01-09,Referral
CUST02158,"Bean, Brown and Marquez",Manufacturing,Tanzania,Dar es Salaam,11-50,2026-06-04,Google Ads
CUST02159,Kidd-Johnson,Professional Services,Nigeria,Nairobi,201-500,2025-04-24,Facebook
CUST02160,"Hansen, Hernandez and Barnes",Technology,Tanzania,Dar es Salaam,201-500,2023-11-29,Partner
CUST02161,Gutierrez PLC,Hospitality,Nigeria,Kampala,6-10,2024-10-06,Sales Team
CUST02162,Kennedy Group,Professional Services,Kenya,Kisumu,201-500,2025-11-18,Google Ads
CUST02163,Dawson-Miller,Retail,Ghana,Nakuru,6-10,2024-04-12,LinkedIn
CUST02164,Craig-Mays,Professional Services,Kenya,Lagos,201-500,2024-08-03,Partner
CUST02165,"Brown, Berger and Hughes",Healthcare,Nigeria,Accra,6-10,2024-03-21,Facebook
CUST02166,Thomas-Woods,Retail,Uganda,Nakuru,51-200,2024-08-11,Referral
CUST02167,"Wallace, Moon and Blake",Logistics,Tanzania,Dar es Salaam,51-200,2024-12-07,Google Ads
CUST02168,Reyes-Garcia,Education,Kenya,Accra,51-200,2026-01-12,Organic Search
CUST02169,"Edwards, Frye and Taylor",Construction,Ghana,Kampala,6-10,2026-04-29,Referral
CUST02170,Adams Inc,Retail,Ghana,Nairobi,6-10,2025-03-27,Sales Team
CUST02171,Alvarez-Miller,Manufacturing,Nigeria,Lagos,201-500,2024-01-16,Google Ads
CUST02172,Rogers-Allen,Construction,Rwanda,Lagos,51-200,2025-08-16,Sales Team
CUST02173,Smith LLC,Education,Ghana,Kampala,6-10,2024-05-31,Facebook
CUST02174,Martinez Ltd,Retail,Uganda,Johannesburg,6-10,2024-12-13,Organic Search
CUST02175,"Higgins, Young and Walters",Logistics,Rwanda,Lagos,201-500,2025-09-14,Referral
CUST02176,"Hart, Perez and Owen",Healthcare,South Africa,Nakuru,11-50,2025-05-11,Referral
CUST02177,Lozano-Clayton,Logistics,Kenya,Kisumu,6-10,2026-07-07,Organic Search
CUST02178,Odonnell-Brewer,Logistics,Uganda,Kampala,1-5,2025-01-08,Facebook
CUST02179,Jefferson LLC,Healthcare,Uganda,Kampala,1-5,2023-10-23,Instagram
CUST02180,Adams LLC,Hospitality,Ghana,Mombasa,1-5,2025-01-15,Partner
CUST02181,"Miles, Sullivan and Figueroa",Real Estate,Tanzania,Dar es Salaam,1-5,2026-06-25,Referral
CUST02182,Brock-Medina,Construction,Rwanda,Johannesburg,11-50,2024-11-24,Partner
CUST02183,Orr and Sons,Retail,Nigeria,Nairobi,11-50,2025-01-10,Instagram
CUST02184,Underwood-White,Healthcare,Uganda,Kampala,1-5,2024-09-28,Google Ads
CUST02185,"Armstrong, Dixon and Walsh",Education,Nigeria,Kampala,201-500,2025-08-09,Instagram
CUST02186,Hill Ltd,Manufacturing,Uganda,Dar es Salaam,11-50,2025-10-10,Instagram
CUST02187,"Garcia, Stewart and Morgan",Real Estate,Nigeria,Kigali,6-10,2024-07-16,LinkedIn
CUST02188,"Jones, Foster and Alvarez",Hospitality,Nigeria,Kigali,11-50,2023-12-17,Facebook
CUST02189,Grimes and Sons,Manufacturing,Kenya,Accra,6-10,2026-08-09,LinkedIn
CUST02190,King Group,Construction,South Africa,Kisumu,6-10,2025-07-03,LinkedIn
CUST02191,"Velazquez, Johnston and Anderson",Construction,Nigeria,Kampala,1-5,2025-09-16,Referral
CUST02192,Meyer Ltd,Construction,Uganda,Kigali,201-500,2025-12-29,Instagram
CUST02193,Owens and Sons,Professional Services,Uganda,Mombasa,51-200,2026-04-29,Instagram
CUST02194,Alexander Inc,Manufacturing,Nigeria,Kigali,1-5,2024-03-23,Facebook
CUST02195,"Bowen, Coleman and Ball",Retail,Ghana,Mombasa,51-200,2026-07-10,Sales Team
CUST02196,Alexander Group,Retail,Kenya,Nairobi,1-5,2025-01-09,Facebook
CUST02197,"Ellis, Chavez and Ortiz",Hospitality,South Africa,Mombasa,11-50,2025-03-22,Facebook
CUST02198,"Bowman, Allen and Anderson",Real Estate,Kenya,Nairobi,1-5,2024-09-24,Partner
CUST02199,"Moore, Becker and Maynard",Professional Services,Uganda,Kisumu,51-200,2025-12-29,LinkedIn
CUST02200,"Simmons, Fuentes and Phelps",Construction,Tanzania,Dar es Salaam,51-200,2024-02-05,Facebook
CUST02201,Williams Group,Hospitality,Kenya,Lagos,11-50,2024-05-28,Google Ads
CUST02202,Schultz-Spencer,Retail,South Africa,Nairobi,1-5,2025-11-04,Referral
CUST02203,"Barnes, Cantrell and Barajas",Professional Services,Ghana,Kigali,6-10,2024-12-14,Organic Search
CUST02204,Lee-Wade,Hospitality,Kenya,Nakuru,51-200,2025-10-26,Sales Team
CUST02205,"Chase, Hart and Cruz",Construction,Tanzania,Kampala,6-10,2025-05-22,Sales Team
CUST02206,"Wallace, Klein and Powers",Professional Services,Rwanda,Kisumu,1-5,2025-12-22,Instagram
CUST02207,"Manning, Weaver and Fowler",Professional Services,Tanzania,Dar es Salaam,1-5,2024-07-16,Partner
CUST02208,Vega-Hill,Professional Services,Tanzania,Mombasa,1-5,2024-06-06,Facebook
CUST02209,"Bowers, Ferrell and Lopez",Construction,Rwanda,Lagos,11-50,2025-05-17,Facebook
CUST02210,Hunt Ltd,Education,Uganda,Kampala,201-500,2024-10-23,Referral
CUST02211,Patterson-Salas,Technology,Kenya,Kampala,51-200,2026-03-30,Partner
CUST02212,Villa Inc,Healthcare,South Africa,Mombasa,1-5,2025-03-01,Facebook
CUST02213,Jackson-Kirk,Construction,Tanzania,Kisumu,51-200,2024-07-23,LinkedIn
CUST02214,Barber-Young,Manufacturing,South Africa,Mombasa,1-5,2026-02-05,Sales Team
CUST02215,Brown LLC,Healthcare,Uganda,Mombasa,11-50,2024-06-02,Facebook
CUST02216,Miller Group,Construction,South Africa,Kigali,11-50,2025-10-20,Partner
CUST02217,Taylor-Chapman,Manufacturing,Rwanda,Accra,51-200,2024-06-30,Partner
CUST02218,"Yates, Cooke and Howell",Construction,South Africa,Nakuru,51-200,2024-03-13,Sales Team
CUST02219,Hutchinson Group,Logistics,Rwanda,Lagos,201-500,2025-12-12,LinkedIn
CUST02220,Perry-Johnson,Logistics,Ghana,Nakuru,51-200,2025-06-26,Google Ads
CUST02221,Mccoy-Russell,Real Estate,Nigeria,Kigali,201-500,2026-07-26,Instagram
CUST02222,Perez-Nelson,Professional Services,Uganda,Dar es Salaam,1-5,2025-07-16,Instagram
CUST02223,Medina PLC,Retail,Tanzania,Lagos,51-200,2024-06-07,Facebook
CUST02224,Hill-Zamora,Professional Services,Kenya,Dar es Salaam,11-50,2023-10-20,Facebook
CUST02225,"Rollins, Barajas and Merritt",Healthcare,Rwanda,Kisumu,201-500,2025-04-28,Sales Team
CUST02226,Nelson-Moon,Hospitality,Uganda,Nakuru,1-5,2026-01-27,Facebook
CUST02227,Turner and Sons,Professional Services,Nigeria,Kisumu,51-200,2026-04-27,Organic Search
CUST02228,Rose-Byrd,Education,Tanzania,Nairobi,1-5,2024-04-14,Google Ads
CUST02229,"Thomas, Boyd and Boyer",Manufacturing,South Africa,Johannesburg,6-10,2026-05-08,Organic Search
CUST02230,Fox-Bennett,Construction,Tanzania,Kisumu,1-5,2024-04-14,Instagram
CUST02231,"Pena, Krause and Brooks",Professional Services,Kenya,Johannesburg,51-200,2025-08-17,Facebook
CUST02232,Caldwell-Robertson,Construction,Rwanda,Kisumu,201-500,2024-11-11,Referral
CUST02233,"Lynch, Waller and Hernandez",Manufacturing,Rwanda,Dar es Salaam,51-200,2024-03-12,Organic Search
CUST02234,Tucker-May,Healthcare,Kenya,Kisumu,1-5,2025-08-03,Organic Search
CUST02235,Reeves-White,Real Estate,South Africa,Kisumu,201-500,2025-07-18,Facebook
CUST02236,Woods Group,Retail,Rwanda,Kigali,51-200,2025-12-03,Referral
CUST02237,Gray-Jones,Real Estate,Ghana,Kampala,6-10,2026-02-13,Sales Team
CUST02238,"Wilson, Johnson and Tucker",Construction,Tanzania,Mombasa,201-500,2025-07-05,Sales Team
CUST02239,Evans-Flores,Construction,Nigeria,Nakuru,51-200,2024-04-25,Organic Search
CUST02240,Salazar and Sons,Hospitality,Rwanda,Kisumu,201-500,2025-01-17,Google Ads
CUST02241,"Snyder, Duncan and Solis",Manufacturing,Rwanda,Dar es Salaam,51-200,2025-03-23,Sales Team
CUST02242,"Romero, Walsh and Brown",Construction,Kenya,Dar es Salaam,51-200,2024-09-24,Instagram
CUST02243,Gonzalez and Sons,Healthcare,Kenya,Mombasa,1-5,2024-05-05,Partner
CUST02244,Vargas Ltd,Real Estate,South Africa,Dar es Salaam,1-5,2024-07-14,Instagram
CUST02245,"Escobar, Richards and Roberson",Healthcare,Uganda,Lagos,1-5,2024-06-04,Google Ads
CUST02246,Miller-Hampton,Hospitality,Ghana,Nairobi,11-50,2024-04-02,Instagram
CUST02247,"Jones, Mendez and Kline",Logistics,Uganda,Nairobi,6-10,2026-04-09,Referral
CUST02248,Cole-Carr,Professional Services,Ghana,Johannesburg,1-5,2024-03-11,LinkedIn
CUST02249,Bowers LLC,Retail,Kenya,Dar es Salaam,1-5,2023-12-31,Referral
CUST02250,"Miller, Crosby and Owens",Retail,Tanzania,Kampala,51-200,2024-11-15,Instagram
CUST02251,"Navarro, Quinn and Beard",Technology,South Africa,Kigali,11-50,2024-01-13,Facebook
CUST02252,"Page, Walker and Morton",Professional Services,Tanzania,Kigali,201-500,2023-12-10,Google Ads
CUST02253,"Clark, Mcguire and Jones",Logistics,South Africa,Kisumu,1-5,2024-03-30,Sales Team
CUST02254,"Smith, Smith and Warren",Manufacturing,Ghana,Nairobi,11-50,2025-12-25,Facebook
CUST02255,Ortega-Hernandez,Construction,Nigeria,Accra,1-5,2024-02-28,Google Ads
CUST02256,"Pacheco, Hall and Perez",Hospitality,Uganda,Kisumu,6-10,2025-07-04,Partner
CUST02257,Hahn Inc,Manufacturing,South Africa,Kisumu,11-50,2023-11-23,Referral
CUST02258,Carter-Williams,Technology,Ghana,Kigali,1-5,2024-05-19,Sales Team
CUST02259,"Porter, Everett and Jackson",Hospitality,Uganda,Johannesburg,201-500,2024-07-24,Google Ads
CUST02260,Lewis and Sons,Construction,Ghana,Accra,1-5,2023-11-07,Organic Search
CUST02261,Boyle-Knox,Construction,South Africa,Kampala,201-500,2025-07-16,Google Ads
CUST02262,Gutierrez Group,Manufacturing,Kenya,Accra,11-50,2024-12-07,Facebook
CUST02263,Morgan LLC,Healthcare,Uganda,Mombasa,11-50,2025-09-23,Partner
CUST02264,Chavez-Larson,Technology,Kenya,Mombasa,6-10,2025-01-23,LinkedIn
CUST02265,Price Inc,Healthcare,Rwanda,Kampala,51-200,2023-11-16,Facebook
CUST02266,Lambert-Thomas,Professional Services,Ghana,Accra,1-5,2024-04-11,Partner
CUST02267,"Wilson, Nelson and Parker",Healthcare,Rwanda,Kigali,201-500,2024-12-22,Facebook
CUST02268,Peterson Inc,Manufacturing,Tanzania,Lagos,201-500,2026-03-30,Partner
CUST02269,Patel-Nelson,Technology,Kenya,Kigali,201-500,2023-11-22,LinkedIn
CUST02270,Black-Baker,Healthcare,Nigeria,Nairobi,201-500,2023-10-10,Organic Search
CUST02271,"Miller, Joyce and Rodriguez",Hospitality,Nigeria,Lagos,1-5,2024-10-06,Facebook
CUST02272,"Williams, Graham and Kim",Professional Services,Tanzania,Kigali,6-10,2024-08-10,Sales Team
CUST02273,"Sanders, Good and Chaney",Professional Services,Uganda,Kigali,51-200,2025-01-19,Google Ads
CUST02274,"Walters, Clark and Mitchell",Technology,Rwanda,Accra,201-500,2025-01-21,LinkedIn
CUST02275,Rodriguez and Sons,Professional Services,Kenya,Kisumu,1-5,2023-12-08,Sales Team
CUST02276,Baker-Fuller,Education,Uganda,Kigali,11-50,2025-07-09,Google Ads
CUST02277,"Sullivan, Mccoy and Rogers",Technology,Tanzania,Johannesburg,51-200,2024-09-21,Instagram
CUST02278,Murillo-Morton,Manufacturing,Kenya,Kampala,51-200,2025-07-18,Organic Search
CUST02279,Reid-Mcmillan,Logistics,Uganda,Accra,6-10,2024-01-01,Instagram
CUST02280,Williams PLC,Technology,Ghana,Nairobi,201-500,2025-03-04,Sales Team
CUST02281,Lamb Group,Retail,South Africa,Dar es Salaam,51-200,2026-07-02,LinkedIn
CUST02282,Martin Group,Hospitality,Kenya,Nakuru,1-5,2026-02-08,Sales Team
CUST02283,Wagner Inc,Healthcare,Tanzania,Kisumu,1-5,2025-03-22,Facebook
CUST02284,Johnston-Johnson,Professional Services,Tanzania,Kigali,1-5,2023-10-07,Referral
CUST02285,Lane PLC,Manufacturing,South Africa,Kigali,201-500,2025-06-15,Instagram
CUST02286,Dennis-Perez,Healthcare,Uganda,Nairobi,1-5,2025-02-01,Sales Team
CUST02287,"Sparks, Reese and Moore",Technology,South Africa,Kampala,6-10,2026-04-21,Instagram
CUST02288,"Guzman, Thomas and Bennett",Technology,Rwanda,Accra,51-200,2024-03-31,Facebook
CUST02289,"Young, Harrison and Butler",Education,Tanzania,Johannesburg,51-200,2023-12-13,Organic Search
CUST02290,Schneider Ltd,Logistics,South Africa,Johannesburg,6-10,2023-11-10,Google Ads
CUST02291,Tate-Harris,Real Estate,Ghana,Kisumu,11-50,2025-12-22,Partner
CUST02292,"Watkins, Patterson and Soto",Retail,Uganda,Accra,6-10,2023-09-24,LinkedIn
CUST02293,"Edwards, Lloyd and Conrad",Technology,Kenya,Kigali,11-50,2025-07-22,Organic Search
CUST02294,Davis Inc,Manufacturing,South Africa,Kisumu,51-200,2026-04-17,Google Ads
CUST02295,Burgess Group,Retail,Uganda,Nakuru,51-200,2026-06-14,Facebook
CUST02296,Moore-Levy,Real Estate,Rwanda,Nakuru,11-50,2025-12-03,Instagram
CUST02297,Mcdowell-Ferrell,Hospitality,Nigeria,Johannesburg,1-5,2025-08-09,Partner
CUST02298,"Gordon, Merritt and Berry",Technology,Kenya,Kampala,11-50,2024-06-26,Google Ads
CUST02299,Campos Ltd,Manufacturing,Nigeria,Accra,51-200,2025-05-29,Sales Team
CUST02300,Bond-Patton,Technology,Tanzania,Lagos,51-200,2024-07-12,Partner
CUST02301,Maynard and Sons,Professional Services,Uganda,Accra,51-200,2025-01-07,Partner
CUST02302,Mcbride-Norman,Construction,Ghana,Johannesburg,6-10,2026-04-02,Sales Team
CUST02303,Ochoa Group,Education,Tanzania,Kigali,11-50,2024-04-11,Google Ads
CUST02304,"Berry, Garrett and Young",Professional Services,South Africa,Mombasa,1-5,2023-10-24,Organic Search
CUST02305,Edwards-Zuniga,Real Estate,Rwanda,Mombasa,51-200,2024-08-15,Google Ads
CUST02306,Fowler-Colon,Manufacturing,Ghana,Johannesburg,1-5,2023-11-30,Referral
CUST02307,Wells-Chung,Education,Uganda,Nakuru,51-200,2025-08-28,Sales Team
CUST02308,Brooks-Cook,Professional Services,Uganda,Accra,1-5,2026-07-22,Partner
CUST02309,Ortiz PLC,Manufacturing,Rwanda,Kigali,1-5,2024-11-23,Partner
CUST02310,Grant Inc,Hospitality,Ghana,Kampala,11-50,2025-08-03,Referral
CUST02311,"Stevens, Higgins and Ramirez",Healthcare,South Africa,Kigali,6-10,2026-05-27,Organic Search
CUST02312,Gonzalez-Roberts,Education,Kenya,Nairobi,1-5,2024-12-23,Facebook
CUST02313,"Conner, Johnson and Smith",Technology,South Africa,Lagos,201-500,2024-09-13,Partner
CUST02314,Klein-Wright,Technology,Uganda,Johannesburg,51-200,2025-01-31,Instagram
CUST02315,Bender-Everett,Logistics,Rwanda,Nakuru,201-500,2024-12-02,Sales Team
CUST02316,Harris Inc,Retail,South Africa,Johannesburg,51-200,2026-08-14,Facebook
CUST02317,"Thomas, Wagner and Conner",Education,Nigeria,Kisumu,51-200,2024-09-10,Partner
CUST02318,"Mckinney, Wilson and Holland",Logistics,Uganda,Kigali,6-10,2024-09-27,Google Ads
CUST02319,Taylor LLC,Construction,Ghana,Mombasa,201-500,2025-10-20,Sales Team
CUST02320,Fletcher PLC,Healthcare,South Africa,Lagos,6-10,2026-01-11,Partner
CUST02321,Oconnor PLC,Hospitality,Kenya,Mombasa,1-5,2023-11-29,Sales Team
CUST02322,Castro-Hoffman,Retail,Nigeria,Johannesburg,6-10,2026-07-14,Organic Search
CUST02323,Lamb-Perry,Real Estate,Nigeria,Lagos,1-5,2025-03-29,Sales Team
CUST02324,"Russell, Levy and Estrada",Retail,Nigeria,Kisumu,51-200,2024-10-26,Partner
CUST02325,Johnson Group,Construction,Uganda,Nakuru,11-50,2025-12-20,Instagram
CUST02326,"Davenport, Crawford and Marks",Logistics,South Africa,Nakuru,51-200,2025-02-06,Referral
CUST02327,Cisneros and Sons,Retail,Tanzania,Mombasa,6-10,2025-08-06,Organic Search
CUST02328,Zavala Inc,Real Estate,South Africa,Mombasa,1-5,2024-09-10,LinkedIn
CUST02329,Mckinney-Green,Real Estate,Kenya,Mombasa,6-10,2024-07-22,Referral
CUST02330,Soto-Watkins,Healthcare,Uganda,Mombasa,1-5,2026-06-01,LinkedIn
CUST02331,Castillo-Brown,Technology,South Africa,Nakuru,51-200,2025-01-10,Google Ads
CUST02332,Graham-White,Manufacturing,South Africa,Nairobi,51-200,2024-03-16,Google Ads
CUST02333,"Thornton, Cook and Chapman",Manufacturing,Nigeria,Mombasa,6-10,2026-04-01,Sales Team
CUST02334,Lynch Group,Education,Tanzania,Accra,6-10,2024-10-07,Facebook
CUST02335,"Cruz, Lee and Leonard",Healthcare,Kenya,Kisumu,201-500,2025-06-07,Organic Search
CUST02336,French-Thomas,Professional Services,Tanzania,Dar es Salaam,51-200,2026-02-27,Organic Search
CUST02337,Peterson-Bennett,Construction,Ghana,Kampala,1-5,2024-01-06,Instagram
CUST02338,Hopkins-Norris,Real Estate,Kenya,Lagos,1-5,2025-11-18,Facebook
CUST02339,Mcfarland LLC,Hospitality,South Africa,Dar es Salaam,1-5,2024-07-05,Instagram
CUST02340,Randolph-Chavez,Retail,Tanzania,Kisumu,6-10,2025-05-11,Google Ads
CUST02341,Floyd PLC,Construction,Tanzania,Kampala,51-200,2024-09-16,Instagram
CUST02342,"Romero, Jackson and Evans",Professional Services,Tanzania,Lagos,11-50,2026-07-21,LinkedIn
CUST02343,Barry-Miller,Manufacturing,Rwanda,Lagos,51-200,2024-12-04,Instagram
CUST02344,Myers-Brown,Healthcare,Uganda,Nakuru,11-50,2024-02-09,Sales Team
CUST02345,Cook-Hill,Professional Services,Ghana,Johannesburg,11-50,2024-10-24,Facebook
CUST02346,Bell LLC,Hospitality,Nigeria,Accra,51-200,2025-03-27,LinkedIn
CUST02347,Arnold LLC,Education,Ghana,Kampala,11-50,2026-06-30,Google Ads
CUST02348,Stevens Group,Real Estate,Rwanda,Kigali,6-10,2023-12-29,Partner
CUST02349,Bauer LLC,Technology,Nigeria,Mombasa,51-200,2024-11-27,Facebook
CUST02350,"Gould, Lane and Burke",Retail,Ghana,Kampala,201-500,2025-05-23,Sales Team
CUST02351,"Zamora, Hill and Nguyen",Healthcare,Ghana,Lagos,11-50,2024-11-05,Sales Team
CUST02352,"Nicholson, Davis and Benjamin",Retail,Kenya,Kisumu,11-50,2023-10-01,Sales Team
CUST02353,Gutierrez Group,Construction,Tanzania,Nakuru,1-5,2024-05-21,Instagram
CUST02354,"Yates, Stephens and Cobb",Technology,Tanzania,Kisumu,11-50,2025-08-06,Google Ads
CUST02355,Smith PLC,Retail,Tanzania,Nairobi,11-50,2026-03-09,Instagram
CUST02356,"Mayer, Howell and Taylor",Manufacturing,Ghana,Dar es Salaam,6-10,2026-01-09,Google Ads
CUST02357,Bailey-Turner,Education,Tanzania,Johannesburg,6-10,2024-06-21,Instagram
CUST02358,"Watson, Shepherd and Duncan",Professional Services,Ghana,Kampala,201-500,2024-08-21,Google Ads
CUST02359,Figueroa Inc,Real Estate,Nigeria,Kigali,51-200,2025-09-27,Partner
CUST02360,Powell-Preston,Technology,Uganda,Nakuru,1-5,2024-03-03,LinkedIn
CUST02361,Martin-Martin,Manufacturing,Kenya,Kampala,51-200,2026-05-27,Google Ads
CUST02362,Lynch-Bennett,Professional Services,Rwanda,Kisumu,201-500,2024-05-04,Partner
CUST02363,Mcfarland Ltd,Real Estate,Rwanda,Nakuru,201-500,2025-04-08,Organic Search
CUST02364,Stephens-Haas,Healthcare,Kenya,Johannesburg,1-5,2026-06-16,LinkedIn
CUST02365,Vang-Novak,Healthcare,Uganda,Kigali,1-5,2024-06-07,Organic Search
CUST02366,"Clay, Olsen and Hunt",Technology,Nigeria,Nairobi,1-5,2024-01-12,LinkedIn
CUST02367,Allen-Hayden,Professional Services,South Africa,Kigali,11-50,2024-11-10,Referral
CUST02368,"Armstrong, Moses and Jackson",Technology,South Africa,Dar es Salaam,51-200,2025-10-10,Google Ads
CUST02369,Sloan-Chavez,Logistics,South Africa,Dar es Salaam,51-200,2024-06-14,Organic Search
CUST02370,"Molina, Barrett and Pace",Education,Tanzania,Accra,51-200,2023-11-17,Google Ads
CUST02371,Crawford-Carrillo,Technology,Ghana,Mombasa,1-5,2024-02-08,Instagram
CUST02372,"Bauer, Todd and Roberts",Retail,South Africa,Nairobi,6-10,2024-03-18,Google Ads
CUST02373,Williams-Weber,Technology,South Africa,Kigali,6-10,2024-04-12,Facebook
CUST02374,Davis and Sons,Professional Services,Uganda,Dar es Salaam,201-500,2026-08-13,Organic Search
CUST02375,Santiago-Hays,Retail,Tanzania,Nairobi,1-5,2023-11-14,Organic Search
CUST02376,"Lane, Howard and Gomez",Healthcare,Kenya,Kampala,11-50,2025-05-27,Sales Team
CUST02377,Clark-Fox,Healthcare,Nigeria,Kisumu,6-10,2025-02-28,LinkedIn
CUST02378,Moore-Dixon,Professional Services,Uganda,Dar es Salaam,6-10,2026-06-06,Sales Team
CUST02379,"Mcconnell, Allen and Wagner",Manufacturing,Nigeria,Mombasa,201-500,2024-10-19,Instagram
CUST02380,Ford-Golden,Real Estate,Rwanda,Accra,11-50,2026-02-22,Partner
CUST02381,"Cortez, Lewis and Patrick",Manufacturing,Uganda,Mombasa,11-50,2024-10-26,Referral
CUST02382,Ortiz LLC,Professional Services,Tanzania,Lagos,6-10,2025-01-02,Instagram
CUST02383,Castillo LLC,Professional Services,Kenya,Accra,1-5,2024-06-14,Instagram
CUST02384,"Jackson, Gaines and Johnson",Retail,Nigeria,Nakuru,51-200,2024-08-19,Sales Team
CUST02385,"Johnson, Rocha and Jones",Hospitality,Rwanda,Mombasa,11-50,2024-11-03,Instagram
CUST02386,Cummings LLC,Real Estate,South Africa,Lagos,201-500,2024-03-16,Partner
CUST02387,"Lynn, Atkins and Pacheco",Healthcare,Nigeria,Accra,6-10,2024-03-13,Google Ads
CUST02388,Williams-Anderson,Construction,Uganda,Dar es Salaam,51-200,2025-06-08,LinkedIn
CUST02389,Cohen-Deleon,Real Estate,Ghana,Nakuru,51-200,2026-06-06,Instagram
CUST02390,Fuller-Branch,Professional Services,Tanzania,Kigali,6-10,2025-03-08,Referral
CUST02391,"Chapman, Mitchell and Bennett",Real Estate,Nigeria,Mombasa,6-10,2024-02-09,LinkedIn
CUST02392,Page-Wright,Professional Services,Nigeria,Mombasa,6-10,2026-05-09,Organic Search
CUST02393,"Bernard, Rodriguez and Lopez",Manufacturing,Uganda,Kampala,1-5,2024-02-27,LinkedIn
CUST02394,Morse-Davidson,Logistics,Rwanda,Dar es Salaam,11-50,2025-09-15,Google Ads
CUST02395,Moore Inc,Logistics,Kenya,Dar es Salaam,51-200,2025-08-17,Instagram
CUST02396,Butler Inc,Construction,Rwanda,Lagos,51-200,2025-06-17,Partner
CUST02397,"Sherman, Wilson and Barker",Retail,Rwanda,Kampala,11-50,2025-12-14,Google Ads
CUST02398,Baker Ltd,Retail,Nigeria,Kigali,51-200,2024-03-26,Instagram
CUST02399,Smith-Reynolds,Healthcare,Uganda,Kigali,6-10,2024-10-06,Referral
CUST02400,Stanley Inc,Logistics,Ghana,Accra,201-500,2025-04-26,Sales Team
CUST02401,Christensen Inc,Professional Services,Nigeria,Nairobi,6-10,2024-04-09,Google Ads
CUST02402,Butler PLC,Hospitality,Kenya,Nairobi,1-5,2026-04-19,Referral
CUST02403,"Jimenez, Kennedy and Castillo",Hospitality,Kenya,Lagos,1-5,2024-06-20,Referral
CUST02404,"Mcintyre, Vasquez and Marks",Hospitality,Ghana,Kigali,51-200,2025-11-20,Sales Team
CUST02405,Brooks PLC,Professional Services,Uganda,Kampala,51-200,2025-08-16,Instagram
CUST02406,"Chavez, Velez and Rose",Construction,South Africa,Nakuru,11-50,2025-02-20,Referral
CUST02407,"Patel, Vargas and Salinas",Real Estate,Tanzania,Nairobi,1-5,2024-06-22,Facebook
CUST02408,Wong-Dawson,Logistics,Nigeria,Johannesburg,51-200,2026-03-16,Referral
CUST02409,Mitchell and Sons,Hospitality,Uganda,Dar es Salaam,1-5,2024-10-11,Facebook
CUST02410,Faulkner-Silva,Construction,Tanzania,Accra,6-10,2024-03-20,Organic Search
CUST02411,"Evans, Wright and Stewart",Manufacturing,Rwanda,Dar es Salaam,1-5,2025-02-09,Facebook
CUST02412,Holt PLC,Healthcare,Kenya,Kisumu,1-5,2025-11-18,Partner
CUST02413,Allen Inc,Manufacturing,Ghana,Nairobi,51-200,2025-12-15,Instagram
CUST02414,Morgan PLC,Manufacturing,Kenya,Nairobi,1-5,2023-11-08,Referral
CUST02415,Green-Griffin,Hospitality,Ghana,Lagos,6-10,2024-06-21,Facebook
CUST02416,Ford-Gonzales,Professional Services,Kenya,Kampala,11-50,2024-01-11,LinkedIn
CUST02417,"Jackson, Butler and Bonilla",Manufacturing,Nigeria,Dar es Salaam,201-500,2023-12-20,Referral
CUST02418,"Arias, Watson and Pugh",Manufacturing,Tanzania,Dar es Salaam,51-200,2024-06-27,Organic Search
CUST02419,"Rogers, Orr and Klein",Technology,Tanzania,Dar es Salaam,201-500,2025-10-18,LinkedIn
CUST02420,Brown-Byrd,Professional Services,Tanzania,Lagos,1-5,2025-04-23,Facebook
CUST02421,Smith Inc,Education,South Africa,Nakuru,6-10,2024-01-29,Partner
CUST02422,"Thompson, Goodman and Doyle",Manufacturing,Kenya,Nakuru,201-500,2025-05-26,Sales Team
CUST02423,"Wells, Richards and Mccormick",Technology,Uganda,Mombasa,6-10,2025-09-15,Sales Team
CUST02424,Green Ltd,Professional Services,Tanzania,Lagos,51-200,2023-10-28,Facebook
CUST02425,"Sanchez, Gross and Adams",Healthcare,Nigeria,Dar es Salaam,11-50,2026-05-29,Sales Team
CUST02426,"Foster, Morgan and Skinner",Real Estate,Rwanda,Kampala,11-50,2026-02-20,Instagram
CUST02427,"Willis, Snyder and Smith",Retail,Ghana,Lagos,11-50,2026-02-18,Google Ads
CUST02428,Garcia LLC,Education,South Africa,Accra,201-500,2025-08-12,Partner
CUST02429,Graves-Kramer,Healthcare,Kenya,Nairobi,51-200,2026-02-26,Facebook
CUST02430,"Brown, Fleming and Barrera",Manufacturing,Nigeria,Kisumu,201-500,2024-12-12,Referral
CUST02431,"Mccoy, Johnson and Forbes",Real Estate,Ghana,Kisumu,11-50,2026-07-17,LinkedIn
CUST02432,Herrera Inc,Healthcare,Kenya,Kampala,1-5,2024-09-11,LinkedIn
CUST02433,Rose PLC,Retail,Uganda,Kampala,201-500,2024-06-25,Google Ads
CUST02434,"Morales, Johnson and Martinez",Retail,Rwanda,Kampala,1-5,2024-07-23,Sales Team
CUST02435,Russell-Davis,Technology,Nigeria,Nairobi,1-5,2024-11-25,Referral
CUST02436,Huerta-Gray,Construction,Tanzania,Kampala,201-500,2025-08-01,Facebook
CUST02437,Allen-Martinez,Professional Services,Nigeria,Kampala,6-10,2026-02-13,Instagram
CUST02438,Ruiz and Sons,Education,Ghana,Mombasa,11-50,2026-03-30,Instagram
CUST02439,Mcdaniel-Munoz,Retail,Rwanda,Dar es Salaam,6-10,2025-01-18,Sales Team
CUST02440,Stark-Goodman,Education,Rwanda,Mombasa,11-50,2026-08-10,Referral
CUST02441,Reid-Clark,Real Estate,Tanzania,Kisumu,201-500,2024-07-02,Sales Team
CUST02442,"Garcia, Nunez and Fitzgerald",Technology,South Africa,Johannesburg,6-10,2026-04-05,Instagram
CUST02443,Harris Group,Healthcare,Uganda,Kigali,201-500,2026-02-16,Instagram
CUST02444,Rodriguez-Brooks,Healthcare,Tanzania,Mombasa,11-50,2026-01-03,LinkedIn
CUST02445,"Raymond, Hall and Martin",Logistics,Uganda,Kigali,51-200,2024-12-02,Google Ads
CUST02446,Torres Group,Construction,Ghana,Accra,11-50,2025-10-26,Partner
CUST02447,"Key, Lane and Simmons",Manufacturing,Tanzania,Kigali,51-200,2026-03-11,Sales Team
CUST02448,Bailey-Rhodes,Education,Rwanda,Nairobi,201-500,2025-02-16,Organic Search
CUST02449,Harrell-Salazar,Education,Kenya,Kisumu,201-500,2024-06-17,Referral
CUST02450,"Miller, White and Bennett",Hospitality,Ghana,Lagos,11-50,2026-08-07,Facebook
CUST02451,Hall-Jones,Real Estate,Ghana,Johannesburg,11-50,2025-06-11,Organic Search
CUST02452,Grant-Walker,Education,Uganda,Kigali,1-5,2025-03-07,LinkedIn
CUST02453,Morris-Burke,Logistics,Rwanda,Nairobi,1-5,2025-11-27,Organic Search
CUST02454,"Best, Cook and Allen",Healthcare,South Africa,Mombasa,11-50,2024-01-04,Google Ads
CUST02455,Perez Ltd,Healthcare,Ghana,Accra,11-50,2023-12-13,Organic Search
CUST02456,Kennedy-Simmons,Professional Services,Nigeria,Johannesburg,201-500,2024-10-29,Organic Search
CUST02457,Gaines-Hughes,Hospitality,Ghana,Kisumu,201-500,2026-01-22,LinkedIn
CUST02458,Jackson PLC,Construction,Uganda,Kisumu,11-50,2025-02-28,Referral
CUST02459,Solis-White,Retail,South Africa,Accra,201-500,2024-06-26,Instagram
CUST02460,Wilkerson and Sons,Professional Services,Kenya,Nairobi,6-10,2026-01-22,Google Ads
CUST02461,Dixon-Hurst,Logistics,Kenya,Nakuru,6-10,2025-11-05,Google Ads
CUST02462,Santiago-Roy,Manufacturing,Kenya,Lagos,51-200,2023-12-20,Sales Team
CUST02463,Rice-Scott,Retail,Kenya,Kampala,51-200,2023-10-10,LinkedIn
CUST02464,Huff-Burnett,Construction,South Africa,Nakuru,201-500,2024-09-27,Referral
CUST02465,Bailey Inc,Real Estate,Nigeria,Accra,201-500,2025-02-20,Google Ads
CUST02466,Walker LLC,Education,Uganda,Nairobi,6-10,2023-12-11,Facebook
CUST02467,Munoz-Russell,Hospitality,Uganda,Lagos,201-500,2025-09-22,Instagram
CUST02468,"Miller, Thompson and Trevino",Manufacturing,Rwanda,Kampala,11-50,2026-01-29,Google Ads
CUST02469,Savage-Harrison,Real Estate,Rwanda,Dar es Salaam,11-50,2023-10-18,Sales Team
CUST02470,Francis-Frank,Education,Nigeria,Mombasa,51-200,2025-09-23,Sales Team
CUST02471,Roberts LLC,Education,Uganda,Nairobi,11-50,2024-08-15,LinkedIn
CUST02472,Bright-Sanchez,Professional Services,Ghana,Kigali,1-5,2025-04-21,Referral
CUST02473,Howard Inc,Retail,Nigeria,Johannesburg,51-200,2025-05-05,Organic Search
CUST02474,"Oconnor, Love and Mullins",Technology,Uganda,Accra,51-200,2026-06-23,Referral
CUST02475,Moses PLC,Retail,Uganda,Dar es Salaam,201-500,2023-12-09,Instagram
CUST02476,"Lucas, Fitzpatrick and Torres",Technology,Nigeria,Lagos,51-200,2025-05-31,Google Ads
CUST02477,Miller-Coleman,Construction,Nigeria,Kisumu,11-50,2025-04-05,Partner
CUST02478,"Morgan, Blevins and Perez",Manufacturing,Nigeria,Kisumu,11-50,2025-06-19,Referral
CUST02479,"Mendoza, Hernandez and Gregory",Education,Kenya,Accra,51-200,2026-08-16,LinkedIn
CUST02480,Norton-Wong,Real Estate,Nigeria,Kisumu,201-500,2026-03-17,Referral
CUST02481,Frank-Adams,Construction,Nigeria,Dar es Salaam,201-500,2024-05-20,Partner
CUST02482,"Christian, Edwards and Parsons",Real Estate,Ghana,Kigali,1-5,2024-05-24,Organic Search
CUST02483,Walter-Hansen,Retail,South Africa,Kisumu,6-10,2026-03-20,Google Ads
CUST02484,"Baker, Hurley and Bryant",Professional Services,Rwanda,Accra,11-50,2024-03-06,Instagram
CUST02485,"Gonzalez, Myers and Robinson",Hospitality,Kenya,Kisumu,51-200,2025-01-14,Sales Team
CUST02486,"Pace, Gardner and Lopez",Professional Services,Kenya,Johannesburg,11-50,2023-10-20,Google Ads
CUST02487,Yu PLC,Retail,South Africa,Mombasa,51-200,2023-11-20,Partner
CUST02488,Lee PLC,Real Estate,Nigeria,Nairobi,6-10,2024-01-22,Partner
CUST02489,Brown-Nash,Professional Services,Nigeria,Accra,51-200,2026-08-02,Facebook
CUST02490,Frye and Sons,Real Estate,Ghana,Nakuru,6-10,2024-05-27,Referral
CUST02491,Rodgers Inc,Manufacturing,Rwanda,Kampala,6-10,2024-04-01,Instagram
CUST02492,Fuentes-Medina,Construction,Rwanda,Lagos,6-10,2024-02-14,Google Ads
CUST02493,Riley-Moreno,Real Estate,Kenya,Mombasa,6-10,2024-10-21,Organic Search
CUST02494,Ramirez Ltd,Construction,Kenya,Dar es Salaam,51-200,2024-02-24,Google Ads
CUST02495,Morris Ltd,Technology,Uganda,Lagos,51-200,2026-01-15,Instagram
CUST02496,"Park, Wilson and Jimenez",Hospitality,Ghana,Accra,201-500,2025-04-25,Partner
CUST02497,Conner-Reyes,Technology,Ghana,Lagos,6-10,2024-02-17,Google Ads
CUST02498,Rosales LLC,Manufacturing,Rwanda,Kigali,1-5,2025-03-27,Google Ads
CUST02499,"Coleman, Smith and Williams",Construction,South Africa,Lagos,11-50,2024-04-27,Google Ads
CUST02500,"Armstrong, Ferguson and Jacobs",Professional Services,Rwanda,Nakuru,1-5,2025-04-15,Partner
CUST02501,Harper Group,Retail,Uganda,Kampala,11-50,2025-12-16,Sales Team
CUST02502,Montes LLC,Technology,Kenya,Kisumu,11-50,2024-07-24,Google Ads
CUST02503,"Smith, Gilbert and Mccoy",Logistics,Ghana,Nakuru,201-500,2026-08-08,Referral
CUST02504,"Rodriguez, Hernandez and Orr",Education,Ghana,Nairobi,201-500,2024-04-19,Google Ads
CUST02505,Snyder-Friedman,Real Estate,Rwanda,Kampala,1-5,2024-06-28,Organic Search
CUST02506,"Lee, Mcintyre and Myers",Technology,Rwanda,Kampala,6-10,2025-09-26,Partner
CUST02507,Ortega Ltd,Retail,Uganda,Nakuru,201-500,2025-01-30,Partner
CUST02508,Howard-Guerra,Retail,Uganda,Accra,1-5,2026-01-28,Organic Search
CUST02509,"Reynolds, Martin and Montgomery",Technology,Kenya,Kigali,201-500,2024-02-05,Google Ads
CUST02510,Bowers Inc,Logistics,Rwanda,Kisumu,11-50,2026-08-20,Organic Search
CUST02511,Woods-Smith,Professional Services,Kenya,Accra,201-500,2026-04-01,Instagram
CUST02512,Kent-Perkins,Technology,Rwanda,Accra,11-50,2024-11-23,Instagram
CUST02513,Briggs Ltd,Retail,Kenya,Nairobi,6-10,2025-07-02,Sales Team
CUST02514,"Young, Gibson and Goodman",Retail,Ghana,Accra,1-5,2024-01-20,Sales Team
CUST02515,Blake and Sons,Education,Nigeria,Kisumu,51-200,2026-01-02,Sales Team
CUST02516,King-Guerra,Logistics,Uganda,Mombasa,51-200,2024-11-17,Google Ads
CUST02517,"Ellison, Carter and Taylor",Real Estate,Tanzania,Dar es Salaam,6-10,2025-01-09,Partner
CUST02518,Li-Daniels,Education,Kenya,Nakuru,6-10,2024-04-29,Google Ads
CUST02519,Norman-Clark,Real Estate,Kenya,Nakuru,51-200,2024-10-08,Organic Search
CUST02520,Vance-Preston,Retail,South Africa,Nakuru,1-5,2026-07-18,Google Ads
CUST02521,Turner Inc,Retail,Uganda,Accra,6-10,2024-05-28,Referral
CUST02522,"Campbell, Smith and Hernandez",Retail,Tanzania,Dar es Salaam,201-500,2024-10-19,Instagram
CUST02523,Young-Wolf,Healthcare,Uganda,Johannesburg,51-200,2026-08-08,LinkedIn
CUST02524,Johnson PLC,Professional Services,Nigeria,Mombasa,1-5,2025-02-23,Referral
CUST02525,"Smith, Hill and Ramirez",Logistics,Uganda,Accra,11-50,2025-10-16,Instagram
CUST02526,Keller-Kim,Manufacturing,Nigeria,Kampala,11-50,2024-12-18,Referral
CUST02527,"Ramirez, Nelson and Henderson",Hospitality,Ghana,Kampala,11-50,2026-04-22,Google Ads
CUST02528,"Cruz, Johnson and Gonzalez",Retail,Tanzania,Kigali,201-500,2024-06-06,LinkedIn
CUST02529,"Cook, Molina and Fuller",Healthcare,Kenya,Nakuru,6-10,2024-11-24,Instagram
CUST02530,Davis and Sons,Healthcare,Nigeria,Lagos,6-10,2025-08-28,Google Ads
CUST02531,Lee-Williams,Technology,Nigeria,Kisumu,1-5,2026-06-19,Instagram
CUST02532,"Alexander, Welch and Russell",Manufacturing,Nigeria,Accra,1-5,2026-02-24,Organic Search
CUST02533,Rodriguez PLC,Manufacturing,South Africa,Nairobi,11-50,2024-02-01,Referral
CUST02534,Coleman-Porter,Real Estate,Rwanda,Kampala,1-5,2026-08-12,Organic Search
CUST02535,Cox-Henderson,Healthcare,South Africa,Johannesburg,51-200,2025-09-26,LinkedIn
CUST02536,Wood LLC,Retail,South Africa,Kigali,51-200,2025-03-10,LinkedIn
CUST02537,Dean-Wallace,Retail,Uganda,Nakuru,51-200,2025-12-07,Facebook
CUST02538,Blake-Perez,Education,Ghana,Nairobi,11-50,2024-09-10,Organic Search
CUST02539,Charles-Campos,Logistics,South Africa,Dar es Salaam,1-5,2026-05-20,Partner
CUST02540,Taylor PLC,Healthcare,South Africa,Johannesburg,6-10,2024-08-13,Organic Search
CUST02541,Morales LLC,Technology,Nigeria,Johannesburg,51-200,2026-01-03,Sales Team
CUST02542,"Barnett, King and Neal",Retail,South Africa,Mombasa,201-500,2024-11-04,Sales Team
CUST02543,Crawford-Peck,Healthcare,South Africa,Lagos,51-200,2025-08-23,Sales Team
CUST02544,Thomas PLC,Real Estate,Nigeria,Johannesburg,201-500,2024-08-15,Referral
CUST02545,Perez-Wright,Construction,Rwanda,Accra,6-10,2025-07-05,Facebook
CUST02546,Novak LLC,Retail,Tanzania,Kampala,1-5,2024-09-08,Instagram
CUST02547,"Smith, Smith and Hull",Logistics,Tanzania,Dar es Salaam,201-500,2024-11-10,Sales Team
CUST02548,Whitehead-Ramirez,Retail,Ghana,Kampala,11-50,2026-01-27,Referral
CUST02549,Hines Inc,Healthcare,South Africa,Johannesburg,1-5,2025-09-13,Google Ads
CUST02550,Fisher Inc,Healthcare,Ghana,Dar es Salaam,11-50,2024-02-02,Facebook
CUST02551,"Edwards, Cobb and Rose",Manufacturing,Rwanda,Nairobi,51-200,2025-08-11,Organic Search
CUST02552,Peterson-Pena,Manufacturing,Kenya,Dar es Salaam,51-200,2024-05-16,Instagram
CUST02553,Miller-Martinez,Education,Kenya,Johannesburg,1-5,2023-10-07,Referral
CUST02554,Smith LLC,Real Estate,Ghana,Dar es Salaam,1-5,2025-12-09,LinkedIn
CUST02555,Todd-Stone,Construction,Tanzania,Kampala,11-50,2025-09-23,LinkedIn
CUST02556,Newman-Olson,Construction,Uganda,Kisumu,6-10,2026-04-14,Organic Search
CUST02557,Myers and Sons,Hospitality,Kenya,Nairobi,6-10,2024-05-01,LinkedIn
CUST02558,Conner PLC,Real Estate,Tanzania,Nairobi,201-500,2024-08-30,Instagram
CUST02559,"Harvey, Gould and Jones",Retail,Nigeria,Kampala,11-50,2026-06-09,Organic Search
CUST02560,Hamilton-Griffin,Technology,Ghana,Nairobi,201-500,2025-01-16,Instagram
CUST02561,Carter-Carter,Technology,Kenya,Mombasa,201-500,2025-08-19,LinkedIn
CUST02562,"White, Smith and Lopez",Professional Services,Ghana,Mombasa,6-10,2024-07-17,Instagram
CUST02563,"Castro, Gross and Dawson",Technology,Ghana,Dar es Salaam,51-200,2025-12-28,Google Ads
CUST02564,Mendoza Inc,Education,Tanzania,Kisumu,1-5,2025-01-22,Partner
CUST02565,"Davenport, Thomas and Martinez",Real Estate,South Africa,Dar es Salaam,11-50,2024-03-30,Sales Team
CUST02566,Chen-Taylor,Technology,Rwanda,Kampala,201-500,2026-08-15,Organic Search
CUST02567,Davis Ltd,Construction,Tanzania,Nairobi,11-50,2025-09-02,Facebook
CUST02568,Johnson-Hernandez,Real Estate,Kenya,Mombasa,201-500,2026-07-16,Instagram
CUST02569,"Cruz, Ramos and Benson",Technology,Ghana,Lagos,201-500,2025-09-06,Partner
CUST02570,Mueller-Kirk,Hospitality,Rwanda,Johannesburg,1-5,2025-05-14,Facebook
CUST02571,Contreras-Crawford,Education,South Africa,Mombasa,1-5,2026-01-20,Instagram
CUST02572,Jones Inc,Real Estate,Ghana,Johannesburg,201-500,2023-12-28,Sales Team
CUST02573,Moody-Williams,Logistics,Nigeria,Mombasa,201-500,2024-06-08,Organic Search
CUST02574,Peters-Jackson,Real Estate,Rwanda,Lagos,201-500,2026-07-26,LinkedIn
CUST02575,"Adams, Foster and Bird",Technology,Tanzania,Nakuru,201-500,2026-05-21,Referral
CUST02576,Hardin Group,Hospitality,Tanzania,Nakuru,11-50,2024-11-17,Instagram
CUST02577,"Pugh, Brown and Miller",Manufacturing,Tanzania,Mombasa,6-10,2023-12-31,LinkedIn
CUST02578,Burke PLC,Education,Tanzania,Mombasa,11-50,2025-12-06,Google Ads
CUST02579,Booker-Roberts,Technology,Nigeria,Accra,201-500,2026-06-23,Instagram
CUST02580,Hernandez Ltd,Manufacturing,South Africa,Kigali,6-10,2024-01-30,Facebook
CUST02581,Romero-Grant,Logistics,Uganda,Kigali,201-500,2026-02-24,Facebook
CUST02582,Mccormick-Chang,Real Estate,Tanzania,Kampala,11-50,2024-04-21,Partner
CUST02583,Allen-Lee,Professional Services,Kenya,Kigali,51-200,2024-12-04,Facebook
CUST02584,"Byrd, Ford and Adams",Real Estate,Rwanda,Nakuru,6-10,2024-09-26,LinkedIn
CUST02585,"Johnson, Jenkins and Rodriguez",Retail,Uganda,Mombasa,51-200,2025-12-19,Referral
CUST02586,Holder PLC,Logistics,Nigeria,Accra,1-5,2025-08-16,Facebook
CUST02587,"Cannon, Flores and Kim",Retail,South Africa,Kigali,1-5,2024-02-04,Facebook
CUST02588,"Stewart, Santiago and Bryant",Professional Services,Uganda,Lagos,201-500,2023-10-09,Sales Team
CUST02589,"Hanna, Melendez and Wilson",Education,Tanzania,Kisumu,51-200,2025-12-15,Instagram
CUST02590,Smith Inc,Healthcare,Kenya,Dar es Salaam,11-50,2024-11-22,Google Ads
CUST02591,"Kelly, Martinez and Stuart",Retail,Kenya,Dar es Salaam,51-200,2023-10-21,Sales Team
CUST02592,"Calderon, Clark and Holloway",Manufacturing,Nigeria,Kigali,11-50,2026-04-07,LinkedIn
CUST02593,"Moody, Myers and Walsh",Construction,Nigeria,Kisumu,201-500,2024-03-17,Google Ads
CUST02594,"Sullivan, Wilson and Nichols",Construction,Kenya,Johannesburg,201-500,2024-07-26,Partner
CUST02595,"Hart, Santos and Chapman",Manufacturing,Rwanda,Dar es Salaam,51-200,2023-12-12,Facebook
CUST02596,Mendoza-Aguilar,Logistics,Nigeria,Johannesburg,11-50,2025-01-15,Google Ads
CUST02597,Taylor-Lang,Hospitality,Tanzania,Accra,11-50,2026-08-02,Organic Search
CUST02598,"Cruz, Mckinney and Webb",Real Estate,Ghana,Lagos,201-500,2024-09-26,Sales Team
CUST02599,Kent-Lewis,Healthcare,Tanzania,Kigali,11-50,2024-02-08,Facebook
CUST02600,Mcneil PLC,Construction,Kenya,Nakuru,51-200,2026-08-21,Referral
CUST02601,Mckinney-Villanueva,Real Estate,Ghana,Dar es Salaam,1-5,2024-01-17,Partner
CUST02602,"Hamilton, Cruz and Villa",Healthcare,Uganda,Mombasa,11-50,2024-06-28,Referral
CUST02603,Marks-West,Manufacturing,Rwanda,Nakuru,6-10,2026-06-21,Referral
CUST02604,Cortez-Rose,Healthcare,Ghana,Mombasa,6-10,2025-08-17,Referral
CUST02605,Romero-Wu,Construction,Kenya,Nakuru,201-500,2025-01-15,Facebook
CUST02606,Baker-Stewart,Retail,Ghana,Nairobi,201-500,2023-12-25,Instagram
CUST02607,"Hoffman, Leonard and Malone",Retail,Rwanda,Nairobi,11-50,2024-10-26,Instagram
CUST02608,Farmer-Lindsey,Healthcare,Ghana,Kigali,51-200,2026-08-16,Facebook
CUST02609,Clark-Fox,Manufacturing,Tanzania,Mombasa,1-5,2026-05-04,LinkedIn
CUST02610,Osborn-Lutz,Education,Rwanda,Kampala,1-5,2024-03-20,Facebook
CUST02611,Hall-Lam,Healthcare,Nigeria,Mombasa,11-50,2025-05-06,Google Ads
CUST02612,Morgan-King,Hospitality,Nigeria,Mombasa,11-50,2025-10-31,Facebook
CUST02613,"Collins, Grant and Curtis",Logistics,Tanzania,Kampala,51-200,2024-10-07,Google Ads
CUST02614,Hansen-Brown,Technology,Kenya,Kigali,1-5,2024-10-07,Partner
CUST02615,Schultz-Mason,Hospitality,South Africa,Lagos,1-5,2025-12-02,Organic Search
CUST02616,Campbell-Tran,Hospitality,Uganda,Johannesburg,51-200,2025-08-23,Instagram
CUST02617,Cole and Sons,Hospitality,Tanzania,Accra,6-10,2024-08-16,LinkedIn
CUST02618,"Jones, Hill and Vincent",Construction,Nigeria,Accra,11-50,2024-01-01,Facebook
CUST02619,"Kennedy, Arnold and Hess",Hospitality,Nigeria,Mombasa,201-500,2025-09-15,Instagram
CUST02620,"Lambert, Flores and Burns",Retail,Rwanda,Mombasa,51-200,2025-03-02,Instagram
CUST02621,Reyes-Ellison,Construction,Kenya,Kigali,11-50,2026-07-05,Sales Team
CUST02622,Hernandez-Griffith,Real Estate,Uganda,Dar es Salaam,51-200,2024-07-09,Facebook
CUST02623,Raymond-Byrd,Healthcare,South Africa,Nakuru,11-50,2026-02-18,LinkedIn
CUST02624,Taylor Inc,Manufacturing,South Africa,Kigali,201-500,2025-07-12,Partner
CUST02625,Wilkerson-Hardy,Logistics,Rwanda,Kampala,1-5,2025-12-09,Instagram
CUST02626,Johnson Group,Professional Services,South Africa,Kampala,51-200,2026-06-25,LinkedIn
CUST02627,Morrison and Sons,Technology,Uganda,Kigali,1-5,2024-08-01,Facebook
CUST02628,Patterson Group,Manufacturing,Tanzania,Mombasa,11-50,2024-10-23,Sales Team
CUST02629,"Torres, Dean and Carrillo",Construction,South Africa,Accra,51-200,2024-10-24,Sales Team
CUST02630,"Walker, Reese and Dawson",Hospitality,Kenya,Kampala,11-50,2026-01-13,Instagram
CUST02631,Ibarra Inc,Education,Kenya,Lagos,11-50,2024-03-10,Referral
CUST02632,"Daniels, Costa and Henry",Technology,Rwanda,Kigali,51-200,2026-05-15,Sales Team
CUST02633,"Hunt, White and Berger",Education,Tanzania,Nairobi,11-50,2024-01-12,LinkedIn
CUST02634,Cook-Brown,Hospitality,Tanzania,Nairobi,11-50,2025-09-19,LinkedIn
CUST02635,"Kidd, Johnson and Keith",Education,Uganda,Johannesburg,6-10,2023-11-14,Instagram
CUST02636,Coleman LLC,Professional Services,Ghana,Johannesburg,11-50,2025-08-14,Facebook
CUST02637,Taylor-Copeland,Real Estate,Ghana,Nairobi,1-5,2025-02-25,Sales Team
CUST02638,Walker PLC,Professional Services,South Africa,Dar es Salaam,11-50,2026-07-17,Google Ads
CUST02639,"Salazar, Tran and Jacobs",Retail,Ghana,Nakuru,11-50,2025-03-05,Instagram
CUST02640,Melendez-Winters,Construction,South Africa,Lagos,51-200,2024-11-30,Instagram
CUST02641,"Chandler, Guerrero and Gray",Healthcare,South Africa,Kisumu,11-50,2025-10-15,Partner
CUST02642,Barton Inc,Education,Uganda,Lagos,6-10,2026-07-21,Organic Search
CUST02643,Walker Group,Retail,South Africa,Nairobi,201-500,2026-06-27,Google Ads
CUST02644,Tapia-Peters,Logistics,Rwanda,Accra,1-5,2024-02-19,Facebook
CUST02645,Jacobson-Snow,Healthcare,Tanzania,Nairobi,6-10,2026-05-12,Instagram
CUST02646,Huffman-Townsend,Retail,Tanzania,Mombasa,51-200,2025-11-26,Sales Team
CUST02647,Kennedy-Hancock,Construction,South Africa,Kampala,1-5,2026-05-10,Google Ads
CUST02648,Martin-Quinn,Professional Services,Ghana,Kigali,1-5,2026-03-05,Organic Search
CUST02649,Moore Ltd,Logistics,Ghana,Kisumu,1-5,2024-07-08,Sales Team
CUST02650,Hernandez-Hernandez,Hospitality,South Africa,Johannesburg,11-50,2023-12-04,Partner
CUST02651,Sims PLC,Education,Ghana,Nairobi,11-50,2025-01-09,Referral
CUST02652,"Baird, Obrien and Newman",Manufacturing,Uganda,Mombasa,11-50,2025-11-21,LinkedIn
CUST02653,Wright Group,Education,Tanzania,Kigali,1-5,2024-10-20,Instagram
CUST02654,Pineda and Sons,Education,Ghana,Kampala,51-200,2025-03-30,Referral
CUST02655,Love and Sons,Logistics,Ghana,Nakuru,51-200,2024-06-04,Organic Search
CUST02656,"Blackburn, Meyer and Brooks",Manufacturing,Nigeria,Kigali,11-50,2023-10-18,Google Ads
CUST02657,Schmidt Group,Manufacturing,Uganda,Johannesburg,1-5,2026-03-29,Sales Team
CUST02658,"Rowe, Rojas and Young",Hospitality,Rwanda,Dar es Salaam,51-200,2025-07-28,Google Ads
CUST02659,"Estrada, Allen and Campbell",Healthcare,Tanzania,Kisumu,1-5,2025-08-23,Google Ads
CUST02660,Harding Inc,Logistics,Uganda,Nakuru,51-200,2025-05-20,Instagram
CUST02661,"Suarez, Edwards and Cunningham",Professional Services,Uganda,Kigali,201-500,2024-11-10,LinkedIn
CUST02662,Reynolds-Collins,Logistics,Nigeria,Johannesburg,6-10,2024-06-10,Organic Search
CUST02663,Walker LLC,Manufacturing,Tanzania,Kigali,11-50,2024-04-21,Partner
CUST02664,Hall-Rojas,Construction,Kenya,Dar es Salaam,201-500,2026-08-17,Sales Team
CUST02665,Mitchell-Welch,Retail,Tanzania,Nakuru,201-500,2026-03-27,LinkedIn
CUST02666,Avila-Lowery,Logistics,Rwanda,Dar es Salaam,6-10,2025-05-04,Partner
CUST02667,"Daniels, Scott and Simmons",Manufacturing,Nigeria,Accra,201-500,2025-11-23,Google Ads
CUST02668,"Lynch, Marquez and Green",Professional Services,Rwanda,Mombasa,51-200,2026-06-04,Facebook
CUST02669,"Cox, Conley and Webb",Retail,Uganda,Lagos,1-5,2025-10-26,Facebook
CUST02670,Cook-Mcbride,Hospitality,Rwanda,Mombasa,1-5,2025-11-18,Sales Team
CUST02671,Johnson LLC,Manufacturing,Uganda,Lagos,51-200,2025-09-22,Facebook
CUST02672,"Rodriguez, Duffy and Hill",Logistics,Rwanda,Kigali,1-5,2025-12-21,Referral
CUST02673,Kerr-Cook,Professional Services,Rwanda,Kampala,11-50,2026-04-13,Partner
CUST02674,"Johnson, Garcia and Bush",Real Estate,Tanzania,Johannesburg,6-10,2024-07-19,Facebook
CUST02675,Fry-Thomas,Healthcare,Ghana,Nakuru,201-500,2025-12-22,Partner
CUST02676,"Lawrence, Collins and Barron",Logistics,Ghana,Kampala,51-200,2026-08-05,LinkedIn
CUST02677,"Aguilar, Mcgee and Johnson",Hospitality,Tanzania,Kisumu,6-10,2026-08-12,LinkedIn
CUST02678,"Cooper, Jimenez and Bennett",Retail,Tanzania,Kigali,6-10,2025-02-16,Facebook
CUST02679,Randall-Henson,Manufacturing,Kenya,Nairobi,11-50,2025-10-02,Instagram
CUST02680,Lopez Group,Hospitality,Nigeria,Mombasa,201-500,2026-06-30,LinkedIn
CUST02681,Moon-Wilson,Technology,Kenya,Nairobi,201-500,2025-11-30,LinkedIn
CUST02682,Rivas Ltd,Real Estate,Uganda,Mombasa,11-50,2024-03-08,Instagram
CUST02683,"Smith, Mason and Petersen",Technology,Nigeria,Nairobi,6-10,2024-10-10,Referral
CUST02684,"White, Boyd and Bradley",Healthcare,South Africa,Kigali,201-500,2024-08-25,Referral
CUST02685,Brown Inc,Technology,Ghana,Kigali,11-50,2024-12-12,Instagram
CUST02686,"Moore, Martinez and Long",Professional Services,Ghana,Kisumu,1-5,2023-12-26,Instagram
CUST02687,Wiley Group,Healthcare,Uganda,Kampala,201-500,2023-11-12,Google Ads
CUST02688,"Schneider, Stephens and Gonzalez",Construction,South Africa,Lagos,201-500,2025-04-04,Sales Team
CUST02689,Cain-Logan,Technology,Ghana,Johannesburg,201-500,2025-12-17,Referral
CUST02690,Hernandez-Melton,Real Estate,Nigeria,Accra,6-10,2024-03-19,Facebook
CUST02691,"Williams, Holland and Maldonado",Retail,South Africa,Nakuru,6-10,2026-06-29,Google Ads
CUST02692,Sanders-Valentine,Real Estate,Uganda,Kisumu,6-10,2024-08-29,LinkedIn
CUST02693,Pineda Inc,Retail,Tanzania,Mombasa,1-5,2025-09-27,Facebook
CUST02694,Craig-Walsh,Logistics,South Africa,Accra,51-200,2025-11-08,LinkedIn
CUST02695,Deleon Inc,Technology,Tanzania,Lagos,1-5,2025-03-30,Instagram
CUST02696,"Brown, Jenkins and Henry",Logistics,Rwanda,Kigali,51-200,2024-07-19,LinkedIn
CUST02697,Garrison-Morrison,Technology,Tanzania,Lagos,11-50,2026-05-13,Google Ads
CUST02698,Villarreal-Adams,Real Estate,South Africa,Nakuru,6-10,2024-10-12,Referral
CUST02699,"Edwards, Graham and Wyatt",Construction,South Africa,Kigali,201-500,2024-04-20,LinkedIn
CUST02700,"Mahoney, Ramsey and Phelps",Manufacturing,Nigeria,Kampala,1-5,2024-03-25,Sales Team
CUST02701,"Thomas, Roy and Long",Technology,Uganda,Nairobi,11-50,2025-05-11,LinkedIn
CUST02702,Benjamin-Gray,Technology,Nigeria,Kigali,6-10,2025-03-01,Instagram
CUST02703,Newton-Kaufman,Education,Tanzania,Kisumu,1-5,2025-07-23,Instagram
CUST02704,Castro Inc,Manufacturing,Tanzania,Lagos,6-10,2026-04-20,Organic Search
CUST02705,"Morgan, Khan and Brown",Real Estate,Tanzania,Dar es Salaam,1-5,2025-05-04,Partner
CUST02706,Garcia-Matthews,Healthcare,Ghana,Nairobi,201-500,2024-11-23,Referral
CUST02707,"Harris, Reese and King",Retail,Nigeria,Kampala,51-200,2023-11-13,Sales Team
CUST02708,Matthews Inc,Retail,Nigeria,Kampala,11-50,2024-10-20,Organic Search
CUST02709,Phillips-Bennett,Real Estate,South Africa,Nairobi,51-200,2025-09-14,LinkedIn
CUST02710,"Miller, Gibson and Jones",Manufacturing,Uganda,Accra,201-500,2025-12-07,Google Ads
CUST02711,Green Inc,Retail,Tanzania,Nairobi,201-500,2024-06-13,Facebook
CUST02712,Rich Group,Construction,South Africa,Kisumu,1-5,2024-03-13,Sales Team
CUST02713,Mack Group,Professional Services,Kenya,Accra,1-5,2024-05-16,Partner
CUST02714,"Rodriguez, Villarreal and Thomas",Professional Services,South Africa,Lagos,11-50,2026-07-25,Instagram
CUST02715,Martin-Hill,Real Estate,Nigeria,Nairobi,11-50,2023-12-09,Partner
CUST02716,Walter Group,Construction,Ghana,Dar es Salaam,201-500,2023-12-28,Organic Search
CUST02717,"Cox, Matthews and Banks",Education,Rwanda,Nairobi,1-5,2025-07-15,Instagram
CUST02718,Myers and Sons,Logistics,Uganda,Kampala,1-5,2026-06-06,Facebook
CUST02719,Johnston-Stephens,Manufacturing,Kenya,Kampala,201-500,2024-11-16,Instagram
CUST02720,"Gonzalez, Morris and Campbell",Logistics,Rwanda,Kisumu,1-5,2023-10-06,Referral
CUST02721,Hernandez Ltd,Healthcare,Ghana,Dar es Salaam,1-5,2024-10-05,Partner
CUST02722,"Smith, Anderson and Lawrence",Manufacturing,Ghana,Mombasa,201-500,2024-06-29,LinkedIn
CUST02723,"Thompson, Torres and Green",Professional Services,Kenya,Mombasa,6-10,2026-05-18,Google Ads
CUST02724,Davis-Hansen,Construction,Tanzania,Johannesburg,1-5,2026-06-20,Facebook
CUST02725,"Moore, Prince and Lopez",Retail,Uganda,Dar es Salaam,51-200,2025-04-30,Google Ads
CUST02726,Perkins-Campbell,Hospitality,Tanzania,Nakuru,6-10,2026-01-08,Referral
CUST02727,"Harding, Baker and King",Retail,Rwanda,Kampala,6-10,2024-06-04,Referral
CUST02728,Arnold-Richardson,Construction,Ghana,Dar es Salaam,51-200,2025-03-19,Instagram
CUST02729,Holmes-Nguyen,Hospitality,Tanzania,Nakuru,6-10,2025-12-25,Referral
CUST02730,Lane LLC,Healthcare,Nigeria,Accra,11-50,2024-06-06,Google Ads
CUST02731,Barker-Brown,Manufacturing,Tanzania,Johannesburg,11-50,2024-05-27,Partner
CUST02732,"Murphy, Fletcher and Perry",Logistics,Rwanda,Kisumu,1-5,2026-08-19,Sales Team
CUST02733,Richards Inc,Construction,Ghana,Johannesburg,6-10,2025-09-28,Sales Team
CUST02734,Stewart Inc,Technology,Nigeria,Kampala,6-10,2025-04-11,Partner
CUST02735,"Collins, Wallace and Roberts",Logistics,Ghana,Kampala,1-5,2024-06-28,Instagram
CUST02736,"Escobar, Colon and Small",Healthcare,Uganda,Accra,11-50,2025-07-22,Organic Search
CUST02737,Hull PLC,Professional Services,Ghana,Kisumu,51-200,2024-10-25,Facebook
CUST02738,"Le, Brown and Moody",Manufacturing,Ghana,Dar es Salaam,11-50,2025-02-10,Sales Team
CUST02739,"Steele, Larson and Ortiz",Real Estate,Kenya,Dar es Salaam,1-5,2024-11-14,Partner
CUST02740,"Pollard, Gomez and Mcbride",Retail,Uganda,Kigali,51-200,2025-10-08,Partner
CUST02741,Duran-Richards,Technology,Nigeria,Mombasa,6-10,2024-05-12,Partner
CUST02742,Everett Group,Healthcare,Uganda,Accra,201-500,2025-11-23,Facebook
CUST02743,"Williams, Watson and Olsen",Retail,Rwanda,Johannesburg,51-200,2025-04-20,Sales Team
CUST02744,King Inc,Education,Rwanda,Nakuru,11-50,2025-11-10,Partner
CUST02745,Morgan Inc,Real Estate,Tanzania,Accra,51-200,2026-03-17,Referral
CUST02746,"Miller, Calhoun and Stanton",Retail,Uganda,Lagos,1-5,2026-02-14,Sales Team
CUST02747,"Munoz, Smith and Pittman",Education,South Africa,Kampala,201-500,2024-01-01,Sales Team
CUST02748,Aguirre and Sons,Real Estate,Kenya,Kisumu,201-500,2026-04-11,Facebook
CUST02749,Shaw Group,Healthcare,Ghana,Lagos,6-10,2025-07-07,Facebook
CUST02750,"Mclaughlin, Kelley and Sellers",Construction,Nigeria,Dar es Salaam,1-5,2025-07-29,Google Ads
CUST02751,"Jackson, Hayes and Hernandez",Healthcare,South Africa,Kisumu,11-50,2026-01-13,LinkedIn
CUST02752,Navarro-Alvarez,Education,Uganda,Accra,1-5,2025-03-18,Facebook
CUST02753,Morgan Inc,Hospitality,Uganda,Kampala,11-50,2024-08-13,Google Ads
CUST02754,Olsen-Anderson,Construction,Uganda,Nakuru,51-200,2026-07-14,Google Ads
CUST02755,"Williams, Johnson and Jackson",Hospitality,Uganda,Lagos,11-50,2023-12-19,Organic Search
CUST02756,"Ramsey, Walker and Brown",Manufacturing,Uganda,Dar es Salaam,1-5,2024-12-09,LinkedIn
CUST02757,Miller Ltd,Logistics,Nigeria,Kigali,6-10,2026-03-30,LinkedIn
CUST02758,Howard Group,Education,South Africa,Accra,6-10,2024-08-22,Google Ads
CUST02759,"Matthews, Cobb and Campbell",Education,Uganda,Dar es Salaam,6-10,2023-11-28,Sales Team
CUST02760,"Perkins, Johnson and Brooks",Technology,Tanzania,Kigali,201-500,2025-05-22,Sales Team
CUST02761,Rogers-Hernandez,Logistics,Kenya,Dar es Salaam,51-200,2024-09-22,Organic Search
CUST02762,Brandt-Hernandez,Hospitality,Ghana,Kisumu,6-10,2024-10-08,Partner
CUST02763,Young-Strong,Technology,Tanzania,Lagos,1-5,2024-06-13,Sales Team
CUST02764,"Williams, Brooks and Green",Professional Services,Nigeria,Nakuru,6-10,2026-07-09,LinkedIn
CUST02765,Todd Group,Hospitality,Kenya,Nakuru,11-50,2025-12-10,Sales Team
CUST02766,Dunlap-Carr,Professional Services,Tanzania,Kigali,6-10,2024-06-27,Sales Team
CUST02767,Rodriguez and Sons,Construction,Tanzania,Kampala,51-200,2026-05-23,LinkedIn
CUST02768,Wilson-Gonzalez,Retail,Tanzania,Kigali,6-10,2026-03-22,Facebook
CUST02769,Garcia-Hunt,Education,Nigeria,Lagos,1-5,2025-02-15,LinkedIn
CUST02770,Obrien Group,Professional Services,Tanzania,Mombasa,51-200,2023-11-26,Organic Search
CUST02771,"Douglas, Mason and Jones",Construction,Tanzania,Kisumu,201-500,2026-08-20,Sales Team
CUST02772,Brown-Anderson,Manufacturing,Kenya,Accra,51-200,2026-02-16,Sales Team
CUST02773,"Thompson, Hernandez and Allen",Retail,Tanzania,Kigali,11-50,2023-10-14,Google Ads
CUST02774,Williams LLC,Real Estate,South Africa,Accra,201-500,2024-09-06,Partner
CUST02775,"Stewart, Montes and Harris",Manufacturing,Nigeria,Dar es Salaam,201-500,2026-03-05,Partner
CUST02776,Miller PLC,Professional Services,South Africa,Kisumu,51-200,2024-10-10,Sales Team
CUST02777,"Moore, Larson and Webster",Professional Services,Uganda,Nairobi,11-50,2025-01-30,Referral
CUST02778,Anderson-Whitaker,Hospitality,Ghana,Johannesburg,51-200,2025-09-21,Sales Team
CUST02779,Fox-Wilson,Retail,Rwanda,Kampala,1-5,2025-02-14,Google Ads
CUST02780,Carter-Weeks,Manufacturing,Rwanda,Dar es Salaam,1-5,2026-03-04,Partner
CUST02781,Miller-Lindsey,Healthcare,Rwanda,Dar es Salaam,11-50,2026-01-07,Organic Search
CUST02782,"Castro, Hernandez and Armstrong",Logistics,Tanzania,Kisumu,11-50,2025-05-26,Partner
CUST02783,Smith-Gilbert,Education,Kenya,Accra,11-50,2026-06-19,Referral
CUST02784,Fletcher Ltd,Retail,Ghana,Mombasa,11-50,2023-11-06,Organic Search
CUST02785,Hart-Johnson,Logistics,Nigeria,Kigali,6-10,2024-08-15,Facebook
CUST02786,"Pratt, Robbins and Spencer",Professional Services,Ghana,Mombasa,6-10,2024-02-22,Facebook
CUST02787,Burke PLC,Manufacturing,Rwanda,Kampala,11-50,2026-05-23,LinkedIn
CUST02788,"Hooper, Walls and Campbell",Real Estate,Uganda,Lagos,201-500,2025-07-31,LinkedIn
CUST02789,"Lynn, Rojas and Ford",Retail,Kenya,Dar es Salaam,11-50,2023-11-26,Organic Search
CUST02790,Hale Group,Construction,Ghana,Mombasa,51-200,2025-03-16,Google Ads
CUST02791,Hill LLC,Technology,Nigeria,Kampala,51-200,2025-09-14,Sales Team
CUST02792,Gross Ltd,Retail,Uganda,Kampala,1-5,2025-08-01,Sales Team
CUST02793,Schwartz and Sons,Professional Services,South Africa,Nakuru,201-500,2025-09-01,Referral
CUST02794,Miranda Ltd,Healthcare,Ghana,Lagos,201-500,2026-01-24,Instagram
CUST02795,Thomas-Hart,Retail,Tanzania,Johannesburg,51-200,2024-12-17,Instagram
CUST02796,"Brandt, Mckay and Underwood",Education,Tanzania,Kisumu,11-50,2024-05-23,Organic Search
CUST02797,Stafford-Pace,Real Estate,Rwanda,Kisumu,11-50,2024-02-07,Referral
CUST02798,Barnett and Sons,Retail,Rwanda,Nakuru,1-5,2026-07-28,Sales Team
CUST02799,Castillo Ltd,Construction,Tanzania,Kampala,51-200,2025-08-01,Partner
CUST02800,Rodriguez-Bell,Professional Services,Uganda,Nakuru,1-5,2023-10-03,Partner
CUST02801,Lopez-Stone,Hospitality,Kenya,Johannesburg,11-50,2025-12-16,LinkedIn
CUST02802,Pollard-Hall,Real Estate,Rwanda,Johannesburg,11-50,2024-02-21,Sales Team
CUST02803,Huff-Caldwell,Manufacturing,Ghana,Nairobi,11-50,2025-08-25,Partner
CUST02804,Mckee-Cook,Technology,Tanzania,Accra,6-10,2026-04-23,LinkedIn
CUST02805,Lee Inc,Manufacturing,Uganda,Lagos,6-10,2024-04-02,Sales Team
CUST02806,Rodriguez-Williams,Healthcare,Rwanda,Nairobi,201-500,2025-11-21,Google Ads
CUST02807,Lindsey LLC,Manufacturing,Ghana,Dar es Salaam,1-5,2023-12-19,Instagram
CUST02808,Morales-King,Logistics,Tanzania,Kampala,11-50,2024-09-01,Partner
CUST02809,Alvarado Group,Manufacturing,Nigeria,Accra,1-5,2025-06-29,Facebook
CUST02810,"Madden, Miller and Mccarty",Real Estate,Ghana,Kisumu,201-500,2026-07-14,Partner
CUST02811,Castro-Morales,Real Estate,Rwanda,Kigali,1-5,2026-03-27,Referral
CUST02812,Miller PLC,Logistics,Nigeria,Accra,6-10,2024-06-13,Sales Team
CUST02813,Ortiz-Wright,Logistics,Uganda,Kigali,201-500,2026-05-14,Google Ads
CUST02814,Velasquez PLC,Professional Services,Rwanda,Nakuru,6-10,2023-10-19,Google Ads
CUST02815,"Campbell, Stevenson and Boyer",Real Estate,Tanzania,Kisumu,6-10,2025-07-30,Sales Team
CUST02816,"Stewart, Beck and Barnett",Logistics,Rwanda,Dar es Salaam,6-10,2024-07-26,Sales Team
CUST02817,Good LLC,Real Estate,Tanzania,Dar es Salaam,11-50,2024-07-07,Google Ads
CUST02818,Navarro and Sons,Technology,Ghana,Lagos,201-500,2024-07-26,Sales Team
CUST02819,Williams-Griffin,Hospitality,South Africa,Kigali,51-200,2025-02-06,LinkedIn
CUST02820,Chambers Group,Healthcare,South Africa,Accra,6-10,2025-07-05,Facebook
CUST02821,Gonzalez-Hughes,Education,Tanzania,Nairobi,201-500,2024-11-21,Partner
CUST02822,Phelps PLC,Manufacturing,Nigeria,Kisumu,1-5,2026-06-23,Sales Team
CUST02823,Tanner-Hernandez,Real Estate,Nigeria,Kigali,51-200,2025-10-18,Sales Team
CUST02824,Humphrey-Nelson,Hospitality,Nigeria,Nairobi,201-500,2024-10-18,Instagram
CUST02825,"Collier, Wilson and Bautista",Construction,Ghana,Johannesburg,201-500,2025-05-09,Google Ads
CUST02826,"Lee, Santiago and Wilson",Real Estate,Ghana,Kigali,1-5,2024-11-14,Partner
CUST02827,Smith-Guzman,Real Estate,Uganda,Kisumu,201-500,2026-07-29,LinkedIn
CUST02828,"Lewis, King and Strickland",Professional Services,Tanzania,Nairobi,201-500,2024-11-14,Sales Team
CUST02829,Willis PLC,Logistics,Ghana,Nakuru,6-10,2025-12-21,LinkedIn
CUST02830,Marks-Sanford,Technology,Nigeria,Nakuru,6-10,2025-07-24,LinkedIn
CUST02831,"Baker, Williams and Sloan",Hospitality,Tanzania,Kisumu,11-50,2026-05-15,Google Ads
CUST02832,Kelley Ltd,Retail,Uganda,Johannesburg,51-200,2025-06-28,LinkedIn
CUST02833,"Hernandez, Harris and Gomez",Hospitality,Nigeria,Johannesburg,51-200,2025-08-10,Instagram
CUST02834,West LLC,Construction,Rwanda,Lagos,1-5,2025-05-23,Partner
CUST02835,"Taylor, Jacobs and Wolf",Construction,Uganda,Accra,1-5,2025-08-14,Organic Search
CUST02836,Luna-Manning,Retail,Nigeria,Kigali,201-500,2025-07-15,LinkedIn
CUST02837,Gonzalez PLC,Education,Kenya,Kigali,11-50,2025-11-28,Google Ads
CUST02838,Cabrera Ltd,Real Estate,Nigeria,Lagos,1-5,2025-12-22,LinkedIn
CUST02839,"Copeland, Lyons and Gallagher",Manufacturing,South Africa,Nairobi,11-50,2023-11-09,Sales Team
CUST02840,"Hammond, Jones and Sanders",Retail,Tanzania,Kigali,201-500,2024-07-30,LinkedIn
CUST02841,Fox PLC,Education,South Africa,Mombasa,1-5,2026-01-12,Facebook
CUST02842,Patton PLC,Healthcare,South Africa,Johannesburg,1-5,2023-12-12,Facebook
CUST02843,Wright-Morales,Technology,Rwanda,Dar es Salaam,6-10,2024-05-10,Instagram
CUST02844,Johnson Ltd,Manufacturing,Uganda,Kampala,1-5,2024-04-14,Partner
CUST02845,Oneill-Bennett,Professional Services,Rwanda,Accra,6-10,2023-12-19,Referral
CUST02846,Morris LLC,Technology,Tanzania,Accra,11-50,2023-10-07,LinkedIn
CUST02847,Sanchez PLC,Healthcare,Ghana,Kampala,201-500,2025-11-03,Organic Search
CUST02848,Nash Ltd,Construction,Uganda,Lagos,11-50,2026-06-03,Organic Search
CUST02849,Smith-Nelson,Hospitality,Tanzania,Johannesburg,11-50,2024-03-29,Referral
CUST02850,"Peterson, Jones and Miranda",Healthcare,Nigeria,Kisumu,201-500,2023-12-25,Referral
CUST02851,Johnson LLC,Manufacturing,Nigeria,Accra,11-50,2024-04-12,Facebook
CUST02852,Owens Group,Construction,Uganda,Johannesburg,11-50,2025-07-08,Sales Team
CUST02853,Johnson LLC,Healthcare,Nigeria,Nakuru,1-5,2025-02-09,Instagram
CUST02854,"Stone, Johnson and Moore",Real Estate,Tanzania,Kisumu,201-500,2025-05-10,Organic Search
CUST02855,Gonzales-Webb,Healthcare,Tanzania,Lagos,201-500,2024-11-01,Sales Team
CUST02856,"Knight, Madden and Black",Manufacturing,Ghana,Kisumu,11-50,2024-06-22,Facebook
CUST02857,"Richards, Morales and Travis",Real Estate,South Africa,Lagos,11-50,2026-07-21,Partner
CUST02858,Jackson-Lee,Education,South Africa,Accra,6-10,2026-05-17,LinkedIn
CUST02859,Whitehead-Clark,Construction,Rwanda,Kigali,1-5,2026-03-04,Google Ads
CUST02860,"Bender, Webb and Hill",Technology,Uganda,Kampala,6-10,2023-12-17,Instagram
CUST02861,Taylor-Douglas,Construction,Tanzania,Johannesburg,1-5,2026-02-02,Instagram
CUST02862,Mason Inc,Technology,Rwanda,Accra,201-500,2025-02-01,Organic Search
CUST02863,Schwartz LLC,Logistics,Uganda,Nakuru,11-50,2024-11-07,Organic Search
CUST02864,Williams PLC,Education,Nigeria,Mombasa,11-50,2023-11-27,Google Ads
CUST02865,Garcia-Meyer,Healthcare,Ghana,Lagos,201-500,2024-08-14,Google Ads
CUST02866,Smith-Williams,Retail,Rwanda,Johannesburg,201-500,2025-11-23,Instagram
CUST02867,"Caldwell, Garrett and Fox",Hospitality,Tanzania,Kisumu,6-10,2026-01-26,Instagram
CUST02868,"Smith, Roberts and Davis",Manufacturing,Uganda,Nairobi,201-500,2025-09-25,Referral
CUST02869,"Morgan, Davis and Frank",Logistics,Tanzania,Mombasa,6-10,2024-06-18,Google Ads
CUST02870,Hobbs-Young,Construction,Ghana,Kampala,1-5,2024-10-01,Instagram
CUST02871,"Carney, Pruitt and Kemp",Hospitality,Uganda,Johannesburg,201-500,2024-07-31,LinkedIn
CUST02872,"Clark, Smith and Beltran",Manufacturing,Kenya,Lagos,1-5,2025-02-22,Partner
CUST02873,Willis-Lane,Professional Services,Uganda,Accra,1-5,2024-01-02,LinkedIn
CUST02874,Castro-Martinez,Professional Services,Rwanda,Nakuru,1-5,2026-03-29,Instagram
CUST02875,"Oliver, Rivera and Bell",Real Estate,Rwanda,Kampala,201-500,2024-03-04,Organic Search
CUST02876,Hawkins Ltd,Real Estate,Rwanda,Mombasa,51-200,2024-11-07,Instagram
CUST02877,Peters-Weeks,Real Estate,South Africa,Johannesburg,51-200,2025-12-20,Organic Search
CUST02878,Mckay-Lee,Healthcare,South Africa,Kigali,201-500,2023-12-19,Referral
CUST02879,Johns and Sons,Manufacturing,Nigeria,Kisumu,11-50,2025-09-15,LinkedIn
CUST02880,Hebert-Anderson,Logistics,Tanzania,Kampala,11-50,2026-02-19,Instagram
CUST02881,"Estrada, Tanner and Jackson",Technology,Tanzania,Lagos,201-500,2026-03-01,Referral
CUST02882,Austin-Bailey,Manufacturing,Kenya,Kisumu,51-200,2025-11-16,Organic Search
CUST02883,Little Inc,Technology,Ghana,Accra,51-200,2025-11-22,Facebook
CUST02884,"Murphy, Ball and Silva",Construction,Kenya,Kigali,11-50,2024-02-25,Google Ads
CUST02885,Williams-Hunter,Manufacturing,Tanzania,Lagos,6-10,2025-11-29,Instagram
CUST02886,"Brennan, Owens and Smith",Professional Services,South Africa,Nakuru,6-10,2025-07-09,Referral
CUST02887,"Brooks, Parker and Rodriguez",Logistics,Tanzania,Dar es Salaam,201-500,2025-12-10,LinkedIn
CUST02888,"Bruce, Fox and Kim",Professional Services,Nigeria,Kampala,201-500,2024-07-28,Instagram
CUST02889,"Thomas, Thompson and Jones",Real Estate,Nigeria,Kisumu,11-50,2024-09-22,Facebook
CUST02890,Allen PLC,Hospitality,South Africa,Kigali,6-10,2023-10-25,Facebook
CUST02891,Little-Jennings,Real Estate,Nigeria,Kisumu,11-50,2024-12-27,LinkedIn
CUST02892,"Stewart, Miller and Flores",Real Estate,South Africa,Kigali,11-50,2026-07-10,Instagram
CUST02893,Villa Inc,Healthcare,Rwanda,Kampala,11-50,2024-08-12,Facebook
CUST02894,Mccoy Group,Healthcare,Tanzania,Dar es Salaam,11-50,2026-05-29,LinkedIn
CUST02895,Hinton Group,Healthcare,Rwanda,Johannesburg,51-200,2026-03-27,Sales Team
CUST02896,"Flores, Ochoa and Olson",Retail,South Africa,Kigali,1-5,2025-11-29,Sales Team
CUST02897,Oliver-Frost,Technology,Nigeria,Kisumu,51-200,2025-07-13,Referral
CUST02898,"Perry, Smith and Johnson",Retail,South Africa,Nakuru,6-10,2026-07-18,Referral
CUST02899,Williams-Gonzales,Healthcare,South Africa,Dar es Salaam,1-5,2025-05-23,Partner
CUST02900,Petersen and Sons,Education,South Africa,Kigali,11-50,2026-02-01,Instagram
CUST02901,"Miller, Turner and Gonzalez",Hospitality,Ghana,Lagos,51-200,2025-03-22,Referral
CUST02902,Coleman Inc,Professional Services,Kenya,Nakuru,6-10,2025-03-13,Partner
CUST02903,Brown-Rose,Manufacturing,Nigeria,Johannesburg,51-200,2025-06-09,Organic Search
CUST02904,Moore PLC,Education,Nigeria,Accra,6-10,2025-03-04,Referral
CUST02905,Brown-Heath,Real Estate,Ghana,Kigali,1-5,2024-05-31,Google Ads
CUST02906,"Cannon, Krueger and Thomas",Retail,Nigeria,Dar es Salaam,11-50,2026-07-06,Partner
CUST02907,"Dorsey, Martin and Shelton",Manufacturing,Tanzania,Mombasa,51-200,2026-04-13,Facebook
CUST02908,Ross LLC,Professional Services,Tanzania,Kigali,6-10,2024-02-18,Facebook
CUST02909,"Sutton, Brown and Bernard",Real Estate,Tanzania,Johannesburg,6-10,2023-11-07,Google Ads
CUST02910,Richards-Brown,Manufacturing,Uganda,Dar es Salaam,201-500,2024-06-01,Referral
CUST02911,Robinson and Sons,Logistics,Ghana,Kampala,1-5,2024-04-03,Facebook
CUST02912,Rosario Group,Professional Services,South Africa,Dar es Salaam,11-50,2025-03-02,LinkedIn
CUST02913,Benton and Sons,Hospitality,Uganda,Dar es Salaam,51-200,2026-08-20,Instagram
CUST02914,"Rodriguez, Yang and Barton",Manufacturing,Tanzania,Dar es Salaam,6-10,2025-10-25,Referral
CUST02915,"Hicks, Love and Leach",Healthcare,Ghana,Nairobi,6-10,2026-07-07,Google Ads
CUST02916,Vaughn PLC,Education,Rwanda,Kigali,51-200,2025-03-06,Organic Search
CUST02917,Ho Group,Logistics,Kenya,Lagos,11-50,2024-02-13,Organic Search
CUST02918,"Patel, Munoz and James",Real Estate,Rwanda,Nairobi,201-500,2024-04-17,Partner
CUST02919,Oliver and Sons,Logistics,Rwanda,Kampala,201-500,2026-04-10,Partner
CUST02920,"Shaw, Torres and Jackson",Professional Services,Nigeria,Mombasa,201-500,2023-10-04,Google Ads
CUST02921,Gardner-Bishop,Logistics,South Africa,Mombasa,201-500,2026-04-23,Facebook
CUST02922,Curtis-Lamb,Logistics,South Africa,Mombasa,201-500,2026-06-02,LinkedIn
CUST02923,Anderson Group,Real Estate,Nigeria,Nakuru,1-5,2025-02-09,Sales Team
CUST02924,"Robertson, Waller and Velez",Healthcare,Rwanda,Accra,6-10,2025-11-12,Partner
CUST02925,"Snyder, Orozco and Goodwin",Professional Services,Uganda,Johannesburg,11-50,2023-10-19,LinkedIn
CUST02926,Phillips-Jones,Logistics,South Africa,Kigali,1-5,2026-01-19,Sales Team
CUST02927,Hall Ltd,Real Estate,Tanzania,Nairobi,201-500,2024-05-23,Sales Team
CUST02928,Roberson Inc,Retail,Kenya,Nakuru,11-50,2024-11-11,Sales Team
CUST02929,Davis-Hernandez,Construction,Tanzania,Nakuru,201-500,2023-10-19,Partner
CUST02930,Odom Ltd,Logistics,Rwanda,Nakuru,201-500,2024-02-13,Partner
CUST02931,Rojas and Sons,Real Estate,Uganda,Nakuru,6-10,2024-01-28,Instagram
CUST02932,Raymond Group,Healthcare,Uganda,Mombasa,1-5,2025-07-05,Organic Search
CUST02933,Newton-Sandoval,Construction,Ghana,Dar es Salaam,1-5,2026-08-21,Partner
CUST02934,"Campbell, Underwood and Richardson",Technology,Uganda,Nakuru,6-10,2024-04-28,Referral
CUST02935,Church-Johnson,Construction,Rwanda,Kampala,6-10,2026-04-08,Instagram
CUST02936,Parks Ltd,Technology,Kenya,Kisumu,51-200,2024-02-24,Google Ads
CUST02937,"Moreno, Valencia and Gomez",Education,Kenya,Accra,6-10,2024-10-30,Sales Team
CUST02938,King PLC,Retail,Rwanda,Accra,51-200,2025-06-07,Instagram
CUST02939,Jones-Young,Hospitality,South Africa,Kigali,201-500,2026-04-15,Google Ads
CUST02940,Jennings LLC,Professional Services,Uganda,Lagos,201-500,2026-07-17,Google Ads
CUST02941,Campbell Ltd,Construction,South Africa,Nakuru,1-5,2025-01-06,LinkedIn
CUST02942,Ramirez-Johnson,Real Estate,Tanzania,Dar es Salaam,51-200,2023-10-04,Instagram
CUST02943,"Kim, Carter and Rodriguez",Hospitality,Kenya,Lagos,11-50,2025-07-22,LinkedIn
CUST02944,"Wheeler, Adams and Reed",Healthcare,Ghana,Mombasa,51-200,2025-05-14,Organic Search
CUST02945,"Gay, Barron and Matthews",Retail,Rwanda,Kigali,51-200,2025-09-06,Google Ads
CUST02946,"Everett, Evans and Rodriguez",Technology,Tanzania,Kampala,1-5,2025-01-04,Sales Team
CUST02947,"Jimenez, Robinson and Franklin",Healthcare,Uganda,Mombasa,51-200,2023-11-08,LinkedIn
CUST02948,"Goodwin, Jenkins and Miller",Retail,Tanzania,Dar es Salaam,1-5,2025-03-18,Facebook
CUST02949,Shannon LLC,Hospitality,Uganda,Johannesburg,1-5,2025-09-26,Facebook
CUST02950,Bennett Group,Logistics,Uganda,Kisumu,51-200,2023-11-27,Organic Search
CUST02951,Rodriguez Inc,Retail,Ghana,Nakuru,11-50,2026-04-03,Partner
CUST02952,Mcdaniel and Sons,Real Estate,Rwanda,Kisumu,51-200,2025-06-26,Facebook
CUST02953,"Black, Walker and Miller",Construction,Ghana,Kisumu,6-10,2025-01-14,Partner
CUST02954,"Simpson, Pierce and Romero",Professional Services,South Africa,Kisumu,1-5,2025-10-18,LinkedIn
CUST02955,"Castillo, Porter and Lynch",Hospitality,Tanzania,Kigali,11-50,2026-02-13,Referral
CUST02956,"Coffey, Williams and Hall",Real Estate,Tanzania,Nairobi,1-5,2025-05-27,Partner
CUST02957,Campbell-Wise,Retail,Rwanda,Nairobi,6-10,2025-06-29,Sales Team
CUST02958,"Sanchez, Crawford and Miller",Retail,Ghana,Kigali,201-500,2024-09-01,Facebook
CUST02959,Dickerson-Baker,Construction,Kenya,Nairobi,11-50,2025-05-13,Instagram
CUST02960,Jenkins PLC,Professional Services,Rwanda,Mombasa,1-5,2024-11-24,LinkedIn
CUST02961,Parrish-Burns,Manufacturing,Rwanda,Lagos,51-200,2024-01-17,Facebook
CUST02962,"Flores, Mcneil and Osborn",Real Estate,South Africa,Nairobi,11-50,2024-07-17,LinkedIn
CUST02963,Boyle-Robinson,Manufacturing,Tanzania,Kisumu,11-50,2024-03-24,Partner
CUST02964,Reyes PLC,Real Estate,Nigeria,Mombasa,51-200,2024-06-11,LinkedIn
CUST02965,Wright Ltd,Real Estate,Uganda,Kisumu,6-10,2025-08-22,Facebook
CUST02966,Gordon Inc,Construction,Uganda,Mombasa,1-5,2026-06-09,Sales Team
CUST02967,"Brooks, Wilson and Payne",Healthcare,Ghana,Mombasa,6-10,2024-11-13,Instagram
CUST02968,"Ramsey, Jimenez and Richard",Healthcare,Uganda,Kampala,11-50,2024-04-08,LinkedIn
CUST02969,Cantu Ltd,Real Estate,Ghana,Lagos,201-500,2025-05-19,Referral
CUST02970,Hughes Inc,Construction,Tanzania,Kigali,11-50,2025-04-15,Facebook
CUST02971,Cisneros-Jensen,Real Estate,Nigeria,Nairobi,51-200,2025-04-15,Organic Search
CUST02972,Dunn Inc,Hospitality,Uganda,Nairobi,6-10,2026-01-20,Organic Search
CUST02973,Tate PLC,Hospitality,Uganda,Kigali,11-50,2024-04-03,Organic Search
CUST02974,"Blevins, Green and Schmidt",Real Estate,Rwanda,Accra,11-50,2025-01-16,Instagram
CUST02975,"Walker, Bradshaw and Moore",Real Estate,Rwanda,Accra,6-10,2025-02-21,LinkedIn
CUST02976,Wilkins Ltd,Real Estate,Tanzania,Lagos,51-200,2026-02-18,Google Ads
CUST02977,Doyle LLC,Healthcare,Nigeria,Lagos,11-50,2025-05-14,Partner
CUST02978,Hall Group,Construction,Tanzania,Dar es Salaam,51-200,2023-11-22,LinkedIn
CUST02979,"Tate, Martinez and Mccoy",Professional Services,Nigeria,Dar es Salaam,201-500,2024-10-03,Referral
CUST02980,Norton Inc,Professional Services,South Africa,Dar es Salaam,51-200,2025-01-20,Organic Search
CUST02981,Johnson-Phillips,Logistics,Uganda,Mombasa,6-10,2026-04-30,LinkedIn
CUST02982,King-Bailey,Professional Services,Kenya,Lagos,11-50,2024-02-12,Facebook
CUST02983,Baker Group,Technology,Tanzania,Accra,51-200,2026-08-07,Google Ads
CUST02984,"Mccormick, Williams and Porter",Logistics,Uganda,Kigali,201-500,2025-12-31,Instagram
CUST02985,"Gonzales, Greene and Reid",Construction,South Africa,Nakuru,1-5,2024-04-16,Instagram
CUST02986,Wood and Sons,Technology,Ghana,Johannesburg,6-10,2025-12-11,Organic Search
CUST02987,"Hickman, Ray and Faulkner",Logistics,Tanzania,Lagos,6-10,2026-02-19,Facebook
CUST02988,"Gay, Hicks and Gamble",Technology,Uganda,Mombasa,6-10,2024-01-03,Instagram
CUST02989,Wyatt-Tyler,Construction,Ghana,Johannesburg,51-200,2024-05-01,Instagram
CUST02990,Williams-Jordan,Healthcare,Kenya,Kigali,11-50,2026-01-29,Sales Team
CUST02991,Hall-Wolfe,Logistics,Rwanda,Accra,51-200,2025-09-27,Partner
CUST02992,Williams-Cook,Construction,Nigeria,Kampala,1-5,2024-07-10,Google Ads
CUST02993,"Hawkins, Harris and Davis",Healthcare,Nigeria,Lagos,11-50,2026-03-01,Instagram
CUST02994,"Martinez, Cherry and Hanna",Real Estate,Ghana,Mombasa,1-5,2024-03-15,Sales Team
CUST02995,Mcdowell-Hicks,Construction,Uganda,Accra,6-10,2025-06-07,Instagram
CUST02996,Mueller Ltd,Education,South Africa,Kisumu,51-200,2024-02-16,Sales Team
CUST02997,Anderson and Sons,Real Estate,Uganda,Nakuru,11-50,2025-03-11,Google Ads
CUST02998,Carney-Jones,Hospitality,Tanzania,Kisumu,51-200,2025-02-19,Google Ads
CUST02999,Santos-Jones,Real Estate,Nigeria,Kisumu,6-10,2024-04-07,LinkedIn
CUST03000,Livingston-Turner,Construction,Nigeria,Kampala,11-50,2025-06-06,Organic Search
CUST03001,Williams PLC,Professional Services,Ghana,Kampala,201-500,2024-07-19,Google Ads
CUST03002,"Tran, Johnson and Fox",Real Estate,Rwanda,Nakuru,51-200,2024-07-13,Referral
CUST03003,"Sanchez, Boyer and Byrd",Professional Services,Ghana,Johannesburg,51-200,2025-09-08,Facebook
CUST03004,"Fernandez, Flores and Parker",Professional Services,South Africa,Dar es Salaam,11-50,2024-10-22,Organic Search
CUST03005,Ingram-Dunn,Education,South Africa,Kampala,1-5,2026-02-10,LinkedIn
CUST03006,Williams-Huber,Education,Ghana,Kisumu,51-200,2025-10-16,Referral
CUST03007,Garcia Group,Hospitality,Ghana,Mombasa,1-5,2024-11-12,Partner
CUST03008,Blanchard-Jones,Hospitality,South Africa,Accra,51-200,2025-04-21,Sales Team
CUST03009,"Evans, Mendoza and Perry",Retail,Nigeria,Mombasa,11-50,2024-10-04,Referral
CUST03010,"Lopez, Roman and Jones",Healthcare,Nigeria,Lagos,11-50,2024-05-14,Sales Team
CUST03011,Rhodes and Sons,Healthcare,Tanzania,Mombasa,1-5,2024-03-07,Google Ads
CUST03012,Nelson-Pacheco,Manufacturing,Uganda,Johannesburg,51-200,2025-08-07,Instagram
CUST03013,Moreno PLC,Real Estate,Rwanda,Kampala,1-5,2025-03-10,LinkedIn
CUST03014,Berry-Warren,Logistics,Ghana,Johannesburg,51-200,2023-09-28,Sales Team
CUST03015,"Chang, Owens and Hutchinson",Retail,Ghana,Mombasa,201-500,2023-12-10,Google Ads
CUST03016,Navarro Group,Real Estate,Kenya,Mombasa,6-10,2026-06-16,Partner
CUST03017,Turner-Vang,Real Estate,Nigeria,Johannesburg,51-200,2023-11-02,Sales Team
CUST03018,"Edwards, Lewis and Ray",Retail,Tanzania,Accra,51-200,2025-01-06,Organic Search
CUST03019,Mcclure LLC,Education,South Africa,Kigali,1-5,2025-11-01,Instagram
CUST03020,"Ford, Morrison and Cox",Real Estate,Uganda,Nairobi,11-50,2025-11-02,Google Ads
CUST03021,Campbell and Sons,Healthcare,Rwanda,Nairobi,51-200,2025-07-19,Referral
CUST03022,"Murray, Espinoza and Hernandez",Technology,South Africa,Dar es Salaam,11-50,2025-05-24,Instagram
CUST03023,Hall LLC,Healthcare,Rwanda,Nairobi,11-50,2026-04-15,LinkedIn
CUST03024,Wilkinson PLC,Healthcare,South Africa,Kisumu,6-10,2026-05-19,Partner
CUST03025,"Jackson, Lopez and Yoder",Education,South Africa,Dar es Salaam,6-10,2024-08-20,LinkedIn
CUST03026,Simmons LLC,Professional Services,Tanzania,Dar es Salaam,201-500,2025-08-27,Instagram
CUST03027,"Vaughn, Ellis and Carter",Technology,South Africa,Kampala,1-5,2026-05-05,Google Ads
CUST03028,"Webb, Case and Baldwin",Education,Tanzania,Johannesburg,51-200,2024-12-12,Facebook
CUST03029,"Spence, Holland and Robles",Education,Uganda,Kampala,51-200,2025-08-20,Partner
CUST03030,Sullivan-Scott,Technology,South Africa,Accra,11-50,2023-09-26,Facebook
CUST03031,"Krueger, Beard and Shannon",Construction,Tanzania,Nairobi,1-5,2025-05-27,Instagram
CUST03032,"Parks, Salazar and Jacobs",Real Estate,Tanzania,Lagos,201-500,2024-06-07,Referral
CUST03033,Reyes-Stokes,Logistics,Ghana,Kisumu,51-200,2025-06-08,Google Ads
CUST03034,Smith and Sons,Hospitality,Kenya,Mombasa,201-500,2024-03-31,Sales Team
CUST03035,"Smith, Peterson and Stout",Healthcare,Uganda,Dar es Salaam,201-500,2024-09-16,Partner
CUST03036,Harris Ltd,Education,Uganda,Kigali,1-5,2026-06-26,Referral
CUST03037,"Rodriguez, Moreno and Gordon",Real Estate,Ghana,Mombasa,11-50,2025-09-13,Instagram
CUST03038,Lindsey-Adams,Manufacturing,South Africa,Nairobi,6-10,2024-10-31,Facebook
CUST03039,"Sherman, Fisher and Bruce",Healthcare,Kenya,Accra,6-10,2024-11-07,Instagram
CUST03040,Underwood LLC,Hospitality,Uganda,Accra,6-10,2025-08-17,Facebook
CUST03041,Phillips-Johnson,Retail,Tanzania,Nakuru,1-5,2024-04-25,LinkedIn
CUST03042,"Woods, Romero and Joyce",Manufacturing,Rwanda,Lagos,201-500,2026-08-06,Instagram
CUST03043,"Martinez, Brooks and Serrano",Education,Uganda,Lagos,201-500,2023-10-21,Sales Team
CUST03044,Drake-Mccormick,Real Estate,Rwanda,Kampala,11-50,2023-10-27,Referral
CUST03045,Waters PLC,Education,Tanzania,Dar es Salaam,6-10,2024-02-03,Partner
CUST03046,Weiss Ltd,Logistics,Tanzania,Mombasa,6-10,2026-05-31,Partner
CUST03047,Price-Sullivan,Hospitality,South Africa,Lagos,201-500,2024-06-25,Facebook
CUST03048,Flores-Taylor,Professional Services,South Africa,Lagos,51-200,2024-11-25,Partner
CUST03049,"Schultz, Santos and Sims",Professional Services,South Africa,Johannesburg,6-10,2024-12-09,Partner
CUST03050,Guerra-King,Logistics,South Africa,Nakuru,51-200,2024-03-16,Referral
CUST03051,"Floyd, Davis and Miller",Real Estate,South Africa,Nairobi,51-200,2025-01-06,LinkedIn
CUST03052,"Bell, Carter and Hopkins",Manufacturing,Ghana,Kigali,1-5,2024-10-25,Facebook
CUST03053,Foster-Pollard,Retail,Ghana,Accra,201-500,2025-09-24,Organic Search
CUST03054,Moss-Davis,Technology,Rwanda,Kisumu,1-5,2025-04-05,Partner
CUST03055,"Herman, Bennett and Gray",Professional Services,Nigeria,Kampala,201-500,2025-03-10,Referral
CUST03056,Ruiz-Contreras,Retail,Nigeria,Johannesburg,51-200,2024-05-24,Sales Team
CUST03057,Steele-Olson,Construction,Rwanda,Nakuru,51-200,2024-01-18,Referral
CUST03058,Jordan-Mendez,Logistics,Nigeria,Kampala,11-50,2024-07-18,Instagram
CUST03059,Jones-Perkins,Real Estate,South Africa,Lagos,51-200,2025-04-04,Facebook
CUST03060,Sampson Inc,Logistics,Nigeria,Johannesburg,11-50,2025-03-22,Organic Search
CUST03061,Gordon Ltd,Real Estate,Kenya,Dar es Salaam,201-500,2026-04-01,Google Ads
CUST03062,Reynolds-Hill,Professional Services,Ghana,Mombasa,201-500,2025-08-03,Sales Team
CUST03063,Lawrence-Miller,Construction,Nigeria,Nakuru,6-10,2025-04-12,Facebook
CUST03064,"Wallace, Hill and Griffin",Construction,Kenya,Accra,1-5,2025-01-02,Partner
CUST03065,"Moss, Schultz and Thomas",Professional Services,Kenya,Kigali,201-500,2025-03-11,Sales Team
CUST03066,King Ltd,Education,Rwanda,Accra,6-10,2023-11-16,Partner
CUST03067,Martinez LLC,Construction,Kenya,Kampala,11-50,2024-06-05,Facebook
CUST03068,"Mcdaniel, Martin and Morales",Education,Tanzania,Accra,1-5,2025-12-15,Facebook
CUST03069,Petty-Ray,Healthcare,Rwanda,Nakuru,6-10,2026-02-04,Partner
CUST03070,Tyler Ltd,Professional Services,Tanzania,Accra,1-5,2023-12-19,Referral
CUST03071,Lester Ltd,Retail,Ghana,Nairobi,201-500,2023-09-24,Organic Search
CUST03072,Lynch-Mcneil,Technology,Kenya,Kisumu,1-5,2024-02-10,Organic Search
CUST03073,"Smith, Weaver and Walters",Retail,Tanzania,Kigali,11-50,2023-10-27,Organic Search
CUST03074,"Moreno, Campbell and Price",Real Estate,Ghana,Dar es Salaam,1-5,2025-01-02,Facebook
CUST03075,Patel Ltd,Hospitality,Nigeria,Johannesburg,51-200,2025-05-15,Facebook
CUST03076,Newman-Roberts,Logistics,Uganda,Dar es Salaam,1-5,2024-01-14,Facebook
CUST03077,Cook Ltd,Real Estate,Tanzania,Johannesburg,6-10,2023-12-16,LinkedIn
CUST03078,"Howell, Blevins and Lewis",Construction,Ghana,Kisumu,51-200,2023-10-01,Organic Search
CUST03079,Gardner-Sullivan,Real Estate,Kenya,Lagos,1-5,2024-07-30,Referral
CUST03080,King LLC,Healthcare,Kenya,Dar es Salaam,6-10,2026-04-25,Facebook
CUST03081,"Montes, Wheeler and Miller",Professional Services,Rwanda,Nakuru,201-500,2023-10-07,Facebook
CUST03082,Silva-Davis,Real Estate,Tanzania,Accra,201-500,2023-10-27,Sales Team
CUST03083,Wood-Rose,Manufacturing,Kenya,Lagos,1-5,2025-08-07,Partner
CUST03084,Brown-Francis,Hospitality,Tanzania,Kisumu,6-10,2026-07-21,LinkedIn
CUST03085,"Hodge, White and Acevedo",Hospitality,South Africa,Kigali,1-5,2024-03-20,Partner
CUST03086,"Cook, Hill and Watson",Retail,Rwanda,Johannesburg,1-5,2024-06-20,Google Ads
CUST03087,"Cruz, Paul and Daniel",Technology,Ghana,Johannesburg,201-500,2026-01-17,Sales Team
CUST03088,"Mercer, Cardenas and Hill",Logistics,Nigeria,Nakuru,11-50,2025-09-09,Partner
CUST03089,"Chapman, Lee and Welch",Construction,Rwanda,Nakuru,11-50,2023-10-31,Sales Team
CUST03090,Norman Group,Education,Rwanda,Kigali,1-5,2023-11-21,LinkedIn
CUST03091,Bishop PLC,Retail,Rwanda,Mombasa,11-50,2025-04-15,LinkedIn
CUST03092,King and Sons,Real Estate,Rwanda,Kampala,51-200,2023-11-17,Referral
CUST03093,Bailey-Sherman,Retail,Ghana,Nairobi,6-10,2025-03-18,Google Ads
CUST03094,Rivera PLC,Healthcare,Ghana,Johannesburg,201-500,2024-02-24,Facebook
CUST03095,Smith-Kennedy,Technology,Nigeria,Nairobi,201-500,2024-07-04,Organic Search
CUST03096,Hardy Ltd,Retail,Tanzania,Kigali,6-10,2025-03-28,Partner
CUST03097,Herrera-Rogers,Logistics,Kenya,Kigali,201-500,2024-02-29,Facebook
CUST03098,"Buck, Savage and Johnson",Logistics,Tanzania,Nairobi,6-10,2025-10-18,Google Ads
CUST03099,"Hale, Hopkins and Bartlett",Manufacturing,Uganda,Nakuru,11-50,2026-01-04,Google Ads
CUST03100,Patrick-Dunn,Hospitality,Rwanda,Nakuru,201-500,2026-05-08,Organic Search
CUST03101,Olson Ltd,Retail,Rwanda,Nakuru,1-5,2026-04-30,Referral
CUST03102,Barron-Norman,Retail,Uganda,Dar es Salaam,6-10,2025-11-04,Sales Team
CUST03103,Tucker LLC,Hospitality,Tanzania,Kigali,1-5,2025-01-11,Facebook
CUST03104,Dalton Inc,Construction,Ghana,Nakuru,201-500,2026-06-04,Referral
CUST03105,Lucas Ltd,Education,Nigeria,Johannesburg,11-50,2024-03-25,Instagram
CUST03106,Schultz-Miller,Healthcare,Rwanda,Nairobi,51-200,2026-03-25,Sales Team
CUST03107,Hernandez-Kim,Education,Tanzania,Nakuru,51-200,2025-02-09,Referral
CUST03108,"Ashley, Holmes and Morales",Real Estate,Kenya,Kigali,1-5,2025-05-14,LinkedIn
CUST03109,Shah PLC,Construction,Nigeria,Nakuru,1-5,2025-08-22,Google Ads
CUST03110,"Meyer, Love and Patton",Professional Services,Uganda,Accra,1-5,2026-03-05,Facebook
CUST03111,Grant-Turner,Logistics,Tanzania,Kisumu,11-50,2025-01-25,Sales Team
CUST03112,Brown-Olson,Healthcare,Ghana,Kampala,11-50,2024-02-14,Referral
CUST03113,"King, Henry and Carter",Professional Services,South Africa,Mombasa,51-200,2026-06-05,Instagram
CUST03114,"Johnson, Collins and Willis",Professional Services,Ghana,Accra,6-10,2026-03-06,Facebook
CUST03115,"Glover, Ferguson and Bass",Logistics,Kenya,Accra,51-200,2024-10-15,Google Ads
CUST03116,"Ortiz, Brown and Miles",Professional Services,Uganda,Nairobi,51-200,2025-07-19,Facebook
CUST03117,Wyatt-Schwartz,Professional Services,South Africa,Mombasa,6-10,2026-07-08,Sales Team
CUST03118,Schmidt-Foster,Real Estate,Tanzania,Accra,6-10,2024-04-18,LinkedIn
CUST03119,"Gonzalez, Santiago and Smith",Real Estate,South Africa,Nairobi,201-500,2025-11-26,Instagram
CUST03120,Fisher-Hebert,Hospitality,Nigeria,Dar es Salaam,1-5,2026-02-02,Organic Search
CUST03121,"Holmes, Le and Hernandez",Construction,Tanzania,Kampala,6-10,2025-08-26,Partner
CUST03122,Snyder LLC,Manufacturing,Uganda,Nairobi,51-200,2026-05-02,Sales Team
CUST03123,"Hawkins, Martin and Salas",Construction,Tanzania,Lagos,1-5,2025-05-29,Instagram
CUST03124,James-Reed,Construction,Nigeria,Nakuru,11-50,2024-01-11,LinkedIn
CUST03125,"Tucker, Clark and Santos",Retail,South Africa,Accra,1-5,2025-01-28,Instagram
CUST03126,"Cummings, Patton and Castro",Real Estate,Ghana,Kampala,201-500,2025-07-14,Facebook
CUST03127,Wang Inc,Construction,Ghana,Dar es Salaam,1-5,2024-07-07,Google Ads
CUST03128,Austin-Green,Professional Services,Rwanda,Lagos,201-500,2026-06-09,Organic Search
CUST03129,Walker Ltd,Real Estate,Nigeria,Kisumu,11-50,2024-04-09,Partner
CUST03130,Johnson Ltd,Retail,Uganda,Mombasa,6-10,2024-10-24,Organic Search
CUST03131,Moore-Powell,Education,Kenya,Johannesburg,1-5,2024-08-22,Sales Team
CUST03132,"Burke, Singh and Watkins",Real Estate,Kenya,Nakuru,1-5,2026-07-03,Google Ads
CUST03133,Hernandez-Lopez,Retail,Nigeria,Accra,201-500,2025-04-13,Sales Team
CUST03134,Brady-Jones,Healthcare,Nigeria,Johannesburg,51-200,2026-02-28,LinkedIn
CUST03135,Flynn-Rivas,Hospitality,Nigeria,Accra,201-500,2024-12-18,Referral
CUST03136,"Cook, Alexander and Garcia",Technology,Nigeria,Accra,51-200,2026-04-04,Facebook
CUST03137,"Mendoza, Frye and Howell",Manufacturing,Ghana,Dar es Salaam,6-10,2024-02-24,Facebook
CUST03138,"Moore, Scott and Wyatt",Healthcare,Nigeria,Kisumu,51-200,2024-02-05,Referral
CUST03139,Johnson PLC,Construction,Tanzania,Nairobi,51-200,2025-06-14,Referral
CUST03140,Wright and Sons,Construction,Kenya,Accra,51-200,2025-06-23,Instagram
CUST03141,Porter-Lee,Education,Uganda,Dar es Salaam,6-10,2026-08-11,Sales Team
CUST03142,Nash Ltd,Education,Rwanda,Accra,51-200,2026-06-21,LinkedIn
CUST03143,Guerra and Sons,Education,Rwanda,Dar es Salaam,11-50,2024-08-20,Partner
CUST03144,Dodson-Walton,Education,Uganda,Lagos,6-10,2024-12-26,Instagram
CUST03145,Lee-Diaz,Hospitality,Nigeria,Nakuru,201-500,2024-12-01,Instagram
CUST03146,"Brown, Thomas and Anderson",Real Estate,Tanzania,Accra,201-500,2024-01-21,Sales Team
CUST03147,Berry PLC,Technology,Nigeria,Kampala,6-10,2026-07-18,Sales Team
CUST03148,"Jenkins, Blanchard and Thomas",Construction,Rwanda,Mombasa,201-500,2024-04-20,LinkedIn
CUST03149,Stone Group,Healthcare,South Africa,Johannesburg,51-200,2026-06-09,Organic Search
CUST03150,King PLC,Hospitality,Uganda,Dar es Salaam,201-500,2026-03-09,Facebook
CUST03151,Clark-Melton,Education,Ghana,Kigali,6-10,2025-01-12,LinkedIn
CUST03152,"Smith, Ford and Richards",Retail,Nigeria,Nakuru,51-200,2024-08-23,Facebook
CUST03153,Weaver-Goodman,Healthcare,Nigeria,Johannesburg,6-10,2024-04-21,Sales Team
CUST03154,"Chen, Holland and Reyes",Real Estate,South Africa,Nakuru,6-10,2025-12-10,Sales Team
CUST03155,"Smith, Watson and Bates",Technology,Rwanda,Nakuru,6-10,2026-05-18,LinkedIn
CUST03156,Boone-Cooper,Technology,Ghana,Johannesburg,201-500,2025-08-11,Organic Search
CUST03157,Mercer Ltd,Professional Services,South Africa,Mombasa,1-5,2023-11-23,Organic Search
CUST03158,Ruiz LLC,Retail,South Africa,Nairobi,11-50,2026-07-07,Google Ads
CUST03159,Brown Group,Technology,Tanzania,Nakuru,6-10,2024-07-26,Instagram
CUST03160,Morris-Clark,Healthcare,South Africa,Mombasa,11-50,2026-06-10,Partner
CUST03161,Wilcox-Howard,Real Estate,South Africa,Accra,51-200,2024-11-13,Partner
CUST03162,Olson PLC,Construction,Tanzania,Kampala,1-5,2024-06-06,Facebook
CUST03163,"Stevens, Rodriguez and Simpson",Construction,Uganda,Kigali,1-5,2026-02-22,Sales Team
CUST03164,Allen-Pacheco,Construction,Ghana,Lagos,51-200,2026-08-04,Referral
CUST03165,"Lee, Castillo and Davis",Hospitality,Kenya,Kisumu,51-200,2024-07-24,Google Ads
CUST03166,Wilson Group,Retail,Uganda,Kigali,51-200,2024-12-05,Sales Team
CUST03167,Garcia-Herrera,Manufacturing,Uganda,Nairobi,201-500,2026-02-15,Partner
CUST03168,Freeman-Rodriguez,Manufacturing,Ghana,Johannesburg,6-10,2025-01-29,LinkedIn
CUST03169,"Medina, Barnes and Patrick",Retail,Rwanda,Johannesburg,11-50,2025-01-31,Partner
CUST03170,Miller Inc,Professional Services,Tanzania,Mombasa,6-10,2025-11-17,Facebook
CUST03171,Evans-Pugh,Real Estate,Tanzania,Kigali,6-10,2025-01-14,Google Ads
CUST03172,Allen-Welch,Hospitality,Nigeria,Dar es Salaam,11-50,2024-06-29,Google Ads
CUST03173,"Wilson, Anderson and Estrada",Technology,Ghana,Accra,1-5,2023-11-21,Sales Team
CUST03174,"Thornton, Johnson and Ware",Construction,Tanzania,Kampala,6-10,2025-08-29,Referral
CUST03175,Rivera Inc,Logistics,Kenya,Accra,11-50,2025-04-26,Facebook
CUST03176,Jones-Johnson,Retail,Nigeria,Nakuru,11-50,2025-01-06,Referral
CUST03177,Thomas-Jacobs,Manufacturing,Rwanda,Dar es Salaam,1-5,2026-04-24,Referral
CUST03178,"Smith, Gilmore and Chavez",Manufacturing,Nigeria,Mombasa,11-50,2026-03-23,Organic Search
CUST03179,"Hudson, Holder and Murphy",Construction,South Africa,Johannesburg,1-5,2024-09-04,Organic Search
CUST03180,Long-Cox,Healthcare,Rwanda,Nakuru,51-200,2026-08-18,Sales Team
CUST03181,Pena Inc,Education,Kenya,Kampala,51-200,2023-10-01,Partner
CUST03182,Williamson-Henderson,Technology,South Africa,Lagos,51-200,2023-11-19,Sales Team
CUST03183,Evans Group,Technology,Uganda,Dar es Salaam,11-50,2024-02-08,Instagram
CUST03184,Watson-Miller,Manufacturing,Tanzania,Kampala,1-5,2023-09-24,LinkedIn
CUST03185,"Parks, Horne and Rush",Professional Services,South Africa,Dar es Salaam,201-500,2024-09-26,Google Ads
CUST03186,Robertson and Sons,Retail,South Africa,Kisumu,1-5,2025-02-19,Instagram
CUST03187,Mueller LLC,Professional Services,Uganda,Dar es Salaam,1-5,2025-04-30,Facebook
CUST03188,"Barton, Kennedy and Kramer",Real Estate,South Africa,Nakuru,1-5,2025-03-21,Google Ads
CUST03189,Weaver PLC,Retail,Nigeria,Nairobi,11-50,2023-09-27,Google Ads
CUST03190,"Hall, Morgan and Dominguez",Construction,Ghana,Accra,11-50,2025-12-04,Google Ads
CUST03191,Sanchez-Miller,Real Estate,Kenya,Nairobi,6-10,2026-02-07,Instagram
CUST03192,Jensen-Rodriguez,Professional Services,Uganda,Mombasa,1-5,2026-08-11,Organic Search
CUST03193,Wood-Martinez,Education,South Africa,Nakuru,6-10,2024-09-30,Organic Search
CUST03194,"Cruz, Patterson and Hahn",Professional Services,Rwanda,Dar es Salaam,201-500,2024-04-25,Instagram
CUST03195,Shea-Cook,Manufacturing,South Africa,Nakuru,51-200,2024-04-28,Facebook
CUST03196,"Morse, Morales and Morales",Manufacturing,Tanzania,Johannesburg,1-5,2025-11-07,LinkedIn
CUST03197,"Doyle, Kerr and Stewart",Construction,Ghana,Nairobi,1-5,2025-09-14,Facebook
CUST03198,Shaffer Group,Hospitality,Tanzania,Kisumu,201-500,2024-09-10,Instagram
CUST03199,Martinez-Jimenez,Professional Services,Nigeria,Mombasa,6-10,2026-01-09,Facebook
CUST03200,Moreno Group,Technology,South Africa,Nakuru,6-10,2024-11-06,Sales Team
CUST03201,Long-Armstrong,Real Estate,Tanzania,Johannesburg,51-200,2025-02-26,Referral
CUST03202,Ferguson-Tucker,Hospitality,Rwanda,Kampala,11-50,2024-05-22,Instagram
CUST03203,"Villanueva, Hill and Welch",Logistics,Kenya,Kampala,11-50,2026-04-14,Facebook
CUST03204,Harvey Ltd,Professional Services,Kenya,Mombasa,51-200,2026-07-01,Partner
CUST03205,Lewis-Williams,Retail,Ghana,Kigali,1-5,2025-07-26,LinkedIn
CUST03206,Ferguson Ltd,Retail,Nigeria,Mombasa,11-50,2024-03-21,Partner
CUST03207,Bush-Thompson,Real Estate,Nigeria,Mombasa,201-500,2025-02-01,Referral
CUST03208,Mullen and Sons,Technology,Rwanda,Dar es Salaam,51-200,2024-03-21,Partner
CUST03209,Austin Group,Manufacturing,Tanzania,Accra,11-50,2023-11-28,Instagram
CUST03210,Hudson and Sons,Hospitality,Ghana,Kisumu,1-5,2026-02-02,Partner
CUST03211,Liu-Sanders,Education,Rwanda,Accra,11-50,2024-04-17,Sales Team
CUST03212,Clayton-Benton,Manufacturing,South Africa,Accra,51-200,2026-01-12,Facebook
CUST03213,Coleman Inc,Construction,Nigeria,Kigali,51-200,2025-03-14,Organic Search
CUST03214,Mccarthy PLC,Construction,South Africa,Dar es Salaam,51-200,2024-03-05,Facebook
CUST03215,Bryan PLC,Education,Tanzania,Nairobi,51-200,2024-02-19,Facebook
CUST03216,"Carter, Bautista and Morales",Construction,Ghana,Kisumu,6-10,2024-07-22,Google Ads
CUST03217,"Smith, Figueroa and Rodriguez",Retail,Rwanda,Accra,6-10,2024-03-18,Referral
CUST03218,Coffey Group,Technology,Uganda,Nairobi,51-200,2025-09-29,Sales Team
CUST03219,"Yang, Sullivan and Alvarez",Construction,Tanzania,Lagos,11-50,2025-03-29,Instagram
CUST03220,"Sims, Johnson and Reed",Hospitality,Rwanda,Johannesburg,51-200,2026-06-11,Sales Team
CUST03221,Hill-Perez,Education,South Africa,Kisumu,51-200,2024-07-23,Organic Search
CUST03222,Sanchez-Little,Technology,Kenya,Mombasa,11-50,2024-12-25,LinkedIn
CUST03223,Ferguson and Sons,Real Estate,Tanzania,Kisumu,6-10,2025-09-01,LinkedIn
CUST03224,Lindsey-Rogers,Hospitality,Rwanda,Accra,1-5,2026-03-17,Referral
CUST03225,Stephens-Mclaughlin,Construction,Tanzania,Kampala,201-500,2024-03-29,Sales Team
CUST03226,Patterson-Rollins,Real Estate,Kenya,Johannesburg,6-10,2025-02-23,Referral
CUST03227,Anderson-Wright,Technology,Nigeria,Dar es Salaam,6-10,2024-08-23,Partner
CUST03228,Mendoza-Morales,Real Estate,Rwanda,Mombasa,1-5,2024-03-09,LinkedIn
CUST03229,"Ferguson, Garcia and Fuentes",Technology,Rwanda,Nakuru,6-10,2026-04-23,Partner
CUST03230,Johnson-Sanchez,Hospitality,South Africa,Dar es Salaam,51-200,2024-11-10,Referral
CUST03231,"Martin, Stephens and Peterson",Logistics,Tanzania,Johannesburg,11-50,2025-04-10,Instagram
CUST03232,Hernandez Group,Construction,Tanzania,Johannesburg,6-10,2024-10-06,Instagram
CUST03233,Castro LLC,Hospitality,Rwanda,Johannesburg,51-200,2026-03-28,Organic Search
CUST03234,Garza LLC,Technology,Ghana,Mombasa,51-200,2025-11-15,Facebook
CUST03235,Hawkins-Brewer,Real Estate,Tanzania,Mombasa,201-500,2025-02-17,LinkedIn
CUST03236,"Mann, Herrera and Schwartz",Manufacturing,Ghana,Kampala,1-5,2025-10-21,LinkedIn
CUST03237,Sanchez and Sons,Education,South Africa,Nakuru,11-50,2025-08-06,Facebook
CUST03238,Sexton Ltd,Technology,South Africa,Nairobi,51-200,2023-11-03,Instagram
CUST03239,Mills-Sanchez,Hospitality,Nigeria,Nairobi,11-50,2024-05-13,Partner
CUST03240,"Anderson, Johnson and Bryant",Real Estate,Rwanda,Lagos,6-10,2025-03-08,Referral
CUST03241,Liu-Preston,Technology,Rwanda,Dar es Salaam,201-500,2024-01-01,Instagram
CUST03242,Little-Rodgers,Hospitality,Ghana,Johannesburg,1-5,2025-05-26,Referral
CUST03243,Rodriguez Ltd,Retail,Nigeria,Nakuru,201-500,2024-05-22,Referral
CUST03244,Peterson-Brown,Hospitality,South Africa,Kigali,51-200,2024-10-09,Organic Search
CUST03245,"Schaefer, Frank and Grimes",Healthcare,Tanzania,Nakuru,6-10,2025-06-03,Referral
CUST03246,Gonzales Inc,Retail,Kenya,Kigali,1-5,2026-02-01,Partner
CUST03247,Cook and Sons,Manufacturing,South Africa,Kisumu,51-200,2024-10-25,Sales Team
CUST03248,"Walsh, Torres and Clayton",Logistics,Uganda,Johannesburg,51-200,2025-03-05,Partner
CUST03249,Gibbs PLC,Professional Services,Tanzania,Accra,11-50,2026-01-02,Instagram
CUST03250,Rivera Ltd,Real Estate,Rwanda,Kampala,6-10,2024-04-15,Facebook
CUST03251,"Johnson, Petty and Lindsey",Technology,Kenya,Mombasa,1-5,2024-01-03,Partner
CUST03252,"Hartman, Anderson and Alvarado",Logistics,Rwanda,Dar es Salaam,6-10,2024-06-18,Partner
CUST03253,Weber Group,Education,Ghana,Nairobi,51-200,2024-03-31,Partner
CUST03254,Brown-Reed,Education,Uganda,Dar es Salaam,201-500,2025-03-01,Organic Search
CUST03255,Thomas-King,Healthcare,Tanzania,Johannesburg,201-500,2023-09-28,Organic Search
CUST03256,"Mason, Newman and Walters",Logistics,Kenya,Kisumu,51-200,2024-09-30,Google Ads
CUST03257,Woods Group,Professional Services,Uganda,Kisumu,1-5,2024-02-01,Facebook
CUST03258,Spears-Vasquez,Hospitality,Kenya,Dar es Salaam,11-50,2025-11-08,Partner
CUST03259,Murphy and Sons,Professional Services,Rwanda,Dar es Salaam,1-5,2026-04-19,LinkedIn
CUST03260,Leon Ltd,Education,Ghana,Nairobi,201-500,2025-11-11,Sales Team
CUST03261,Brown-Rogers,Education,Nigeria,Kisumu,201-500,2025-09-12,Google Ads
CUST03262,Oneill and Sons,Hospitality,Rwanda,Kisumu,1-5,2025-07-05,Referral
CUST03263,Castillo PLC,Hospitality,Uganda,Nairobi,201-500,2025-05-01,Organic Search
CUST03264,Estes Group,Retail,Nigeria,Nakuru,51-200,2024-02-09,Organic Search
CUST03265,Phillips Ltd,Retail,Uganda,Nakuru,6-10,2025-11-05,Facebook
CUST03266,Evans Group,Logistics,Tanzania,Dar es Salaam,51-200,2026-02-12,Sales Team
CUST03267,Bolton-Rivera,Retail,Ghana,Kampala,51-200,2024-06-09,Organic Search
CUST03268,"Curtis, Campbell and Frazier",Education,Ghana,Mombasa,1-5,2026-06-19,Instagram
CUST03269,Howard-Bowers,Real Estate,Kenya,Nakuru,6-10,2025-07-22,LinkedIn
CUST03270,Thomas PLC,Retail,Tanzania,Mombasa,201-500,2024-05-22,Partner
CUST03271,Blake-Johnson,Logistics,South Africa,Kisumu,51-200,2025-01-10,Instagram
CUST03272,Cunningham LLC,Construction,Ghana,Nairobi,201-500,2024-04-19,Referral
CUST03273,Martin Ltd,Healthcare,Ghana,Dar es Salaam,201-500,2026-02-02,Sales Team
CUST03274,Paul LLC,Construction,South Africa,Nakuru,201-500,2023-11-27,Referral
CUST03275,"Huerta, Walter and Mitchell",Technology,Uganda,Dar es Salaam,11-50,2025-06-13,Sales Team
CUST03276,"Parker, Edwards and Mitchell",Professional Services,Nigeria,Kampala,51-200,2025-01-06,Organic Search
CUST03277,Davis-Flores,Manufacturing,Ghana,Lagos,51-200,2025-05-24,Instagram
CUST03278,Hernandez and Sons,Construction,Kenya,Nairobi,51-200,2024-02-05,Google Ads
CUST03279,"Thompson, Armstrong and Roth",Hospitality,Uganda,Johannesburg,11-50,2026-06-15,Instagram
CUST03280,Hughes-Erickson,Real Estate,South Africa,Kampala,11-50,2025-06-21,LinkedIn
CUST03281,Ellis Group,Retail,Nigeria,Nakuru,201-500,2024-09-20,Referral
CUST03282,Harris Ltd,Hospitality,Ghana,Nairobi,11-50,2026-02-13,Organic Search
CUST03283,"Lang, Christian and Becker",Hospitality,South Africa,Kisumu,11-50,2026-07-18,Instagram
CUST03284,Morgan-Nolan,Manufacturing,Nigeria,Kigali,11-50,2026-06-20,LinkedIn
CUST03285,"Johnson, Johnson and Hansen",Education,Ghana,Kisumu,51-200,2025-04-09,LinkedIn
CUST03286,"Mccarty, Jones and Reyes",Logistics,Ghana,Kampala,6-10,2024-04-09,Google Ads
CUST03287,Campbell LLC,Real Estate,Kenya,Nairobi,1-5,2024-03-10,Organic Search
CUST03288,Hardy Inc,Retail,Tanzania,Nairobi,11-50,2023-12-29,LinkedIn
CUST03289,Coleman Ltd,Education,Nigeria,Johannesburg,6-10,2025-06-09,Google Ads
CUST03290,"Love, May and Weber",Retail,Tanzania,Nakuru,6-10,2024-01-16,Sales Team
CUST03291,Young LLC,Technology,Kenya,Kampala,51-200,2024-10-24,Organic Search
CUST03292,Powers Ltd,Healthcare,South Africa,Nairobi,1-5,2024-08-17,Referral
CUST03293,King-Christian,Construction,Tanzania,Accra,6-10,2025-11-16,Google Ads
CUST03294,Ballard-Schultz,Retail,Rwanda,Kisumu,1-5,2024-11-29,Google Ads
CUST03295,Phillips-Holmes,Professional Services,Nigeria,Nakuru,51-200,2024-12-25,Referral
CUST03296,Anderson-Parsons,Healthcare,Kenya,Johannesburg,51-200,2026-07-26,Google Ads
CUST03297,"Gregory, Thompson and James",Construction,Uganda,Mombasa,51-200,2024-09-14,Sales Team
CUST03298,"Horn, Anderson and Shaffer",Retail,Kenya,Accra,51-200,2024-07-26,LinkedIn
CUST03299,Love Ltd,Education,Uganda,Nairobi,201-500,2024-08-18,Organic Search
CUST03300,Cruz-Wade,Professional Services,South Africa,Kampala,11-50,2025-09-28,LinkedIn
CUST03301,Mueller LLC,Hospitality,South Africa,Kampala,1-5,2023-12-18,Referral
CUST03302,Walsh Inc,Hospitality,Uganda,Accra,1-5,2024-05-17,Organic Search
CUST03303,Stanley Ltd,Real Estate,South Africa,Kigali,201-500,2026-02-20,LinkedIn
CUST03304,Baldwin Inc,Hospitality,Nigeria,Nairobi,11-50,2023-12-31,Partner
CUST03305,Martinez-Jones,Professional Services,Ghana,Dar es Salaam,51-200,2026-04-14,LinkedIn
CUST03306,Nelson Ltd,Logistics,Uganda,Dar es Salaam,11-50,2023-10-26,Facebook
CUST03307,Stewart-Romero,Technology,Nigeria,Dar es Salaam,51-200,2026-01-14,Facebook
CUST03308,Tate LLC,Real Estate,Rwanda,Dar es Salaam,51-200,2024-05-04,Partner
CUST03309,Jones Inc,Healthcare,Uganda,Accra,201-500,2026-05-17,Sales Team
CUST03310,Whitaker-Raymond,Technology,Rwanda,Mombasa,201-500,2024-07-30,Referral
CUST03311,Brown-Hogan,Construction,Tanzania,Dar es Salaam,51-200,2023-09-26,LinkedIn
CUST03312,Keller LLC,Logistics,South Africa,Kisumu,1-5,2024-10-10,Partner
CUST03313,"Stewart, Cisneros and Rubio",Logistics,South Africa,Kisumu,201-500,2026-01-15,Partner
CUST03314,White-Mueller,Logistics,Nigeria,Kisumu,201-500,2024-01-17,Facebook
CUST03315,"Snyder, Thomas and Fleming",Hospitality,South Africa,Kigali,1-5,2023-10-06,Sales Team
CUST03316,"Phillips, Delacruz and Mcclure",Professional Services,Ghana,Lagos,1-5,2025-12-27,Google Ads
CUST03317,Pearson and Sons,Real Estate,Kenya,Kampala,201-500,2025-07-22,Facebook
CUST03318,Garrett-Curtis,Hospitality,Nigeria,Dar es Salaam,51-200,2024-08-14,Google Ads
CUST03319,Gutierrez LLC,Technology,Nigeria,Dar es Salaam,201-500,2026-01-22,Sales Team
CUST03320,"Riley, Ritter and Dawson",Logistics,Nigeria,Kigali,6-10,2024-05-26,Partner
CUST03321,Guerra Group,Education,Nigeria,Mombasa,6-10,2023-11-01,LinkedIn
CUST03322,"Neal, Johnson and Silva",Construction,South Africa,Nakuru,1-5,2024-01-22,Google Ads
CUST03323,Gregory LLC,Manufacturing,Uganda,Mombasa,11-50,2024-01-11,Instagram
CUST03324,Weber-Taylor,Education,Tanzania,Nakuru,201-500,2024-02-19,Google Ads
CUST03325,"Chapman, Donovan and Nolan",Hospitality,Kenya,Nairobi,1-5,2024-01-24,Referral
CUST03326,Rogers-Cole,Professional Services,Uganda,Kisumu,1-5,2026-04-21,Google Ads
CUST03327,Shannon-Holland,Healthcare,Rwanda,Mombasa,51-200,2025-10-19,Partner
CUST03328,Weiss Group,Education,Kenya,Johannesburg,11-50,2023-09-26,Partner
CUST03329,"James, Phillips and Lopez",Education,Tanzania,Nakuru,11-50,2025-09-27,Sales Team
CUST03330,Harrell-Franco,Real Estate,Ghana,Accra,201-500,2024-07-28,Organic Search
CUST03331,Jones and Sons,Manufacturing,Kenya,Accra,11-50,2025-08-09,Partner
CUST03332,Cervantes Ltd,Retail,Tanzania,Accra,51-200,2025-10-02,Google Ads
CUST03333,Jones PLC,Education,Nigeria,Johannesburg,201-500,2026-05-11,Partner
CUST03334,Little-Hays,Manufacturing,Kenya,Kigali,1-5,2025-11-24,LinkedIn
CUST03335,"Russell, Elliott and Jennings",Professional Services,Rwanda,Kampala,201-500,2024-01-11,Google Ads
CUST03336,"Ward, Yang and Torres",Professional Services,Uganda,Mombasa,51-200,2026-04-28,Sales Team
CUST03337,"Sosa, Lopez and Wood",Technology,Uganda,Johannesburg,51-200,2024-09-19,Organic Search
CUST03338,"Rodriguez, Moore and Riley",Technology,Tanzania,Lagos,51-200,2023-10-22,Instagram
CUST03339,Jones Ltd,Real Estate,Rwanda,Mombasa,1-5,2026-03-28,Facebook
CUST03340,Wilkins-Mills,Real Estate,South Africa,Nairobi,201-500,2024-01-30,LinkedIn
CUST03341,"Grant, Taylor and Cox",Professional Services,Ghana,Kisumu,51-200,2026-03-15,Referral
CUST03342,Campos-Stewart,Real Estate,Rwanda,Lagos,1-5,2024-05-10,Referral
CUST03343,Griffin Ltd,Real Estate,Kenya,Lagos,51-200,2025-07-23,Facebook
CUST03344,Ryan-Clark,Manufacturing,Tanzania,Kisumu,1-5,2025-07-01,Referral
CUST03345,"Evans, Lewis and Wiggins",Real Estate,Tanzania,Kigali,1-5,2025-10-03,Facebook
CUST03346,Pace and Sons,Professional Services,Uganda,Accra,51-200,2024-03-26,Instagram
CUST03347,Kennedy Ltd,Retail,Rwanda,Kisumu,51-200,2025-12-16,Organic Search
CUST03348,Gibbs Group,Healthcare,Uganda,Nakuru,11-50,2025-06-27,LinkedIn
CUST03349,Swanson-Lawson,Hospitality,Nigeria,Accra,1-5,2025-12-04,Google Ads
CUST03350,"Scott, Thomas and Zavala",Construction,Uganda,Kisumu,201-500,2025-07-24,Organic Search
CUST03351,Burke Group,Manufacturing,Rwanda,Dar es Salaam,51-200,2026-06-21,Organic Search
CUST03352,"Matthews, Washington and Howell",Logistics,Nigeria,Dar es Salaam,201-500,2023-11-10,Google Ads
CUST03353,Simmons Ltd,Education,Rwanda,Nairobi,11-50,2026-03-27,Sales Team
CUST03354,"Brown, Hahn and Price",Logistics,Nigeria,Kigali,1-5,2026-07-16,Google Ads
CUST03355,Bean and Sons,Professional Services,Tanzania,Dar es Salaam,51-200,2024-08-23,Sales Team
CUST03356,Austin Inc,Logistics,Uganda,Kisumu,1-5,2026-01-01,Organic Search
CUST03357,"Patton, Mills and Charles",Construction,Kenya,Johannesburg,6-10,2025-08-07,Instagram
CUST03358,"Hines, Barnett and Woodard",Manufacturing,Nigeria,Lagos,11-50,2024-01-24,Referral
CUST03359,"Harris, Neal and Tran",Manufacturing,Kenya,Kisumu,201-500,2024-05-21,Sales Team
CUST03360,"Rich, Richardson and Morgan",Professional Services,Ghana,Nairobi,6-10,2025-08-12,Instagram
CUST03361,"Harrison, Ray and Hawkins",Construction,Tanzania,Kisumu,51-200,2025-07-30,Organic Search
CUST03362,"Gonzalez, Sanchez and Patrick",Technology,Kenya,Lagos,1-5,2024-11-29,Google Ads
CUST03363,Sanders-Wilkerson,Logistics,Nigeria,Kampala,201-500,2024-11-24,Organic Search
CUST03364,Cochran Group,Healthcare,South Africa,Kisumu,11-50,2025-03-05,Instagram
CUST03365,"Jones, Owens and Nolan",Manufacturing,South Africa,Nakuru,6-10,2025-08-23,LinkedIn
CUST03366,"Martinez, Mosley and Reyes",Manufacturing,Rwanda,Nakuru,1-5,2025-11-08,Facebook
CUST03367,Gamble Inc,Education,Ghana,Lagos,1-5,2025-09-10,Facebook
CUST03368,Mathews Ltd,Construction,South Africa,Lagos,6-10,2024-01-01,Google Ads
CUST03369,"Snow, Savage and Carroll",Manufacturing,Ghana,Mombasa,201-500,2026-05-04,Facebook
CUST03370,"Myers, Woods and Clark",Hospitality,Nigeria,Kigali,11-50,2026-02-28,Instagram
CUST03371,Cook-Rose,Healthcare,Rwanda,Nairobi,51-200,2026-01-25,Organic Search
CUST03372,Fox Group,Technology,South Africa,Kigali,1-5,2024-10-16,Instagram
CUST03373,Hurley Inc,Technology,Rwanda,Accra,201-500,2025-05-01,Instagram
CUST03374,Mitchell-Brown,Construction,Rwanda,Johannesburg,201-500,2025-09-11,Sales Team
CUST03375,Johnson-Stevenson,Construction,Uganda,Johannesburg,201-500,2023-10-11,Referral
CUST03376,Fox Group,Manufacturing,South Africa,Mombasa,51-200,2026-02-05,Organic Search
CUST03377,Morris-Allen,Education,Kenya,Lagos,1-5,2026-01-19,Facebook
CUST03378,"Gentry, Tucker and Campbell",Retail,Tanzania,Kampala,51-200,2025-07-13,Referral
CUST03379,Jones Ltd,Manufacturing,Nigeria,Dar es Salaam,11-50,2024-10-15,Partner
CUST03380,May-Gregory,Healthcare,South Africa,Accra,201-500,2024-07-14,LinkedIn
CUST03381,Ruiz-Hernandez,Education,South Africa,Johannesburg,201-500,2025-09-12,Facebook
CUST03382,Rogers PLC,Manufacturing,Tanzania,Mombasa,51-200,2026-08-13,Partner
CUST03383,Gonzalez Ltd,Logistics,Ghana,Johannesburg,1-5,2023-12-27,Referral
CUST03384,"Ortiz, Briggs and Perry",Healthcare,Tanzania,Kampala,201-500,2024-08-20,Instagram
CUST03385,Richmond LLC,Technology,Tanzania,Nakuru,201-500,2026-07-06,Instagram
CUST03386,Long-Kelley,Technology,Tanzania,Nakuru,11-50,2024-05-15,Sales Team
CUST03387,"Carney, Mcdonald and Erickson",Healthcare,Tanzania,Johannesburg,51-200,2024-04-27,Instagram
CUST03388,Ortiz-Soto,Real Estate,South Africa,Kisumu,11-50,2024-08-30,Instagram
CUST03389,Ponce-Andrews,Technology,Nigeria,Lagos,201-500,2025-07-07,Partner
CUST03390,"Moreno, Harris and Davis",Hospitality,South Africa,Accra,201-500,2025-11-08,Facebook
CUST03391,"Bryant, Pena and Frye",Professional Services,Nigeria,Kampala,6-10,2024-12-05,Instagram
CUST03392,"Gutierrez, Morgan and Fisher",Real Estate,South Africa,Dar es Salaam,6-10,2024-05-27,LinkedIn
CUST03393,Lewis LLC,Technology,Uganda,Kigali,51-200,2025-02-05,Referral
CUST03394,Griffin and Sons,Real Estate,Rwanda,Lagos,11-50,2026-01-11,Facebook
CUST03395,Hernandez-Leonard,Healthcare,Ghana,Mombasa,11-50,2026-01-08,Google Ads
CUST03396,Walsh PLC,Education,South Africa,Lagos,51-200,2025-08-16,Organic Search
CUST03397,Knight-Barker,Professional Services,Uganda,Kampala,51-200,2024-09-28,LinkedIn
CUST03398,Burke LLC,Logistics,Ghana,Kampala,201-500,2024-12-31,Sales Team
CUST03399,"Ward, Rich and Jones",Hospitality,Tanzania,Nairobi,51-200,2024-04-18,LinkedIn
CUST03400,"Savage, Thomas and Snyder",Real Estate,Kenya,Accra,51-200,2024-12-10,Sales Team
CUST03401,"Miller, Wallace and York",Technology,Kenya,Kisumu,6-10,2026-05-04,Google Ads
CUST03402,Collins Group,Technology,South Africa,Nairobi,1-5,2024-07-06,Google Ads
CUST03403,Carter Group,Healthcare,Kenya,Lagos,201-500,2024-03-15,Referral
CUST03404,Coleman Group,Construction,South Africa,Mombasa,51-200,2025-05-13,Instagram
CUST03405,Molina-Peters,Retail,Nigeria,Johannesburg,1-5,2025-08-14,Organic Search
CUST03406,Williams-Walker,Professional Services,Tanzania,Johannesburg,11-50,2024-06-17,Referral
CUST03407,Morris PLC,Education,Uganda,Nakuru,6-10,2024-07-02,Referral
CUST03408,Moreno-Taylor,Logistics,Tanzania,Nakuru,6-10,2025-04-26,Organic Search
CUST03409,Fry PLC,Logistics,Ghana,Dar es Salaam,6-10,2025-05-03,Facebook
CUST03410,Shepherd Group,Education,Uganda,Lagos,201-500,2025-07-24,Organic Search
CUST03411,Smith Ltd,Construction,Kenya,Johannesburg,201-500,2025-10-13,Referral
CUST03412,Wallace Ltd,Manufacturing,Kenya,Mombasa,6-10,2026-01-14,Sales Team
CUST03413,Kennedy-Mitchell,Hospitality,Uganda,Accra,201-500,2024-12-26,Facebook
CUST03414,Mccormick-White,Construction,Uganda,Kampala,1-5,2024-04-15,Organic Search
CUST03415,Rollins LLC,Hospitality,Nigeria,Kampala,51-200,2026-01-29,Sales Team
CUST03416,Hopkins-Tate,Manufacturing,Uganda,Nakuru,1-5,2026-04-29,Google Ads
CUST03417,"Cameron, Johnson and Williams",Education,Nigeria,Accra,51-200,2024-10-25,Facebook
CUST03418,Blanchard Ltd,Education,South Africa,Johannesburg,51-200,2025-04-25,Organic Search
CUST03419,Romero Group,Logistics,South Africa,Kampala,6-10,2024-07-29,LinkedIn
CUST03420,Burnett-Sutton,Education,South Africa,Lagos,11-50,2026-02-20,Partner
CUST03421,"Johnson, Williams and Williams",Retail,Rwanda,Lagos,201-500,2025-08-07,Sales Team
CUST03422,Espinoza-Reed,Manufacturing,Ghana,Nakuru,11-50,2023-10-13,Facebook
CUST03423,Tucker-Mcfarland,Professional Services,Ghana,Kigali,6-10,2024-05-16,Sales Team
CUST03424,Rosales-Edwards,Hospitality,Uganda,Dar es Salaam,11-50,2025-09-08,Sales Team
CUST03425,Mcdonald PLC,Healthcare,Uganda,Kampala,6-10,2026-06-23,Sales Team
CUST03426,"Bennett, Palmer and Moran",Real Estate,Rwanda,Nairobi,201-500,2026-07-09,Instagram
CUST03427,Grant-Davis,Professional Services,Rwanda,Nairobi,51-200,2024-09-11,Partner
CUST03428,"Fry, Ortega and Yang",Technology,Rwanda,Nairobi,51-200,2025-02-17,Sales Team
CUST03429,Simpson-Wells,Manufacturing,Rwanda,Mombasa,51-200,2024-10-12,Referral
CUST03430,Mullins Group,Technology,Uganda,Kampala,11-50,2024-08-27,Referral
CUST03431,"Oneal, Campos and Hernandez",Manufacturing,Uganda,Kisumu,6-10,2023-11-24,Instagram
CUST03432,Cole LLC,Retail,Rwanda,Dar es Salaam,1-5,2024-08-08,Instagram
CUST03433,Miller-Merritt,Professional Services,Nigeria,Kisumu,1-5,2025-09-24,Organic Search
CUST03434,Morales Ltd,Healthcare,Kenya,Lagos,11-50,2026-07-22,LinkedIn
CUST03435,"Sharp, Jackson and Fernandez",Construction,Tanzania,Kisumu,51-200,2025-12-01,Referral
CUST03436,Shaffer PLC,Construction,Uganda,Kigali,11-50,2023-09-30,Facebook
CUST03437,"Spencer, Sandoval and Johnson",Logistics,Kenya,Nakuru,1-5,2025-10-01,Organic Search
CUST03438,"Fisher, Daugherty and Thompson",Real Estate,Nigeria,Kisumu,11-50,2024-08-05,LinkedIn
CUST03439,Dawson-Payne,Education,Uganda,Nakuru,1-5,2025-08-27,Instagram
CUST03440,Thomas Group,Real Estate,Nigeria,Mombasa,1-5,2025-03-23,Google Ads
CUST03441,"Mcdonald, Mullen and Smith",Healthcare,South Africa,Kisumu,201-500,2025-07-29,Google Ads
CUST03442,Thomas Inc,Manufacturing,Ghana,Dar es Salaam,6-10,2025-01-28,Facebook
CUST03443,Vargas-Evans,Logistics,Uganda,Nakuru,1-5,2025-04-18,Partner
CUST03444,Jacobs-Powers,Construction,South Africa,Kampala,201-500,2026-07-27,Organic Search
CUST03445,Coleman-Edwards,Logistics,Ghana,Nairobi,51-200,2026-05-31,Facebook
CUST03446,"Michael, Robinson and Copeland",Construction,Kenya,Accra,6-10,2025-12-16,Facebook
CUST03447,Hicks-Mclean,Hospitality,South Africa,Johannesburg,11-50,2026-08-04,Referral
CUST03448,Bishop-Schwartz,Manufacturing,Uganda,Accra,6-10,2024-03-06,Google Ads
CUST03449,Powers-Wang,Hospitality,Uganda,Johannesburg,1-5,2024-04-24,Google Ads
CUST03450,Campbell-Dunn,Education,Uganda,Nairobi,11-50,2026-03-17,LinkedIn
CUST03451,Mccoy PLC,Logistics,South Africa,Accra,51-200,2025-03-12,Sales Team
CUST03452,"Stephens, Martin and Jacobs",Logistics,Rwanda,Lagos,11-50,2026-03-29,Sales Team
CUST03453,Curry-Davis,Healthcare,Ghana,Kigali,6-10,2026-05-19,LinkedIn
CUST03454,Ray-West,Construction,South Africa,Nairobi,6-10,2025-12-22,Google Ads
CUST03455,Case and Sons,Real Estate,Tanzania,Kampala,1-5,2024-02-12,Sales Team
CUST03456,Fields-Gordon,Education,Rwanda,Kampala,11-50,2026-03-13,Organic Search
CUST03457,Sanchez Inc,Technology,Rwanda,Nakuru,1-5,2026-02-07,Instagram
CUST03458,Castillo PLC,Education,South Africa,Kisumu,51-200,2025-06-30,Facebook
CUST03459,Black LLC,Healthcare,Rwanda,Nakuru,6-10,2024-06-14,Organic Search
CUST03460,Henry-Atkinson,Hospitality,Rwanda,Kampala,51-200,2026-04-15,Sales Team
CUST03461,Duffy-Hunt,Manufacturing,Nigeria,Accra,11-50,2025-10-30,Instagram
CUST03462,"Gregory, Patterson and White",Manufacturing,Uganda,Kigali,1-5,2024-12-16,Instagram
CUST03463,Johnson Group,Construction,Nigeria,Mombasa,11-50,2024-11-26,Partner
CUST03464,Young PLC,Retail,Tanzania,Accra,51-200,2024-08-09,Sales Team
CUST03465,Hull Group,Professional Services,Ghana,Kampala,11-50,2024-12-08,LinkedIn
CUST03466,Farrell-Chandler,Retail,South Africa,Accra,1-5,2024-06-06,Partner
CUST03467,Ortiz-Bell,Technology,Uganda,Kampala,201-500,2024-06-20,Facebook
CUST03468,"Moyer, Rodriguez and Jackson",Retail,Kenya,Kisumu,201-500,2026-07-05,Referral
CUST03469,"Scott, Walsh and Berger",Retail,Kenya,Lagos,6-10,2025-11-16,Partner
CUST03470,White Ltd,Retail,Rwanda,Kigali,11-50,2025-02-15,LinkedIn
CUST03471,Rosales and Sons,Technology,Ghana,Dar es Salaam,11-50,2024-06-04,Partner
CUST03472,"Clarke, Hawkins and Mccormick",Retail,South Africa,Lagos,201-500,2024-08-25,Google Ads
CUST03473,Moore-Brown,Manufacturing,South Africa,Accra,51-200,2025-01-12,Organic Search
CUST03474,"Serrano, Nixon and Clark",Logistics,Nigeria,Johannesburg,201-500,2024-01-11,Google Ads
CUST03475,Jackson-Cooper,Construction,South Africa,Kigali,11-50,2026-05-22,LinkedIn
CUST03476,Sanders Inc,Healthcare,Uganda,Kisumu,6-10,2025-01-24,Google Ads
CUST03477,"Waters, Hanson and Boyle",Real Estate,Rwanda,Kampala,51-200,2026-07-28,Instagram
CUST03478,Martin Group,Retail,Kenya,Kampala,1-5,2024-09-27,Facebook
CUST03479,Estes-Barnes,Hospitality,Rwanda,Johannesburg,6-10,2025-03-19,Sales Team
CUST03480,"Baker, Vazquez and Barnes",Construction,Rwanda,Lagos,201-500,2024-01-03,Referral
CUST03481,Francis Ltd,Hospitality,Kenya,Mombasa,6-10,2026-04-20,Organic Search
CUST03482,Herrera-Clark,Healthcare,Nigeria,Accra,1-5,2024-02-26,Instagram
CUST03483,Morris-Franklin,Manufacturing,Uganda,Accra,1-5,2025-10-05,Google Ads
CUST03484,"Harrington, Lindsey and Fitzgerald",Manufacturing,South Africa,Dar es Salaam,201-500,2025-03-03,Partner
CUST03485,Mcbride Inc,Manufacturing,Tanzania,Johannesburg,201-500,2024-09-18,Partner
CUST03486,"Moore, Smith and Davis",Technology,Ghana,Kisumu,201-500,2025-02-22,Referral
CUST03487,Morris Ltd,Real Estate,South Africa,Nakuru,6-10,2025-11-12,Organic Search
CUST03488,Fisher LLC,Education,Rwanda,Kampala,11-50,2025-04-08,Referral
CUST03489,Norris-Moses,Manufacturing,Nigeria,Kigali,1-5,2026-01-21,Referral
CUST03490,"Jackson, Scott and Harper",Healthcare,Kenya,Kisumu,201-500,2026-04-22,Instagram
CUST03491,Wyatt-Soto,Hospitality,Uganda,Accra,6-10,2024-11-01,Google Ads
CUST03492,Taylor-Beard,Logistics,Ghana,Dar es Salaam,51-200,2024-08-31,Sales Team
CUST03493,"Clark, Taylor and Bolton",Education,Ghana,Dar es Salaam,11-50,2026-07-11,Google Ads
CUST03494,Williams Ltd,Hospitality,Uganda,Johannesburg,51-200,2024-03-09,Google Ads
CUST03495,"Pineda, Perry and Clark",Technology,Kenya,Kigali,51-200,2023-10-03,Sales Team
CUST03496,Clay-Meyers,Construction,Rwanda,Accra,1-5,2024-06-24,Partner
CUST03497,Murphy-Galvan,Technology,Kenya,Kampala,6-10,2024-05-28,LinkedIn
CUST03498,"Johnson, Mathews and King",Manufacturing,Rwanda,Johannesburg,6-10,2024-09-26,Sales Team
CUST03499,"Mcfarland, Dennis and Blankenship",Education,South Africa,Nakuru,11-50,2025-05-18,Instagram
CUST03500,Dixon Ltd,Real Estate,South Africa,Kisumu,11-50,2026-02-15,Facebook
CUST03501,Villegas Ltd,Real Estate,Tanzania,Johannesburg,51-200,2025-08-05,Google Ads
CUST03502,"Spencer, Allison and Wheeler",Professional Services,Kenya,Mombasa,1-5,2026-04-15,Facebook
CUST03503,Curry PLC,Logistics,Rwanda,Accra,1-5,2024-10-07,Facebook
CUST03504,"Chandler, Garrison and Vaughn",Retail,Kenya,Accra,6-10,2026-03-15,Organic Search
CUST03505,"Warner, Walker and Dean",Construction,Tanzania,Dar es Salaam,11-50,2024-05-12,Google Ads
CUST03506,"Stevenson, Holder and Knight",Retail,Uganda,Kampala,11-50,2024-01-15,Google Ads
CUST03507,Riley-Hines,Retail,Ghana,Mombasa,1-5,2026-06-18,Organic Search
CUST03508,Walsh-Sandoval,Hospitality,South Africa,Kisumu,51-200,2023-12-28,LinkedIn
CUST03509,Miller-Turner,Professional Services,Tanzania,Johannesburg,11-50,2025-06-04,Google Ads
CUST03510,Morrison LLC,Real Estate,Tanzania,Kisumu,1-5,2025-02-16,LinkedIn
CUST03511,"Hall, Noble and Krueger",Real Estate,South Africa,Kampala,6-10,2025-05-25,Google Ads
CUST03512,Kramer Group,Manufacturing,Ghana,Nakuru,11-50,2025-11-20,Organic Search
CUST03513,Kelly LLC,Education,South Africa,Dar es Salaam,6-10,2024-02-06,LinkedIn
CUST03514,Juarez-Phillips,Manufacturing,Tanzania,Lagos,11-50,2025-05-15,Referral
CUST03515,Rivera-Lopez,Education,Rwanda,Nakuru,11-50,2024-10-11,Partner
CUST03516,Woods-Kirk,Hospitality,Uganda,Accra,6-10,2025-02-05,Facebook
CUST03517,"Morgan, Hart and Young",Retail,Kenya,Nairobi,201-500,2025-09-18,Google Ads
CUST03518,James-Berg,Construction,Kenya,Accra,6-10,2024-08-28,Facebook
CUST03519,Cole Ltd,Professional Services,Tanzania,Dar es Salaam,11-50,2026-05-20,Instagram
CUST03520,Middleton-Brown,Manufacturing,Rwanda,Kigali,1-5,2024-10-13,Referral
CUST03521,"Mcbride, Hamilton and Dawson",Hospitality,Rwanda,Nairobi,11-50,2025-08-21,Facebook
CUST03522,Thomas-Harris,Education,Uganda,Dar es Salaam,1-5,2025-05-29,Organic Search
CUST03523,"Singh, Thornton and Williams",Retail,South Africa,Kampala,51-200,2025-05-20,Facebook
CUST03524,Greer Ltd,Manufacturing,Rwanda,Kigali,11-50,2026-06-26,LinkedIn
CUST03525,"Lee, Mitchell and Russell",Construction,South Africa,Dar es Salaam,51-200,2025-07-28,Partner
CUST03526,Mcguire-Webster,Real Estate,South Africa,Kisumu,1-5,2025-02-03,Facebook
CUST03527,Tran-Anderson,Healthcare,Rwanda,Mombasa,51-200,2024-02-19,Partner
CUST03528,Lewis Group,Construction,Kenya,Kisumu,6-10,2024-08-05,LinkedIn
CUST03529,"Collins, Jones and Erickson",Healthcare,Uganda,Kisumu,51-200,2025-09-21,Organic Search
CUST03530,"Brown, Ramos and Vasquez",Retail,Nigeria,Dar es Salaam,11-50,2024-09-02,Partner
CUST03531,Kline Group,Technology,Kenya,Mombasa,51-200,2025-09-04,Instagram
CUST03532,"Gallagher, Blair and Jackson",Hospitality,Uganda,Dar es Salaam,201-500,2026-06-09,Referral
CUST03533,Hancock and Sons,Logistics,Rwanda,Lagos,201-500,2026-02-03,Instagram
CUST03534,Jones-Johnson,Education,South Africa,Nairobi,51-200,2025-01-26,Referral
CUST03535,Green-Cruz,Logistics,South Africa,Accra,1-5,2023-12-31,Referral
CUST03536,Matthews-Spencer,Technology,Kenya,Kigali,201-500,2026-07-27,Google Ads
CUST03537,Palmer LLC,Manufacturing,South Africa,Kigali,51-200,2024-04-26,Instagram
CUST03538,Buck LLC,Technology,South Africa,Johannesburg,6-10,2024-03-11,LinkedIn
CUST03539,Graves LLC,Healthcare,Tanzania,Nairobi,6-10,2025-05-01,Referral
CUST03540,King-Jackson,Education,Tanzania,Nairobi,201-500,2026-05-05,Instagram
CUST03541,"Carroll, Reed and Horn",Retail,Uganda,Accra,6-10,2024-08-03,Sales Team
CUST03542,"Stark, Mccarthy and Anderson",Retail,Rwanda,Nairobi,1-5,2024-02-20,Referral
CUST03543,Powell LLC,Logistics,South Africa,Lagos,51-200,2025-11-25,Organic Search
CUST03544,"Malone, Stanley and Adkins",Logistics,South Africa,Kampala,201-500,2024-04-27,Organic Search
CUST03545,"Day, Alvarez and Jones",Manufacturing,Ghana,Nakuru,201-500,2024-11-15,Referral
CUST03546,Schroeder and Sons,Professional Services,South Africa,Nakuru,51-200,2026-06-15,Partner
CUST03547,"Bell, Santana and Robbins",Construction,Ghana,Nakuru,1-5,2024-07-12,Sales Team
CUST03548,Garrison-Smith,Professional Services,Tanzania,Nakuru,51-200,2025-10-08,Organic Search
CUST03549,Johnson-Watkins,Professional Services,Uganda,Kampala,6-10,2025-10-01,Referral
CUST03550,Crawford LLC,Healthcare,Rwanda,Kisumu,51-200,2025-08-21,Instagram
CUST03551,Jones Ltd,Construction,Tanzania,Mombasa,11-50,2025-04-01,Referral
CUST03552,Scott-Gibson,Logistics,Nigeria,Lagos,1-5,2026-01-22,Google Ads
CUST03553,"Garrett, Ruiz and Daniels",Construction,South Africa,Mombasa,1-5,2023-10-27,Instagram
CUST03554,Beck and Sons,Professional Services,South Africa,Kampala,6-10,2023-11-17,Google Ads
CUST03555,"Grant, Tanner and Baxter",Manufacturing,Tanzania,Mombasa,201-500,2025-02-18,LinkedIn
CUST03556,"Shelton, Wright and Cline",Logistics,Kenya,Accra,201-500,2025-06-01,Referral
CUST03557,Johnson-Brock,Professional Services,Tanzania,Mombasa,11-50,2025-04-23,Facebook
CUST03558,Morris-Saunders,Education,South Africa,Nakuru,201-500,2024-02-28,Referral
CUST03559,Moreno-Gardner,Retail,Ghana,Mombasa,1-5,2024-01-05,Facebook
CUST03560,Herrera-Fitzpatrick,Construction,Tanzania,Kisumu,201-500,2026-02-28,Instagram
CUST03561,Young PLC,Manufacturing,South Africa,Dar es Salaam,1-5,2025-06-29,Partner
CUST03562,"Sparks, Gardner and Chavez",Education,South Africa,Kigali,1-5,2023-12-22,Sales Team
CUST03563,Underwood-Valdez,Hospitality,Uganda,Nakuru,201-500,2023-11-07,LinkedIn
CUST03564,Callahan Ltd,Real Estate,Nigeria,Mombasa,6-10,2026-01-03,LinkedIn
CUST03565,"Ross, Morrow and Blair",Logistics,South Africa,Accra,51-200,2024-11-24,Partner
CUST03566,"Pittman, Sheppard and Jacobson",Technology,Uganda,Nairobi,1-5,2025-05-03,LinkedIn
CUST03567,Carlson-Payne,Hospitality,Kenya,Johannesburg,11-50,2025-02-11,Organic Search
CUST03568,"Nguyen, Beard and Hill",Technology,Nigeria,Dar es Salaam,51-200,2026-07-21,Organic Search
CUST03569,Lyons-Sanchez,Technology,South Africa,Accra,1-5,2023-10-10,Facebook
CUST03570,Hunt PLC,Professional Services,Ghana,Lagos,201-500,2026-07-22,Google Ads
CUST03571,Garza Inc,Real Estate,Uganda,Accra,51-200,2025-05-08,Partner
CUST03572,Gilbert-Perez,Professional Services,Ghana,Nairobi,11-50,2024-08-15,Instagram
CUST03573,Roberts Inc,Healthcare,Ghana,Kigali,11-50,2024-03-07,Organic Search
CUST03574,"Griffith, Hobbs and Miller",Professional Services,Kenya,Kampala,6-10,2025-05-07,Referral
CUST03575,Chapman Ltd,Education,Uganda,Kampala,11-50,2024-12-22,Sales Team
CUST03576,Wise PLC,Professional Services,Ghana,Dar es Salaam,1-5,2024-03-11,LinkedIn
CUST03577,Brown-Pruitt,Healthcare,Nigeria,Kampala,51-200,2025-08-28,Organic Search
CUST03578,"Brandt, Miller and Solomon",Retail,Tanzania,Dar es Salaam,6-10,2025-07-15,Google Ads
CUST03579,Barker PLC,Construction,Ghana,Johannesburg,201-500,2025-01-12,Google Ads
CUST03580,Lee LLC,Technology,Kenya,Mombasa,11-50,2026-01-07,Partner
CUST03581,Smith Group,Technology,Kenya,Kisumu,201-500,2024-01-23,Instagram
CUST03582,"Jackson, Hernandez and Hunt",Real Estate,South Africa,Mombasa,6-10,2026-03-26,Organic Search
CUST03583,Cook-Carr,Healthcare,Tanzania,Lagos,201-500,2025-10-26,Google Ads
CUST03584,Faulkner LLC,Logistics,Ghana,Lagos,11-50,2024-01-09,Referral
CUST03585,"Baker, Olson and Gregory",Professional Services,Rwanda,Nairobi,11-50,2024-01-20,Sales Team
CUST03586,Johnston Group,Professional Services,Nigeria,Dar es Salaam,11-50,2024-01-25,Organic Search
CUST03587,Wall-May,Construction,Kenya,Mombasa,201-500,2025-12-29,Organic Search
CUST03588,Martinez-Hogan,Professional Services,Rwanda,Nairobi,51-200,2026-04-13,Partner
CUST03589,Dixon-Warren,Education,Ghana,Mombasa,11-50,2024-01-12,Facebook
CUST03590,Gardner Group,Real Estate,Ghana,Nakuru,1-5,2024-04-08,Partner
CUST03591,Chase LLC,Construction,Uganda,Johannesburg,1-5,2023-10-03,Organic Search
CUST03592,Alexander-Phillips,Manufacturing,Uganda,Kisumu,6-10,2026-03-19,Instagram
CUST03593,Lambert-Henry,Education,Kenya,Lagos,11-50,2025-07-16,Instagram
CUST03594,Mack LLC,Manufacturing,Ghana,Nakuru,1-5,2023-11-08,Sales Team
CUST03595,"Zhang, Mathews and Yu",Hospitality,Ghana,Kigali,6-10,2026-01-10,Referral
CUST03596,Pitts Group,Technology,Uganda,Kigali,201-500,2025-01-16,Sales Team
CUST03597,Sanders Inc,Real Estate,Tanzania,Kampala,6-10,2025-06-07,Google Ads
CUST03598,"Johnson, Vasquez and Nelson",Education,Tanzania,Johannesburg,51-200,2025-02-08,Organic Search
CUST03599,Garcia-Burch,Professional Services,Rwanda,Johannesburg,6-10,2025-03-31,Referral
CUST03600,Potter PLC,Construction,Ghana,Kisumu,201-500,2026-06-12,Google Ads
CUST03601,"Moreno, Hendrix and Hodge",Hospitality,Uganda,Nairobi,6-10,2024-02-17,Instagram
CUST03602,Brandt-Johnson,Retail,Nigeria,Mombasa,51-200,2025-02-25,Facebook
CUST03603,"Griffin, Garcia and Fisher",Hospitality,Tanzania,Mombasa,201-500,2025-06-26,Organic Search
CUST03604,Johnson Inc,Hospitality,Nigeria,Mombasa,1-5,2026-06-23,Sales Team
CUST03605,Stephens-Howard,Professional Services,Tanzania,Nakuru,51-200,2024-03-13,Facebook
CUST03606,"Bell, Eaton and Small",Construction,Nigeria,Mombasa,11-50,2025-01-15,Partner
CUST03607,Martinez-Hood,Education,Rwanda,Lagos,11-50,2026-05-10,LinkedIn
CUST03608,"Fisher, Crawford and Ward",Hospitality,South Africa,Kisumu,6-10,2023-11-05,Sales Team
CUST03609,"Nguyen, Norris and Stewart",Technology,Uganda,Nakuru,51-200,2024-02-09,LinkedIn
CUST03610,Martinez Group,Healthcare,Rwanda,Nairobi,11-50,2025-08-01,Organic Search
CUST03611,"Robertson, Coleman and Mccoy",Education,Rwanda,Kisumu,1-5,2026-01-30,Organic Search
CUST03612,"Coffey, Davila and Johnson",Manufacturing,Ghana,Kampala,6-10,2024-08-22,Sales Team
CUST03613,"Howard, Cordova and Gibson",Professional Services,Tanzania,Kisumu,11-50,2025-06-10,Referral
CUST03614,Dunn Ltd,Construction,Rwanda,Nairobi,51-200,2025-03-15,Google Ads
CUST03615,"Walters, Burns and Lamb",Real Estate,Rwanda,Dar es Salaam,11-50,2023-10-19,Instagram
CUST03616,Hernandez-Richmond,Manufacturing,Uganda,Kampala,51-200,2024-03-06,Sales Team
CUST03617,Collins-Pierce,Healthcare,Uganda,Accra,6-10,2024-03-20,LinkedIn
CUST03618,Orr Group,Construction,Kenya,Nakuru,51-200,2024-03-15,Sales Team
CUST03619,Kane-Figueroa,Hospitality,Ghana,Lagos,6-10,2025-07-09,Google Ads
CUST03620,Robinson and Sons,Healthcare,Nigeria,Dar es Salaam,201-500,2025-11-03,Referral
CUST03621,"Novak, Brown and Vincent",Professional Services,Tanzania,Lagos,11-50,2024-10-21,Sales Team
CUST03622,Lara LLC,Retail,Kenya,Johannesburg,1-5,2023-11-10,Instagram
CUST03623,Flowers-Boyd,Healthcare,Tanzania,Nakuru,201-500,2023-11-08,Facebook
CUST03624,Jones and Sons,Manufacturing,Ghana,Nairobi,6-10,2024-07-05,Organic Search
CUST03625,Le-Mora,Technology,South Africa,Lagos,51-200,2025-11-04,Partner
CUST03626,Scott-Rice,Retail,Rwanda,Nakuru,6-10,2025-11-27,Google Ads
CUST03627,Mcpherson-Smith,Healthcare,Nigeria,Kigali,11-50,2024-12-29,Referral
CUST03628,Brandt-Cisneros,Real Estate,Uganda,Kigali,201-500,2025-05-31,Partner
CUST03629,Johnson-Sheppard,Professional Services,Rwanda,Accra,201-500,2024-09-27,Instagram
CUST03630,"Oconnor, Guerra and Martin",Hospitality,Tanzania,Nairobi,11-50,2025-01-29,Partner
CUST03631,Pugh LLC,Manufacturing,South Africa,Nakuru,201-500,2024-04-24,Partner
CUST03632,Jones Ltd,Manufacturing,Uganda,Kigali,201-500,2025-12-26,Organic Search
CUST03633,"Harris, Davis and Fields",Professional Services,Kenya,Johannesburg,6-10,2026-04-30,Instagram
CUST03634,Irwin PLC,Education,South Africa,Nairobi,6-10,2026-01-28,LinkedIn
CUST03635,Santos-Taylor,Education,Ghana,Mombasa,1-5,2025-02-28,LinkedIn
CUST03636,"Miller, Weaver and Flores",Construction,Uganda,Nakuru,6-10,2023-11-15,Partner
CUST03637,"Russell, Cortez and Thomas",Professional Services,Kenya,Kampala,1-5,2024-09-28,Sales Team
CUST03638,Hines LLC,Professional Services,Tanzania,Johannesburg,51-200,2024-10-13,Instagram
CUST03639,"Cisneros, Snyder and Palmer",Professional Services,Tanzania,Nakuru,201-500,2023-10-05,Google Ads
CUST03640,Bell and Sons,Professional Services,South Africa,Kampala,201-500,2024-05-18,Instagram
CUST03641,Stewart and Sons,Retail,Rwanda,Kampala,201-500,2025-06-27,Facebook
CUST03642,"Robinson, Arnold and Tran",Retail,South Africa,Accra,6-10,2026-01-19,Sales Team
CUST03643,Perez-Jones,Technology,Kenya,Mombasa,201-500,2026-07-15,Instagram
CUST03644,"Drake, Gordon and Rodriguez",Real Estate,Tanzania,Nairobi,51-200,2026-03-03,Partner
CUST03645,Turner Ltd,Technology,South Africa,Accra,201-500,2026-07-05,Facebook
CUST03646,Osborn-Smith,Retail,Nigeria,Mombasa,201-500,2023-10-27,Organic Search
CUST03647,Garcia-Berry,Healthcare,Uganda,Kisumu,6-10,2026-03-10,Instagram
CUST03648,"Sanders, Smith and Young",Retail,Nigeria,Kisumu,6-10,2026-03-13,Instagram
CUST03649,Smith-Mcgrath,Hospitality,Uganda,Kampala,51-200,2025-12-01,Organic Search
CUST03650,"Gray, Gray and Horton",Manufacturing,Uganda,Johannesburg,6-10,2026-08-21,Organic Search
CUST03651,Hunt-Sanders,Professional Services,Nigeria,Nakuru,11-50,2024-06-22,Referral
CUST03652,Arnold and Sons,Education,Uganda,Mombasa,6-10,2025-05-23,LinkedIn
CUST03653,Porter Group,Education,Kenya,Kisumu,11-50,2025-04-06,Organic Search
CUST03654,"Morgan, Matthews and Carr",Logistics,Uganda,Kigali,1-5,2025-04-11,Google Ads
CUST03655,Armstrong-Dawson,Construction,Uganda,Mombasa,6-10,2023-11-09,Sales Team
CUST03656,Rodriguez PLC,Professional Services,Rwanda,Nakuru,6-10,2024-08-24,Referral
CUST03657,Glover-Mcdonald,Logistics,Nigeria,Lagos,201-500,2024-05-19,Partner
CUST03658,"Fowler, Thomas and Bowen",Manufacturing,Uganda,Johannesburg,201-500,2024-01-16,Instagram
CUST03659,"Anderson, Cooper and Flores",Manufacturing,Rwanda,Kisumu,201-500,2026-06-22,LinkedIn
CUST03660,Watts LLC,Healthcare,Tanzania,Kampala,201-500,2024-02-29,Instagram
CUST03661,"Ray, Chapman and Bradford",Retail,Uganda,Kigali,11-50,2026-07-14,Sales Team
CUST03662,"Robinson, Willis and James",Logistics,Rwanda,Mombasa,201-500,2024-08-02,Google Ads
CUST03663,Roberts-Sparks,Construction,Kenya,Nakuru,201-500,2024-08-25,Google Ads
CUST03664,"Rogers, Love and Flynn",Logistics,Rwanda,Kigali,201-500,2026-06-28,Facebook
CUST03665,Garcia-Gonzalez,Retail,Ghana,Kisumu,201-500,2025-07-18,Instagram
CUST03666,"Huffman, Mata and Pittman",Construction,Uganda,Nairobi,201-500,2025-10-04,Google Ads
CUST03667,Parks-Marsh,Hospitality,Ghana,Lagos,1-5,2024-07-05,Partner
CUST03668,Williams Group,Logistics,Ghana,Mombasa,11-50,2026-02-15,Referral
CUST03669,Schmidt-Nichols,Technology,Ghana,Kisumu,6-10,2025-02-14,Organic Search
CUST03670,Jenkins-Wilson,Education,Rwanda,Nakuru,6-10,2026-07-22,Instagram
CUST03671,Smith Group,Professional Services,Ghana,Kisumu,201-500,2024-12-02,LinkedIn
CUST03672,Cline PLC,Professional Services,Rwanda,Lagos,1-5,2025-08-31,Partner
CUST03673,Robinson-Cole,Manufacturing,Uganda,Kampala,11-50,2023-11-14,Organic Search
CUST03674,"Jackson, Johnson and Lindsey",Retail,South Africa,Nairobi,1-5,2026-02-22,Organic Search
CUST03675,Mccormick and Sons,Retail,Kenya,Dar es Salaam,6-10,2024-10-19,Google Ads
CUST03676,Francis-Watson,Professional Services,Nigeria,Nakuru,51-200,2023-11-30,Google Ads
CUST03677,Hawkins-Wheeler,Manufacturing,South Africa,Lagos,11-50,2026-04-10,Organic Search
CUST03678,Mcknight Inc,Real Estate,Kenya,Kisumu,11-50,2025-03-12,Partner
CUST03679,Edwards PLC,Education,Nigeria,Mombasa,201-500,2025-04-11,Referral
CUST03680,Campos-Norris,Healthcare,Tanzania,Kisumu,1-5,2023-12-02,Facebook
CUST03681,"Lee, Giles and Shannon",Real Estate,Nigeria,Johannesburg,201-500,2024-11-28,LinkedIn
CUST03682,Jones-Kent,Healthcare,Rwanda,Lagos,1-5,2024-09-13,Facebook
CUST03683,Lee Group,Construction,South Africa,Kampala,201-500,2024-04-14,Organic Search
CUST03684,Murray LLC,Technology,Rwanda,Accra,1-5,2026-03-26,Sales Team
CUST03685,"Alvarado, Mahoney and White",Manufacturing,Kenya,Nairobi,201-500,2024-04-21,Organic Search
CUST03686,"Martin, Williams and Stephens",Retail,Nigeria,Kampala,6-10,2024-11-10,Sales Team
CUST03687,"Stanley, Smith and Smith",Technology,Nigeria,Dar es Salaam,1-5,2024-12-04,Partner
CUST03688,Barnes LLC,Logistics,Tanzania,Lagos,6-10,2024-02-12,Sales Team
CUST03689,Martin Group,Education,Ghana,Mombasa,6-10,2025-04-26,Sales Team
CUST03690,Beck Group,Construction,South Africa,Kampala,201-500,2024-06-11,Instagram
CUST03691,Powers Group,Technology,Tanzania,Nairobi,11-50,2024-08-21,Referral
CUST03692,Robertson PLC,Construction,South Africa,Johannesburg,51-200,2024-02-22,Organic Search
CUST03693,Sanchez LLC,Logistics,Nigeria,Nairobi,51-200,2024-03-04,Organic Search
CUST03694,"Bell, Acevedo and Simmons",Education,Uganda,Nakuru,51-200,2024-11-21,LinkedIn
CUST03695,Navarro-Scott,Real Estate,Tanzania,Nairobi,201-500,2025-01-17,Facebook
CUST03696,"Little, Rogers and Edwards",Construction,Kenya,Nairobi,11-50,2025-06-26,Organic Search
CUST03697,Rodriguez LLC,Professional Services,South Africa,Kigali,11-50,2025-11-04,Google Ads
CUST03698,Bowen-Johnson,Logistics,Ghana,Nairobi,11-50,2024-08-28,Referral
CUST03699,Valentine-Miles,Construction,Ghana,Accra,51-200,2026-08-16,Instagram
CUST03700,Williams-Cross,Logistics,Uganda,Kigali,6-10,2024-12-20,Google Ads
CUST03701,"Alexander, Le and Doyle",Education,Tanzania,Nakuru,6-10,2024-03-17,Google Ads
CUST03702,"Santiago, Leblanc and Mcclure",Construction,Nigeria,Kigali,201-500,2025-09-12,Referral
CUST03703,Young-Maldonado,Construction,Ghana,Johannesburg,11-50,2026-07-13,Sales Team
CUST03704,Paul-Morgan,Healthcare,Uganda,Nairobi,6-10,2025-05-28,Sales Team
CUST03705,"Scott, Scott and Hall",Construction,Tanzania,Lagos,51-200,2025-11-07,Instagram
CUST03706,Thomas LLC,Professional Services,Tanzania,Kampala,1-5,2025-11-19,LinkedIn
CUST03707,Patterson Ltd,Retail,South Africa,Kigali,11-50,2025-09-12,Sales Team
CUST03708,"Mcintosh, Brooks and Navarro",Construction,Tanzania,Dar es Salaam,11-50,2024-06-04,Organic Search
CUST03709,Booth-Maynard,Construction,Rwanda,Nakuru,11-50,2024-06-04,Partner
CUST03710,"Lewis, Mathews and Savage",Logistics,Nigeria,Kisumu,11-50,2025-03-14,Instagram
CUST03711,Bass Inc,Retail,Nigeria,Mombasa,51-200,2024-12-01,Sales Team
CUST03712,Evans-Harvey,Healthcare,Rwanda,Kampala,11-50,2023-10-22,Organic Search
CUST03713,Hernandez and Sons,Hospitality,Nigeria,Mombasa,11-50,2025-03-05,Instagram
CUST03714,Murphy-Garza,Logistics,Nigeria,Lagos,201-500,2025-03-29,Facebook
CUST03715,Nelson LLC,Healthcare,Tanzania,Kisumu,51-200,2024-07-23,Organic Search
CUST03716,"Wright, Lowe and Johnson",Technology,Kenya,Kampala,1-5,2024-07-06,Referral
CUST03717,Wilson Inc,Hospitality,Uganda,Nakuru,6-10,2024-03-05,Partner
CUST03718,Jackson-Hancock,Hospitality,South Africa,Lagos,11-50,2025-05-01,Partner
CUST03719,Schmitt PLC,Professional Services,Rwanda,Nakuru,6-10,2024-12-07,Google Ads
CUST03720,"Hurst, Peterson and Davidson",Professional Services,Kenya,Johannesburg,51-200,2024-11-18,LinkedIn
CUST03721,Zavala and Sons,Professional Services,Ghana,Nairobi,201-500,2025-07-30,Instagram
CUST03722,"Lee, Miller and Larson",Hospitality,Ghana,Mombasa,6-10,2024-07-13,LinkedIn
CUST03723,Montoya Ltd,Hospitality,Uganda,Kigali,11-50,2025-01-29,Instagram
CUST03724,Tran and Sons,Retail,Rwanda,Nairobi,1-5,2026-05-30,Google Ads
CUST03725,Stafford-Smith,Real Estate,South Africa,Lagos,51-200,2023-10-08,Partner
CUST03726,"Hartman, Davis and Morris",Education,Kenya,Accra,201-500,2024-06-15,Sales Team
CUST03727,"Figueroa, Baker and Cabrera",Logistics,Nigeria,Lagos,1-5,2026-06-04,Organic Search
CUST03728,Hester Inc,Construction,Uganda,Nairobi,1-5,2024-11-27,Google Ads
CUST03729,"Johnson, Elliott and Morse",Technology,South Africa,Kigali,1-5,2023-09-28,Facebook
CUST03730,"Roberts, Russell and Lewis",Real Estate,Ghana,Nairobi,6-10,2024-10-08,Sales Team
CUST03731,King-Gallagher,Technology,Rwanda,Accra,11-50,2025-11-14,Referral
CUST03732,"David, Diaz and Gillespie",Real Estate,Kenya,Kigali,1-5,2025-02-15,Instagram
CUST03733,Esparza Ltd,Education,Tanzania,Johannesburg,11-50,2024-12-25,Facebook
CUST03734,Lopez-Munoz,Retail,Kenya,Kampala,201-500,2026-05-21,Google Ads
CUST03735,Gentry Inc,Professional Services,South Africa,Lagos,201-500,2024-04-05,Referral
CUST03736,Phillips PLC,Professional Services,Ghana,Kampala,6-10,2024-07-23,Instagram
CUST03737,"Wood, Edwards and Meza",Education,Ghana,Accra,11-50,2026-04-09,Organic Search
CUST03738,Brennan-Warner,Real Estate,Uganda,Kigali,6-10,2025-01-14,Facebook
CUST03739,Johnson and Sons,Construction,Uganda,Johannesburg,201-500,2024-11-04,Facebook
CUST03740,Schwartz and Sons,Professional Services,Uganda,Accra,11-50,2024-12-28,Partner
CUST03741,Scott LLC,Technology,Rwanda,Mombasa,1-5,2025-06-27,Referral
CUST03742,"Garcia, Mckee and Rhodes",Retail,Nigeria,Kampala,6-10,2026-01-26,Sales Team
CUST03743,Long Inc,Retail,South Africa,Dar es Salaam,1-5,2026-01-02,Partner
CUST03744,"Donovan, Dorsey and Smith",Hospitality,Rwanda,Kigali,51-200,2026-02-06,Sales Team
CUST03745,"Robinson, Perez and Ruiz",Retail,Ghana,Mombasa,1-5,2026-05-15,Facebook
CUST03746,Mcguire Inc,Education,South Africa,Nairobi,1-5,2023-11-02,Instagram
CUST03747,"Bennett, Ramos and White",Retail,Ghana,Nakuru,11-50,2024-02-22,Sales Team
CUST03748,"French, Foley and Jones",Education,Ghana,Mombasa,1-5,2024-05-16,Sales Team
CUST03749,Thompson-Gardner,Construction,Nigeria,Accra,1-5,2026-04-07,Partner
CUST03750,Mays-Garcia,Hospitality,Kenya,Kisumu,6-10,2025-07-02,Referral
CUST03751,"Jenkins, Bryant and Cole",Technology,Tanzania,Nairobi,51-200,2025-03-26,Facebook
CUST03752,"Cherry, Fischer and Tapia",Education,Ghana,Mombasa,51-200,2025-05-07,LinkedIn
CUST03753,Jackson Inc,Education,South Africa,Lagos,6-10,2025-12-17,Instagram
CUST03754,Martin-Castro,Logistics,South Africa,Kampala,11-50,2025-05-11,Organic Search
CUST03755,Maldonado-Suarez,Professional Services,Uganda,Kampala,201-500,2026-03-08,Organic Search
CUST03756,Henderson LLC,Logistics,Rwanda,Nakuru,11-50,2024-03-12,Referral
CUST03757,Moran PLC,Hospitality,Rwanda,Lagos,201-500,2026-01-12,Facebook
CUST03758,Gomez-Green,Education,Kenya,Nakuru,6-10,2024-10-28,Partner
CUST03759,Lopez-Martinez,Real Estate,Nigeria,Mombasa,1-5,2025-03-12,Google Ads
CUST03760,Rocha PLC,Technology,Rwanda,Nairobi,201-500,2025-04-15,Organic Search
CUST03761,Reed PLC,Logistics,Tanzania,Johannesburg,201-500,2025-01-09,Google Ads
CUST03762,Ochoa Inc,Healthcare,Tanzania,Johannesburg,6-10,2025-05-31,Organic Search
CUST03763,Richards-Pierce,Manufacturing,Tanzania,Johannesburg,6-10,2024-06-03,Sales Team
CUST03764,Wallace-Evans,Real Estate,Nigeria,Johannesburg,201-500,2023-12-23,Sales Team
CUST03765,Sullivan-Ortiz,Real Estate,Ghana,Kigali,11-50,2024-01-14,LinkedIn
CUST03766,Jones LLC,Professional Services,Ghana,Kampala,6-10,2026-02-04,Partner
CUST03767,Hudson-Carter,Real Estate,Rwanda,Johannesburg,6-10,2024-03-07,Facebook
CUST03768,Roberts Ltd,Technology,Ghana,Mombasa,11-50,2026-03-30,Organic Search
CUST03769,Perez Inc,Logistics,Tanzania,Johannesburg,201-500,2025-01-24,Instagram
CUST03770,Stewart Ltd,Construction,Uganda,Mombasa,6-10,2025-04-02,Instagram
CUST03771,Cox-James,Healthcare,South Africa,Kisumu,51-200,2025-08-07,Sales Team
CUST03772,King-Ward,Real Estate,Ghana,Nairobi,51-200,2023-11-09,Organic Search
CUST03773,"White, Thomas and Phillips",Logistics,Rwanda,Kisumu,51-200,2025-02-05,Google Ads
CUST03774,Williams-Anderson,Manufacturing,South Africa,Kigali,1-5,2026-07-04,LinkedIn
CUST03775,"Smith, Bell and Garrison",Construction,Nigeria,Nakuru,11-50,2024-05-04,Instagram
CUST03776,Knight and Sons,Logistics,Ghana,Nakuru,11-50,2024-12-26,Partner
CUST03777,Lopez-Dunlap,Hospitality,Ghana,Kisumu,201-500,2025-10-21,Organic Search
CUST03778,"Mckinney, Woods and Newman",Healthcare,South Africa,Nairobi,11-50,2025-07-15,Sales Team
CUST03779,"Mcintyre, Martinez and Hansen",Professional Services,Uganda,Johannesburg,201-500,2025-06-03,Sales Team
CUST03780,"Coleman, Taylor and Harvey",Technology,Kenya,Lagos,6-10,2025-07-12,Sales Team
CUST03781,Kirby-Olson,Real Estate,South Africa,Dar es Salaam,201-500,2025-01-11,Facebook
CUST03782,Strickland PLC,Education,Nigeria,Kampala,1-5,2024-02-08,Sales Team
CUST03783,Chapman Inc,Real Estate,Rwanda,Dar es Salaam,51-200,2026-06-29,Google Ads
CUST03784,Vincent-Smith,Hospitality,Kenya,Lagos,51-200,2025-01-09,Sales Team
CUST03785,"Love, Roth and Anderson",Professional Services,Nigeria,Kisumu,6-10,2026-07-26,Partner
CUST03786,Jones Inc,Real Estate,Tanzania,Mombasa,11-50,2024-06-26,Instagram
CUST03787,Little-Thomas,Healthcare,Rwanda,Lagos,6-10,2023-12-13,Instagram
CUST03788,"Harrison, Wolfe and Salas",Real Estate,South Africa,Kampala,201-500,2025-07-23,Referral
CUST03789,"Solomon, Simmons and Terry",Retail,South Africa,Nairobi,6-10,2026-08-19,LinkedIn
CUST03790,Thomas LLC,Hospitality,Kenya,Nairobi,201-500,2025-12-03,Sales Team
CUST03791,Brown-Carter,Real Estate,Rwanda,Kigali,1-5,2024-10-07,Organic Search
CUST03792,"Rivers, Howe and Scott",Professional Services,South Africa,Kigali,201-500,2024-12-03,Instagram
CUST03793,Martin-Rasmussen,Professional Services,Kenya,Nakuru,201-500,2025-01-03,Partner
CUST03794,"Burton, Christensen and Parker",Retail,Kenya,Mombasa,51-200,2024-12-04,Organic Search
CUST03795,Sullivan and Sons,Real Estate,Nigeria,Kampala,1-5,2024-12-25,Referral
CUST03796,Anderson Group,Real Estate,Kenya,Dar es Salaam,1-5,2024-08-27,LinkedIn
CUST03797,Archer Ltd,Education,South Africa,Kisumu,201-500,2025-03-29,Instagram
CUST03798,"Smith, Fox and Green",Real Estate,Rwanda,Kigali,6-10,2025-11-16,Organic Search
CUST03799,Dean-Collins,Technology,Uganda,Kampala,11-50,2025-10-15,Organic Search
CUST03800,Aguilar-Solomon,Manufacturing,Rwanda,Accra,201-500,2026-05-25,Referral
CUST03801,Dawson-Murray,Education,Uganda,Nairobi,51-200,2026-04-07,Facebook
CUST03802,Franklin LLC,Education,South Africa,Kigali,6-10,2026-01-13,Facebook
CUST03803,Monroe-Anderson,Technology,Kenya,Lagos,1-5,2023-12-05,LinkedIn
CUST03804,Duarte PLC,Manufacturing,Rwanda,Nairobi,6-10,2024-12-28,Google Ads
CUST03805,Martin Inc,Healthcare,Kenya,Kigali,201-500,2025-02-07,Referral
CUST03806,Zamora-Ortiz,Professional Services,Uganda,Nakuru,6-10,2025-01-13,LinkedIn
CUST03807,Barker Inc,Hospitality,Kenya,Kisumu,11-50,2026-04-06,Partner
CUST03808,Smith-Espinoza,Construction,Uganda,Dar es Salaam,51-200,2024-06-26,Google Ads
CUST03809,Thomas PLC,Manufacturing,Ghana,Mombasa,51-200,2025-01-06,Organic Search
CUST03810,Flores Inc,Hospitality,South Africa,Kisumu,1-5,2024-11-23,Google Ads
CUST03811,"Proctor, Jones and Becker",Real Estate,Uganda,Nairobi,51-200,2023-12-19,Google Ads
CUST03812,"Robinson, Diaz and Lopez",Hospitality,South Africa,Kigali,6-10,2026-05-08,Partner
CUST03813,Robinson-Ramos,Construction,Rwanda,Accra,201-500,2024-03-14,Partner
CUST03814,Pittman and Sons,Education,Kenya,Nakuru,6-10,2024-03-29,LinkedIn
CUST03815,Murray PLC,Professional Services,Nigeria,Lagos,11-50,2025-05-23,Referral
CUST03816,Sanchez Ltd,Healthcare,Ghana,Nairobi,6-10,2026-03-17,Partner
CUST03817,Jensen PLC,Retail,Uganda,Kigali,11-50,2026-03-20,Organic Search
CUST03818,Ford-Miller,Professional Services,Rwanda,Kampala,11-50,2025-07-08,Organic Search
CUST03819,Baker and Sons,Hospitality,Rwanda,Nakuru,11-50,2024-12-29,Google Ads
CUST03820,Austin-Pearson,Education,Rwanda,Lagos,1-5,2024-02-13,Facebook
CUST03821,"Pratt, Baker and Robertson",Manufacturing,Nigeria,Accra,201-500,2024-03-18,Facebook
CUST03822,Carter Group,Construction,Kenya,Nairobi,6-10,2026-05-19,Google Ads
CUST03823,Morris Group,Manufacturing,South Africa,Johannesburg,201-500,2024-10-14,Facebook
CUST03824,"Hill, Gonzalez and Singleton",Professional Services,Nigeria,Nakuru,11-50,2024-12-09,Sales Team
CUST03825,Bishop-Mitchell,Construction,Ghana,Lagos,11-50,2025-01-08,LinkedIn
CUST03826,Lopez Inc,Real Estate,Rwanda,Nakuru,51-200,2026-06-13,Instagram
CUST03827,Santiago LLC,Logistics,Uganda,Mombasa,201-500,2024-03-01,Facebook
CUST03828,Davenport-Brooks,Logistics,Nigeria,Dar es Salaam,51-200,2026-05-14,Organic Search
CUST03829,"Aguilar, Lam and Woods",Technology,Uganda,Johannesburg,51-200,2024-06-30,Organic Search
CUST03830,French-Strickland,Manufacturing,South Africa,Johannesburg,201-500,2024-04-16,Sales Team
CUST03831,"Butler, Jones and Campbell",Education,Nigeria,Mombasa,51-200,2024-06-28,LinkedIn
CUST03832,Clements and Sons,Retail,Rwanda,Accra,6-10,2023-12-11,Sales Team
CUST03833,Ballard Group,Logistics,South Africa,Kisumu,1-5,2024-02-07,Partner
CUST03834,"Johnson, Hughes and Johnson",Retail,Rwanda,Lagos,6-10,2024-04-29,Google Ads
CUST03835,"Ellis, Roberts and Stewart",Construction,Uganda,Nakuru,11-50,2025-01-06,Partner
CUST03836,"Wang, Hogan and Williams",Construction,Kenya,Kigali,11-50,2023-10-14,Organic Search
CUST03837,Pruitt and Sons,Technology,Ghana,Accra,1-5,2024-08-20,Referral
CUST03838,Shaw Inc,Education,Ghana,Kisumu,1-5,2024-06-02,Facebook
CUST03839,Williams Inc,Professional Services,Ghana,Kisumu,11-50,2025-11-22,Sales Team
CUST03840,White-Torres,Manufacturing,South Africa,Johannesburg,1-5,2025-07-19,Referral
CUST03841,Hansen-Smith,Hospitality,Rwanda,Johannesburg,201-500,2024-06-03,Referral
CUST03842,"Barker, Thompson and Gill",Logistics,South Africa,Nairobi,6-10,2024-07-13,Facebook
CUST03843,Adams-Mills,Retail,South Africa,Dar es Salaam,1-5,2025-07-24,Instagram
CUST03844,Carpenter Ltd,Logistics,Rwanda,Johannesburg,11-50,2024-03-14,Referral
CUST03845,Lee Inc,Construction,Tanzania,Johannesburg,11-50,2024-01-04,Google Ads
CUST03846,Shaw and Sons,Professional Services,Tanzania,Dar es Salaam,51-200,2024-09-27,LinkedIn
CUST03847,Anderson Ltd,Retail,Nigeria,Accra,1-5,2024-04-21,Partner
CUST03848,"Gordon, Graham and Martinez",Construction,Uganda,Lagos,51-200,2024-04-15,LinkedIn
CUST03849,"Ochoa, Sanchez and Orozco",Education,Rwanda,Nakuru,201-500,2024-07-04,Facebook
CUST03850,Kim-Rivera,Retail,Ghana,Accra,11-50,2025-04-14,Sales Team
CUST03851,Martin Group,Professional Services,Ghana,Mombasa,51-200,2026-04-25,LinkedIn
CUST03852,Gilbert Ltd,Real Estate,Ghana,Accra,51-200,2024-01-29,Facebook
CUST03853,"Brown, Johnson and Romero",Real Estate,Ghana,Kigali,201-500,2026-04-20,LinkedIn
CUST03854,Garcia-Gentry,Construction,South Africa,Kisumu,11-50,2024-05-29,Instagram
CUST03855,"Bass, Hood and Mills",Manufacturing,Nigeria,Nairobi,201-500,2025-01-06,Partner
CUST03856,Walker-Price,Logistics,Kenya,Kigali,6-10,2023-11-07,Instagram
CUST03857,Russell PLC,Technology,Kenya,Kampala,1-5,2025-02-09,Partner
CUST03858,Rowe LLC,Education,Rwanda,Johannesburg,11-50,2024-06-30,LinkedIn
CUST03859,"Taylor, Garcia and Brooks",Real Estate,Kenya,Nairobi,1-5,2024-04-01,Facebook
CUST03860,Thomas-Griffith,Healthcare,Ghana,Kisumu,11-50,2025-10-30,Partner
CUST03861,Moore Group,Healthcare,Tanzania,Kisumu,201-500,2024-03-07,Sales Team
CUST03862,Chapman-Burns,Manufacturing,Ghana,Kigali,6-10,2024-07-31,Facebook
CUST03863,King-Norman,Technology,South Africa,Johannesburg,11-50,2024-09-25,Facebook
CUST03864,Miles PLC,Hospitality,Nigeria,Kisumu,201-500,2024-03-10,Referral
CUST03865,"Ramirez, Maldonado and Martinez",Education,South Africa,Nakuru,6-10,2023-11-10,Google Ads
CUST03866,Chang PLC,Technology,Rwanda,Kisumu,11-50,2025-01-17,Google Ads
CUST03867,Duncan-Glover,Technology,Uganda,Lagos,11-50,2024-11-23,LinkedIn
CUST03868,Patel and Sons,Construction,Tanzania,Kigali,6-10,2026-07-06,Facebook
CUST03869,Morgan PLC,Education,Ghana,Nakuru,6-10,2024-11-29,Partner
CUST03870,"Boone, Reyes and Greer",Logistics,Ghana,Dar es Salaam,1-5,2024-02-18,Instagram
CUST03871,Rogers Inc,Logistics,Kenya,Lagos,51-200,2025-09-24,Partner
CUST03872,Rogers-Cochran,Technology,Kenya,Accra,201-500,2024-11-15,Referral
CUST03873,Stone-Hill,Education,South Africa,Lagos,11-50,2024-05-19,Organic Search
CUST03874,Jackson and Sons,Real Estate,Tanzania,Accra,11-50,2024-06-02,Referral
CUST03875,"Wade, Dunn and Brown",Hospitality,Kenya,Nakuru,11-50,2024-05-03,Google Ads
CUST03876,Forbes Group,Logistics,South Africa,Johannesburg,1-5,2026-07-07,Google Ads
CUST03877,Mitchell-Carlson,Manufacturing,Ghana,Accra,6-10,2025-09-27,Organic Search
CUST03878,Phillips-Owens,Hospitality,Ghana,Dar es Salaam,201-500,2026-07-24,Instagram
CUST03879,Hunt LLC,Healthcare,South Africa,Nairobi,1-5,2024-05-12,Partner
CUST03880,Farmer-Crawford,Hospitality,Rwanda,Kampala,1-5,2024-09-26,Partner
CUST03881,"Hahn, Yates and Robinson",Healthcare,Rwanda,Mombasa,11-50,2024-07-31,Partner
CUST03882,"Meyer, Martinez and Pittman",Hospitality,Kenya,Nakuru,6-10,2026-03-05,Partner
CUST03883,Garcia LLC,Real Estate,Uganda,Kigali,51-200,2024-08-09,Google Ads
CUST03884,Ramirez Group,Hospitality,South Africa,Kigali,51-200,2025-04-04,Partner
CUST03885,"Taylor, Simmons and Patterson",Retail,Kenya,Johannesburg,11-50,2025-10-13,Facebook
CUST03886,Perry-Smith,Professional Services,Tanzania,Mombasa,1-5,2024-05-09,Partner
CUST03887,Mccann and Sons,Construction,Rwanda,Kigali,201-500,2026-06-30,Google Ads
CUST03888,Zimmerman-Davidson,Real Estate,Ghana,Accra,201-500,2024-01-05,Organic Search
CUST03889,Garcia-Green,Real Estate,Nigeria,Kisumu,51-200,2024-03-17,Organic Search
CUST03890,Watkins Ltd,Healthcare,Tanzania,Kisumu,6-10,2026-03-16,Partner
CUST03891,"Little, Hernandez and Torres",Education,Uganda,Kisumu,11-50,2026-04-24,Sales Team
CUST03892,"Chandler, Lozano and Griffin",Education,Kenya,Dar es Salaam,201-500,2026-07-25,Sales Team
CUST03893,Kennedy Ltd,Manufacturing,Ghana,Accra,11-50,2025-08-27,Referral
CUST03894,"Frank, Owens and Hess",Construction,Uganda,Accra,11-50,2025-08-30,Partner
CUST03895,"Hammond, Mcdowell and Lopez",Healthcare,Ghana,Dar es Salaam,201-500,2025-03-27,Sales Team
CUST03896,Reid and Sons,Technology,South Africa,Dar es Salaam,201-500,2026-07-19,Referral
CUST03897,Murphy-Norton,Construction,Ghana,Kisumu,11-50,2023-12-16,Google Ads
CUST03898,Mcdaniel-Hanna,Professional Services,South Africa,Kigali,11-50,2026-06-01,Organic Search
CUST03899,Hodge LLC,Construction,South Africa,Nairobi,1-5,2025-11-11,Organic Search
CUST03900,"Bradley, Johnson and Norton",Construction,South Africa,Kampala,11-50,2025-03-06,Instagram
CUST03901,Maxwell-Hughes,Real Estate,Nigeria,Nakuru,1-5,2024-03-01,Instagram
CUST03902,Sullivan-Harris,Construction,Nigeria,Mombasa,11-50,2024-03-05,Partner
CUST03903,Horton-Cohen,Professional Services,Uganda,Nairobi,11-50,2026-01-09,Partner
CUST03904,Morales-Fox,Manufacturing,Kenya,Lagos,6-10,2026-07-03,Sales Team
CUST03905,Hanson-Alvarez,Logistics,Nigeria,Kisumu,1-5,2025-02-21,Referral
CUST03906,"Guzman, Brown and Watson",Healthcare,Tanzania,Lagos,201-500,2024-11-12,Sales Team
CUST03907,"Gallagher, Henderson and Moore",Education,Ghana,Johannesburg,51-200,2025-03-02,Facebook
CUST03908,"Garrett, Hernandez and Rice",Manufacturing,South Africa,Nakuru,51-200,2024-07-26,LinkedIn
CUST03909,"Horton, Frazier and Ramos",Manufacturing,Nigeria,Kampala,51-200,2024-05-27,Facebook
CUST03910,Tanner Ltd,Retail,Uganda,Dar es Salaam,201-500,2025-02-28,Facebook
CUST03911,Taylor-Little,Technology,Tanzania,Nakuru,1-5,2024-04-21,Instagram
CUST03912,Rodriguez-Green,Construction,Nigeria,Lagos,1-5,2026-06-08,Facebook
CUST03913,Reeves Ltd,Hospitality,South Africa,Mombasa,6-10,2024-10-20,Instagram
CUST03914,Harris-Grant,Real Estate,Uganda,Nairobi,11-50,2024-07-16,Google Ads
CUST03915,Rollins-Kelley,Retail,Rwanda,Nairobi,1-5,2026-02-04,Instagram
CUST03916,Long-Arnold,Education,Tanzania,Accra,6-10,2024-05-24,Instagram
CUST03917,Williams Group,Logistics,Rwanda,Dar es Salaam,1-5,2025-03-26,Facebook
CUST03918,"Taylor, Barker and Stevenson",Manufacturing,Rwanda,Lagos,1-5,2025-08-08,LinkedIn
CUST03919,Navarro-Romero,Construction,South Africa,Kisumu,11-50,2025-07-31,LinkedIn
CUST03920,"Lin, White and Shepherd",Manufacturing,Tanzania,Kampala,11-50,2026-07-07,Referral
CUST03921,Dawson Ltd,Manufacturing,Uganda,Kigali,6-10,2025-10-21,Organic Search
CUST03922,Sanchez-Campos,Technology,Uganda,Johannesburg,1-5,2025-06-09,LinkedIn
CUST03923,"Hernandez, Perez and Williams",Education,Nigeria,Lagos,6-10,2023-10-08,Google Ads
CUST03924,Hogan Ltd,Education,Kenya,Lagos,6-10,2024-05-24,LinkedIn
CUST03925,"Pope, Gregory and Lopez",Professional Services,Nigeria,Accra,6-10,2025-07-03,Google Ads
CUST03926,Avila-Mcdaniel,Manufacturing,Nigeria,Nakuru,6-10,2025-10-07,LinkedIn
CUST03927,"Decker, Berger and Reyes",Hospitality,Ghana,Johannesburg,6-10,2024-12-07,Organic Search
CUST03928,Jordan-Cox,Technology,Uganda,Kisumu,6-10,2025-04-09,Instagram
CUST03929,Chang-Keller,Education,Uganda,Mombasa,51-200,2025-11-22,Partner
CUST03930,"Perez, Morrison and Olson",Real Estate,Kenya,Kampala,6-10,2025-07-30,Facebook
CUST03931,Williamson PLC,Hospitality,Uganda,Dar es Salaam,11-50,2025-03-20,Instagram
CUST03932,Brown and Sons,Real Estate,South Africa,Lagos,6-10,2025-03-08,Partner
CUST03933,Erickson Inc,Logistics,Tanzania,Kampala,51-200,2025-05-06,Google Ads
CUST03934,"Sloan, Hale and Flores",Manufacturing,Nigeria,Accra,51-200,2025-01-31,Instagram
CUST03935,"Hays, Bowers and Christensen",Construction,South Africa,Kigali,11-50,2024-12-05,Instagram
CUST03936,Jarvis-Brooks,Retail,Ghana,Dar es Salaam,11-50,2026-04-13,Referral
CUST03937,"Thomas, Larson and Conrad",Real Estate,South Africa,Accra,201-500,2024-07-12,Google Ads
CUST03938,Garrett and Sons,Construction,Rwanda,Johannesburg,201-500,2025-12-05,LinkedIn
CUST03939,"Lutz, Brown and Vance",Retail,Uganda,Johannesburg,6-10,2025-01-01,LinkedIn
CUST03940,"Christian, Barron and Mcgee",Professional Services,Uganda,Nairobi,11-50,2025-01-24,Instagram
CUST03941,"Jones, Miller and Jimenez",Real Estate,Rwanda,Lagos,51-200,2024-04-03,Google Ads
CUST03942,"Weber, Rios and Gutierrez",Hospitality,Rwanda,Dar es Salaam,6-10,2025-08-13,Instagram
CUST03943,Harris-Ford,Construction,Uganda,Nairobi,1-5,2024-06-12,Facebook
CUST03944,Hester and Sons,Technology,Rwanda,Nairobi,201-500,2024-01-18,Instagram
CUST03945,Watson and Sons,Construction,Kenya,Nairobi,11-50,2026-06-19,LinkedIn
CUST03946,Gomez-Bowman,Real Estate,South Africa,Accra,201-500,2023-12-17,LinkedIn
CUST03947,"Anderson, Wilson and Wagner",Technology,Nigeria,Nakuru,11-50,2025-12-01,Partner
CUST03948,"Parsons, Swanson and Dunn",Construction,Uganda,Lagos,51-200,2026-05-30,Organic Search
CUST03949,"Meyers, Thompson and Fleming",Retail,Uganda,Nairobi,11-50,2025-05-03,Referral
CUST03950,"King, Sanders and Johnson",Hospitality,Rwanda,Mombasa,201-500,2026-07-27,Partner
CUST03951,Fox and Sons,Professional Services,Rwanda,Mombasa,11-50,2024-01-14,Facebook
CUST03952,Cooper and Sons,Hospitality,South Africa,Johannesburg,1-5,2025-03-31,Organic Search
CUST03953,Baker LLC,Construction,Nigeria,Johannesburg,6-10,2023-12-05,Partner
CUST03954,Davidson Ltd,Retail,Kenya,Kampala,6-10,2023-09-29,LinkedIn
CUST03955,Williams-Thompson,Healthcare,Nigeria,Lagos,6-10,2024-05-15,Organic Search
CUST03956,Shaw Ltd,Real Estate,South Africa,Nakuru,1-5,2024-08-21,Sales Team
CUST03957,Meadows Group,Manufacturing,Kenya,Nakuru,201-500,2023-11-03,LinkedIn
CUST03958,Vaughn Group,Professional Services,Ghana,Mombasa,6-10,2025-12-24,Sales Team
CUST03959,Jackson-Lopez,Retail,Nigeria,Kisumu,6-10,2025-03-31,Google Ads
CUST03960,"Pacheco, Adams and Herman",Hospitality,Uganda,Mombasa,51-200,2025-05-29,Sales Team
CUST03961,Jackson-Farrell,Manufacturing,South Africa,Kisumu,1-5,2025-05-25,Google Ads
CUST03962,Jacobs Inc,Real Estate,South Africa,Mombasa,1-5,2024-11-28,Google Ads
CUST03963,"Rogers, Lopez and Andrews",Education,Rwanda,Mombasa,6-10,2026-01-04,Facebook
CUST03964,Mathis-Noble,Retail,Kenya,Johannesburg,1-5,2024-04-18,LinkedIn
CUST03965,Carrillo PLC,Construction,Nigeria,Dar es Salaam,201-500,2023-10-27,LinkedIn
CUST03966,"Mooney, Byrd and Rodriguez",Hospitality,Uganda,Johannesburg,6-10,2025-08-03,Organic Search
CUST03967,"Molina, Jones and Payne",Healthcare,Ghana,Nakuru,51-200,2026-02-09,Sales Team
CUST03968,"Nelson, Benson and Silva",Technology,Uganda,Lagos,1-5,2024-07-20,Facebook
CUST03969,Williams-Mcintyre,Manufacturing,Nigeria,Kampala,201-500,2025-11-24,Google Ads
CUST03970,"Snow, Cook and Wood",Construction,South Africa,Kampala,6-10,2024-02-27,Google Ads
CUST03971,"Finley, Saunders and Gonzalez",Professional Services,Tanzania,Nairobi,201-500,2024-08-22,Sales Team
CUST03972,"Ward, Becker and Clark",Logistics,Uganda,Dar es Salaam,1-5,2024-03-06,Partner
CUST03973,"Ellison, Mitchell and Drake",Construction,Uganda,Johannesburg,11-50,2025-11-23,Sales Team
CUST03974,Lane-Pacheco,Construction,Kenya,Johannesburg,6-10,2024-07-25,Partner
CUST03975,Marshall-Higgins,Technology,Nigeria,Kigali,1-5,2025-04-20,Organic Search
CUST03976,Castro-Dennis,Hospitality,Nigeria,Johannesburg,201-500,2024-09-14,Partner
CUST03977,"Johnson, Henderson and Hernandez",Construction,South Africa,Johannesburg,51-200,2025-12-30,Organic Search
CUST03978,Cox-Saunders,Professional Services,Uganda,Accra,1-5,2025-08-27,Facebook
CUST03979,Griffith Group,Healthcare,Uganda,Kigali,11-50,2025-12-12,Partner
CUST03980,Nguyen Group,Logistics,Tanzania,Kigali,11-50,2026-07-05,Facebook
CUST03981,Rivera-Patel,Hospitality,South Africa,Nairobi,11-50,2025-11-04,Google Ads
CUST03982,Singleton-Webb,Construction,Kenya,Kisumu,51-200,2025-12-26,Organic Search
CUST03983,Preston-Obrien,Education,Kenya,Dar es Salaam,201-500,2024-09-12,Facebook
CUST03984,"Graham, Rios and Carey",Manufacturing,Uganda,Lagos,51-200,2025-01-24,Referral
CUST03985,"Clarke, Carroll and Moss",Retail,Uganda,Johannesburg,201-500,2025-11-02,Organic Search
CUST03986,"Farmer, Rogers and Villegas",Manufacturing,Nigeria,Mombasa,51-200,2025-08-06,Sales Team
CUST03987,"Martin, Montes and Brown",Real Estate,Kenya,Kigali,6-10,2025-09-01,Facebook
CUST03988,Johnson and Sons,Construction,South Africa,Kampala,201-500,2025-03-20,Google Ads
CUST03989,"Pearson, Hudson and Young",Technology,Tanzania,Kampala,6-10,2024-09-26,Organic Search
CUST03990,Lane-Walton,Hospitality,Nigeria,Kampala,1-5,2023-12-27,Instagram
CUST03991,Ellis-Mullen,Retail,Kenya,Nairobi,201-500,2023-11-24,Partner
CUST03992,Pittman-Baldwin,Education,Rwanda,Johannesburg,51-200,2025-02-02,Partner
CUST03993,"Ferrell, Leon and Armstrong",Education,South Africa,Kampala,201-500,2025-01-13,Google Ads
CUST03994,"Suarez, Fleming and Perez",Technology,Rwanda,Johannesburg,11-50,2023-10-05,Partner
CUST03995,Turner LLC,Healthcare,Rwanda,Kisumu,6-10,2026-07-19,Referral
CUST03996,Smith Inc,Manufacturing,South Africa,Mombasa,6-10,2025-10-24,Referral
CUST03997,Jones Group,Manufacturing,Rwanda,Nairobi,1-5,2025-10-27,Organic Search
CUST03998,"Brewer, Morales and Horne",Logistics,Kenya,Mombasa,201-500,2026-03-19,Google Ads
CUST03999,Phillips Group,Retail,Uganda,Nairobi,51-200,2024-04-10,Instagram
CUST04000,"Turner, Hansen and Curtis",Professional Services,Rwanda,Kigali,11-50,2023-09-27,Google Ads
CUST04001,Lam Ltd,Manufacturing,Uganda,Kigali,201-500,2025-01-21,Organic Search
CUST04002,Johnson Inc,Logistics,Kenya,Lagos,1-5,2025-05-14,Partner
CUST04003,Jones-Morton,Manufacturing,Kenya,Kisumu,201-500,2026-07-07,Organic Search
CUST04004,Werner-Klein,Professional Services,Tanzania,Nairobi,51-200,2024-07-02,Google Ads
CUST04005,Aguilar-Peters,Hospitality,Ghana,Nairobi,51-200,2024-02-11,LinkedIn
CUST04006,"Porter, Johnson and Glover",Professional Services,Uganda,Nairobi,51-200,2026-01-27,Instagram
CUST04007,Williams Group,Technology,Kenya,Nairobi,11-50,2024-02-04,Partner
CUST04008,Lewis-Lara,Logistics,Tanzania,Accra,11-50,2024-02-11,Instagram
CUST04009,"Gardner, Smith and Baker",Education,Uganda,Mombasa,6-10,2025-03-08,Organic Search
CUST04010,"Dixon, Johnson and Carpenter",Retail,Ghana,Kigali,6-10,2026-03-28,Partner
CUST04011,Armstrong-Long,Logistics,South Africa,Lagos,11-50,2026-03-03,LinkedIn
CUST04012,Garza LLC,Education,Nigeria,Kigali,201-500,2025-12-31,Referral
CUST04013,Gonzalez-Watts,Manufacturing,Kenya,Nakuru,1-5,2024-01-11,Organic Search
CUST04014,Berger-Mcknight,Technology,Uganda,Nakuru,201-500,2024-10-28,Sales Team
CUST04015,"Clark, Davis and Fletcher",Construction,South Africa,Accra,11-50,2025-12-28,Sales Team
CUST04016,Riley LLC,Education,Rwanda,Kisumu,1-5,2026-04-26,Partner
CUST04017,Walker Inc,Real Estate,Kenya,Lagos,6-10,2023-12-04,Facebook
CUST04018,Davis LLC,Manufacturing,Kenya,Nairobi,1-5,2024-04-08,Referral
CUST04019,"Rodriguez, Garrett and Greer",Education,Rwanda,Kigali,1-5,2024-06-06,Referral
CUST04020,"Gibson, Miranda and Clark",Technology,Nigeria,Johannesburg,1-5,2025-12-26,Google Ads
CUST04021,Montgomery PLC,Professional Services,Kenya,Accra,201-500,2024-03-30,LinkedIn
CUST04022,Taylor Inc,Manufacturing,Kenya,Kampala,1-5,2025-01-17,Organic Search
CUST04023,Davis-Martin,Healthcare,Ghana,Nakuru,201-500,2026-06-14,Google Ads
CUST04024,"Villa, Valdez and Valencia",Real Estate,South Africa,Kampala,201-500,2024-10-21,Organic Search
CUST04025,Choi LLC,Technology,Uganda,Mombasa,11-50,2024-01-05,Facebook
CUST04026,"Nichols, Mejia and Beck",Retail,Tanzania,Johannesburg,201-500,2023-11-29,Organic Search
CUST04027,Williams-Johnson,Real Estate,Tanzania,Johannesburg,51-200,2025-08-25,Sales Team
CUST04028,Parks-Evans,Real Estate,Ghana,Accra,6-10,2024-09-07,Google Ads
CUST04029,"Warren, Clark and Rogers",Hospitality,Rwanda,Johannesburg,51-200,2025-01-24,Google Ads
CUST04030,Bailey-Brandt,Education,Rwanda,Johannesburg,201-500,2025-12-30,Referral
CUST04031,"Turner, Salinas and Russell",Professional Services,Rwanda,Kigali,1-5,2024-07-16,Facebook
CUST04032,"Jones, Green and Wilson",Hospitality,Rwanda,Kampala,1-5,2025-02-14,LinkedIn
CUST04033,Schmitt-Bell,Manufacturing,Ghana,Kampala,6-10,2025-11-02,Instagram
CUST04034,Gonzales Ltd,Construction,South Africa,Dar es Salaam,51-200,2024-09-16,Facebook
CUST04035,"Daugherty, Nelson and Nguyen",Hospitality,Nigeria,Lagos,201-500,2026-02-06,Referral
CUST04036,"Lee, Guerra and Day",Real Estate,Ghana,Mombasa,201-500,2025-12-24,LinkedIn
CUST04037,Miller and Sons,Retail,Kenya,Kampala,6-10,2025-06-08,Sales Team
CUST04038,Davis Inc,Construction,Kenya,Nakuru,51-200,2026-03-28,Organic Search
CUST04039,Ramirez-Stewart,Logistics,Rwanda,Lagos,6-10,2025-12-14,Google Ads
CUST04040,Taylor-Salazar,Professional Services,Rwanda,Nairobi,6-10,2024-05-10,Organic Search
CUST04041,Barnett-Blake,Healthcare,Kenya,Lagos,1-5,2024-02-17,Instagram
CUST04042,"Walters, Mccoy and Ray",Technology,Nigeria,Johannesburg,201-500,2026-04-11,LinkedIn
CUST04043,"Smith, Mcdaniel and Clark",Construction,Kenya,Mombasa,51-200,2024-11-18,Organic Search
CUST04044,Miller-Smith,Logistics,Ghana,Johannesburg,11-50,2025-02-23,Organic Search
CUST04045,Leblanc-Smith,Professional Services,Ghana,Kigali,11-50,2024-03-21,Referral
CUST04046,Martin-Avila,Logistics,Uganda,Kisumu,1-5,2025-02-03,LinkedIn
CUST04047,Flynn and Sons,Technology,Ghana,Lagos,6-10,2025-08-09,LinkedIn
CUST04048,Bryant-Mills,Logistics,Tanzania,Accra,1-5,2025-01-26,Facebook
CUST04049,"Leach, Benson and Sullivan",Retail,South Africa,Nairobi,11-50,2023-12-03,Organic Search
CUST04050,Schaefer-Moreno,Education,Rwanda,Dar es Salaam,51-200,2024-12-27,Google Ads
CUST04051,"Hoffman, Harris and Dickson",Construction,South Africa,Nakuru,51-200,2024-08-25,Google Ads
CUST04052,"Miller, Frey and Lopez",Healthcare,Ghana,Kigali,1-5,2024-06-06,Google Ads
CUST04053,Ryan-Smith,Construction,Ghana,Accra,201-500,2025-06-05,Referral
CUST04054,Carter Group,Construction,Ghana,Kigali,201-500,2024-08-19,Facebook
CUST04055,Figueroa Group,Manufacturing,Nigeria,Kigali,201-500,2026-07-14,LinkedIn
CUST04056,Nguyen Group,Retail,Tanzania,Nairobi,201-500,2026-01-15,Partner
CUST04057,Santos-Rios,Hospitality,Nigeria,Mombasa,11-50,2025-06-26,Google Ads
CUST04058,Mccormick-Moses,Real Estate,Rwanda,Mombasa,11-50,2026-02-14,Sales Team
CUST04059,Roberts-Ortega,Retail,Rwanda,Lagos,6-10,2026-04-26,Facebook
CUST04060,Robbins-Combs,Manufacturing,Tanzania,Lagos,201-500,2024-10-05,Instagram
CUST04061,"Guzman, Porter and Paul",Technology,Nigeria,Kigali,11-50,2025-01-21,Google Ads
CUST04062,Stark Ltd,Manufacturing,Ghana,Kigali,6-10,2026-06-10,Referral
CUST04063,Smith Group,Retail,Ghana,Kigali,11-50,2026-07-19,Sales Team
CUST04064,Church and Sons,Education,Ghana,Nakuru,11-50,2024-06-08,Sales Team
CUST04065,Little Group,Retail,Tanzania,Accra,201-500,2026-08-24,Referral
CUST04066,Burke LLC,Construction,Kenya,Accra,1-5,2024-06-06,Facebook
CUST04067,"Castaneda, Hall and Brown",Logistics,Tanzania,Mombasa,51-200,2026-02-06,Facebook
CUST04068,Gamble-Diaz,Construction,Tanzania,Johannesburg,6-10,2025-06-30,Sales Team
CUST04069,Yates-Chang,Healthcare,Ghana,Lagos,6-10,2025-12-01,Organic Search
CUST04070,Ortiz-Willis,Logistics,Ghana,Nakuru,11-50,2024-01-26,Sales Team
CUST04071,Knight-Pierce,Logistics,Nigeria,Lagos,6-10,2024-06-11,Organic Search
CUST04072,Morgan-Hall,Education,Uganda,Kampala,51-200,2024-10-09,LinkedIn
CUST04073,"Chavez, Mitchell and Mcpherson",Construction,South Africa,Lagos,51-200,2025-10-28,Google Ads
CUST04074,"Walls, Mendez and Jennings",Education,Kenya,Johannesburg,1-5,2024-04-02,Google Ads
CUST04075,Kemp-Ortiz,Healthcare,Kenya,Nakuru,1-5,2025-02-28,Instagram
CUST04076,Cooke-Crawford,Technology,Nigeria,Johannesburg,6-10,2025-02-03,Instagram
CUST04077,"Cortez, Ramsey and Williams",Education,Kenya,Nakuru,6-10,2026-05-07,LinkedIn
CUST04078,Torres-Warner,Education,Kenya,Dar es Salaam,6-10,2025-11-29,Instagram
CUST04079,"Ross, Walker and Thomas",Retail,Tanzania,Dar es Salaam,201-500,2025-11-15,Google Ads
CUST04080,"Cooley, Jackson and James",Education,Tanzania,Nairobi,6-10,2026-04-25,Partner
CUST04081,"Johnston, Smith and Moss",Healthcare,South Africa,Kampala,51-200,2025-06-03,Facebook
CUST04082,Pitts-Miller,Healthcare,Kenya,Johannesburg,1-5,2024-06-26,Sales Team
CUST04083,Roberts Group,Technology,Nigeria,Nairobi,6-10,2024-07-19,Referral
CUST04084,"Torres, Hancock and Hamilton",Healthcare,Kenya,Johannesburg,51-200,2025-06-13,Sales Team
CUST04085,Gonzales-Wells,Professional Services,Rwanda,Accra,1-5,2025-10-25,Facebook
CUST04086,"Mack, Bernard and Adams",Healthcare,Ghana,Lagos,201-500,2026-01-25,Organic Search
CUST04087,Martin and Sons,Logistics,Ghana,Nairobi,51-200,2025-06-28,LinkedIn
CUST04088,Murray PLC,Logistics,Uganda,Mombasa,11-50,2023-10-23,Google Ads
CUST04089,Alvarez Inc,Manufacturing,Tanzania,Kigali,201-500,2023-12-28,Google Ads
CUST04090,Trujillo PLC,Hospitality,South Africa,Dar es Salaam,201-500,2026-01-26,Facebook
CUST04091,"Garcia, Howard and Friedman",Education,Nigeria,Kigali,11-50,2026-07-05,Sales Team
CUST04092,Gibson-Andrade,Real Estate,Nigeria,Lagos,201-500,2025-05-09,Instagram
CUST04093,Hobbs-May,Real Estate,Rwanda,Johannesburg,201-500,2025-04-11,LinkedIn
CUST04094,Soto-Bennett,Healthcare,Ghana,Kigali,201-500,2024-07-25,Referral
CUST04095,Daniel-Walker,Professional Services,Tanzania,Dar es Salaam,201-500,2026-01-24,Referral
CUST04096,Holloway Ltd,Technology,South Africa,Nairobi,1-5,2025-07-09,Google Ads
CUST04097,Davis-Duran,Real Estate,Uganda,Johannesburg,6-10,2024-06-30,Organic Search
CUST04098,Zhang-Douglas,Manufacturing,Tanzania,Nakuru,51-200,2024-07-06,Organic Search
CUST04099,"Moore, Simmons and Mora",Technology,Kenya,Mombasa,51-200,2025-11-01,Google Ads
CUST04100,"James, Hamilton and Combs",Education,Nigeria,Nairobi,6-10,2026-08-03,Sales Team
CUST04101,"Lyons, Hall and Nelson",Hospitality,Rwanda,Dar es Salaam,6-10,2025-08-17,Sales Team
CUST04102,"Anderson, Watson and Sanford",Construction,Kenya,Lagos,201-500,2026-02-03,Referral
CUST04103,Mccormick-Carter,Technology,Tanzania,Johannesburg,1-5,2025-03-21,Sales Team
CUST04104,Curry-Snow,Manufacturing,Kenya,Nairobi,1-5,2026-06-11,Referral
CUST04105,"Atkinson, Romero and Valdez",Construction,Tanzania,Lagos,201-500,2025-03-10,Referral
CUST04106,Walker-Peterson,Construction,Kenya,Kampala,51-200,2024-01-10,Sales Team
CUST04107,"Petersen, Garner and Fry",Healthcare,South Africa,Lagos,201-500,2024-02-17,Sales Team
CUST04108,"Nelson, Yang and Moody",Education,Rwanda,Kigali,1-5,2026-06-24,Partner
CUST04109,Harris-Orr,Education,Tanzania,Kisumu,1-5,2026-01-24,Referral
CUST04110,Bush-Merritt,Technology,Rwanda,Dar es Salaam,51-200,2024-08-01,LinkedIn
CUST04111,"Mendez, Taylor and Sullivan",Technology,Ghana,Nairobi,201-500,2025-07-30,LinkedIn
CUST04112,"Bell, Mercado and Martin",Healthcare,South Africa,Dar es Salaam,6-10,2025-12-24,Instagram
CUST04113,"Hall, Roth and Kaiser",Logistics,South Africa,Johannesburg,1-5,2024-10-11,Sales Team
CUST04114,Mitchell-Young,Construction,Uganda,Dar es Salaam,11-50,2024-11-28,Sales Team
CUST04115,Branch-Willis,Education,South Africa,Kisumu,6-10,2024-08-23,Sales Team
CUST04116,"Hanson, Green and Barber",Technology,Nigeria,Kampala,1-5,2023-11-09,Google Ads
CUST04117,"Mills, Gray and Mathis",Education,Nigeria,Dar es Salaam,201-500,2024-08-02,Partner
CUST04118,Davis LLC,Hospitality,Kenya,Nairobi,51-200,2025-02-09,Facebook
CUST04119,Villarreal PLC,Construction,Kenya,Kisumu,6-10,2024-05-11,Referral
CUST04120,Wilson-Johnson,Construction,South Africa,Accra,51-200,2026-02-26,LinkedIn
CUST04121,"Williams, Perry and Hunt",Manufacturing,Tanzania,Kigali,6-10,2026-06-09,Partner
CUST04122,"Knight, Knight and Collier",Real Estate,Kenya,Kigali,1-5,2024-03-27,Google Ads
CUST04123,Martin-Vega,Professional Services,Uganda,Kampala,1-5,2025-12-13,Google Ads
CUST04124,Robinson-Chapman,Technology,South Africa,Lagos,11-50,2026-06-25,Sales Team
CUST04125,"Quinn, Collins and White",Retail,Kenya,Lagos,1-5,2026-01-13,Google Ads
CUST04126,Rodriguez-Williams,Manufacturing,Ghana,Lagos,51-200,2026-06-05,LinkedIn
CUST04127,Cooke-Taylor,Manufacturing,Ghana,Kisumu,6-10,2025-08-06,Google Ads
CUST04128,Hicks Group,Construction,Ghana,Johannesburg,11-50,2024-06-09,LinkedIn
CUST04129,Hardy Ltd,Retail,South Africa,Kampala,51-200,2026-01-06,Facebook
CUST04130,Acosta-Williams,Education,South Africa,Kampala,6-10,2025-04-01,Sales Team
CUST04131,"Black, Woods and Sanchez",Professional Services,Uganda,Mombasa,6-10,2024-10-29,Organic Search
CUST04132,Griffin and Sons,Hospitality,Ghana,Kampala,6-10,2024-07-28,LinkedIn
CUST04133,Henderson PLC,Technology,Uganda,Kigali,11-50,2024-04-14,Sales Team
CUST04134,Robinson PLC,Logistics,Kenya,Accra,201-500,2024-05-24,Partner
CUST04135,Nichols LLC,Construction,Tanzania,Kampala,201-500,2025-10-11,Facebook
CUST04136,Anderson Group,Healthcare,Uganda,Mombasa,201-500,2025-03-06,Instagram
CUST04137,"Grimes, Morales and Wright",Logistics,Tanzania,Kampala,11-50,2024-04-29,Referral
CUST04138,Lee Group,Retail,Kenya,Kigali,11-50,2024-04-02,Referral
CUST04139,Knight Inc,Technology,Tanzania,Accra,11-50,2026-08-02,Facebook
CUST04140,Johnson-Bailey,Hospitality,South Africa,Mombasa,1-5,2025-05-31,Facebook
CUST04141,"Chavez, Harris and Young",Hospitality,Uganda,Accra,11-50,2025-05-26,LinkedIn
CUST04142,"Perry, Thompson and Alexander",Real Estate,Nigeria,Mombasa,51-200,2025-10-16,LinkedIn
CUST04143,Jenkins Group,Education,South Africa,Nakuru,6-10,2024-02-23,Referral
CUST04144,"Phillips, Davis and Foster",Construction,Rwanda,Kisumu,1-5,2024-04-19,Instagram
CUST04145,Le-Baker,Logistics,Ghana,Kigali,6-10,2025-04-08,Google Ads
CUST04146,Meyer-Morris,Manufacturing,Tanzania,Nairobi,201-500,2024-06-12,Organic Search
CUST04147,"Harrison, Huffman and Smith",Professional Services,Ghana,Kigali,6-10,2026-03-07,Organic Search
CUST04148,"Ryan, Garcia and Spears",Healthcare,Tanzania,Nakuru,1-5,2024-02-22,Sales Team
CUST04149,Lopez Inc,Real Estate,South Africa,Nakuru,11-50,2026-04-17,Facebook
CUST04150,Smith Ltd,Healthcare,Ghana,Nakuru,11-50,2025-03-31,Instagram
CUST04151,"Mclaughlin, Hanna and Thompson",Healthcare,Kenya,Nairobi,1-5,2025-01-21,Google Ads
CUST04152,Macdonald-Walker,Education,Rwanda,Accra,201-500,2025-05-18,Referral
CUST04153,"Santiago, Serrano and Copeland",Logistics,Kenya,Kigali,11-50,2026-06-21,Facebook
CUST04154,Boyer LLC,Healthcare,Tanzania,Kampala,11-50,2024-05-12,Referral
CUST04155,"Howard, Chase and Miranda",Healthcare,Rwanda,Nairobi,201-500,2025-09-10,Instagram
CUST04156,Terrell-Donaldson,Logistics,Tanzania,Mombasa,51-200,2026-08-03,Instagram
CUST04157,Barajas Inc,Manufacturing,Nigeria,Lagos,1-5,2024-04-03,Organic Search
CUST04158,Kennedy-Dominguez,Technology,Uganda,Johannesburg,1-5,2025-11-23,Facebook
CUST04159,Walters-Bentley,Logistics,Rwanda,Lagos,201-500,2024-09-03,Referral
CUST04160,Blake Group,Logistics,Nigeria,Kigali,201-500,2025-03-17,Sales Team
CUST04161,"Peterson, Morris and Zimmerman",Real Estate,Ghana,Lagos,6-10,2024-06-01,Organic Search
CUST04162,"Love, Barber and Williams",Healthcare,Tanzania,Accra,201-500,2025-08-01,Facebook
CUST04163,Bartlett-Stewart,Manufacturing,Kenya,Kampala,51-200,2023-11-28,Facebook
CUST04164,Mckay-Fisher,Healthcare,Rwanda,Nakuru,1-5,2024-11-04,Google Ads
CUST04165,Chang Inc,Real Estate,Ghana,Kigali,11-50,2023-11-15,Facebook
CUST04166,"Cameron, Lee and Gill",Healthcare,Uganda,Nakuru,201-500,2024-12-05,Instagram
CUST04167,Johnson Group,Real Estate,Rwanda,Kisumu,201-500,2024-11-04,Instagram
CUST04168,Payne-Murray,Hospitality,Ghana,Mombasa,6-10,2024-04-24,Google Ads
CUST04169,Olson-Garcia,Logistics,Rwanda,Nairobi,51-200,2025-06-21,Facebook
CUST04170,Bailey Group,Real Estate,Uganda,Kisumu,201-500,2024-02-08,Organic Search
CUST04171,Page Inc,Real Estate,Ghana,Nakuru,6-10,2025-02-19,Facebook
CUST04172,"Lester, Molina and Norman",Professional Services,Kenya,Mombasa,1-5,2024-06-12,Facebook
CUST04173,"Washington, Meyer and Gutierrez",Hospitality,Uganda,Nairobi,1-5,2026-06-16,Google Ads
CUST04174,Bell-Stone,Logistics,Rwanda,Accra,51-200,2024-11-04,Sales Team
CUST04175,"Luna, Pollard and Cross",Professional Services,Kenya,Nairobi,201-500,2025-06-29,LinkedIn
CUST04176,Clark Ltd,Education,Kenya,Nairobi,201-500,2025-07-02,Google Ads
CUST04177,Gray Group,Healthcare,Uganda,Dar es Salaam,51-200,2025-11-05,Google Ads
CUST04178,Phillips LLC,Healthcare,Kenya,Nakuru,201-500,2024-04-08,Referral
CUST04179,Higgins PLC,Technology,Nigeria,Nakuru,1-5,2023-11-14,Organic Search
CUST04180,"Garza, Walsh and Jimenez",Manufacturing,Tanzania,Kigali,201-500,2024-06-14,Facebook
CUST04181,Malone LLC,Hospitality,Tanzania,Kampala,51-200,2023-11-19,Partner
CUST04182,"Harper, Hull and Phillips",Professional Services,Kenya,Nairobi,6-10,2026-04-27,Organic Search
CUST04183,"Gomez, Terry and Osborne",Manufacturing,South Africa,Kigali,6-10,2023-11-14,Organic Search
CUST04184,Waters-Bell,Technology,South Africa,Kampala,11-50,2024-03-18,Sales Team
CUST04185,Waller PLC,Manufacturing,South Africa,Mombasa,11-50,2025-08-01,Organic Search
CUST04186,Barajas-Shaw,Retail,Rwanda,Kigali,51-200,2025-06-14,Sales Team
CUST04187,Blanchard Inc,Healthcare,Kenya,Mombasa,1-5,2024-04-22,Sales Team
CUST04188,Russell PLC,Technology,Tanzania,Mombasa,1-5,2024-10-08,Instagram
CUST04189,"Lawrence, Cooper and Delgado",Healthcare,Kenya,Accra,201-500,2026-04-11,Partner
CUST04190,"Herman, Miller and Silva",Professional Services,Rwanda,Johannesburg,201-500,2026-07-09,Referral
CUST04191,"Thompson, Li and Rojas",Real Estate,Rwanda,Nairobi,201-500,2023-11-01,Organic Search
CUST04192,Zamora PLC,Technology,South Africa,Lagos,6-10,2026-02-20,Sales Team
CUST04193,"Baker, Wagner and Long",Education,Ghana,Nakuru,11-50,2024-01-28,Facebook
CUST04194,May-Hudson,Education,Ghana,Johannesburg,201-500,2025-10-21,Sales Team
CUST04195,"Norton, Hill and Decker",Construction,Rwanda,Johannesburg,51-200,2023-11-15,Organic Search
CUST04196,"Wallace, Reed and Valentine",Logistics,Uganda,Lagos,51-200,2024-09-09,Google Ads
CUST04197,Ward-Lin,Manufacturing,Ghana,Accra,201-500,2025-12-31,Google Ads
CUST04198,Norton and Sons,Technology,Kenya,Dar es Salaam,201-500,2026-06-08,Sales Team
CUST04199,"Lopez, Gray and Stanley",Construction,Tanzania,Accra,1-5,2023-10-18,LinkedIn
CUST04200,Noble-Johnson,Education,Kenya,Johannesburg,6-10,2025-01-18,Facebook
CUST04201,Garcia PLC,Retail,Kenya,Kisumu,51-200,2026-07-14,Partner
CUST04202,"Chapman, Mckenzie and Carter",Manufacturing,South Africa,Lagos,201-500,2024-02-21,Facebook
CUST04203,Harris Inc,Education,Kenya,Kampala,1-5,2025-09-10,Organic Search
CUST04204,"Patterson, Morrison and Clark",Real Estate,Tanzania,Kisumu,1-5,2024-05-21,LinkedIn
CUST04205,James and Sons,Technology,Tanzania,Lagos,11-50,2024-06-18,Google Ads
CUST04206,Strong-Foster,Manufacturing,Rwanda,Accra,11-50,2024-11-29,Google Ads
CUST04207,Herrera Ltd,Construction,Rwanda,Kampala,51-200,2024-02-09,Facebook
CUST04208,Vargas Inc,Professional Services,Kenya,Lagos,201-500,2025-11-09,Facebook
CUST04209,Wood-Austin,Healthcare,Kenya,Johannesburg,201-500,2024-03-04,Sales Team
CUST04210,Dean PLC,Construction,Rwanda,Kampala,6-10,2025-07-09,Facebook
CUST04211,"Holland, Sparks and Mercado",Construction,Ghana,Accra,11-50,2026-08-04,Google Ads
CUST04212,Grimes-Carter,Manufacturing,Kenya,Kampala,11-50,2023-12-09,Referral
CUST04213,Mcknight Ltd,Construction,Kenya,Lagos,11-50,2024-02-18,Referral
CUST04214,"Vega, Liu and West",Technology,Rwanda,Nairobi,11-50,2024-08-11,Sales Team
CUST04215,Boyer-Dickson,Logistics,Uganda,Nairobi,201-500,2023-10-20,Facebook
CUST04216,Brown-Gonzalez,Construction,South Africa,Dar es Salaam,51-200,2025-10-01,Organic Search
CUST04217,Grant-Larson,Real Estate,Kenya,Nairobi,1-5,2025-09-02,Sales Team
CUST04218,Steele-Garcia,Hospitality,Nigeria,Dar es Salaam,51-200,2024-05-25,Referral
CUST04219,"Wright, Ward and Williams",Retail,Rwanda,Kisumu,6-10,2024-07-18,Facebook
CUST04220,Tapia PLC,Healthcare,South Africa,Accra,6-10,2023-12-28,Facebook
CUST04221,Hayes Group,Logistics,Ghana,Dar es Salaam,11-50,2023-12-03,Organic Search
CUST04222,"Snyder, Jenkins and Rogers",Retail,Kenya,Accra,201-500,2024-03-19,Facebook
CUST04223,Silva-Smith,Construction,Nigeria,Kampala,51-200,2024-02-13,Instagram
CUST04224,"Harvey, Richards and Farrell",Professional Services,Uganda,Kigali,1-5,2026-01-16,Sales Team
CUST04225,Perez and Sons,Logistics,South Africa,Dar es Salaam,1-5,2024-08-07,LinkedIn
CUST04226,"Chandler, Koch and Lyons",Professional Services,Kenya,Dar es Salaam,201-500,2025-06-10,Organic Search
CUST04227,"Weaver, Francis and Austin",Professional Services,Kenya,Johannesburg,11-50,2025-06-11,Organic Search
CUST04228,"Alexander, Larson and Matthews",Real Estate,Uganda,Accra,1-5,2026-03-16,Google Ads
CUST04229,Rodriguez-May,Technology,Uganda,Kigali,1-5,2024-07-30,Organic Search
CUST04230,Castillo-Higgins,Technology,Uganda,Accra,1-5,2025-10-26,Facebook
CUST04231,"Rodriguez, Johnson and Bauer",Hospitality,Kenya,Nairobi,51-200,2025-12-29,Google Ads
CUST04232,Lee-Cooper,Education,Ghana,Dar es Salaam,1-5,2023-10-27,Organic Search
CUST04233,Young-Duffy,Manufacturing,Tanzania,Mombasa,201-500,2024-12-18,Referral
CUST04234,Charles Group,Logistics,Nigeria,Dar es Salaam,11-50,2023-10-15,Instagram
CUST04235,"Stokes, Johnson and Ward",Construction,South Africa,Johannesburg,201-500,2025-11-23,LinkedIn
CUST04236,Vaughan-Reeves,Education,Ghana,Lagos,201-500,2024-06-17,Instagram
CUST04237,"Benson, Walsh and Melendez",Education,Tanzania,Kisumu,201-500,2025-02-06,Referral
CUST04238,"Price, Wood and Padilla",Healthcare,Rwanda,Mombasa,51-200,2025-04-01,Google Ads
CUST04239,Duke-Arnold,Real Estate,South Africa,Lagos,6-10,2024-09-20,LinkedIn
CUST04240,"Cook, Martin and Patterson",Hospitality,South Africa,Kampala,201-500,2024-10-19,Google Ads
CUST04241,"Clark, Carter and Kennedy",Hospitality,South Africa,Mombasa,1-5,2025-06-19,Referral
CUST04242,Perry-Davis,Technology,Kenya,Kisumu,11-50,2024-03-10,Sales Team
CUST04243,"Ferguson, Robinson and Schneider",Hospitality,Nigeria,Kisumu,1-5,2023-12-09,LinkedIn
CUST04244,Clark PLC,Healthcare,Uganda,Dar es Salaam,51-200,2024-03-09,Referral
CUST04245,Shaw-Caldwell,Logistics,South Africa,Nakuru,11-50,2024-12-19,Facebook
CUST04246,Simpson LLC,Education,Ghana,Nairobi,51-200,2026-02-23,Referral
CUST04247,Anderson and Sons,Logistics,Rwanda,Nairobi,51-200,2023-11-17,LinkedIn
CUST04248,Duran-Taylor,Hospitality,Ghana,Lagos,6-10,2024-02-28,Referral
CUST04249,Humphrey-Mullins,Healthcare,Ghana,Lagos,6-10,2024-09-15,Referral
CUST04250,"Berg, Shields and Rodriguez",Construction,Tanzania,Nakuru,51-200,2024-03-10,Referral
CUST04251,Garcia-Mcdaniel,Education,Uganda,Lagos,1-5,2024-08-22,Partner
CUST04252,"Simmons, Fisher and Rogers",Technology,Kenya,Accra,51-200,2024-01-03,Referral
CUST04253,"Walker, Torres and Thomas",Retail,Rwanda,Dar es Salaam,51-200,2024-07-05,Partner
CUST04254,"Bass, Hoffman and Miles",Technology,Kenya,Dar es Salaam,51-200,2024-12-07,Facebook
CUST04255,Sanders Inc,Hospitality,Ghana,Kisumu,1-5,2024-01-05,Organic Search
CUST04256,Williams LLC,Logistics,Tanzania,Dar es Salaam,1-5,2026-07-26,Organic Search
CUST04257,Ford LLC,Manufacturing,Nigeria,Kampala,1-5,2024-03-18,Google Ads
CUST04258,Reynolds Inc,Hospitality,Kenya,Mombasa,1-5,2023-10-17,LinkedIn
CUST04259,Hensley-Santana,Logistics,Rwanda,Mombasa,201-500,2024-05-31,Organic Search
CUST04260,"Anderson, Velazquez and Brooks",Construction,Tanzania,Kampala,51-200,2025-07-22,Sales Team
CUST04261,"Hawkins, Smith and Nguyen",Retail,Nigeria,Kisumu,6-10,2024-03-05,Organic Search
CUST04262,Walker PLC,Education,Nigeria,Johannesburg,11-50,2026-07-11,Instagram
CUST04263,"Hayes, Lopez and Conley",Technology,South Africa,Kampala,1-5,2025-02-02,Facebook
CUST04264,Ryan-Austin,Retail,Kenya,Kisumu,6-10,2025-05-05,LinkedIn
CUST04265,Smith-Freeman,Technology,South Africa,Johannesburg,11-50,2024-01-16,Organic Search
CUST04266,Reid Ltd,Retail,Uganda,Kigali,1-5,2026-08-16,Google Ads
CUST04267,Ward Ltd,Technology,Kenya,Dar es Salaam,6-10,2025-01-18,Facebook
CUST04268,Phillips-Key,Technology,South Africa,Johannesburg,11-50,2026-08-23,LinkedIn
CUST04269,"Smith, Garcia and Jones",Real Estate,Tanzania,Nairobi,51-200,2026-05-13,Referral
CUST04270,Ingram and Sons,Retail,South Africa,Accra,1-5,2026-04-18,LinkedIn
CUST04271,Riley-Hudson,Hospitality,South Africa,Kisumu,51-200,2024-01-17,Organic Search
CUST04272,Williams-Cardenas,Technology,Nigeria,Johannesburg,11-50,2024-06-24,Organic Search
CUST04273,"Vargas, Bates and Perez",Hospitality,Nigeria,Mombasa,1-5,2025-06-25,Organic Search
CUST04274,Jones-Smith,Education,Tanzania,Johannesburg,6-10,2026-03-30,Referral
CUST04275,"White, Miller and Hernandez",Retail,Uganda,Johannesburg,1-5,2025-09-04,Organic Search
CUST04276,Casey Inc,Healthcare,Tanzania,Kisumu,1-5,2025-10-07,Instagram
CUST04277,Walker LLC,Education,Kenya,Lagos,201-500,2025-08-03,Referral
CUST04278,"Allen, Rocha and Ray",Professional Services,Kenya,Lagos,11-50,2025-08-21,Google Ads
CUST04279,Best-Poole,Hospitality,Nigeria,Dar es Salaam,201-500,2024-10-29,Facebook
CUST04280,Sanchez-Bailey,Logistics,Tanzania,Dar es Salaam,6-10,2025-11-27,Partner
CUST04281,"Burton, Brady and Gardner",Real Estate,Tanzania,Kisumu,1-5,2024-05-15,Partner
CUST04282,"Norman, Thornton and Guerra",Education,Kenya,Nairobi,1-5,2025-05-20,Sales Team
CUST04283,Bishop-Moore,Manufacturing,Ghana,Johannesburg,1-5,2026-05-07,Organic Search
CUST04284,Weeks Group,Education,Ghana,Kigali,201-500,2023-12-25,Organic Search
CUST04285,"Moran, Jackson and Davis",Professional Services,Ghana,Kigali,51-200,2026-04-19,LinkedIn
CUST04286,Wilson-Black,Healthcare,Kenya,Nakuru,51-200,2026-01-15,Referral
CUST04287,"Miller, Wilson and Green",Construction,Nigeria,Nakuru,6-10,2024-06-22,Referral
CUST04288,"Pham, Moore and Tanner",Healthcare,Ghana,Dar es Salaam,6-10,2024-12-14,Organic Search
CUST04289,Odom and Sons,Retail,Rwanda,Accra,51-200,2025-11-22,Sales Team
CUST04290,Hernandez-Reese,Construction,Tanzania,Dar es Salaam,1-5,2026-07-03,Instagram
CUST04291,Horne-Long,Construction,Nigeria,Dar es Salaam,1-5,2023-12-29,Google Ads
CUST04292,Hughes-Wilson,Manufacturing,Uganda,Kigali,11-50,2026-08-05,Referral
CUST04293,"Thomas, Lewis and Maxwell",Construction,Rwanda,Kisumu,11-50,2025-10-16,Google Ads
CUST04294,Harris LLC,Manufacturing,Ghana,Kampala,6-10,2024-10-17,Organic Search
CUST04295,Williams and Sons,Construction,Nigeria,Johannesburg,6-10,2024-02-11,Instagram
CUST04296,Owens Ltd,Hospitality,Tanzania,Dar es Salaam,1-5,2024-05-26,Google Ads
CUST04297,Hill-Lee,Retail,Nigeria,Nairobi,201-500,2024-03-08,Organic Search
CUST04298,"Taylor, Cooper and Williams",Education,South Africa,Nairobi,11-50,2024-08-17,Instagram
CUST04299,Lewis-Waters,Retail,Nigeria,Lagos,201-500,2026-08-23,Sales Team
CUST04300,Patterson-Mcintyre,Logistics,Tanzania,Nakuru,1-5,2026-03-25,Facebook
CUST04301,Smith Ltd,Professional Services,Kenya,Kigali,51-200,2026-02-28,LinkedIn
CUST04302,Harris LLC,Hospitality,South Africa,Kisumu,201-500,2026-02-16,Organic Search
CUST04303,Miller-Burnett,Healthcare,Nigeria,Dar es Salaam,51-200,2025-07-16,Partner
CUST04304,Hanson PLC,Real Estate,Ghana,Lagos,51-200,2026-03-31,Partner
CUST04305,Lewis PLC,Real Estate,South Africa,Kisumu,1-5,2023-10-02,Facebook
CUST04306,Odonnell and Sons,Real Estate,Nigeria,Johannesburg,51-200,2024-03-23,Referral
CUST04307,Brown PLC,Construction,Rwanda,Nairobi,6-10,2024-10-17,Instagram
CUST04308,Fischer Ltd,Education,Nigeria,Kisumu,1-5,2025-06-02,Facebook
CUST04309,"Jones, Simmons and Cowan",Manufacturing,Tanzania,Dar es Salaam,201-500,2026-07-19,Facebook
CUST04310,Carter-Allen,Professional Services,Tanzania,Accra,51-200,2025-09-30,Organic Search
CUST04311,"Rosario, Lopez and Barnes",Real Estate,Uganda,Nairobi,51-200,2024-10-22,Google Ads
CUST04312,Watson and Sons,Professional Services,South Africa,Dar es Salaam,6-10,2025-05-11,Instagram
CUST04313,Herman-Estrada,Logistics,Kenya,Kisumu,6-10,2026-03-31,Sales Team
CUST04314,Ortega LLC,Construction,Kenya,Johannesburg,6-10,2026-02-05,Google Ads
CUST04315,Marshall PLC,Technology,Ghana,Mombasa,201-500,2025-11-26,LinkedIn
CUST04316,"Chavez, Jimenez and Sullivan",Retail,Nigeria,Dar es Salaam,201-500,2024-02-26,Google Ads
CUST04317,"Bowen, Carey and Shaw",Education,Kenya,Mombasa,201-500,2024-05-10,Sales Team
CUST04318,"Sosa, Mcgee and Williams",Hospitality,Ghana,Dar es Salaam,11-50,2026-06-01,Google Ads
CUST04319,Navarro LLC,Real Estate,Tanzania,Johannesburg,51-200,2025-07-24,LinkedIn
CUST04320,Mason Group,Construction,Nigeria,Mombasa,51-200,2025-04-04,Organic Search
CUST04321,"Miller, Barker and Ward",Retail,South Africa,Dar es Salaam,6-10,2025-09-09,LinkedIn
CUST04322,Santana and Sons,Logistics,South Africa,Johannesburg,6-10,2023-11-20,Google Ads
CUST04323,Kennedy Group,Logistics,Rwanda,Johannesburg,6-10,2024-08-15,LinkedIn
CUST04324,"Wilson, White and Beck",Construction,South Africa,Lagos,11-50,2023-10-01,Partner
CUST04325,Bauer-Williams,Healthcare,South Africa,Nairobi,1-5,2025-08-07,Facebook
CUST04326,"Bowen, King and Matthews",Construction,Nigeria,Accra,6-10,2024-08-14,Organic Search
CUST04327,Fleming-Scott,Retail,Uganda,Lagos,6-10,2024-04-28,Referral
CUST04328,Owen Ltd,Logistics,Uganda,Nakuru,6-10,2025-09-16,Facebook
CUST04329,Fuentes-Robinson,Retail,Tanzania,Mombasa,11-50,2024-12-04,Referral
CUST04330,"Bates, Gonzalez and Flores",Manufacturing,Tanzania,Nakuru,6-10,2025-08-24,Google Ads
CUST04331,Bartlett PLC,Professional Services,Rwanda,Dar es Salaam,201-500,2025-11-01,Instagram
CUST04332,Robinson-Schwartz,Retail,Nigeria,Kisumu,1-5,2023-11-20,Facebook
CUST04333,Mason-Whitney,Retail,Nigeria,Nakuru,1-5,2025-05-07,Referral
CUST04334,"Herman, Rowe and Sosa",Construction,Uganda,Kisumu,6-10,2023-12-26,LinkedIn
CUST04335,"Lewis, Robinson and Phillips",Manufacturing,Tanzania,Kisumu,1-5,2026-07-04,Instagram
CUST04336,Rowland Ltd,Technology,Nigeria,Nakuru,1-5,2025-09-16,Facebook
CUST04337,Reilly-Hall,Logistics,Kenya,Kigali,11-50,2025-02-11,Organic Search
CUST04338,Moreno-Walker,Education,Tanzania,Kigali,6-10,2026-02-06,Organic Search
CUST04339,"Campbell, Horton and Harris",Retail,Tanzania,Johannesburg,6-10,2026-07-17,LinkedIn
CUST04340,"Marks, Alexander and Moore",Manufacturing,Rwanda,Dar es Salaam,51-200,2026-03-27,Google Ads
CUST04341,Gardner-Clay,Real Estate,Ghana,Nakuru,6-10,2024-06-09,Google Ads
CUST04342,"Delacruz, Cox and Martinez",Retail,Nigeria,Kisumu,201-500,2026-07-01,Google Ads
CUST04343,Oliver-Page,Education,Nigeria,Mombasa,51-200,2024-10-18,Referral
CUST04344,Paul-Boone,Education,South Africa,Johannesburg,1-5,2024-10-13,Facebook
CUST04345,Snyder-Dominguez,Real Estate,Nigeria,Lagos,6-10,2026-03-20,Google Ads
CUST04346,"Martin, Baker and Lynch",Retail,Tanzania,Nakuru,201-500,2024-08-24,Referral
CUST04347,Rose Inc,Professional Services,Ghana,Kigali,51-200,2024-02-22,Facebook
CUST04348,"Smith, Li and Perry",Construction,Ghana,Mombasa,6-10,2026-06-03,Google Ads
CUST04349,Carr Group,Education,Rwanda,Nairobi,201-500,2026-07-06,Organic Search
CUST04350,"Long, Castillo and Wilson",Technology,Rwanda,Lagos,11-50,2026-05-13,Sales Team
CUST04351,Martin and Sons,Education,Rwanda,Nairobi,51-200,2026-07-22,Instagram
CUST04352,"Taylor, Anderson and Turner",Education,Uganda,Mombasa,201-500,2025-04-26,Sales Team
CUST04353,"Lopez, Thompson and Blair",Technology,Tanzania,Nairobi,11-50,2026-08-12,Referral
CUST04354,Rodgers Ltd,Healthcare,Tanzania,Nairobi,51-200,2024-01-25,Sales Team
CUST04355,Walters-Watts,Education,Uganda,Kampala,201-500,2026-03-27,Instagram
CUST04356,Hamilton PLC,Hospitality,Ghana,Kigali,11-50,2026-04-26,Organic Search
CUST04357,Gray-Hansen,Healthcare,Nigeria,Johannesburg,51-200,2023-10-08,Facebook
CUST04358,"Brewer, Marshall and Leblanc",Manufacturing,Uganda,Kisumu,6-10,2026-05-05,Sales Team
CUST04359,"Williams, Schmidt and Graham",Construction,Rwanda,Mombasa,1-5,2025-04-15,Referral
CUST04360,"Hicks, Kennedy and Lawrence",Construction,Tanzania,Nakuru,51-200,2024-12-13,Facebook
CUST04361,"Gross, Henson and Berger",Technology,Nigeria,Lagos,11-50,2025-04-25,Referral
CUST04362,Crawford and Sons,Construction,Kenya,Lagos,201-500,2024-05-17,Organic Search
CUST04363,Sullivan-Morgan,Logistics,Nigeria,Accra,201-500,2025-04-20,Google Ads
CUST04364,Martinez-Moreno,Real Estate,Rwanda,Kisumu,6-10,2025-02-14,Referral
CUST04365,Herrera Group,Professional Services,Nigeria,Johannesburg,201-500,2025-01-22,Sales Team
CUST04366,Perez-York,Healthcare,Uganda,Nakuru,201-500,2026-08-14,Partner
CUST04367,"Banks, Robinson and Rogers",Hospitality,Uganda,Kampala,51-200,2024-10-29,Facebook
CUST04368,Porter PLC,Technology,Nigeria,Nairobi,11-50,2026-08-09,Instagram
CUST04369,Henry-Franco,Hospitality,Uganda,Kampala,6-10,2024-10-20,Organic Search
CUST04370,"Shea, Castillo and Parsons",Hospitality,Kenya,Mombasa,11-50,2024-04-18,LinkedIn
CUST04371,"Murphy, Kelly and Francis",Education,Kenya,Dar es Salaam,11-50,2025-12-03,Partner
CUST04372,Sims PLC,Manufacturing,South Africa,Kigali,201-500,2024-10-30,Referral
CUST04373,Walker-Sandoval,Manufacturing,Tanzania,Accra,51-200,2025-11-28,Referral
CUST04374,Johnson-Stokes,Technology,Uganda,Dar es Salaam,6-10,2024-02-12,Sales Team
CUST04375,Shannon-Clark,Technology,Ghana,Accra,11-50,2025-12-18,Sales Team
CUST04376,Taylor and Sons,Education,Nigeria,Johannesburg,201-500,2025-07-06,Sales Team
CUST04377,Harris and Sons,Professional Services,Rwanda,Nakuru,11-50,2026-05-06,Facebook
CUST04378,Smith-Anderson,Professional Services,Uganda,Dar es Salaam,11-50,2025-10-11,Partner
CUST04379,"Green, Brown and Davis",Retail,Ghana,Nairobi,201-500,2026-01-14,Partner
CUST04380,"Gonzalez, Hernandez and Best",Real Estate,Tanzania,Lagos,1-5,2024-11-13,Partner
CUST04381,White-Meyer,Construction,South Africa,Kigali,201-500,2023-12-28,Facebook
CUST04382,"Davidson, Campbell and Williams",Technology,South Africa,Dar es Salaam,201-500,2025-04-23,Sales Team
CUST04383,Simon Ltd,Education,Tanzania,Accra,6-10,2025-11-03,Google Ads
CUST04384,Hicks-Brown,Hospitality,Kenya,Accra,11-50,2024-03-23,Facebook
CUST04385,Golden Inc,Hospitality,Tanzania,Johannesburg,1-5,2025-06-27,Referral
CUST04386,"Prince, Hansen and Allen",Construction,Rwanda,Mombasa,11-50,2025-03-29,Organic Search
CUST04387,"Villa, Malone and Harris",Healthcare,Nigeria,Lagos,201-500,2026-04-27,Instagram
CUST04388,Rubio-King,Hospitality,South Africa,Kisumu,51-200,2024-10-24,Google Ads
CUST04389,Mcbride-Wood,Healthcare,South Africa,Dar es Salaam,11-50,2025-11-11,Instagram
CUST04390,"Macias, Robinson and Mccall",Retail,Rwanda,Johannesburg,51-200,2024-12-01,Instagram
CUST04391,Hartman-Flowers,Manufacturing,Uganda,Mombasa,1-5,2023-11-17,Organic Search
CUST04392,Lee-Burns,Logistics,Nigeria,Mombasa,51-200,2025-03-30,Partner
CUST04393,Brown-Stephens,Construction,Uganda,Mombasa,1-5,2026-06-23,Partner
CUST04394,"Norton, Brown and Prince",Logistics,Rwanda,Mombasa,201-500,2025-05-18,Referral
CUST04395,"Edwards, Stewart and Gonzalez",Technology,Uganda,Nakuru,11-50,2024-04-13,Referral
CUST04396,"Preston, Matthews and Berry",Construction,Rwanda,Lagos,51-200,2025-11-14,Referral
CUST04397,Curtis Ltd,Healthcare,South Africa,Accra,1-5,2025-10-01,Google Ads
CUST04398,Taylor and Sons,Manufacturing,Uganda,Kisumu,1-5,2024-03-30,Sales Team
CUST04399,Wilson Group,Technology,Nigeria,Kisumu,6-10,2025-12-08,LinkedIn
CUST04400,Harper LLC,Manufacturing,Rwanda,Kisumu,201-500,2025-01-30,Sales Team
CUST04401,"Tanner, Perkins and Wells",Education,Nigeria,Dar es Salaam,51-200,2025-12-14,Instagram
CUST04402,Logan-Chang,Hospitality,Rwanda,Nairobi,1-5,2024-03-11,Referral
CUST04403,Banks-Wood,Retail,Nigeria,Nairobi,11-50,2025-03-16,Facebook
CUST04404,Patel-Torres,Manufacturing,Ghana,Mombasa,1-5,2024-11-27,Partner
CUST04405,"Powers, Shepherd and Lam",Technology,Nigeria,Lagos,1-5,2024-11-24,Organic Search
CUST04406,Lozano-Chapman,Retail,Uganda,Accra,6-10,2025-01-20,Facebook
CUST04407,Cunningham LLC,Professional Services,Tanzania,Kisumu,11-50,2026-01-12,LinkedIn
CUST04408,Stein-Campos,Hospitality,Kenya,Kigali,1-5,2024-06-03,Referral
CUST04409,Ellis-Pitts,Hospitality,Ghana,Mombasa,6-10,2025-01-22,Sales Team
CUST04410,Bartlett-Mccarty,Logistics,South Africa,Mombasa,51-200,2025-07-31,Facebook
CUST04411,Levy-Garcia,Retail,Uganda,Mombasa,6-10,2024-05-26,Sales Team
CUST04412,Morgan-Pena,Real Estate,Tanzania,Dar es Salaam,6-10,2024-01-21,Sales Team
CUST04413,"Anderson, Smith and Keller",Construction,Nigeria,Nairobi,201-500,2024-05-28,Facebook
CUST04414,Joyce-Hamilton,Real Estate,Nigeria,Accra,6-10,2024-11-24,Partner
CUST04415,Salazar-Rodriguez,Construction,Nigeria,Dar es Salaam,201-500,2025-07-05,Partner
CUST04416,"Davis, Gay and White",Hospitality,Uganda,Kisumu,6-10,2026-05-16,Facebook
CUST04417,Wilkins-King,Manufacturing,Uganda,Johannesburg,6-10,2023-11-11,Facebook
CUST04418,Haynes Ltd,Retail,Tanzania,Dar es Salaam,51-200,2026-07-20,Instagram
CUST04419,"Henderson, Reilly and Smith",Technology,Uganda,Kisumu,6-10,2024-11-01,Sales Team
CUST04420,Parker Ltd,Education,Kenya,Lagos,11-50,2024-07-02,Organic Search
CUST04421,Butler PLC,Manufacturing,Rwanda,Mombasa,1-5,2024-03-15,LinkedIn
CUST04422,Ford and Sons,Retail,Ghana,Kisumu,51-200,2025-04-12,LinkedIn
CUST04423,"Davis, Jarvis and Christian",Professional Services,South Africa,Lagos,6-10,2025-12-02,Instagram
CUST04424,Hamilton PLC,Education,Kenya,Mombasa,1-5,2024-05-06,LinkedIn
CUST04425,Parker Ltd,Professional Services,Uganda,Kigali,1-5,2024-02-27,Partner
CUST04426,"Allen, King and Parker",Logistics,Uganda,Lagos,201-500,2026-07-26,Facebook
CUST04427,Young Ltd,Professional Services,South Africa,Accra,51-200,2024-09-24,Referral
CUST04428,Anderson-Aguilar,Logistics,South Africa,Kampala,51-200,2024-08-22,LinkedIn
CUST04429,Tucker Group,Hospitality,Tanzania,Accra,11-50,2024-01-12,Facebook
CUST04430,Manning PLC,Construction,Uganda,Nakuru,6-10,2026-04-02,Facebook
CUST04431,"Martin, Snyder and Acosta",Construction,Nigeria,Lagos,1-5,2023-12-16,Google Ads
CUST04432,Jensen-Gonzalez,Real Estate,Tanzania,Kampala,6-10,2026-02-02,Partner
CUST04433,Campos PLC,Logistics,Nigeria,Johannesburg,6-10,2023-10-13,Facebook
CUST04434,Marks PLC,Construction,Nigeria,Dar es Salaam,51-200,2026-03-26,Organic Search
CUST04435,Young-Morris,Education,Uganda,Johannesburg,11-50,2024-02-26,Instagram
CUST04436,"Carlson, Vasquez and Delgado",Technology,Nigeria,Nairobi,51-200,2026-06-22,Instagram
CUST04437,"Delacruz, Brady and Gray",Manufacturing,South Africa,Nakuru,1-5,2023-11-30,Google Ads
CUST04438,"Vincent, Murray and Olson",Logistics,Kenya,Kampala,51-200,2024-05-25,LinkedIn
CUST04439,Salazar Inc,Healthcare,Kenya,Nakuru,1-5,2025-06-23,LinkedIn
CUST04440,Lester PLC,Technology,Uganda,Lagos,11-50,2026-04-13,Google Ads
CUST04441,Knight-Nelson,Logistics,Tanzania,Kisumu,1-5,2026-01-19,Google Ads
CUST04442,Jones LLC,Hospitality,South Africa,Kigali,6-10,2026-05-13,Sales Team
CUST04443,"Cooper, Lewis and Dean",Retail,Ghana,Kampala,51-200,2026-04-01,Instagram
CUST04444,Walker Ltd,Real Estate,South Africa,Accra,11-50,2026-05-21,Sales Team
CUST04445,Buchanan LLC,Professional Services,Tanzania,Kampala,51-200,2023-10-20,Organic Search
CUST04446,Pena-Campos,Technology,Tanzania,Kampala,201-500,2026-03-08,Google Ads
CUST04447,Carter-Young,Construction,Nigeria,Mombasa,11-50,2025-06-11,Google Ads
CUST04448,Hall-Adams,Education,Nigeria,Kampala,1-5,2024-01-31,Google Ads
CUST04449,Powers LLC,Real Estate,South Africa,Dar es Salaam,11-50,2026-08-20,Sales Team
CUST04450,"York, Schroeder and Miller",Healthcare,Kenya,Johannesburg,1-5,2025-08-06,Sales Team
CUST04451,Dawson-Dougherty,Real Estate,Uganda,Johannesburg,11-50,2025-10-03,LinkedIn
CUST04452,Fernandez-Castaneda,Logistics,Rwanda,Dar es Salaam,6-10,2026-07-14,Organic Search
CUST04453,Acosta Group,Manufacturing,South Africa,Nairobi,6-10,2025-01-30,Organic Search
CUST04454,Arnold LLC,Healthcare,Uganda,Kigali,6-10,2024-02-11,Organic Search
CUST04455,Crawford-Nelson,Professional Services,Ghana,Accra,1-5,2026-06-01,Facebook
CUST04456,Ramos and Sons,Professional Services,Uganda,Kampala,1-5,2024-04-28,Instagram
CUST04457,Thompson LLC,Real Estate,Uganda,Kigali,201-500,2025-10-03,Sales Team
CUST04458,"Bush, Haney and Peterson",Manufacturing,Ghana,Johannesburg,51-200,2023-11-24,Sales Team
CUST04459,"Cox, Mills and Martinez",Retail,Ghana,Lagos,51-200,2026-04-07,Instagram
CUST04460,Munoz Group,Professional Services,Uganda,Kigali,51-200,2026-05-08,LinkedIn
CUST04461,Carlson Group,Hospitality,Kenya,Johannesburg,6-10,2025-06-30,Facebook
CUST04462,"Brock, Ramirez and Tran",Manufacturing,Nigeria,Kigali,1-5,2025-09-07,LinkedIn
CUST04463,Palmer PLC,Technology,Nigeria,Johannesburg,201-500,2024-03-18,LinkedIn
CUST04464,Collins-Dixon,Logistics,Rwanda,Dar es Salaam,6-10,2024-01-29,Instagram
CUST04465,"Williams, Mccullough and Cox",Real Estate,Nigeria,Kampala,6-10,2025-05-03,Google Ads
CUST04466,Torres PLC,Real Estate,Kenya,Kigali,11-50,2025-01-24,Referral
CUST04467,Elliott-Nelson,Hospitality,Kenya,Lagos,201-500,2026-05-22,Partner
CUST04468,Neal PLC,Construction,Uganda,Mombasa,6-10,2024-10-10,Organic Search
CUST04469,Martinez-Clark,Construction,Kenya,Johannesburg,1-5,2025-06-16,Partner
CUST04470,Holt-Perez,Retail,South Africa,Dar es Salaam,51-200,2024-10-18,Sales Team
CUST04471,"Hurley, Martinez and Wilson",Healthcare,Tanzania,Johannesburg,51-200,2026-07-13,Referral
CUST04472,Miller-Shelton,Manufacturing,Kenya,Nairobi,1-5,2024-11-28,Facebook
CUST04473,Ross-Peters,Education,Ghana,Accra,51-200,2026-06-20,Referral
CUST04474,Baker LLC,Healthcare,Ghana,Kigali,51-200,2026-07-27,Sales Team
CUST04475,"Briggs, Hicks and Bender",Healthcare,Ghana,Accra,201-500,2025-05-21,LinkedIn
CUST04476,Francis PLC,Healthcare,Kenya,Kigali,6-10,2024-01-15,Sales Team
CUST04477,Ryan-Crawford,Technology,Rwanda,Nairobi,11-50,2026-06-26,Partner
CUST04478,Sharp-King,Retail,Kenya,Kigali,6-10,2025-08-05,Partner
CUST04479,"Cruz, Mcdaniel and Ford",Technology,Nigeria,Nakuru,51-200,2026-05-27,Instagram
CUST04480,Wright-Baird,Retail,Ghana,Kigali,11-50,2025-03-15,Sales Team
CUST04481,Johnson-Thomas,Real Estate,Uganda,Accra,51-200,2024-05-08,Google Ads
CUST04482,"Kelley, Tanner and Livingston",Professional Services,Nigeria,Johannesburg,11-50,2024-07-02,Facebook
CUST04483,"Stone, Duncan and Bennett",Real Estate,Nigeria,Kigali,6-10,2024-11-28,Partner
CUST04484,"Wells, Jennings and Branch",Hospitality,Kenya,Dar es Salaam,201-500,2024-06-10,LinkedIn
CUST04485,Rogers-Hodges,Retail,Uganda,Dar es Salaam,11-50,2026-07-18,Google Ads
CUST04486,Simmons-Berry,Construction,Ghana,Kisumu,51-200,2024-02-22,Sales Team
CUST04487,Huang Inc,Hospitality,Rwanda,Kampala,6-10,2025-07-23,Google Ads
CUST04488,Martinez LLC,Technology,Ghana,Kampala,201-500,2024-04-01,Partner
CUST04489,"Lane, Mcdowell and Quinn",Real Estate,Rwanda,Dar es Salaam,11-50,2024-06-01,Sales Team
CUST04490,Soto-Cunningham,Education,Uganda,Kampala,11-50,2026-04-29,Referral
CUST04491,Anderson Ltd,Healthcare,Nigeria,Nakuru,11-50,2025-05-19,Referral
CUST04492,"Farmer, Flores and Campbell",Professional Services,South Africa,Kampala,201-500,2025-08-19,Google Ads
CUST04493,Clark-Rivera,Education,Ghana,Johannesburg,201-500,2025-05-11,Instagram
CUST04494,Wilson Group,Real Estate,Uganda,Kampala,11-50,2025-01-19,LinkedIn
CUST04495,"Carr, Gomez and Gonzalez",Healthcare,Uganda,Johannesburg,11-50,2025-06-01,Sales Team
CUST04496,"Wright, Stewart and King",Healthcare,Kenya,Lagos,201-500,2024-12-22,Facebook
CUST04497,Morgan Inc,Construction,Uganda,Nairobi,201-500,2024-03-09,Partner
CUST04498,"Holmes, Gardner and Watson",Logistics,Rwanda,Kisumu,201-500,2025-12-19,LinkedIn
CUST04499,"Chaney, Reese and Castillo",Hospitality,Ghana,Lagos,201-500,2025-07-16,Referral
CUST04500,Leonard-Odonnell,Professional Services,Uganda,Kisumu,1-5,2024-10-24,Organic Search
CUST04501,Cole and Sons,Real Estate,Rwanda,Kisumu,1-5,2025-05-10,Facebook
CUST04502,"Alvarez, Warren and Kennedy",Professional Services,South Africa,Accra,1-5,2024-08-19,LinkedIn
CUST04503,"Harris, Smith and Baldwin",Technology,Tanzania,Lagos,11-50,2025-12-19,Instagram
CUST04504,Parks-Hampton,Healthcare,Nigeria,Kigali,11-50,2026-07-03,Partner
CUST04505,Barrett Inc,Manufacturing,South Africa,Johannesburg,6-10,2026-06-21,Facebook
CUST04506,Francis-Branch,Retail,Uganda,Nairobi,1-5,2024-03-23,Referral
CUST04507,"Pineda, Todd and Oliver",Healthcare,Ghana,Kigali,11-50,2023-12-19,Sales Team
CUST04508,"Jackson, Jones and Lawson",Professional Services,Uganda,Johannesburg,6-10,2024-12-16,Organic Search
CUST04509,Kelly-Wall,Retail,Uganda,Dar es Salaam,1-5,2024-12-22,Facebook
CUST04510,Harrell-Alexander,Professional Services,Uganda,Accra,11-50,2024-09-14,Sales Team
CUST04511,Baldwin and Sons,Technology,Ghana,Johannesburg,51-200,2024-12-10,Instagram
CUST04512,Martinez Group,Technology,Ghana,Dar es Salaam,51-200,2024-01-05,Organic Search
CUST04513,Weaver Ltd,Logistics,Rwanda,Mombasa,201-500,2026-04-13,Instagram
CUST04514,"Garcia, Burke and Chapman",Professional Services,Tanzania,Dar es Salaam,201-500,2025-06-17,Referral
CUST04515,Martinez-Schaefer,Hospitality,Tanzania,Dar es Salaam,51-200,2026-04-04,Sales Team
CUST04516,Bauer and Sons,Hospitality,Kenya,Mombasa,6-10,2024-08-23,Partner
CUST04517,Martin Group,Retail,Uganda,Kampala,6-10,2024-01-07,Instagram
CUST04518,Ward-Hall,Education,Uganda,Kisumu,1-5,2026-02-11,Instagram
CUST04519,"Jones, Smith and Robinson",Hospitality,Tanzania,Accra,11-50,2024-05-13,Facebook
CUST04520,Mcclure and Sons,Healthcare,Rwanda,Nakuru,1-5,2024-09-13,Organic Search
CUST04521,Graham Group,Healthcare,Uganda,Accra,201-500,2024-01-15,Sales Team
CUST04522,Lucas-Gill,Logistics,Nigeria,Kigali,201-500,2025-04-08,Organic Search
CUST04523,Rodriguez Ltd,Retail,Ghana,Dar es Salaam,6-10,2023-12-25,Referral
CUST04524,Lucas-White,Education,South Africa,Johannesburg,1-5,2025-12-25,Facebook
CUST04525,Hamilton Inc,Professional Services,Nigeria,Accra,51-200,2024-07-26,Referral
CUST04526,Burns-Watson,Professional Services,Rwanda,Kampala,6-10,2024-10-28,Organic Search
CUST04527,"Davis, Jensen and Page",Healthcare,Uganda,Dar es Salaam,1-5,2024-12-28,Facebook
CUST04528,Hughes-Daniel,Hospitality,Ghana,Dar es Salaam,1-5,2025-11-15,Facebook
CUST04529,"Herrera, Butler and Dean",Construction,South Africa,Lagos,201-500,2025-05-16,Referral
CUST04530,Palmer-Martinez,Education,Rwanda,Dar es Salaam,6-10,2026-06-25,LinkedIn
CUST04531,Harrell Group,Technology,Nigeria,Kisumu,6-10,2025-05-04,Instagram
CUST04532,"Vance, Cook and Edwards",Construction,Ghana,Kisumu,201-500,2024-09-27,Instagram
CUST04533,Porter and Sons,Retail,Uganda,Nairobi,6-10,2025-11-10,Partner
CUST04534,Wilson PLC,Education,Ghana,Mombasa,6-10,2025-06-15,Instagram
CUST04535,"Mack, Morgan and Smith",Retail,Uganda,Nairobi,6-10,2025-08-11,Instagram
CUST04536,Leon PLC,Healthcare,Rwanda,Accra,51-200,2026-02-03,Google Ads
CUST04537,Morrison-Thomas,Professional Services,Nigeria,Kigali,51-200,2025-02-01,Partner
CUST04538,Hunt-Maldonado,Retail,Rwanda,Kigali,6-10,2023-10-06,LinkedIn
CUST04539,Powell-Morrison,Real Estate,Ghana,Dar es Salaam,11-50,2024-02-21,Instagram
CUST04540,Medina-Simmons,Retail,Uganda,Kampala,11-50,2026-07-14,Instagram
CUST04541,"Cohen, Pierce and Daugherty",Retail,Kenya,Kisumu,6-10,2024-10-17,Referral
CUST04542,Kim Inc,Manufacturing,Uganda,Nakuru,1-5,2024-10-12,Instagram
CUST04543,Bowen PLC,Healthcare,Nigeria,Kisumu,1-5,2026-08-15,Facebook
CUST04544,Hawkins-Yates,Logistics,Tanzania,Accra,1-5,2023-12-02,Organic Search
CUST04545,Montoya-Hamilton,Professional Services,Rwanda,Kisumu,6-10,2026-04-01,Facebook
CUST04546,"Thomas, Rice and Cunningham",Healthcare,Kenya,Dar es Salaam,1-5,2024-08-17,LinkedIn
CUST04547,Banks Inc,Education,South Africa,Kampala,201-500,2025-01-02,LinkedIn
CUST04548,Larson PLC,Professional Services,South Africa,Accra,51-200,2025-02-06,Partner
CUST04549,Park PLC,Healthcare,Rwanda,Mombasa,201-500,2026-06-02,Facebook
CUST04550,Richardson-Hale,Healthcare,Kenya,Kigali,11-50,2026-03-18,Instagram
CUST04551,"Wong, Parks and Olson",Logistics,South Africa,Accra,6-10,2025-09-14,LinkedIn
CUST04552,Lucas LLC,Construction,Tanzania,Lagos,1-5,2026-02-10,Facebook
CUST04553,"Benitez, Glenn and Copeland",Construction,Tanzania,Johannesburg,1-5,2023-10-29,Partner
CUST04554,Armstrong-Wong,Education,Rwanda,Lagos,11-50,2025-09-07,Referral
CUST04555,Peterson-Rhodes,Logistics,Nigeria,Kisumu,6-10,2025-03-05,LinkedIn
CUST04556,Ramos-Nichols,Hospitality,Nigeria,Nakuru,51-200,2024-09-01,Google Ads
CUST04557,White-Reid,Construction,Kenya,Kisumu,1-5,2024-03-17,Google Ads
CUST04558,"Stephens, Bean and Wall",Retail,Kenya,Lagos,51-200,2026-05-20,Organic Search
CUST04559,Porter-Carter,Hospitality,Nigeria,Dar es Salaam,201-500,2025-09-14,Sales Team
CUST04560,"Perez, Werner and Trevino",Real Estate,Kenya,Mombasa,51-200,2025-08-21,Organic Search
CUST04561,Powell LLC,Manufacturing,Tanzania,Nairobi,6-10,2025-05-21,Facebook
CUST04562,Mills Group,Technology,Kenya,Johannesburg,201-500,2025-12-05,Referral
CUST04563,Wu-Jones,Technology,Uganda,Johannesburg,11-50,2023-10-08,Google Ads
CUST04564,Smith Group,Manufacturing,Kenya,Kisumu,6-10,2024-10-25,Facebook
CUST04565,Burke Inc,Manufacturing,Rwanda,Kampala,6-10,2025-12-02,Instagram
CUST04566,"Beltran, Carpenter and Roberts",Logistics,Rwanda,Kisumu,6-10,2024-03-17,Organic Search
CUST04567,Jenkins and Sons,Technology,South Africa,Kampala,6-10,2023-11-04,Facebook
CUST04568,"Nguyen, Thomas and Davidson",Professional Services,Rwanda,Kisumu,51-200,2025-02-22,Partner
CUST04569,"Walker, Turner and Gallegos",Healthcare,Ghana,Kigali,6-10,2024-07-04,Instagram
CUST04570,Gutierrez-Lee,Retail,Nigeria,Lagos,6-10,2025-08-11,Instagram
CUST04571,"Foster, Underwood and Stone",Healthcare,Tanzania,Kampala,51-200,2025-02-27,Organic Search
CUST04572,Stewart Inc,Healthcare,Ghana,Lagos,51-200,2025-04-06,Partner
CUST04573,Chen-Hodge,Retail,Tanzania,Accra,1-5,2024-11-15,Facebook
CUST04574,Novak Inc,Retail,South Africa,Dar es Salaam,201-500,2025-02-28,Sales Team
CUST04575,Howell-West,Logistics,Nigeria,Dar es Salaam,1-5,2026-04-07,Partner
CUST04576,"Jacobson, Ryan and Coleman",Hospitality,South Africa,Accra,51-200,2024-07-24,Referral
CUST04577,Coleman-Hawkins,Real Estate,Nigeria,Kisumu,51-200,2025-06-04,Sales Team
CUST04578,"Norman, Valencia and Perez",Hospitality,Uganda,Johannesburg,11-50,2024-10-29,Sales Team
CUST04579,Dillon and Sons,Hospitality,Tanzania,Kisumu,51-200,2024-10-19,LinkedIn
CUST04580,Rowe-Howard,Manufacturing,Tanzania,Kisumu,6-10,2025-03-27,Partner
CUST04581,Reeves-Johnston,Real Estate,Uganda,Nairobi,51-200,2025-08-25,Google Ads
CUST04582,Bauer-Hooper,Education,Tanzania,Lagos,1-5,2025-11-16,Facebook
CUST04583,Hunt-Johnson,Real Estate,Uganda,Nairobi,11-50,2026-08-10,Facebook
CUST04584,"Price, George and Sutton",Construction,Ghana,Kampala,1-5,2026-01-12,Google Ads
CUST04585,Suarez-Ibarra,Technology,South Africa,Kigali,6-10,2026-07-09,Organic Search
CUST04586,"Miles, Conley and Watson",Construction,Ghana,Dar es Salaam,11-50,2025-04-18,Sales Team
CUST04587,Allen Group,Hospitality,Rwanda,Nakuru,51-200,2024-01-14,Facebook
CUST04588,Massey-Scott,Education,Uganda,Johannesburg,11-50,2023-12-09,Facebook
CUST04589,Odom-Martin,Retail,Rwanda,Kigali,1-5,2024-10-13,Partner
CUST04590,Mcdaniel PLC,Healthcare,Ghana,Lagos,1-5,2025-12-24,Partner
CUST04591,Nixon PLC,Professional Services,Uganda,Nakuru,1-5,2024-03-25,Instagram
CUST04592,Gates Inc,Logistics,South Africa,Nairobi,1-5,2026-06-13,Referral
CUST04593,Andrews and Sons,Real Estate,Ghana,Nakuru,6-10,2026-07-07,Google Ads
CUST04594,"Bryan, Williams and Hernandez",Professional Services,Uganda,Kisumu,1-5,2024-08-07,Facebook
CUST04595,Jones LLC,Professional Services,Tanzania,Kampala,201-500,2024-11-02,Google Ads
CUST04596,Murray LLC,Technology,Ghana,Kisumu,51-200,2024-08-20,Sales Team
CUST04597,Miranda-Howell,Logistics,Rwanda,Kigali,11-50,2026-02-27,Organic Search
CUST04598,Hodge PLC,Professional Services,South Africa,Johannesburg,1-5,2024-09-07,Partner
CUST04599,"Jones, Woodward and Lee",Healthcare,Ghana,Lagos,1-5,2025-04-26,Sales Team
CUST04600,"Graham, Pitts and Smith",Healthcare,Tanzania,Kisumu,1-5,2026-02-28,Organic Search
CUST04601,Hunter PLC,Education,Uganda,Johannesburg,201-500,2026-04-18,LinkedIn
CUST04602,Flores and Sons,Manufacturing,Nigeria,Lagos,51-200,2025-10-18,Instagram
CUST04603,Farmer Inc,Technology,Ghana,Dar es Salaam,51-200,2026-03-27,Sales Team
CUST04604,Newman PLC,Healthcare,South Africa,Kigali,11-50,2026-05-31,Google Ads
CUST04605,"Morrison, Boyer and Espinoza",Real Estate,Rwanda,Kisumu,6-10,2024-04-16,Referral
CUST04606,Love PLC,Construction,Kenya,Johannesburg,6-10,2025-05-18,Sales Team
CUST04607,Smith Inc,Construction,Uganda,Mombasa,6-10,2023-11-13,Facebook
CUST04608,Wagner-Williams,Retail,Tanzania,Mombasa,1-5,2023-10-31,Referral
CUST04609,"Stuart, Potter and Krause",Construction,Ghana,Kampala,201-500,2025-06-08,Instagram
CUST04610,"Freeman, Jordan and Yu",Professional Services,Tanzania,Accra,201-500,2026-01-29,Google Ads
CUST04611,"Beck, Parker and Alvarado",Professional Services,Rwanda,Johannesburg,51-200,2024-11-04,Facebook
CUST04612,"Fowler, Davis and Franco",Education,Ghana,Johannesburg,201-500,2024-08-07,Referral
CUST04613,Huynh-Madden,Real Estate,Nigeria,Lagos,1-5,2026-01-06,Facebook
CUST04614,"Jones, Williams and Lee",Logistics,Nigeria,Nakuru,1-5,2024-08-30,Organic Search
CUST04615,Bush Inc,Retail,Uganda,Kigali,51-200,2025-07-22,Sales Team
CUST04616,"Jacobson, Davidson and Williams",Retail,Nigeria,Kisumu,1-5,2026-05-10,Organic Search
CUST04617,"Pratt, Wilkins and Henderson",Retail,Tanzania,Nakuru,6-10,2024-04-08,Partner
CUST04618,"Ellison, Kerr and Nunez",Hospitality,Ghana,Kigali,6-10,2023-12-04,Google Ads
CUST04619,Fowler-Ellis,Retail,Tanzania,Nairobi,11-50,2025-05-26,Facebook
CUST04620,Hill-Friedman,Healthcare,Uganda,Lagos,6-10,2025-01-22,Organic Search
CUST04621,Carpenter Inc,Technology,Ghana,Kisumu,51-200,2023-11-26,Facebook
CUST04622,Duffy-Brown,Real Estate,South Africa,Johannesburg,1-5,2025-09-08,Organic Search
CUST04623,Bender and Sons,Manufacturing,Rwanda,Lagos,51-200,2026-03-29,Facebook
CUST04624,"Conner, Pearson and Hendrix",Manufacturing,South Africa,Kigali,6-10,2024-02-27,Instagram
CUST04625,"Owens, Nelson and Bennett",Construction,South Africa,Lagos,6-10,2024-04-23,Sales Team
CUST04626,Taylor LLC,Hospitality,Uganda,Accra,51-200,2026-06-27,Google Ads
CUST04627,"Mccormick, Zamora and Chase",Logistics,Tanzania,Mombasa,201-500,2023-12-07,Sales Team
CUST04628,Wells-Hall,Construction,Rwanda,Accra,1-5,2025-07-21,Instagram
CUST04629,Levine-Ruiz,Education,Ghana,Kampala,1-5,2024-08-04,Organic Search
CUST04630,Daniels PLC,Professional Services,Uganda,Kisumu,201-500,2026-04-03,Facebook
CUST04631,Preston and Sons,Hospitality,Uganda,Johannesburg,6-10,2025-11-15,Google Ads
CUST04632,Morgan-Williams,Logistics,South Africa,Lagos,6-10,2023-12-12,Partner
CUST04633,Howard PLC,Construction,Rwanda,Johannesburg,1-5,2024-07-07,LinkedIn
CUST04634,White-Diaz,Technology,Nigeria,Nairobi,51-200,2025-10-30,LinkedIn
CUST04635,Greene-Stewart,Manufacturing,Rwanda,Mombasa,1-5,2024-07-03,Sales Team
CUST04636,Cox-Hardin,Technology,South Africa,Johannesburg,6-10,2024-09-14,Organic Search
CUST04637,Ruiz-Adkins,Logistics,Ghana,Mombasa,11-50,2024-07-19,Instagram
CUST04638,"Powers, Perkins and Morgan",Professional Services,Ghana,Kisumu,51-200,2025-03-24,LinkedIn
CUST04639,Hutchinson Inc,Education,Kenya,Accra,201-500,2024-11-12,Google Ads
CUST04640,Martinez-Ball,Technology,Ghana,Kigali,201-500,2025-01-09,Instagram
CUST04641,Williams Group,Logistics,Nigeria,Kampala,11-50,2026-08-14,LinkedIn
CUST04642,"Norris, Mack and Compton",Construction,Nigeria,Nairobi,6-10,2025-08-10,Sales Team
CUST04643,Thompson PLC,Education,Tanzania,Kigali,201-500,2026-03-28,Sales Team
CUST04644,"Warren, Foley and Sanchez",Construction,Ghana,Dar es Salaam,201-500,2026-01-31,Google Ads
CUST04645,Stanley-Steele,Construction,Tanzania,Accra,6-10,2025-05-07,Referral
CUST04646,"Harrison, Butler and Williams",Real Estate,Ghana,Johannesburg,201-500,2024-04-13,Facebook
CUST04647,Sweeney-Stewart,Technology,Tanzania,Nakuru,201-500,2024-04-29,Referral
CUST04648,"Baker, Chandler and Oliver",Education,Nigeria,Nairobi,51-200,2025-12-18,Referral
CUST04649,Smith-Moses,Construction,Ghana,Johannesburg,1-5,2024-05-12,LinkedIn
CUST04650,Camacho-Mcneil,Healthcare,Nigeria,Accra,6-10,2026-01-10,Sales Team
CUST04651,Vasquez Group,Education,Ghana,Kampala,1-5,2026-08-24,LinkedIn
CUST04652,Bell Group,Real Estate,Ghana,Kigali,51-200,2025-02-22,Organic Search
CUST04653,Porter Group,Logistics,Kenya,Lagos,201-500,2024-05-27,LinkedIn
CUST04654,Morgan Group,Healthcare,Nigeria,Accra,11-50,2025-12-26,Partner
CUST04655,Harper PLC,Real Estate,South Africa,Johannesburg,11-50,2026-02-16,Sales Team
CUST04656,"Brown, Conley and Bass",Healthcare,Kenya,Lagos,6-10,2025-11-03,Referral
CUST04657,Fisher-Smith,Professional Services,Rwanda,Accra,6-10,2025-06-24,Referral
CUST04658,"Cabrera, Reed and Sandoval",Manufacturing,Ghana,Dar es Salaam,6-10,2025-02-24,Sales Team
CUST04659,Erickson LLC,Real Estate,Ghana,Lagos,1-5,2025-04-19,Sales Team
CUST04660,Cox LLC,Healthcare,South Africa,Johannesburg,201-500,2024-08-11,Organic Search
CUST04661,Walker-Adams,Healthcare,Tanzania,Dar es Salaam,1-5,2026-06-18,Facebook
CUST04662,Flores-Lee,Logistics,South Africa,Kigali,1-5,2026-04-03,Partner
CUST04663,"Gray, Chambers and Keller",Construction,Kenya,Nairobi,6-10,2025-01-20,Sales Team
CUST04664,West-Valdez,Construction,Rwanda,Nairobi,51-200,2025-06-09,Sales Team
CUST04665,"Sheppard, Peck and Meyer",Healthcare,Ghana,Johannesburg,1-5,2024-12-12,Organic Search
CUST04666,Graham Ltd,Logistics,Uganda,Kampala,201-500,2024-02-02,Referral
CUST04667,Young-Chavez,Technology,Ghana,Mombasa,6-10,2025-02-19,Organic Search
CUST04668,Morrow LLC,Logistics,Ghana,Johannesburg,201-500,2025-09-01,Instagram
CUST04669,Norton-Burns,Retail,Tanzania,Accra,11-50,2025-01-07,Instagram
CUST04670,Johnson Inc,Real Estate,Ghana,Accra,11-50,2025-11-18,Google Ads
CUST04671,Stein-Holmes,Logistics,Tanzania,Kigali,6-10,2024-01-08,Organic Search
CUST04672,"Day, Rivera and Smith",Construction,Rwanda,Dar es Salaam,1-5,2025-09-17,Organic Search
CUST04673,Bradshaw Group,Retail,Uganda,Nairobi,11-50,2023-11-28,Sales Team
CUST04674,"Moore, Huff and Moon",Education,Kenya,Johannesburg,201-500,2026-08-15,Partner
CUST04675,Butler Group,Hospitality,Kenya,Dar es Salaam,51-200,2024-01-16,Referral
CUST04676,Pacheco LLC,Professional Services,Ghana,Kampala,201-500,2026-04-07,Instagram
CUST04677,"Stone, Johnson and Wilson",Manufacturing,Ghana,Kampala,51-200,2025-02-13,LinkedIn
CUST04678,Gomez-Jackson,Real Estate,Kenya,Lagos,51-200,2026-02-03,Organic Search
CUST04679,"Henderson, Clark and Murray",Professional Services,Ghana,Accra,6-10,2024-03-27,Sales Team
CUST04680,Casey Ltd,Retail,Kenya,Mombasa,6-10,2024-08-17,Sales Team
CUST04681,"Mills, Cochran and Miller",Technology,Nigeria,Mombasa,1-5,2024-09-12,Instagram
CUST04682,"Reynolds, Foster and Hanson",Healthcare,Tanzania,Kampala,11-50,2024-11-20,Facebook
CUST04683,"Nixon, James and English",Real Estate,Ghana,Nairobi,51-200,2024-09-13,LinkedIn
CUST04684,"Gallegos, King and Park",Healthcare,Nigeria,Dar es Salaam,51-200,2023-11-17,Sales Team
CUST04685,"Erickson, Peters and Warner",Technology,Uganda,Kampala,1-5,2024-09-08,Sales Team
CUST04686,Pena Inc,Construction,South Africa,Kisumu,1-5,2024-04-13,Partner
CUST04687,Sherman-Reyes,Technology,Ghana,Johannesburg,51-200,2026-06-26,LinkedIn
CUST04688,Lam Inc,Construction,Tanzania,Kigali,6-10,2024-02-15,Facebook
CUST04689,"Miller, Coffey and Martin",Construction,Kenya,Johannesburg,1-5,2024-03-25,Partner
CUST04690,Bailey-Hardy,Hospitality,Uganda,Kampala,51-200,2024-06-25,Organic Search
CUST04691,"Lambert, Hernandez and Watts",Healthcare,Rwanda,Kampala,51-200,2024-01-16,Sales Team
CUST04692,"Castaneda, Burton and Thompson",Healthcare,Ghana,Kampala,11-50,2024-08-11,Partner
CUST04693,Freeman PLC,Real Estate,Uganda,Johannesburg,51-200,2023-10-26,Partner
CUST04694,"Sanders, Barnett and Scott",Construction,Kenya,Nakuru,201-500,2024-09-22,Instagram
CUST04695,Morrison and Sons,Technology,Kenya,Accra,1-5,2025-02-15,Facebook
CUST04696,Doyle-Miller,Healthcare,Tanzania,Dar es Salaam,6-10,2025-06-17,Google Ads
CUST04697,Morris-Macdonald,Construction,Nigeria,Johannesburg,1-5,2026-05-19,Organic Search
CUST04698,"Jordan, Gilbert and Butler",Hospitality,Rwanda,Kisumu,6-10,2025-06-12,Google Ads
CUST04699,"Miller, Ortiz and Fox",Professional Services,Nigeria,Accra,6-10,2023-11-16,Facebook
CUST04700,Howell-Yang,Manufacturing,Rwanda,Kisumu,51-200,2026-03-14,Referral
CUST04701,"Lewis, Rodriguez and Garner",Logistics,Nigeria,Lagos,6-10,2024-08-01,Partner
CUST04702,"James, Miles and Harris",Logistics,Tanzania,Dar es Salaam,201-500,2024-06-18,Partner
CUST04703,Allen PLC,Construction,Uganda,Johannesburg,11-50,2026-04-07,Facebook
CUST04704,"Mcpherson, Erickson and Olson",Technology,Uganda,Dar es Salaam,1-5,2025-09-22,Sales Team
CUST04705,Saunders Ltd,Professional Services,Ghana,Dar es Salaam,51-200,2024-02-22,Partner
CUST04706,Velasquez and Sons,Real Estate,Kenya,Accra,1-5,2024-05-22,Organic Search
CUST04707,Carr-Garcia,Technology,Kenya,Lagos,1-5,2024-06-19,Partner
CUST04708,"Kennedy, Riley and Shaffer",Healthcare,Ghana,Mombasa,11-50,2026-03-24,LinkedIn
CUST04709,Jones-Wagner,Manufacturing,Tanzania,Kampala,51-200,2024-04-06,Instagram
CUST04710,Gallagher-Bowers,Technology,Nigeria,Nakuru,11-50,2025-01-24,Facebook
CUST04711,Blevins-Medina,Healthcare,Rwanda,Lagos,11-50,2025-02-08,Google Ads
CUST04712,Castaneda-Levy,Manufacturing,Kenya,Dar es Salaam,201-500,2024-03-17,Referral
CUST04713,Castillo-Erickson,Real Estate,Rwanda,Nakuru,11-50,2025-07-09,Referral
CUST04714,Horn PLC,Real Estate,Uganda,Nairobi,11-50,2023-12-05,Instagram
CUST04715,"Dorsey, Peterson and Ruiz",Manufacturing,Ghana,Lagos,1-5,2025-12-18,Instagram
CUST04716,"Bailey, Donaldson and Weber",Hospitality,Kenya,Lagos,6-10,2026-05-01,Sales Team
CUST04717,Higgins-Grant,Professional Services,South Africa,Mombasa,6-10,2024-09-14,Instagram
CUST04718,Acevedo-Matthews,Logistics,Ghana,Kisumu,51-200,2025-06-04,Organic Search
CUST04719,"Stephens, Richard and Smith",Logistics,Rwanda,Lagos,201-500,2024-08-01,Facebook
CUST04720,Fisher PLC,Logistics,Kenya,Dar es Salaam,6-10,2026-01-08,LinkedIn
CUST04721,"Howell, Shaw and Day",Logistics,Rwanda,Nakuru,1-5,2024-04-20,Referral
CUST04722,"Robinson, Nichols and Johnson",Logistics,Rwanda,Kisumu,11-50,2026-01-21,Google Ads
CUST04723,Becker Ltd,Technology,Uganda,Mombasa,51-200,2026-08-24,Referral
CUST04724,Morrison Inc,Education,Tanzania,Nakuru,11-50,2025-01-15,Instagram
CUST04725,"Medina, Garcia and Sanchez",Manufacturing,South Africa,Lagos,1-5,2025-11-19,Google Ads
CUST04726,Austin PLC,Logistics,Ghana,Mombasa,11-50,2024-04-12,Sales Team
CUST04727,"Morse, Little and Parrish",Manufacturing,Uganda,Kampala,11-50,2025-10-08,Sales Team
CUST04728,Sanders-Atkinson,Manufacturing,Kenya,Accra,51-200,2023-10-22,Sales Team
CUST04729,Herrera-Mcdaniel,Construction,Ghana,Kigali,201-500,2025-05-18,Google Ads
CUST04730,"Acevedo, Rice and Welch",Healthcare,Uganda,Nakuru,51-200,2025-09-12,Facebook
CUST04731,Hudson Group,Real Estate,Ghana,Johannesburg,11-50,2024-06-23,Sales Team
CUST04732,"Sullivan, Bullock and Greene",Education,Tanzania,Dar es Salaam,1-5,2026-04-01,Organic Search
CUST04733,"Wright, Miller and Harris",Retail,Kenya,Nairobi,201-500,2023-11-17,Partner
CUST04734,Brown-Dalton,Manufacturing,Uganda,Johannesburg,1-5,2023-12-15,Instagram
CUST04735,Mills-Richardson,Technology,Uganda,Mombasa,1-5,2026-02-23,Sales Team
CUST04736,Howell Inc,Logistics,Tanzania,Kampala,6-10,2024-08-17,Referral
CUST04737,Maynard Inc,Education,Tanzania,Lagos,201-500,2025-10-09,Referral
CUST04738,Keller PLC,Real Estate,South Africa,Johannesburg,51-200,2025-12-08,Partner
CUST04739,"Norris, Paul and Hardy",Manufacturing,Uganda,Lagos,11-50,2024-08-15,LinkedIn
CUST04740,"Mata, Smith and Barton",Technology,Nigeria,Johannesburg,11-50,2025-10-11,Facebook
CUST04741,"Price, Moody and Salazar",Logistics,Nigeria,Mombasa,201-500,2026-03-18,Organic Search
CUST04742,Moore PLC,Construction,Uganda,Mombasa,51-200,2024-10-08,LinkedIn
CUST04743,Jackson-Thornton,Logistics,Ghana,Mombasa,6-10,2026-04-02,Referral
CUST04744,"Smith, Campos and Rodgers",Logistics,Ghana,Nakuru,201-500,2025-08-23,LinkedIn
CUST04745,"Kane, Barton and Smith",Professional Services,Rwanda,Nairobi,11-50,2025-06-16,Referral
CUST04746,Berg-Garcia,Healthcare,Tanzania,Mombasa,11-50,2026-06-12,Instagram
CUST04747,Johnson and Sons,Education,Rwanda,Kisumu,201-500,2025-08-03,Sales Team
CUST04748,Morris Inc,Logistics,Kenya,Mombasa,6-10,2026-05-24,Instagram
CUST04749,Roberts Inc,Retail,Uganda,Lagos,201-500,2024-01-10,Partner
CUST04750,Adkins-Long,Education,South Africa,Lagos,1-5,2025-12-04,Google Ads
CUST04751,Jennings Inc,Real Estate,Uganda,Johannesburg,51-200,2024-05-17,Google Ads
CUST04752,"Robertson, Henry and Barron",Healthcare,Tanzania,Johannesburg,1-5,2024-09-08,Organic Search
CUST04753,Murphy PLC,Real Estate,Nigeria,Johannesburg,6-10,2024-10-23,Google Ads
CUST04754,Griffin-Elliott,Manufacturing,Rwanda,Johannesburg,1-5,2025-11-15,Partner
CUST04755,Lambert Group,Technology,Uganda,Lagos,51-200,2024-08-05,Sales Team
CUST04756,Phillips-Lewis,Real Estate,Uganda,Nakuru,11-50,2026-03-29,Google Ads
CUST04757,Simmons Inc,Technology,Nigeria,Lagos,201-500,2024-10-11,Organic Search
CUST04758,Allen-Smith,Manufacturing,Nigeria,Nairobi,11-50,2024-10-17,Instagram
CUST04759,Rivera Inc,Construction,Nigeria,Kigali,1-5,2026-08-02,Google Ads
CUST04760,Patrick Group,Professional Services,Ghana,Nakuru,201-500,2026-03-16,Google Ads
CUST04761,"Jimenez, Harris and Fisher",Retail,Uganda,Lagos,6-10,2025-05-04,LinkedIn
CUST04762,Rodriguez-Green,Healthcare,Uganda,Dar es Salaam,11-50,2023-11-29,Google Ads
CUST04763,"Ward, Parker and Logan",Hospitality,Nigeria,Kigali,1-5,2024-01-21,Organic Search
CUST04764,White Inc,Logistics,Tanzania,Lagos,1-5,2025-02-03,Google Ads
CUST04765,Ortega and Sons,Retail,Tanzania,Dar es Salaam,1-5,2023-11-13,Facebook
CUST04766,Lawson PLC,Healthcare,Uganda,Accra,6-10,2023-11-04,Sales Team
CUST04767,"Berg, Kennedy and Adams",Professional Services,Tanzania,Lagos,51-200,2025-07-24,Instagram
CUST04768,Thompson-Yang,Education,South Africa,Kigali,6-10,2024-03-12,LinkedIn
CUST04769,"Dyer, Miller and Rodriguez",Professional Services,Uganda,Dar es Salaam,201-500,2025-01-09,Sales Team
CUST04770,Hawkins-Woods,Real Estate,Uganda,Nakuru,11-50,2024-09-19,Instagram
CUST04771,Bean Ltd,Real Estate,Kenya,Nairobi,11-50,2025-01-29,Partner
CUST04772,"Smith, Glenn and Rodriguez",Education,Kenya,Dar es Salaam,11-50,2025-05-04,LinkedIn
CUST04773,"Mosley, Wallace and Hansen",Hospitality,Kenya,Dar es Salaam,51-200,2024-04-15,Sales Team
CUST04774,Baird Inc,Hospitality,Ghana,Accra,201-500,2025-08-01,Facebook
CUST04775,Clark-Sanchez,Technology,Tanzania,Mombasa,1-5,2024-08-26,Sales Team
CUST04776,"Williams, Rodriguez and Bentley",Healthcare,Uganda,Kigali,201-500,2023-12-07,Organic Search
CUST04777,Franklin-Glover,Construction,South Africa,Lagos,6-10,2025-11-11,LinkedIn
CUST04778,"Gray, Brooks and Stein",Manufacturing,Uganda,Accra,1-5,2025-07-23,Facebook
CUST04779,"Smith, Greene and Soto",Logistics,Ghana,Kigali,51-200,2024-01-02,Sales Team
CUST04780,"Parker, Peters and Anderson",Retail,Tanzania,Nakuru,11-50,2025-10-31,Facebook
CUST04781,Morrow-Shelton,Logistics,Kenya,Kigali,11-50,2023-09-25,Referral
CUST04782,White-Huffman,Professional Services,South Africa,Kigali,1-5,2025-01-17,Organic Search
CUST04783,Spencer LLC,Professional Services,Ghana,Accra,11-50,2025-05-10,Instagram
CUST04784,Sosa Inc,Technology,Ghana,Kampala,51-200,2026-07-28,Referral
CUST04785,"Moore, Reeves and Kelly",Retail,Tanzania,Mombasa,1-5,2025-04-11,Instagram
CUST04786,"James, Morgan and West",Logistics,Ghana,Nairobi,6-10,2025-08-02,LinkedIn
CUST04787,Wilson-Williams,Hospitality,Kenya,Kampala,6-10,2024-04-12,LinkedIn
CUST04788,"Roberts, Perez and Green",Education,Uganda,Kigali,6-10,2025-04-16,Google Ads
CUST04789,Hatfield Ltd,Healthcare,Nigeria,Kampala,11-50,2024-07-23,LinkedIn
CUST04790,Kelly Ltd,Professional Services,Ghana,Johannesburg,6-10,2024-02-14,Partner
CUST04791,Lee Ltd,Hospitality,Kenya,Johannesburg,51-200,2024-01-19,Organic Search
CUST04792,"Acosta, Powers and Stone",Education,Rwanda,Kigali,11-50,2026-05-08,Organic Search
CUST04793,Hester-Johnson,Real Estate,Uganda,Kisumu,201-500,2023-11-29,Referral
CUST04794,Davis PLC,Real Estate,Ghana,Accra,11-50,2025-06-11,Partner
CUST04795,Mcbride Inc,Technology,Kenya,Nakuru,11-50,2026-06-30,LinkedIn
CUST04796,Padilla Group,Construction,South Africa,Accra,1-5,2026-04-29,LinkedIn
CUST04797,Doyle-Morgan,Healthcare,Uganda,Nairobi,51-200,2025-05-02,Google Ads
CUST04798,Simon-Turner,Professional Services,South Africa,Kigali,11-50,2025-05-22,Organic Search
CUST04799,"Stewart, Miranda and Kim",Hospitality,Tanzania,Nakuru,201-500,2024-12-28,Google Ads
CUST04800,"Woods, Ramirez and Gardner",Logistics,Rwanda,Nakuru,201-500,2025-11-07,LinkedIn
CUST04801,Smith-Randolph,Manufacturing,Nigeria,Dar es Salaam,201-500,2025-09-13,Instagram
CUST04802,Underwood-Marquez,Hospitality,Uganda,Kigali,11-50,2024-12-24,LinkedIn
CUST04803,Green and Sons,Manufacturing,Kenya,Kampala,1-5,2025-12-22,Instagram
CUST04804,Stewart-Lopez,Retail,Ghana,Nairobi,201-500,2026-03-02,Google Ads
CUST04805,Hunter-Haley,Technology,Uganda,Lagos,51-200,2024-05-26,Organic Search
CUST04806,Love-Smith,Construction,Ghana,Kisumu,51-200,2025-03-15,Facebook
CUST04807,Jenkins-Jones,Technology,Tanzania,Kisumu,1-5,2025-02-23,Referral
CUST04808,Campos PLC,Professional Services,Nigeria,Kisumu,6-10,2024-05-15,Google Ads
CUST04809,Williams Ltd,Real Estate,Kenya,Dar es Salaam,51-200,2025-07-21,LinkedIn
CUST04810,Hernandez Ltd,Construction,Kenya,Kampala,11-50,2026-01-10,Google Ads
CUST04811,"Allen, Kelly and Carter",Retail,Kenya,Accra,201-500,2026-04-11,Referral
CUST04812,"Bruce, Pratt and Hernandez",Professional Services,Ghana,Nakuru,6-10,2025-11-30,Referral
CUST04813,Curtis LLC,Technology,South Africa,Nakuru,201-500,2024-03-22,Google Ads
CUST04814,Perry Ltd,Retail,Ghana,Accra,201-500,2024-06-17,Referral
CUST04815,Diaz-Lopez,Professional Services,Nigeria,Kisumu,6-10,2024-01-29,Referral
CUST04816,Wright and Sons,Logistics,Rwanda,Nairobi,201-500,2026-04-25,LinkedIn
CUST04817,"Ross, Hill and Herrera",Construction,Nigeria,Kigali,11-50,2025-04-30,Sales Team
CUST04818,Spencer-Keller,Hospitality,Uganda,Kisumu,11-50,2025-01-17,Google Ads
CUST04819,"Stone, Perez and Johnson",Manufacturing,South Africa,Kampala,6-10,2025-12-31,Facebook
CUST04820,"Johnson, Jackson and Collins",Healthcare,Kenya,Kampala,6-10,2025-10-09,Facebook
CUST04821,"Stanton, Jones and Blake",Education,Kenya,Mombasa,201-500,2026-06-24,Organic Search
CUST04822,Hicks Ltd,Retail,Uganda,Kampala,51-200,2024-06-21,Sales Team
CUST04823,"Sloan, Tucker and Hernandez",Professional Services,Nigeria,Kigali,6-10,2026-03-14,Organic Search
CUST04824,Rangel-Gomez,Manufacturing,Kenya,Kisumu,201-500,2025-04-29,Sales Team
CUST04825,Graham Ltd,Manufacturing,Nigeria,Kisumu,1-5,2025-10-20,Facebook
CUST04826,Anderson-Hicks,Retail,Kenya,Johannesburg,11-50,2024-01-18,Instagram
CUST04827,"Avila, Patel and Stanley",Education,South Africa,Kigali,6-10,2025-09-21,Google Ads
CUST04828,Riley Inc,Real Estate,Tanzania,Nakuru,51-200,2026-07-23,Organic Search
CUST04829,"Cook, Mack and Bautista",Retail,Tanzania,Accra,51-200,2025-12-11,Partner
CUST04830,Short-Johnson,Retail,Kenya,Mombasa,51-200,2026-03-14,Instagram
CUST04831,Perez-Hamilton,Construction,Tanzania,Johannesburg,1-5,2025-12-07,Organic Search
CUST04832,Conrad-Porter,Manufacturing,Uganda,Johannesburg,51-200,2024-11-29,Google Ads
CUST04833,"Lewis, Adkins and Schmidt",Hospitality,South Africa,Nairobi,51-200,2024-09-25,Facebook
CUST04834,"Mora, Young and Edwards",Construction,Kenya,Mombasa,6-10,2026-07-18,Sales Team
CUST04835,"Mejia, Simmons and Romero",Real Estate,Kenya,Lagos,51-200,2024-05-23,Google Ads
CUST04836,"Smith, Schaefer and Moore",Education,Rwanda,Kisumu,6-10,2025-07-13,Google Ads
CUST04837,Hill and Sons,Retail,South Africa,Kampala,11-50,2026-08-20,Referral
CUST04838,"Contreras, Mitchell and Jackson",Education,South Africa,Mombasa,51-200,2025-04-26,Google Ads
CUST04839,"Mills, Jimenez and Chandler",Real Estate,Uganda,Lagos,1-5,2025-03-31,LinkedIn
CUST04840,Smith PLC,Retail,Rwanda,Kampala,11-50,2026-08-23,Instagram
CUST04841,Rogers Inc,Education,Kenya,Kisumu,6-10,2026-03-24,Referral
CUST04842,Wallace-Bradley,Healthcare,South Africa,Kisumu,6-10,2026-06-15,Partner
CUST04843,Herman-Scott,Construction,Kenya,Kigali,1-5,2024-08-12,Facebook
CUST04844,Suarez-Carter,Technology,Uganda,Nakuru,201-500,2026-05-31,Referral
CUST04845,"Hill, Young and Ramirez",Professional Services,Uganda,Nairobi,201-500,2025-12-09,Referral
CUST04846,Cameron and Sons,Healthcare,Nigeria,Accra,51-200,2024-03-03,Facebook
CUST04847,Randolph-Robinson,Education,Ghana,Nairobi,6-10,2026-01-03,Facebook
CUST04848,Brown-Williams,Education,Nigeria,Dar es Salaam,11-50,2023-10-16,Google Ads
CUST04849,"Silva, Waters and Kim",Hospitality,Uganda,Accra,51-200,2024-12-05,Google Ads
CUST04850,"Wang, Figueroa and Miller",Manufacturing,Ghana,Kampala,201-500,2024-01-11,Organic Search
CUST04851,James PLC,Construction,Tanzania,Dar es Salaam,11-50,2023-11-24,Partner
CUST04852,Martinez Ltd,Professional Services,Rwanda,Nairobi,6-10,2026-03-26,Google Ads
CUST04853,Hood-Smith,Professional Services,Ghana,Mombasa,11-50,2024-07-18,Google Ads
CUST04854,"Rangel, Morrison and Gonzalez",Construction,South Africa,Kigali,201-500,2024-03-11,Sales Team
CUST04855,Smith-York,Healthcare,Nigeria,Johannesburg,201-500,2024-01-05,Sales Team
CUST04856,Jackson Group,Healthcare,Rwanda,Lagos,51-200,2024-12-10,Sales Team
CUST04857,"Maddox, Allen and Green",Construction,Uganda,Accra,51-200,2025-06-29,Organic Search
CUST04858,Fletcher-Morris,Retail,Ghana,Lagos,11-50,2025-01-18,Referral
CUST04859,Barker-Kane,Manufacturing,Tanzania,Nairobi,201-500,2026-03-18,Instagram
CUST04860,Cohen Group,Manufacturing,South Africa,Lagos,1-5,2026-06-10,Google Ads
CUST04861,Thomas-Clay,Real Estate,Kenya,Accra,11-50,2023-11-13,Facebook
CUST04862,"Pennington, Davenport and Martinez",Professional Services,Rwanda,Kampala,1-5,2024-01-18,Organic Search
CUST04863,Mitchell Ltd,Education,Ghana,Lagos,6-10,2025-03-02,Sales Team
CUST04864,Mullen PLC,Real Estate,Nigeria,Kisumu,6-10,2024-05-13,Partner
CUST04865,Young PLC,Hospitality,Tanzania,Lagos,11-50,2024-07-23,Sales Team
CUST04866,Thomas Ltd,Healthcare,Rwanda,Nairobi,201-500,2025-05-11,Facebook
CUST04867,Charles-Johnson,Professional Services,Uganda,Johannesburg,201-500,2024-05-30,Sales Team
CUST04868,Smith-Ford,Technology,Tanzania,Kigali,6-10,2024-03-10,Facebook
CUST04869,Stewart Ltd,Retail,Uganda,Mombasa,6-10,2024-05-25,Instagram
CUST04870,"Dixon, Fuller and Banks",Manufacturing,Nigeria,Kisumu,1-5,2023-12-24,Partner
CUST04871,Allen Ltd,Technology,Kenya,Nakuru,6-10,2025-11-14,Organic Search
CUST04872,"Richardson, Diaz and Schultz",Retail,Kenya,Nairobi,201-500,2026-06-13,Sales Team
CUST04873,Peterson and Sons,Hospitality,South Africa,Kampala,51-200,2024-07-02,LinkedIn
CUST04874,"Ibarra, Landry and Romero",Hospitality,Ghana,Mombasa,201-500,2023-12-18,Organic Search
CUST04875,Torres Inc,Retail,Ghana,Lagos,201-500,2026-07-06,Google Ads
CUST04876,"Webb, Johnson and Thompson",Professional Services,Tanzania,Mombasa,51-200,2023-10-04,Organic Search
CUST04877,Farmer-Crawford,Retail,Ghana,Mombasa,51-200,2024-08-25,Facebook
CUST04878,Golden-Lopez,Hospitality,Uganda,Accra,6-10,2026-06-28,LinkedIn
CUST04879,Kane-Hill,Real Estate,Nigeria,Lagos,201-500,2024-06-24,LinkedIn
CUST04880,Gonzalez-Walters,Real Estate,Kenya,Kigali,1-5,2026-01-13,Partner
CUST04881,"Morris, Werner and Esparza",Healthcare,Ghana,Mombasa,201-500,2025-07-11,Sales Team
CUST04882,"Gonzalez, Patrick and Meyer",Manufacturing,Tanzania,Kigali,6-10,2024-09-03,Organic Search
CUST04883,Little-Brooks,Retail,Kenya,Johannesburg,201-500,2024-01-31,Referral
CUST04884,Lewis-Peterson,Hospitality,Uganda,Kigali,1-5,2025-09-24,Google Ads
CUST04885,Moore-Hart,Hospitality,Rwanda,Mombasa,1-5,2026-06-09,Google Ads
CUST04886,Miller-Velez,Technology,Kenya,Johannesburg,201-500,2024-03-12,Partner
CUST04887,Black-Ellison,Healthcare,Tanzania,Lagos,6-10,2025-04-02,Referral
CUST04888,"Cooper, Hernandez and Ward",Construction,Kenya,Nakuru,11-50,2023-09-30,Organic Search
CUST04889,Miranda and Sons,Professional Services,Tanzania,Nakuru,11-50,2025-12-23,Instagram
CUST04890,Hughes-Clarke,Healthcare,Rwanda,Kigali,1-5,2026-02-04,LinkedIn
CUST04891,Decker-Wilson,Technology,Rwanda,Johannesburg,201-500,2023-11-29,Referral
CUST04892,Weber-Brown,Healthcare,Ghana,Kampala,51-200,2025-11-15,Sales Team
CUST04893,Watson Ltd,Manufacturing,Uganda,Nairobi,1-5,2024-02-16,Organic Search
CUST04894,Reynolds-Davis,Logistics,Uganda,Kampala,1-5,2024-01-01,Facebook
CUST04895,Porter and Sons,Logistics,Kenya,Lagos,6-10,2025-11-13,Facebook
CUST04896,White Inc,Hospitality,Ghana,Accra,201-500,2025-05-17,Referral
CUST04897,King-Barnes,Retail,Uganda,Kigali,6-10,2024-10-09,Organic Search
CUST04898,White PLC,Logistics,Tanzania,Lagos,1-5,2024-08-20,LinkedIn
CUST04899,"Wright, Bryan and Martinez",Healthcare,Nigeria,Dar es Salaam,6-10,2024-08-25,LinkedIn
CUST04900,Martin LLC,Hospitality,South Africa,Dar es Salaam,6-10,2026-02-03,Sales Team
CUST04901,Roberts-Fitzgerald,Healthcare,Uganda,Nakuru,11-50,2025-05-11,LinkedIn
CUST04902,Reyes Inc,Retail,Kenya,Kampala,1-5,2025-11-19,Facebook
CUST04903,"Serrano, Mitchell and Tyler",Real Estate,Kenya,Lagos,6-10,2025-11-12,Partner
CUST04904,"White, Richardson and Alvarez",Professional Services,Ghana,Mombasa,51-200,2026-06-24,Google Ads
CUST04905,Smith Ltd,Construction,South Africa,Dar es Salaam,11-50,2024-05-01,Organic Search
CUST04906,"Chambers, Kennedy and Robinson",Healthcare,Nigeria,Kigali,1-5,2025-05-26,Organic Search
CUST04907,"Anthony, Brewer and Lopez",Retail,Rwanda,Johannesburg,6-10,2024-10-13,Instagram
CUST04908,Goodman-Bowers,Retail,Tanzania,Kigali,51-200,2025-09-09,Organic Search
CUST04909,Delgado-Rose,Retail,Kenya,Kisumu,201-500,2024-12-04,Instagram
CUST04910,"Savage, Brewer and Baker",Logistics,Uganda,Accra,1-5,2025-12-01,Organic Search
CUST04911,Russell-Henderson,Professional Services,Nigeria,Kisumu,6-10,2025-05-15,Facebook
CUST04912,"Evans, Bryant and Harmon",Real Estate,Nigeria,Kigali,1-5,2025-11-21,Partner
CUST04913,Garcia-Sanders,Professional Services,Uganda,Nairobi,11-50,2025-05-06,Partner
CUST04914,"Khan, Davis and Scott",Retail,Rwanda,Kigali,51-200,2024-03-04,Partner
CUST04915,"Phillips, Haynes and Charles",Hospitality,South Africa,Kampala,11-50,2026-04-17,Sales Team
CUST04916,Smith Group,Retail,Tanzania,Kisumu,6-10,2025-11-10,LinkedIn
CUST04917,Ward-Sullivan,Education,Uganda,Kampala,51-200,2026-08-07,Organic Search
CUST04918,Bolton-Prince,Professional Services,Ghana,Mombasa,11-50,2023-12-21,Instagram
CUST04919,Cox-Stevenson,Retail,Tanzania,Accra,6-10,2025-08-08,Referral
CUST04920,Cervantes and Sons,Manufacturing,South Africa,Kisumu,11-50,2025-12-23,Instagram
CUST04921,"Mora, Riley and Schroeder",Technology,Ghana,Kigali,1-5,2024-10-28,LinkedIn
CUST04922,Tucker-Taylor,Education,Ghana,Kisumu,6-10,2024-03-17,Partner
CUST04923,Perkins PLC,Professional Services,Nigeria,Kisumu,51-200,2026-05-18,Facebook
CUST04924,Mueller-Briggs,Education,Rwanda,Nairobi,201-500,2023-11-16,Sales Team
CUST04925,"Weber, Johnson and Navarro",Education,Nigeria,Kigali,11-50,2024-10-16,Sales Team
CUST04926,Hughes-Webb,Construction,South Africa,Kisumu,11-50,2026-05-23,Google Ads
CUST04927,Brown-Wilson,Real Estate,Rwanda,Kigali,201-500,2023-12-07,LinkedIn
CUST04928,"Benjamin, Davis and Cox",Logistics,South Africa,Kampala,201-500,2023-12-25,Referral
CUST04929,"Taylor, Johnson and Andersen",Manufacturing,Rwanda,Mombasa,6-10,2026-05-31,Organic Search
CUST04930,"Hernandez, Wagner and Hunter",Hospitality,Tanzania,Nairobi,1-5,2024-06-29,Sales Team
CUST04931,Nolan and Sons,Professional Services,South Africa,Lagos,11-50,2026-05-30,LinkedIn
CUST04932,"Smith, Ferguson and Kelly",Healthcare,Uganda,Kisumu,6-10,2025-11-11,Partner
CUST04933,"Bailey, Carey and Stout",Healthcare,South Africa,Nakuru,11-50,2025-01-23,Organic Search
CUST04934,Knox LLC,Healthcare,Nigeria,Kigali,51-200,2025-03-12,Facebook
CUST04935,"Collier, Hale and Nelson",Professional Services,Uganda,Mombasa,11-50,2025-04-02,Sales Team
CUST04936,"Hansen, Bailey and Harris",Healthcare,Ghana,Dar es Salaam,6-10,2025-10-13,Partner
CUST04937,"Cobb, West and Farley",Healthcare,Ghana,Kisumu,1-5,2026-01-03,Sales Team
CUST04938,"Osborne, Frank and Cole",Healthcare,South Africa,Kampala,1-5,2024-07-15,Google Ads
CUST04939,"Smith, Perry and Sanders",Professional Services,Nigeria,Johannesburg,51-200,2025-08-23,Instagram
CUST04940,Roberts Inc,Logistics,Ghana,Mombasa,201-500,2024-07-19,Facebook
CUST04941,Jackson-Dudley,Manufacturing,Uganda,Nairobi,51-200,2024-11-24,Instagram
CUST04942,Stephenson-Freeman,Healthcare,Uganda,Dar es Salaam,201-500,2025-12-07,Referral
CUST04943,Quinn-Ortega,Logistics,South Africa,Lagos,6-10,2024-10-10,Google Ads
CUST04944,"Rodriguez, Roberts and Patton",Logistics,Ghana,Kampala,201-500,2025-04-07,Sales Team
CUST04945,"Dudley, Johnston and Thompson",Logistics,Kenya,Kigali,51-200,2025-02-06,Referral
CUST04946,Salazar PLC,Retail,Tanzania,Mombasa,1-5,2026-01-19,Organic Search
CUST04947,Garcia and Sons,Construction,Kenya,Kisumu,11-50,2025-01-28,Referral
CUST04948,Rogers Ltd,Hospitality,Nigeria,Kampala,1-5,2025-07-02,Facebook
CUST04949,Davis and Sons,Hospitality,South Africa,Nairobi,1-5,2024-07-18,Sales Team
CUST04950,"Hernandez, Hickman and Martinez",Retail,Tanzania,Johannesburg,201-500,2026-08-04,Sales Team
CUST04951,"Zuniga, Mendez and Watson",Retail,South Africa,Nakuru,51-200,2024-07-01,Facebook
CUST04952,Evans-Huang,Professional Services,Nigeria,Lagos,51-200,2026-06-26,Organic Search
CUST04953,Robles Group,Retail,Uganda,Kisumu,1-5,2024-05-06,Instagram
CUST04954,"Gutierrez, Richardson and Martinez",Professional Services,Ghana,Accra,201-500,2024-08-29,Organic Search
CUST04955,Carey PLC,Professional Services,Kenya,Kampala,1-5,2024-10-06,Organic Search
CUST04956,"Terrell, White and Stuart",Hospitality,Tanzania,Accra,1-5,2025-09-12,Instagram
CUST04957,Richard LLC,Professional Services,South Africa,Accra,1-5,2025-04-29,LinkedIn
CUST04958,Wilkins Group,Logistics,Rwanda,Nairobi,1-5,2026-06-12,Sales Team
CUST04959,"Carroll, Soto and Brooks",Construction,South Africa,Dar es Salaam,201-500,2025-02-14,Organic Search
CUST04960,Taylor-Thomas,Logistics,Tanzania,Mombasa,201-500,2025-06-05,Referral
CUST04961,"Anderson, Freeman and Pugh",Manufacturing,South Africa,Lagos,11-50,2026-07-09,Partner
CUST04962,Kelly Ltd,Retail,Nigeria,Mombasa,1-5,2025-12-02,Instagram
CUST04963,"Garrett, Cook and Hernandez",Manufacturing,Tanzania,Nakuru,11-50,2024-07-05,Facebook
CUST04964,Jones Group,Professional Services,Kenya,Accra,6-10,2025-02-11,LinkedIn
CUST04965,Osborn PLC,Logistics,Nigeria,Nairobi,51-200,2025-11-20,Facebook
CUST04966,Lam LLC,Manufacturing,Ghana,Nairobi,6-10,2025-10-24,LinkedIn
CUST04967,"Mcmahon, Nguyen and Flores",Professional Services,Rwanda,Mombasa,51-200,2026-02-11,Organic Search
CUST04968,Gonzalez Group,Logistics,Nigeria,Lagos,1-5,2025-12-08,LinkedIn
CUST04969,Briggs-Richardson,Construction,Uganda,Nakuru,201-500,2026-03-09,Sales Team
CUST04970,Patton-Beck,Healthcare,Rwanda,Accra,1-5,2024-06-17,Instagram
CUST04971,"Moses, Mcintyre and Sharp",Manufacturing,Tanzania,Nakuru,1-5,2025-04-24,LinkedIn
CUST04972,Kennedy Group,Education,Ghana,Mombasa,1-5,2023-09-26,Facebook
CUST04973,"Oliver, White and Hall",Healthcare,Ghana,Nairobi,201-500,2025-12-10,Partner
CUST04974,Cardenas-Reynolds,Technology,Rwanda,Lagos,1-5,2024-03-04,Organic Search
CUST04975,Christensen-Smith,Construction,Nigeria,Kampala,11-50,2024-10-02,Instagram
CUST04976,Graham-Rivera,Construction,Uganda,Kigali,6-10,2026-05-29,Facebook
CUST04977,"Mendez, Scott and Johnson",Professional Services,Rwanda,Johannesburg,1-5,2023-11-28,Sales Team
CUST04978,Lara PLC,Real Estate,Nigeria,Kigali,201-500,2024-09-04,Partner
CUST04979,Williams and Sons,Manufacturing,Tanzania,Kigali,51-200,2025-01-05,Organic Search
CUST04980,Schroeder-Thompson,Education,South Africa,Accra,11-50,2026-06-14,Google Ads
CUST04981,Mills Group,Education,Ghana,Mombasa,6-10,2026-08-03,Partner
CUST04982,Patterson-Lee,Construction,Kenya,Dar es Salaam,1-5,2024-12-27,Google Ads
CUST04983,"Elliott, Zhang and Smith",Education,Tanzania,Kisumu,51-200,2026-06-03,Google Ads
CUST04984,"Hill, Wells and Cowan",Retail,Rwanda,Nairobi,6-10,2024-08-25,Instagram
CUST04985,Phillips-Morales,Technology,Kenya,Lagos,11-50,2024-05-27,Facebook
CUST04986,"Deleon, Martinez and Gonzalez",Healthcare,South Africa,Nakuru,1-5,2025-04-16,Instagram
CUST04987,"Webster, Duncan and Diaz",Real Estate,Uganda,Kampala,201-500,2024-07-09,Referral
CUST04988,"Brooks, Acevedo and Abbott",Logistics,Kenya,Nakuru,1-5,2026-02-28,Organic Search
CUST04989,"Ellis, Franklin and Johnson",Healthcare,Kenya,Kigali,201-500,2024-12-19,Google Ads
CUST04990,Gonzales and Sons,Retail,Tanzania,Nakuru,1-5,2025-06-28,Facebook
CUST04991,Aguilar-Watkins,Professional Services,Tanzania,Mombasa,51-200,2023-10-11,LinkedIn
CUST04992,Coleman Inc,Technology,South Africa,Lagos,51-200,2025-03-31,Referral
CUST04993,Klein and Sons,Education,Nigeria,Nakuru,6-10,2025-03-26,Partner
CUST04994,"Le, Raymond and Villanueva",Hospitality,Tanzania,Lagos,1-5,2026-04-26,Google Ads
CUST04995,Foley-Hutchinson,Retail,Tanzania,Nairobi,1-5,2025-11-07,Referral
CUST04996,Cherry-Mathews,Manufacturing,Rwanda,Kampala,6-10,2025-09-01,LinkedIn
CUST04997,Griffin-Owen,Logistics,South Africa,Johannesburg,51-200,2024-10-13,Google Ads
CUST04998,Bradley PLC,Technology,Rwanda,Nakuru,201-500,2025-11-02,Partner
CUST04999,Perry-Hunt,Technology,Nigeria,Mombasa,6-10,2024-11-10,Google Ads
CUST05000,Hernandez LLC,Manufacturing,Rwanda,Dar es Salaam,1-5,2024-04-18,Facebook
