feedback_id,customer_id,feedback_date,feedback_type,rating,sentiment,feedback_text
FDBK0000001,CUST00001,2025-04-20,Product Review,4,Positive,The platform has been useful for managing our business.
FDBK0000002,CUST00002,2026-08-16,Survey,5,Positive,We especially like the reporting features.
FDBK0000003,CUST00003,2026-06-01,Cancellation Feedback,4,Positive,The pricing is difficult for our business.
FDBK0000004,CUST00003,2026-07-10,Survey,3,Neutral,We like the product but the monthly cost is high.
FDBK0000005,CUST00004,2024-08-09,Survey,5,Positive,The platform is easy to use and useful for our daily operations.
FDBK0000006,CUST00004,2026-03-06,Product Review,4,Positive,We especially like the reporting features.
FDBK0000007,CUST00005,2025-01-05,General Feedback,5,Positive,We especially like the reporting features.
FDBK0000008,CUST00007,2024-02-09,Survey,4,Positive,The platform is easy to use and useful for our daily operations.
FDBK0000009,CUST00007,2024-03-19,Product Review,5,Positive,The system has helped our team manage invoices more efficiently.
FDBK0000010,CUST00007,2024-02-24,General Feedback,3,Neutral,We especially like the reporting features.
FDBK0000011,CUST00008,2026-03-30,Survey,4,Positive,We are finding it difficult to get our team to use the platform regularly.
FDBK0000012,CUST00008,2025-07-18,General Feedback,4,Positive,We are finding it difficult to get our team to use the platform regularly.
FDBK0000013,CUST00008,2026-09-17,Product Review,3,Neutral,We are not using the platform as much as we expected.
FDBK0000014,CUST00009,2026-08-05,Cancellation Feedback,4,Positive,The platform is easy to use and useful for our daily operations.
FDBK0000015,CUST00010,2026-09-03,Product Review,3,Neutral,The pricing is difficult for our business.
FDBK0000016,CUST00010,2026-09-12,Product Review,2,Negative,The platform is useful but the price is becoming expensive.
FDBK0000017,CUST00013,2026-08-09,Feature Request,2,Negative,The product is useful but support needs improvement.
FDBK0000018,CUST00014,2025-10-19,Survey,5,Positive,The platform has been useful for managing our business.
FDBK0000019,CUST00014,2026-07-04,Product Review,3,Neutral,We are happy with the features available.
FDBK0000020,CUST00017,2024-09-05,Product Review,1,Negative,Some support requests took too long to resolve.
FDBK0000021,CUST00019,2025-12-22,Product Review,3,Neutral,We especially like the reporting features.
FDBK0000022,CUST00021,2026-04-03,General Feedback,2,Negative,We need faster responses when technical problems occur.
FDBK0000023,CUST00021,2026-01-07,General Feedback,4,Positive,We have experienced several issues with customer support.
FDBK0000024,CUST00021,2025-12-16,General Feedback,1,Negative,We have experienced several issues with customer support.
FDBK0000025,CUST00021,2026-06-09,Product Review,4,Positive,Some support requests took too long to resolve.
FDBK0000026,CUST00022,2025-08-27,General Feedback,4,Positive,The platform is easy to use and useful for our daily operations.
FDBK0000027,CUST00023,2026-07-13,General Feedback,5,Positive,We are happy with the features available.
FDBK0000028,CUST00024,2025-04-13,General Feedback,5,Positive,We are happy with the features available.
FDBK0000029,CUST00026,2026-04-02,Product Review,5,Positive,The platform is easy to use and useful for our daily operations.
FDBK0000030,CUST00027,2024-12-22,Survey,5,Positive,The platform has been useful for managing our business.
FDBK0000031,CUST00028,2025-06-19,Survey,5,Positive,The platform is easy to use and useful for our daily operations.
FDBK0000032,CUST00032,2024-01-12,Cancellation Feedback,5,Positive,The platform is useful but the price is becoming expensive.
FDBK0000033,CUST00032,2024-05-20,Cancellation Feedback,5,Positive,The platform is useful but the price is becoming expensive.
FDBK0000034,CUST00033,2025-05-14,Survey,5,Positive,The system has helped our team manage invoices more efficiently.
FDBK0000035,CUST00033,2024-08-16,Product Review,5,Positive,The platform is easy to use and useful for our daily operations.
FDBK0000036,CUST00034,2026-08-13,Product Review,4,Positive,The pricing is difficult for our business.
FDBK0000037,CUST00035,2026-01-27,Product Review,4,Positive,We are happy with the features available.
FDBK0000038,CUST00035,2025-12-03,General Feedback,3,Neutral,We are happy with the features available.
FDBK0000039,CUST00035,2026-01-14,Survey,4,Positive,The system has helped our team manage invoices more efficiently.
FDBK0000040,CUST00038,2025-09-18,Survey,3,Neutral,We especially like the reporting features.
FDBK0000041,CUST00039,2026-08-12,Feature Request,4,Positive,The system has helped our team manage invoices more efficiently.
FDBK0000042,CUST00040,2025-07-05,Feature Request,3,Neutral,Our usage of the platform has decreased recently.
FDBK0000043,CUST00043,2023-11-12,Cancellation Feedback,4,Positive,Our usage of the platform has decreased recently.
FDBK0000044,CUST00048,2025-05-02,Product Review,2,Negative,Some support requests took too long to resolve.
FDBK0000045,CUST00048,2026-02-25,Product Review,4,Positive,We need faster responses when technical problems occur.
FDBK0000046,CUST00049,2026-08-26,General Feedback,3,Neutral,We like the product but the monthly cost is high.
FDBK0000047,CUST00050,2025-12-19,Survey,5,Positive,We are happy with the features available.
FDBK0000048,CUST00051,2024-12-27,Product Review,3,Neutral,The platform has been useful for managing our business.
FDBK0000049,CUST00051,2025-08-06,Survey,4,Positive,The platform is easy to use and useful for our daily operations.
FDBK0000050,CUST00051,2026-05-24,Product Review,4,Positive,We especially like the reporting features.
FDBK0000051,CUST00055,2026-08-09,Product Review,4,Positive,The platform is useful but the price is becoming expensive.
FDBK0000052,CUST00055,2025-11-27,General Feedback,3,Neutral,We would like more value for the current subscription price.
FDBK0000053,CUST00055,2026-06-10,Survey,5,Positive,The pricing is difficult for our business.
FDBK0000054,CUST00055,2025-11-22,General Feedback,5,Positive,The platform is useful but the price is becoming expensive.
FDBK0000055,CUST00056,2026-02-03,General Feedback,3,Neutral,The platform has been useful for managing our business.
FDBK0000056,CUST00056,2026-01-20,Cancellation Feedback,4,Positive,The platform has been useful for managing our business.
FDBK0000057,CUST00056,2025-09-15,General Feedback,4,Positive,The platform is easy to use and useful for our daily operations.
FDBK0000058,CUST00058,2026-06-30,General Feedback,5,Positive,The platform has been useful for managing our business.
FDBK0000059,CUST00058,2026-02-24,Feature Request,3,Neutral,The system has helped our team manage invoices more efficiently.
FDBK0000060,CUST00060,2026-08-29,Product Review,1,Negative,We have experienced several issues with customer support.
FDBK0000061,CUST00060,2026-07-21,General Feedback,1,Negative,Some support requests took too long to resolve.
FDBK0000062,CUST00060,2026-09-13,Feature Request,5,Positive,We have experienced several issues with customer support.
FDBK0000063,CUST00061,2026-04-23,Survey,4,Positive,Our usage of the platform has decreased recently.
FDBK0000064,CUST00061,2026-03-24,Survey,4,Positive,We are finding it difficult to get our team to use the platform regularly.
FDBK0000065,CUST00061,2025-10-15,Product Review,2,Negative,We are not using the platform as much as we expected.
FDBK0000066,CUST00062,2025-10-20,Survey,5,Positive,We are happy with the features available.
FDBK0000067,CUST00062,2025-12-23,Survey,3,Neutral,We especially like the reporting features.
FDBK0000068,CUST00064,2026-07-06,General Feedback,4,Positive,The platform is easy to use and useful for our daily operations.
FDBK0000069,CUST00065,2026-05-06,Survey,4,Positive,The system has helped our team manage invoices more efficiently.
FDBK0000070,CUST00066,2025-11-01,Feature Request,3,Neutral,We are not using the platform as much as we expected.
FDBK0000071,CUST00068,2025-11-18,Product Review,3,Neutral,We are happy with the features available.
FDBK0000072,CUST00069,2026-08-01,Product Review,5,Positive,Some of the features are not being used by our team.
FDBK0000073,CUST00070,2025-01-10,Product Review,3,Neutral,We are not using the platform as much as we expected.
FDBK0000074,CUST00070,2025-11-27,Feature Request,3,Neutral,Our usage of the platform has decreased recently.
FDBK0000075,CUST00073,2026-08-02,Product Review,5,Positive,We are happy with the features available.
FDBK0000076,CUST00073,2026-04-27,Cancellation Feedback,4,Positive,The system has helped our team manage invoices more efficiently.
FDBK0000077,CUST00074,2025-01-11,Survey,5,Positive,The platform has been useful for managing our business.
FDBK0000078,CUST00075,2025-04-15,Product Review,3,Neutral,We are not using the platform as much as we expected.
FDBK0000079,CUST00075,2026-05-24,Product Review,4,Positive,We are finding it difficult to get our team to use the platform regularly.
FDBK0000080,CUST00077,2024-02-14,General Feedback,2,Negative,We would like more value for the current subscription price.
FDBK0000081,CUST00077,2025-11-15,Survey,4,Positive,The pricing is difficult for our business.
FDBK0000082,CUST00079,2026-05-12,Survey,3,Neutral,The system has helped our team manage invoices more efficiently.
FDBK0000083,CUST00079,2024-06-02,Survey,4,Positive,The platform has been useful for managing our business.
FDBK0000084,CUST00080,2026-07-07,Cancellation Feedback,1,Negative,We are not using the platform as much as we expected.
FDBK0000085,CUST00080,2026-05-14,Product Review,4,Positive,We are finding it difficult to get our team to use the platform regularly.
FDBK0000086,CUST00080,2026-08-08,Survey,2,Negative,Some of the features are not being used by our team.
FDBK0000087,CUST00080,2026-07-21,Survey,4,Positive,Some of the features are not being used by our team.
FDBK0000088,CUST00080,2026-05-14,Product Review,4,Positive,Some of the features are not being used by our team.
FDBK0000089,CUST00080,2026-06-02,Cancellation Feedback,2,Negative,Our usage of the platform has decreased recently.
FDBK0000090,CUST00081,2025-11-08,Feature Request,4,Positive,We especially like the reporting features.
FDBK0000091,CUST00082,2026-07-07,Survey,5,Positive,We especially like the reporting features.
FDBK0000092,CUST00083,2025-06-29,Product Review,4,Positive,We are happy with the features available.
FDBK0000093,CUST00084,2024-05-11,Product Review,5,Positive,We especially like the reporting features.
FDBK0000094,CUST00085,2025-12-26,Feature Request,3,Neutral,Some of the features are not being used by our team.
FDBK0000095,CUST00085,2025-06-28,Feature Request,3,Neutral,Some of the features are not being used by our team.
FDBK0000096,CUST00085,2025-08-09,Cancellation Feedback,3,Neutral,Our usage of the platform has decreased recently.
FDBK0000097,CUST00087,2026-07-02,General Feedback,2,Negative,Some support requests took too long to resolve.
FDBK0000098,CUST00087,2026-08-13,Feature Request,4,Positive,We have experienced several issues with customer support.
FDBK0000099,CUST00087,2026-09-16,Product Review,2,Negative,We have experienced several issues with customer support.
FDBK0000100,CUST00088,2024-04-24,Survey,4,Positive,The system has helped our team manage invoices more efficiently.
FDBK0000101,CUST00088,2025-03-30,Feature Request,3,Neutral,We are happy with the features available.
FDBK0000102,CUST00090,2026-08-31,Product Review,3,Neutral,Our usage of the platform has decreased recently.
FDBK0000103,CUST00091,2026-07-07,Product Review,4,Positive,We like the product but the monthly cost is high.
FDBK0000104,CUST00092,2026-02-05,Survey,5,Positive,We are happy with the features available.
FDBK0000105,CUST00092,2026-05-10,Survey,3,Neutral,The platform has been useful for managing our business.
FDBK0000106,CUST00093,2026-08-20,Feature Request,5,Positive,We especially like the reporting features.
FDBK0000107,CUST00096,2026-08-12,Product Review,5,Positive,We are happy with the features available.
FDBK0000108,CUST00097,2026-05-14,Product Review,3,Neutral,We especially like the reporting features.
FDBK0000109,CUST00098,2025-08-17,Survey,2,Negative,We need faster responses when technical problems occur.
FDBK0000110,CUST00099,2026-02-04,Product Review,4,Positive,We would like more value for the current subscription price.
FDBK0000111,CUST00102,2026-07-12,Product Review,5,Positive,The platform has been useful for managing our business.
FDBK0000112,CUST00102,2026-05-02,Feature Request,4,Positive,The platform has been useful for managing our business.
FDBK0000113,CUST00103,2026-01-21,Survey,4,Positive,The platform is easy to use and useful for our daily operations.
FDBK0000114,CUST00103,2026-02-18,Product Review,5,Positive,The platform has been useful for managing our business.
FDBK0000115,CUST00105,2025-06-05,Product Review,5,Positive,We especially like the reporting features.
FDBK0000116,CUST00106,2026-04-12,Product Review,4,Positive,Our usage of the platform has decreased recently.
FDBK0000117,CUST00106,2026-02-21,Cancellation Feedback,3,Neutral,Some of the features are not being used by our team.
FDBK0000118,CUST00107,2026-07-05,Feature Request,4,Positive,The platform is useful but the price is becoming expensive.
FDBK0000119,CUST00107,2025-11-03,Survey,4,Positive,The pricing is difficult for our business.
FDBK0000120,CUST00109,2026-07-12,Cancellation Feedback,5,Positive,Our usage of the platform has decreased recently.
FDBK0000121,CUST00109,2026-09-12,Cancellation Feedback,4,Positive,We are finding it difficult to get our team to use the platform regularly.
FDBK0000122,CUST00109,2026-09-09,Cancellation Feedback,3,Neutral,We are finding it difficult to get our team to use the platform regularly.
FDBK0000123,CUST00110,2026-02-26,Cancellation Feedback,2,Negative,The product is useful but support needs improvement.
FDBK0000124,CUST00113,2025-02-04,Feature Request,2,Negative,Some support requests took too long to resolve.
FDBK0000125,CUST00113,2024-10-27,Survey,2,Negative,We need faster responses when technical problems occur.
FDBK0000126,CUST00114,2026-09-03,Feature Request,4,Positive,The platform has been useful for managing our business.
FDBK0000127,CUST00115,2026-06-23,Product Review,3,Neutral,We especially like the reporting features.
FDBK0000128,CUST00116,2024-11-01,General Feedback,5,Positive,We are happy with the features available.
FDBK0000129,CUST00119,2025-04-17,Feature Request,2,Negative,The product is useful but support needs improvement.
FDBK0000130,CUST00119,2026-04-22,Feature Request,3,Neutral,The product is useful but support needs improvement.
FDBK0000131,CUST00120,2025-07-28,Cancellation Feedback,3,Neutral,We are happy with the features available.
FDBK0000132,CUST00120,2026-08-28,Product Review,5,Positive,The platform is easy to use and useful for our daily operations.
FDBK0000133,CUST00120,2025-03-03,Product Review,5,Positive,We are happy with the features available.
FDBK0000134,CUST00121,2025-05-06,General Feedback,5,Positive,The platform is easy to use and useful for our daily operations.
FDBK0000135,CUST00122,2026-07-15,Cancellation Feedback,2,Negative,We are not using the platform as much as we expected.
FDBK0000136,CUST00124,2026-06-29,Survey,1,Negative,We are not using the platform as much as we expected.
FDBK0000137,CUST00125,2026-05-10,General Feedback,4,Positive,The system has helped our team manage invoices more efficiently.
FDBK0000138,CUST00125,2026-03-31,General Feedback,5,Positive,The system has helped our team manage invoices more efficiently.
FDBK0000139,CUST00125,2024-10-15,Survey,5,Positive,The platform has been useful for managing our business.
FDBK0000140,CUST00126,2026-09-12,Feature Request,1,Negative,We have experienced several issues with customer support.
FDBK0000141,CUST00126,2025-11-05,Feature Request,2,Negative,Some support requests took too long to resolve.
FDBK0000142,CUST00126,2026-03-28,Feature Request,1,Negative,Some support requests took too long to resolve.
FDBK0000143,CUST00128,2026-01-20,Product Review,1,Negative,The product is useful but support needs improvement.
FDBK0000144,CUST00128,2025-02-19,Survey,2,Negative,Some support requests took too long to resolve.
FDBK0000145,CUST00128,2025-05-29,Product Review,5,Positive,Some support requests took too long to resolve.
FDBK0000146,CUST00129,2024-11-07,Feature Request,3,Neutral,The platform is easy to use and useful for our daily operations.
FDBK0000147,CUST00130,2024-06-04,Survey,1,Negative,We are not using the platform as much as we expected.
FDBK0000148,CUST00131,2025-11-04,Survey,1,Negative,Some support requests took too long to resolve.
FDBK0000149,CUST00131,2025-11-27,General Feedback,2,Negative,We need faster responses when technical problems occur.
FDBK0000150,CUST00131,2026-05-09,Product Review,2,Negative,We have experienced several issues with customer support.
FDBK0000151,CUST00133,2024-05-19,Cancellation Feedback,1,Negative,Some support requests took too long to resolve.
FDBK0000152,CUST00133,2024-09-07,General Feedback,1,Negative,We need faster responses when technical problems occur.
FDBK0000153,CUST00134,2026-08-30,Product Review,4,Positive,We especially like the reporting features.
FDBK0000154,CUST00135,2026-08-19,Survey,1,Negative,The product is useful but support needs improvement.
FDBK0000155,CUST00135,2026-08-19,Survey,2,Negative,The product is useful but support needs improvement.
FDBK0000156,CUST00137,2026-05-06,Survey,5,Positive,The pricing is difficult for our business.
FDBK0000157,CUST00138,2026-02-24,Product Review,5,Positive,The platform is easy to use and useful for our daily operations.
FDBK0000158,CUST00140,2025-05-20,General Feedback,3,Neutral,We especially like the reporting features.
FDBK0000159,CUST00143,2026-06-16,Product Review,4,Positive,Some of the features are not being used by our team.
FDBK0000160,CUST00145,2025-07-18,Product Review,5,Positive,The system has helped our team manage invoices more efficiently.
FDBK0000161,CUST00145,2026-01-29,Product Review,5,Positive,We especially like the reporting features.
FDBK0000162,CUST00146,2026-07-09,Feature Request,4,Positive,We especially like the reporting features.
FDBK0000163,CUST00146,2024-11-01,Cancellation Feedback,5,Positive,We are happy with the features available.
FDBK0000164,CUST00147,2024-04-22,General Feedback,5,Positive,The system has helped our team manage invoices more efficiently.
FDBK0000165,CUST00149,2025-05-17,Product Review,5,Positive,We are happy with the features available.
FDBK0000166,CUST00149,2025-06-11,Cancellation Feedback,5,Positive,The platform has been useful for managing our business.
FDBK0000167,CUST00149,2025-08-18,Cancellation Feedback,5,Positive,The system has helped our team manage invoices more efficiently.
FDBK0000168,CUST00151,2026-05-24,Survey,4,Positive,The platform has been useful for managing our business.
FDBK0000169,CUST00151,2026-07-06,Cancellation Feedback,4,Positive,The platform has been useful for managing our business.
FDBK0000170,CUST00156,2026-09-19,Survey,5,Positive,We especially like the reporting features.
FDBK0000171,CUST00156,2026-09-09,Survey,5,Positive,The platform is easy to use and useful for our daily operations.
FDBK0000172,CUST00157,2026-02-26,Product Review,5,Positive,The platform is easy to use and useful for our daily operations.
FDBK0000173,CUST00158,2025-03-29,Cancellation Feedback,4,Positive,We are finding it difficult to get our team to use the platform regularly.
FDBK0000174,CUST00158,2025-02-09,Feature Request,2,Negative,We are not using the platform as much as we expected.
FDBK0000175,CUST00159,2026-05-25,Feature Request,2,Negative,We need faster responses when technical problems occur.
FDBK0000176,CUST00159,2026-03-04,Product Review,1,Negative,We have experienced several issues with customer support.
FDBK0000177,CUST00159,2026-02-01,Feature Request,2,Negative,The product is useful but support needs improvement.
FDBK0000178,CUST00159,2026-01-09,Cancellation Feedback,2,Negative,Some support requests took too long to resolve.
FDBK0000179,CUST00160,2026-06-26,Feature Request,3,Neutral,Some of the features are not being used by our team.
FDBK0000180,CUST00161,2025-10-04,Product Review,5,Positive,The platform has been useful for managing our business.
FDBK0000181,CUST00162,2026-04-14,Product Review,3,Neutral,We would like more value for the current subscription price.
FDBK0000182,CUST00163,2026-06-29,Product Review,3,Neutral,We have experienced several issues with customer support.
FDBK0000183,CUST00163,2026-06-30,General Feedback,1,Negative,The product is useful but support needs improvement.
FDBK0000184,CUST00163,2026-07-31,Feature Request,2,Negative,Some support requests took too long to resolve.
FDBK0000185,CUST00163,2026-04-26,Product Review,3,Neutral,Some support requests took too long to resolve.
FDBK0000186,CUST00164,2024-11-13,Product Review,5,Positive,The system has helped our team manage invoices more efficiently.
FDBK0000187,CUST00165,2025-01-27,Cancellation Feedback,3,Neutral,Our usage of the platform has decreased recently.
FDBK0000188,CUST00165,2025-01-22,Feature Request,3,Neutral,We are finding it difficult to get our team to use the platform regularly.
FDBK0000189,CUST00165,2025-03-31,Cancellation Feedback,2,Negative,We are finding it difficult to get our team to use the platform regularly.
FDBK0000190,CUST00166,2026-08-06,Product Review,2,Negative,The product is useful but support needs improvement.
FDBK0000191,CUST00166,2026-07-02,Feature Request,2,Negative,Some support requests took too long to resolve.
FDBK0000192,CUST00167,2024-11-11,Feature Request,3,Neutral,We are finding it difficult to get our team to use the platform regularly.
FDBK0000193,CUST00167,2025-08-27,Cancellation Feedback,5,Positive,Our usage of the platform has decreased recently.
FDBK0000194,CUST00168,2026-06-05,Survey,5,Positive,Our usage of the platform has decreased recently.
FDBK0000195,CUST00169,2024-09-28,Cancellation Feedback,1,Negative,Some support requests took too long to resolve.
FDBK0000196,CUST00170,2026-08-05,Product Review,5,Positive,We are happy with the features available.
FDBK0000197,CUST00171,2025-12-28,Product Review,4,Positive,We are finding it difficult to get our team to use the platform regularly.
FDBK0000198,CUST00172,2025-09-16,Cancellation Feedback,4,Positive,Some of the features are not being used by our team.
FDBK0000199,CUST00172,2025-11-26,Cancellation Feedback,5,Positive,We are not using the platform as much as we expected.
FDBK0000200,CUST00172,2025-11-21,Product Review,2,Negative,We are finding it difficult to get our team to use the platform regularly.
FDBK0000201,CUST00172,2024-08-12,Cancellation Feedback,3,Neutral,We are not using the platform as much as we expected.
FDBK0000202,CUST00175,2025-04-23,Survey,4,Positive,We are happy with the features available.
FDBK0000203,CUST00177,2026-07-11,Product Review,5,Positive,The platform has been useful for managing our business.
FDBK0000204,CUST00177,2026-07-16,Feature Request,5,Positive,The platform has been useful for managing our business.
FDBK0000205,CUST00177,2026-07-20,Survey,5,Positive,The platform is easy to use and useful for our daily operations.
FDBK0000206,CUST00177,2026-02-14,Product Review,5,Positive,We are happy with the features available.
FDBK0000207,CUST00179,2026-04-26,Survey,5,Positive,We are happy with the features available.
FDBK0000208,CUST00179,2025-07-23,Product Review,5,Positive,We are happy with the features available.
FDBK0000209,CUST00179,2026-07-28,Feature Request,4,Positive,The platform is easy to use and useful for our daily operations.
FDBK0000210,CUST00180,2025-02-16,Product Review,4,Positive,The system has helped our team manage invoices more efficiently.
FDBK0000211,CUST00180,2025-08-07,Survey,3,Neutral,The platform has been useful for managing our business.
FDBK0000212,CUST00181,2026-07-09,General Feedback,5,Positive,Some of the features are not being used by our team.
FDBK0000213,CUST00181,2026-01-14,Product Review,2,Negative,We are finding it difficult to get our team to use the platform regularly.
FDBK0000214,CUST00181,2026-03-15,General Feedback,5,Positive,We are finding it difficult to get our team to use the platform regularly.
FDBK0000215,CUST00181,2026-06-17,Survey,2,Negative,We are not using the platform as much as we expected.
FDBK0000216,CUST00182,2025-06-13,Survey,3,Neutral,The platform is easy to use and useful for our daily operations.
FDBK0000217,CUST00184,2026-05-04,Survey,2,Negative,Some of the features are not being used by our team.
FDBK0000218,CUST00184,2026-06-21,General Feedback,4,Positive,Some of the features are not being used by our team.
FDBK0000219,CUST00185,2025-05-28,Feature Request,5,Positive,We especially like the reporting features.
FDBK0000220,CUST00185,2025-12-20,Feature Request,5,Positive,The platform is easy to use and useful for our daily operations.
FDBK0000221,CUST00186,2026-08-06,Survey,5,Positive,We especially like the reporting features.
FDBK0000222,CUST00187,2026-07-13,Survey,4,Positive,We are not using the platform as much as we expected.
FDBK0000223,CUST00187,2026-08-20,Product Review,2,Negative,We are not using the platform as much as we expected.
FDBK0000224,CUST00188,2026-05-26,General Feedback,2,Negative,The platform is easy to use and useful for our daily operations.
FDBK0000225,CUST00189,2026-09-17,Product Review,4,Positive,The platform is easy to use and useful for our daily operations.
FDBK0000226,CUST00190,2026-09-01,General Feedback,5,Positive,We especially like the reporting features.
FDBK0000227,CUST00190,2025-03-20,Product Review,5,Positive,We are happy with the features available.
FDBK0000228,CUST00191,2026-05-17,General Feedback,5,Positive,The system has helped our team manage invoices more efficiently.
FDBK0000229,CUST00194,2025-05-10,Feature Request,5,Positive,The system has helped our team manage invoices more efficiently.
FDBK0000230,CUST00195,2025-11-13,Feature Request,2,Negative,We especially like the reporting features.
FDBK0000231,CUST00195,2026-09-13,Product Review,4,Positive,We especially like the reporting features.
FDBK0000232,CUST00198,2025-07-20,General Feedback,2,Negative,We like the product but the monthly cost is high.
FDBK0000233,CUST00198,2026-08-11,Survey,4,Positive,The platform is useful but the price is becoming expensive.
FDBK0000234,CUST00199,2025-09-12,Product Review,4,Positive,Some of the features are not being used by our team.
FDBK0000235,CUST00199,2024-10-22,General Feedback,1,Negative,Some of the features are not being used by our team.
FDBK0000236,CUST00201,2026-07-19,Feature Request,3,Neutral,The platform has been useful for managing our business.
FDBK0000237,CUST00202,2025-01-24,Cancellation Feedback,4,Positive,We would like more value for the current subscription price.
FDBK0000238,CUST00202,2025-02-06,Cancellation Feedback,5,Positive,The pricing is difficult for our business.
FDBK0000239,CUST00202,2025-02-25,Cancellation Feedback,4,Positive,The platform is useful but the price is becoming expensive.
FDBK0000240,CUST00203,2024-11-22,Cancellation Feedback,3,Neutral,We need faster responses when technical problems occur.
FDBK0000241,CUST00205,2024-08-02,General Feedback,4,Positive,We are happy with the features available.
FDBK0000242,CUST00205,2026-08-12,Survey,5,Positive,We are happy with the features available.
FDBK0000243,CUST00206,2024-09-10,Cancellation Feedback,3,Neutral,We would like more value for the current subscription price.
FDBK0000244,CUST00206,2024-12-05,Feature Request,4,Positive,We like the product but the monthly cost is high.
FDBK0000245,CUST00209,2024-06-24,Survey,4,Positive,The system has helped our team manage invoices more efficiently.
FDBK0000246,CUST00210,2024-09-01,Cancellation Feedback,4,Positive,We are happy with the features available.
FDBK0000247,CUST00210,2026-04-09,Survey,4,Positive,We especially like the reporting features.
FDBK0000248,CUST00211,2024-09-29,General Feedback,4,Positive,Some of the features are not being used by our team.
FDBK0000249,CUST00211,2026-01-31,Product Review,3,Neutral,We are finding it difficult to get our team to use the platform regularly.
FDBK0000250,CUST00212,2026-05-02,Cancellation Feedback,3,Neutral,We are happy with the features available.
FDBK0000251,CUST00212,2025-07-29,Product Review,5,Positive,The system has helped our team manage invoices more efficiently.
FDBK0000252,CUST00215,2026-03-23,Feature Request,1,Negative,We need faster responses when technical problems occur.
FDBK0000253,CUST00215,2025-10-25,Feature Request,3,Neutral,Some support requests took too long to resolve.
FDBK0000254,CUST00216,2026-01-09,Cancellation Feedback,1,Negative,The product is useful but support needs improvement.
FDBK0000255,CUST00219,2025-02-01,Feature Request,4,Positive,We would like more value for the current subscription price.
FDBK0000256,CUST00219,2025-11-28,Product Review,2,Negative,The platform is useful but the price is becoming expensive.
FDBK0000257,CUST00220,2025-11-16,General Feedback,1,Negative,The product is useful but support needs improvement.
FDBK0000258,CUST00220,2026-08-08,Feature Request,1,Negative,We need faster responses when technical problems occur.
FDBK0000259,CUST00220,2026-01-23,General Feedback,1,Negative,Some support requests took too long to resolve.
FDBK0000260,CUST00220,2026-08-23,Product Review,3,Neutral,We have experienced several issues with customer support.
FDBK0000261,CUST00220,2026-04-02,General Feedback,1,Negative,Some support requests took too long to resolve.
FDBK0000262,CUST00221,2025-10-25,Survey,4,Positive,We are happy with the features available.
FDBK0000263,CUST00221,2025-10-20,Product Review,5,Positive,The system has helped our team manage invoices more efficiently.
FDBK0000264,CUST00222,2025-04-28,General Feedback,5,Positive,The platform has been useful for managing our business.
FDBK0000265,CUST00222,2025-09-10,Product Review,4,Positive,The platform has been useful for managing our business.
FDBK0000266,CUST00223,2024-02-29,Cancellation Feedback,5,Positive,The platform is easy to use and useful for our daily operations.
FDBK0000267,CUST00223,2024-11-20,Feature Request,3,Neutral,The system has helped our team manage invoices more efficiently.
FDBK0000268,CUST00223,2024-02-29,Cancellation Feedback,5,Positive,We especially like the reporting features.
FDBK0000269,CUST00223,2024-05-06,Cancellation Feedback,5,Positive,The platform has been useful for managing our business.
FDBK0000270,CUST00224,2026-05-05,General Feedback,1,Negative,Some support requests took too long to resolve.
FDBK0000271,CUST00224,2026-04-29,General Feedback,4,Positive,Some support requests took too long to resolve.
FDBK0000272,CUST00224,2026-03-14,Survey,2,Negative,We need faster responses when technical problems occur.
FDBK0000273,CUST00224,2026-03-13,Feature Request,1,Negative,We need faster responses when technical problems occur.
FDBK0000274,CUST00228,2026-01-01,Product Review,3,Neutral,The platform is useful but the price is becoming expensive.
FDBK0000275,CUST00228,2025-11-17,General Feedback,3,Neutral,We would like more value for the current subscription price.
FDBK0000276,CUST00228,2026-01-07,Product Review,5,Positive,We like the product but the monthly cost is high.
FDBK0000277,CUST00228,2025-12-05,Survey,4,Positive,The pricing is difficult for our business.
FDBK0000278,CUST00229,2026-05-26,General Feedback,2,Negative,We have experienced several issues with customer support.
FDBK0000279,CUST00229,2025-12-29,General Feedback,3,Neutral,Some support requests took too long to resolve.
FDBK0000280,CUST00230,2025-07-07,Survey,5,Positive,We are happy with the features available.
FDBK0000281,CUST00230,2025-10-25,Survey,5,Positive,The system has helped our team manage invoices more efficiently.
FDBK0000282,CUST00230,2025-09-30,Feature Request,4,Positive,We are happy with the features available.
FDBK0000283,CUST00230,2026-09-14,Product Review,4,Positive,The system has helped our team manage invoices more efficiently.
FDBK0000284,CUST00230,2026-01-05,Survey,4,Positive,We are happy with the features available.
FDBK0000285,CUST00231,2025-03-21,Survey,3,Neutral,We like the product but the monthly cost is high.
FDBK0000286,CUST00231,2026-07-01,Survey,5,Positive,We like the product but the monthly cost is high.
FDBK0000287,CUST00231,2024-12-07,Product Review,4,Positive,The pricing is difficult for our business.
FDBK0000288,CUST00232,2026-03-04,Cancellation Feedback,4,Positive,The system has helped our team manage invoices more efficiently.
FDBK0000289,CUST00233,2026-06-19,Survey,1,Negative,We have experienced several issues with customer support.
FDBK0000290,CUST00233,2026-07-28,Survey,1,Negative,Some support requests took too long to resolve.
FDBK0000291,CUST00233,2025-02-12,General Feedback,2,Negative,We have experienced several issues with customer support.
FDBK0000292,CUST00233,2026-03-22,Cancellation Feedback,2,Negative,Some support requests took too long to resolve.
FDBK0000293,CUST00234,2026-08-06,Feature Request,1,Negative,Some support requests took too long to resolve.
FDBK0000294,CUST00236,2025-09-20,Feature Request,3,Neutral,We have experienced several issues with customer support.
FDBK0000295,CUST00236,2026-07-24,Survey,1,Negative,The product is useful but support needs improvement.
FDBK0000296,CUST00236,2026-03-12,Feature Request,3,Neutral,We have experienced several issues with customer support.
FDBK0000297,CUST00237,2025-12-05,Feature Request,1,Negative,We have experienced several issues with customer support.
FDBK0000298,CUST00237,2023-10-10,Feature Request,1,Negative,We have experienced several issues with customer support.
FDBK0000299,CUST00237,2025-05-22,Product Review,1,Negative,Some support requests took too long to resolve.
FDBK0000300,CUST00238,2026-04-16,General Feedback,5,Positive,The platform has been useful for managing our business.
FDBK0000301,CUST00238,2026-08-05,Survey,5,Positive,We especially like the reporting features.
FDBK0000302,CUST00239,2026-08-17,Cancellation Feedback,4,Positive,The platform is useful but the price is becoming expensive.
FDBK0000303,CUST00239,2026-07-02,Survey,4,Positive,The platform is useful but the price is becoming expensive.
FDBK0000304,CUST00240,2024-11-10,Cancellation Feedback,3,Neutral,Some support requests took too long to resolve.
FDBK0000305,CUST00240,2025-01-13,Cancellation Feedback,1,Negative,We need faster responses when technical problems occur.
FDBK0000306,CUST00240,2024-12-18,Cancellation Feedback,3,Neutral,We have experienced several issues with customer support.
FDBK0000307,CUST00243,2025-03-21,Cancellation Feedback,2,Negative,The platform is useful but the price is becoming expensive.
FDBK0000308,CUST00243,2024-12-03,Survey,3,Neutral,The pricing is difficult for our business.
FDBK0000309,CUST00243,2025-07-16,Survey,3,Neutral,We would like more value for the current subscription price.
FDBK0000310,CUST00244,2025-09-24,Feature Request,5,Positive,The system has helped our team manage invoices more efficiently.
FDBK0000311,CUST00244,2026-09-18,Survey,5,Positive,The platform is easy to use and useful for our daily operations.
FDBK0000312,CUST00245,2026-03-11,General Feedback,4,Positive,The platform has been useful for managing our business.
FDBK0000313,CUST00247,2026-05-14,Survey,4,Positive,The platform is useful but the price is becoming expensive.
FDBK0000314,CUST00247,2024-12-24,Survey,4,Positive,We would like more value for the current subscription price.
FDBK0000315,CUST00248,2026-06-24,Feature Request,3,Neutral,We like the product but the monthly cost is high.
FDBK0000316,CUST00249,2024-05-02,Survey,4,Positive,The system has helped our team manage invoices more efficiently.
FDBK0000317,CUST00251,2025-06-29,Survey,4,Positive,The platform is easy to use and useful for our daily operations.
FDBK0000318,CUST00252,2026-02-16,Survey,1,Negative,We are not using the platform as much as we expected.
FDBK0000319,CUST00253,2024-04-07,Product Review,5,Positive,The system has helped our team manage invoices more efficiently.
FDBK0000320,CUST00253,2024-11-29,Survey,5,Positive,We are happy with the features available.
FDBK0000321,CUST00254,2026-09-19,Feature Request,4,Positive,We need faster responses when technical problems occur.
FDBK0000322,CUST00254,2025-01-31,Survey,3,Neutral,We have experienced several issues with customer support.
FDBK0000323,CUST00254,2026-02-25,Survey,3,Neutral,We need faster responses when technical problems occur.
FDBK0000324,CUST00257,2024-10-26,Product Review,3,Neutral,The system has helped our team manage invoices more efficiently.
FDBK0000325,CUST00258,2026-04-03,Product Review,4,Positive,We are happy with the features available.
FDBK0000326,CUST00259,2026-04-06,General Feedback,4,Positive,Our usage of the platform has decreased recently.
FDBK0000327,CUST00260,2026-01-17,Feature Request,3,Neutral,We are happy with the features available.
FDBK0000328,CUST00260,2025-02-07,Cancellation Feedback,3,Neutral,The platform is easy to use and useful for our daily operations.
FDBK0000329,CUST00260,2026-06-19,Product Review,4,Positive,The platform has been useful for managing our business.
FDBK0000330,CUST00262,2026-07-31,Product Review,5,Positive,The platform is useful but the price is becoming expensive.
FDBK0000331,CUST00263,2026-07-08,Cancellation Feedback,4,Positive,We are not using the platform as much as we expected.
FDBK0000332,CUST00263,2026-06-07,Cancellation Feedback,2,Negative,We are not using the platform as much as we expected.
FDBK0000333,CUST00267,2025-06-21,Survey,5,Positive,We are happy with the features available.
FDBK0000334,CUST00268,2026-06-11,Cancellation Feedback,5,Positive,The platform is easy to use and useful for our daily operations.
FDBK0000335,CUST00268,2025-10-05,Product Review,5,Positive,We especially like the reporting features.
FDBK0000336,CUST00270,2026-05-10,Survey,3,Neutral,We are happy with the features available.
FDBK0000337,CUST00271,2026-06-08,Feature Request,5,Positive,Some support requests took too long to resolve.
FDBK0000338,CUST00271,2026-06-21,General Feedback,1,Negative,Some support requests took too long to resolve.
FDBK0000339,CUST00273,2026-09-15,Feature Request,2,Negative,We have experienced several issues with customer support.
FDBK0000340,CUST00273,2026-08-30,Survey,3,Neutral,We need faster responses when technical problems occur.
FDBK0000341,CUST00273,2026-09-02,Product Review,1,Negative,Some support requests took too long to resolve.
FDBK0000342,CUST00274,2026-08-08,Survey,3,Neutral,The pricing is difficult for our business.
FDBK0000343,CUST00274,2026-07-08,General Feedback,4,Positive,The pricing is difficult for our business.
FDBK0000344,CUST00276,2025-03-15,General Feedback,3,Neutral,The system has helped our team manage invoices more efficiently.
FDBK0000345,CUST00277,2026-09-22,Product Review,2,Negative,Our usage of the platform has decreased recently.
FDBK0000346,CUST00277,2026-08-20,Cancellation Feedback,4,Positive,We are not using the platform as much as we expected.
FDBK0000347,CUST00277,2026-05-24,Feature Request,3,Neutral,Some of the features are not being used by our team.
FDBK0000348,CUST00278,2024-07-29,Survey,4,Positive,We like the product but the monthly cost is high.
FDBK0000349,CUST00281,2026-09-21,Survey,4,Positive,Some of the features are not being used by our team.
FDBK0000350,CUST00281,2026-07-23,Product Review,3,Neutral,Our usage of the platform has decreased recently.
FDBK0000351,CUST00282,2025-08-20,Survey,5,Positive,We are happy with the features available.
FDBK0000352,CUST00284,2025-07-02,Cancellation Feedback,2,Negative,Some of the features are not being used by our team.
FDBK0000353,CUST00284,2025-01-30,Product Review,3,Neutral,We are finding it difficult to get our team to use the platform regularly.
FDBK0000354,CUST00286,2023-11-25,Product Review,5,Positive,The system has helped our team manage invoices more efficiently.
FDBK0000355,CUST00286,2025-04-16,General Feedback,5,Positive,We especially like the reporting features.
FDBK0000356,CUST00286,2025-06-29,Cancellation Feedback,4,Positive,The platform has been useful for managing our business.
FDBK0000357,CUST00287,2025-12-01,General Feedback,5,Positive,We are happy with the features available.
FDBK0000358,CUST00289,2024-05-23,Feature Request,3,Neutral,We like the product but the monthly cost is high.
FDBK0000359,CUST00290,2025-12-20,General Feedback,3,Neutral,The system has helped our team manage invoices more efficiently.
FDBK0000360,CUST00291,2024-08-05,Cancellation Feedback,1,Negative,Our usage of the platform has decreased recently.
FDBK0000361,CUST00292,2024-05-24,Cancellation Feedback,4,Positive,The platform is easy to use and useful for our daily operations.
FDBK0000362,CUST00292,2024-04-24,Cancellation Feedback,4,Positive,We are happy with the features available.
FDBK0000363,CUST00293,2025-10-10,Survey,5,Positive,We like the product but the monthly cost is high.
FDBK0000364,CUST00294,2025-12-05,General Feedback,2,Negative,We need faster responses when technical problems occur.
FDBK0000365,CUST00294,2026-04-14,Product Review,2,Negative,Some support requests took too long to resolve.
FDBK0000366,CUST00296,2026-04-22,Product Review,4,Positive,We especially like the reporting features.
FDBK0000367,CUST00296,2025-05-25,Feature Request,4,Positive,The platform has been useful for managing our business.
FDBK0000368,CUST00296,2024-10-15,General Feedback,1,Negative,The platform is easy to use and useful for our daily operations.
FDBK0000369,CUST00297,2026-08-09,General Feedback,1,Negative,We have experienced several issues with customer support.
FDBK0000370,CUST00297,2026-07-05,Product Review,4,Positive,Some support requests took too long to resolve.
FDBK0000371,CUST00298,2026-07-22,Cancellation Feedback,2,Negative,The pricing is difficult for our business.
FDBK0000372,CUST00298,2025-11-23,Cancellation Feedback,3,Neutral,The platform is useful but the price is becoming expensive.
FDBK0000373,CUST00299,2025-07-15,General Feedback,4,Positive,The platform has been useful for managing our business.
FDBK0000374,CUST00299,2026-06-28,General Feedback,4,Positive,The system has helped our team manage invoices more efficiently.
FDBK0000375,CUST00300,2025-12-06,Feature Request,4,Positive,Our usage of the platform has decreased recently.
FDBK0000376,CUST00300,2026-07-21,Cancellation Feedback,4,Positive,We are finding it difficult to get our team to use the platform regularly.
FDBK0000377,CUST00301,2023-12-18,Product Review,5,Positive,The pricing is difficult for our business.
FDBK0000378,CUST00302,2026-02-20,Product Review,3,Neutral,We have experienced several issues with customer support.
FDBK0000379,CUST00302,2026-09-01,General Feedback,1,Negative,The product is useful but support needs improvement.
FDBK0000380,CUST00302,2024-01-26,Survey,2,Negative,Some support requests took too long to resolve.
FDBK0000381,CUST00302,2026-04-11,Cancellation Feedback,1,Negative,We have experienced several issues with customer support.
FDBK0000382,CUST00302,2025-12-30,Survey,1,Negative,Some support requests took too long to resolve.
FDBK0000383,CUST00302,2025-08-24,Product Review,2,Negative,Some support requests took too long to resolve.
FDBK0000384,CUST00303,2025-02-10,Product Review,1,Negative,The product is useful but support needs improvement.
FDBK0000385,CUST00304,2026-05-31,Feature Request,4,Positive,The platform is easy to use and useful for our daily operations.
FDBK0000386,CUST00305,2026-02-25,Product Review,1,Negative,We need faster responses when technical problems occur.
FDBK0000387,CUST00305,2026-07-04,General Feedback,1,Negative,The product is useful but support needs improvement.
FDBK0000388,CUST00305,2026-08-09,Product Review,1,Negative,The product is useful but support needs improvement.
FDBK0000389,CUST00306,2026-06-06,Feature Request,2,Negative,We would like more value for the current subscription price.
FDBK0000390,CUST00306,2025-10-09,Survey,3,Neutral,The platform is useful but the price is becoming expensive.
FDBK0000391,CUST00306,2025-06-07,Product Review,5,Positive,The platform is useful but the price is becoming expensive.
FDBK0000392,CUST00307,2025-07-21,Product Review,1,Negative,We have experienced several issues with customer support.
FDBK0000393,CUST00308,2026-07-03,Feature Request,5,Positive,The system has helped our team manage invoices more efficiently.
FDBK0000394,CUST00310,2026-05-01,Feature Request,2,Negative,The platform has been useful for managing our business.
FDBK0000395,CUST00310,2026-08-28,Product Review,5,Positive,The system has helped our team manage invoices more efficiently.
FDBK0000396,CUST00310,2026-08-29,Cancellation Feedback,4,Positive,The platform is easy to use and useful for our daily operations.
FDBK0000397,CUST00311,2024-05-05,Survey,4,Positive,We especially like the reporting features.
FDBK0000398,CUST00312,2024-11-26,Cancellation Feedback,3,Neutral,Some of the features are not being used by our team.
FDBK0000399,CUST00313,2025-12-22,Cancellation Feedback,4,Positive,The pricing is difficult for our business.
FDBK0000400,CUST00314,2025-05-14,Survey,3,Neutral,We are happy with the features available.
FDBK0000401,CUST00315,2025-07-15,Survey,2,Negative,Some support requests took too long to resolve.
FDBK0000402,CUST00315,2025-06-13,Survey,3,Neutral,Some support requests took too long to resolve.
FDBK0000403,CUST00316,2026-07-21,General Feedback,3,Neutral,The platform is easy to use and useful for our daily operations.
FDBK0000404,CUST00317,2025-07-04,Product Review,3,Neutral,We like the product but the monthly cost is high.
FDBK0000405,CUST00317,2024-11-01,Survey,2,Negative,The pricing is difficult for our business.
FDBK0000406,CUST00317,2025-07-17,Survey,2,Negative,The pricing is difficult for our business.
FDBK0000407,CUST00319,2026-08-12,Product Review,2,Negative,Some of the features are not being used by our team.
FDBK0000408,CUST00319,2026-08-21,Product Review,1,Negative,We are not using the platform as much as we expected.
FDBK0000409,CUST00319,2026-06-09,Feature Request,2,Negative,Some of the features are not being used by our team.
FDBK0000410,CUST00319,2026-08-15,Survey,2,Negative,We are not using the platform as much as we expected.
FDBK0000411,CUST00320,2026-01-18,Product Review,5,Positive,The platform is easy to use and useful for our daily operations.
FDBK0000412,CUST00321,2025-10-29,General Feedback,5,Positive,The platform is easy to use and useful for our daily operations.
FDBK0000413,CUST00321,2024-09-30,Product Review,5,Positive,The system has helped our team manage invoices more efficiently.
FDBK0000414,CUST00322,2026-06-27,Feature Request,3,Neutral,We are not using the platform as much as we expected.
FDBK0000415,CUST00322,2025-05-16,Product Review,2,Negative,Our usage of the platform has decreased recently.
FDBK0000416,CUST00322,2025-09-25,General Feedback,5,Positive,Some of the features are not being used by our team.
FDBK0000417,CUST00326,2025-05-07,Survey,2,Negative,We would like more value for the current subscription price.
FDBK0000418,CUST00326,2025-01-30,General Feedback,3,Neutral,We like the product but the monthly cost is high.
FDBK0000419,CUST00326,2026-08-11,General Feedback,3,Neutral,The platform is useful but the price is becoming expensive.
FDBK0000420,CUST00327,2026-01-25,Survey,5,Positive,We are happy with the features available.
FDBK0000421,CUST00328,2026-04-19,Product Review,4,Positive,The system has helped our team manage invoices more efficiently.
FDBK0000422,CUST00329,2026-01-11,Feature Request,4,Positive,The pricing is difficult for our business.
FDBK0000423,CUST00329,2025-10-26,Survey,2,Negative,We would like more value for the current subscription price.
FDBK0000424,CUST00330,2025-05-23,Product Review,4,Positive,The platform has been useful for managing our business.
FDBK0000425,CUST00331,2026-03-01,Product Review,3,Neutral,Some of the features are not being used by our team.
FDBK0000426,CUST00331,2026-03-15,Feature Request,5,Positive,Our usage of the platform has decreased recently.
FDBK0000427,CUST00331,2026-07-25,Survey,1,Negative,We are finding it difficult to get our team to use the platform regularly.
FDBK0000428,CUST00331,2026-05-21,Product Review,4,Positive,We are not using the platform as much as we expected.
FDBK0000429,CUST00333,2025-04-12,Survey,4,Positive,The platform has been useful for managing our business.
FDBK0000430,CUST00333,2025-07-27,Cancellation Feedback,4,Positive,We especially like the reporting features.
FDBK0000431,CUST00333,2025-08-24,Cancellation Feedback,4,Positive,The system has helped our team manage invoices more efficiently.
FDBK0000432,CUST00333,2025-02-13,General Feedback,5,Positive,The platform has been useful for managing our business.
FDBK0000433,CUST00336,2026-03-19,Product Review,2,Negative,We are not using the platform as much as we expected.
FDBK0000434,CUST00338,2025-09-25,Survey,5,Positive,We are happy with the features available.
FDBK0000435,CUST00339,2025-11-09,Cancellation Feedback,4,Positive,The platform has been useful for managing our business.
FDBK0000436,CUST00340,2025-06-12,Cancellation Feedback,2,Negative,The pricing is difficult for our business.
FDBK0000437,CUST00340,2025-01-11,Cancellation Feedback,5,Positive,We like the product but the monthly cost is high.
FDBK0000438,CUST00340,2024-10-24,General Feedback,5,Positive,The platform is useful but the price is becoming expensive.
FDBK0000439,CUST00341,2024-10-13,Feature Request,4,Positive,The platform is easy to use and useful for our daily operations.
FDBK0000440,CUST00343,2026-08-04,Product Review,4,Positive,We are happy with the features available.
FDBK0000441,CUST00343,2026-08-14,Product Review,4,Positive,The system has helped our team manage invoices more efficiently.
FDBK0000442,CUST00345,2025-08-10,Survey,2,Negative,We need faster responses when technical problems occur.
FDBK0000443,CUST00345,2025-12-21,Survey,1,Negative,We need faster responses when technical problems occur.
FDBK0000444,CUST00345,2025-06-11,General Feedback,2,Negative,We need faster responses when technical problems occur.
FDBK0000445,CUST00346,2024-08-27,Survey,5,Positive,The platform has been useful for managing our business.
FDBK0000446,CUST00347,2026-04-18,Product Review,5,Positive,We are happy with the features available.
FDBK0000447,CUST00347,2026-07-05,Product Review,4,Positive,We especially like the reporting features.
FDBK0000448,CUST00347,2026-05-14,Feature Request,5,Positive,We especially like the reporting features.
FDBK0000449,CUST00348,2026-07-13,Cancellation Feedback,4,Positive,We especially like the reporting features.
FDBK0000450,CUST00349,2024-12-20,Product Review,4,Positive,The platform is easy to use and useful for our daily operations.
FDBK0000451,CUST00353,2026-06-21,Survey,2,Negative,We are happy with the features available.
FDBK0000452,CUST00355,2025-08-05,Cancellation Feedback,1,Negative,Some support requests took too long to resolve.
FDBK0000453,CUST00355,2025-08-13,Product Review,1,Negative,Some support requests took too long to resolve.
FDBK0000454,CUST00357,2026-01-31,Cancellation Feedback,5,Positive,The platform has been useful for managing our business.
FDBK0000455,CUST00358,2026-07-16,Product Review,1,Negative,We have experienced several issues with customer support.
FDBK0000456,CUST00358,2026-02-17,Survey,1,Negative,The product is useful but support needs improvement.
FDBK0000457,CUST00362,2026-06-07,Survey,4,Positive,The system has helped our team manage invoices more efficiently.
FDBK0000458,CUST00364,2025-02-16,Feature Request,1,Negative,We are finding it difficult to get our team to use the platform regularly.
FDBK0000459,CUST00365,2026-05-30,Product Review,3,Neutral,The pricing is difficult for our business.
FDBK0000460,CUST00365,2026-07-15,Feature Request,2,Negative,We would like more value for the current subscription price.
FDBK0000461,CUST00366,2024-09-04,General Feedback,4,Positive,We are happy with the features available.
FDBK0000462,CUST00366,2026-07-24,Survey,5,Positive,The system has helped our team manage invoices more efficiently.
FDBK0000463,CUST00367,2024-08-15,Feature Request,4,Positive,The platform is easy to use and useful for our daily operations.
FDBK0000464,CUST00367,2025-09-19,Survey,5,Positive,The platform has been useful for managing our business.
FDBK0000465,CUST00368,2026-08-27,Survey,2,Negative,We are finding it difficult to get our team to use the platform regularly.
FDBK0000466,CUST00368,2026-06-25,Feature Request,3,Neutral,We are finding it difficult to get our team to use the platform regularly.
FDBK0000467,CUST00369,2026-04-17,Feature Request,5,Positive,The system has helped our team manage invoices more efficiently.
FDBK0000468,CUST00370,2025-05-23,Cancellation Feedback,5,Positive,The platform is easy to use and useful for our daily operations.
FDBK0000469,CUST00371,2025-06-28,Cancellation Feedback,3,Neutral,The pricing is difficult for our business.
FDBK0000470,CUST00371,2024-11-27,Cancellation Feedback,3,Neutral,We would like more value for the current subscription price.
FDBK0000471,CUST00371,2025-07-02,Cancellation Feedback,3,Neutral,We like the product but the monthly cost is high.
FDBK0000472,CUST00372,2025-07-22,Survey,5,Positive,The system has helped our team manage invoices more efficiently.
FDBK0000473,CUST00372,2025-08-30,General Feedback,3,Neutral,The platform is easy to use and useful for our daily operations.
FDBK0000474,CUST00373,2026-08-27,Cancellation Feedback,3,Neutral,We have experienced several issues with customer support.
FDBK0000475,CUST00373,2026-05-26,Cancellation Feedback,3,Neutral,We have experienced several issues with customer support.
FDBK0000476,CUST00375,2025-07-21,Survey,4,Positive,The platform has been useful for managing our business.
FDBK0000477,CUST00376,2025-09-20,Feature Request,3,Neutral,The platform is useful but the price is becoming expensive.
FDBK0000478,CUST00376,2024-09-06,Survey,3,Neutral,The platform is useful but the price is becoming expensive.
FDBK0000479,CUST00377,2025-08-07,Product Review,3,Neutral,The pricing is difficult for our business.
FDBK0000480,CUST00378,2025-03-12,Feature Request,4,Positive,Our usage of the platform has decreased recently.
FDBK0000481,CUST00379,2026-05-23,Product Review,4,Positive,We are not using the platform as much as we expected.
FDBK0000482,CUST00380,2026-01-02,Feature Request,4,Positive,We especially like the reporting features.
FDBK0000483,CUST00380,2024-08-24,Feature Request,5,Positive,The platform has been useful for managing our business.
FDBK0000484,CUST00381,2026-02-18,Survey,5,Positive,The system has helped our team manage invoices more efficiently.
FDBK0000485,CUST00382,2025-03-25,Feature Request,4,Positive,We are happy with the features available.
FDBK0000486,CUST00385,2026-04-01,Cancellation Feedback,5,Positive,We especially like the reporting features.
FDBK0000487,CUST00387,2026-05-22,Survey,4,Positive,We especially like the reporting features.
FDBK0000488,CUST00388,2024-11-21,Feature Request,5,Positive,We are happy with the features available.
FDBK0000489,CUST00391,2026-07-19,General Feedback,1,Negative,The product is useful but support needs improvement.
FDBK0000490,CUST00392,2025-04-26,Survey,3,Neutral,We especially like the reporting features.
FDBK0000491,CUST00393,2025-01-13,Survey,5,Positive,We would like more value for the current subscription price.
FDBK0000492,CUST00393,2025-05-12,Product Review,4,Positive,We like the product but the monthly cost is high.
FDBK0000493,CUST00393,2025-02-10,Product Review,3,Neutral,The pricing is difficult for our business.
FDBK0000494,CUST00395,2026-08-31,Survey,4,Positive,We like the product but the monthly cost is high.
FDBK0000495,CUST00395,2026-08-15,General Feedback,3,Neutral,The platform is useful but the price is becoming expensive.
FDBK0000496,CUST00395,2025-05-07,Survey,4,Positive,The platform is useful but the price is becoming expensive.
FDBK0000497,CUST00395,2024-11-13,General Feedback,5,Positive,The platform is useful but the price is becoming expensive.
FDBK0000498,CUST00396,2026-08-11,General Feedback,5,Positive,The platform is easy to use and useful for our daily operations.
FDBK0000499,CUST00397,2025-03-26,Feature Request,5,Positive,We are not using the platform as much as we expected.
FDBK0000500,CUST00397,2026-01-29,Product Review,3,Neutral,We are not using the platform as much as we expected.
FDBK0000501,CUST00399,2026-06-25,Product Review,5,Positive,We like the product but the monthly cost is high.
FDBK0000502,CUST00399,2025-03-27,Product Review,2,Negative,The pricing is difficult for our business.
FDBK0000503,CUST00400,2025-05-13,Product Review,4,Positive,The pricing is difficult for our business.
FDBK0000504,CUST00400,2025-01-01,Survey,1,Negative,The pricing is difficult for our business.
FDBK0000505,CUST00401,2025-11-01,Product Review,3,Neutral,The platform has been useful for managing our business.
FDBK0000506,CUST00401,2025-07-06,Feature Request,5,Positive,The system has helped our team manage invoices more efficiently.
FDBK0000507,CUST00402,2025-07-25,General Feedback,5,Positive,The pricing is difficult for our business.
FDBK0000508,CUST00402,2026-05-18,Product Review,5,Positive,We like the product but the monthly cost is high.
FDBK0000509,CUST00402,2026-03-06,Cancellation Feedback,4,Positive,The pricing is difficult for our business.
FDBK0000510,CUST00404,2026-05-22,Product Review,3,Neutral,The platform is useful but the price is becoming expensive.
FDBK0000511,CUST00404,2026-05-30,Survey,3,Neutral,The platform is useful but the price is becoming expensive.
FDBK0000512,CUST00406,2025-04-27,Product Review,2,Negative,We are happy with the features available.
FDBK0000513,CUST00406,2025-04-26,Survey,5,Positive,We are happy with the features available.
FDBK0000514,CUST00407,2024-11-20,General Feedback,4,Positive,Some of the features are not being used by our team.
FDBK0000515,CUST00410,2025-06-16,Feature Request,1,Negative,We have experienced several issues with customer support.
FDBK0000516,CUST00412,2025-08-16,Feature Request,2,Negative,The pricing is difficult for our business.
FDBK0000517,CUST00412,2025-10-23,Feature Request,4,Positive,We would like more value for the current subscription price.
FDBK0000518,CUST00412,2025-09-17,Survey,3,Neutral,The pricing is difficult for our business.
FDBK0000519,CUST00412,2025-10-24,Product Review,2,Negative,We would like more value for the current subscription price.
FDBK0000520,CUST00412,2025-03-18,General Feedback,3,Neutral,We like the product but the monthly cost is high.
FDBK0000521,CUST00413,2024-09-30,Survey,3,Neutral,We have experienced several issues with customer support.
FDBK0000522,CUST00413,2026-03-03,General Feedback,1,Negative,We have experienced several issues with customer support.
FDBK0000523,CUST00414,2025-05-12,Product Review,4,Positive,The platform has been useful for managing our business.
FDBK0000524,CUST00416,2026-05-26,Survey,3,Neutral,The platform is easy to use and useful for our daily operations.
FDBK0000525,CUST00417,2025-09-21,Cancellation Feedback,1,Negative,Some of the features are not being used by our team.
FDBK0000526,CUST00417,2025-09-10,Cancellation Feedback,4,Positive,We are not using the platform as much as we expected.
FDBK0000527,CUST00419,2026-09-02,General Feedback,3,Neutral,We have experienced several issues with customer support.
FDBK0000528,CUST00419,2025-12-15,Product Review,5,Positive,Some support requests took too long to resolve.
FDBK0000529,CUST00420,2024-11-17,Survey,4,Positive,The system has helped our team manage invoices more efficiently.
FDBK0000530,CUST00420,2025-09-10,Product Review,2,Negative,The platform is easy to use and useful for our daily operations.
FDBK0000531,CUST00420,2026-04-22,Survey,4,Positive,The system has helped our team manage invoices more efficiently.
FDBK0000532,CUST00420,2025-03-14,Survey,5,Positive,The platform has been useful for managing our business.
FDBK0000533,CUST00420,2025-01-14,Survey,3,Neutral,The platform is easy to use and useful for our daily operations.
FDBK0000534,CUST00421,2026-03-23,General Feedback,4,Positive,The platform is easy to use and useful for our daily operations.
FDBK0000535,CUST00421,2026-01-05,Survey,4,Positive,The platform has been useful for managing our business.
FDBK0000536,CUST00423,2025-06-01,Product Review,5,Positive,The platform is easy to use and useful for our daily operations.
FDBK0000537,CUST00424,2026-04-27,Product Review,1,Negative,The pricing is difficult for our business.
FDBK0000538,CUST00424,2026-05-26,Survey,3,Neutral,The platform is useful but the price is becoming expensive.
FDBK0000539,CUST00424,2026-01-22,Survey,1,Negative,We would like more value for the current subscription price.
FDBK0000540,CUST00425,2026-03-28,Cancellation Feedback,4,Positive,We are not using the platform as much as we expected.
FDBK0000541,CUST00425,2026-09-19,Cancellation Feedback,4,Positive,We are finding it difficult to get our team to use the platform regularly.
FDBK0000542,CUST00425,2026-05-28,Survey,3,Neutral,Some of the features are not being used by our team.
FDBK0000543,CUST00426,2025-10-04,Survey,5,Positive,We are finding it difficult to get our team to use the platform regularly.
FDBK0000544,CUST00427,2024-05-11,Feature Request,4,Positive,Some support requests took too long to resolve.
FDBK0000545,CUST00429,2026-09-06,Cancellation Feedback,1,Negative,We are finding it difficult to get our team to use the platform regularly.
FDBK0000546,CUST00429,2026-09-19,General Feedback,4,Positive,Our usage of the platform has decreased recently.
FDBK0000547,CUST00431,2026-08-23,Product Review,4,Positive,The platform is easy to use and useful for our daily operations.
FDBK0000548,CUST00432,2026-07-13,Survey,5,Positive,Our usage of the platform has decreased recently.
FDBK0000549,CUST00433,2025-10-09,Feature Request,1,Negative,Some of the features are not being used by our team.
FDBK0000550,CUST00434,2026-02-11,Cancellation Feedback,1,Negative,The platform is easy to use and useful for our daily operations.
FDBK0000551,CUST00434,2026-08-11,General Feedback,5,Positive,We especially like the reporting features.
FDBK0000552,CUST00436,2025-05-11,Product Review,5,Positive,The platform has been useful for managing our business.
FDBK0000553,CUST00437,2024-03-03,Cancellation Feedback,5,Positive,We are happy with the features available.
FDBK0000554,CUST00437,2024-06-13,Cancellation Feedback,5,Positive,The system has helped our team manage invoices more efficiently.
FDBK0000555,CUST00439,2025-05-31,Survey,4,Positive,The platform is easy to use and useful for our daily operations.
FDBK0000556,CUST00441,2024-11-29,Cancellation Feedback,3,Neutral,The pricing is difficult for our business.
FDBK0000557,CUST00441,2024-06-01,Cancellation Feedback,1,Negative,We like the product but the monthly cost is high.
FDBK0000558,CUST00442,2026-01-19,Feature Request,1,Negative,We have experienced several issues with customer support.
FDBK0000559,CUST00443,2024-10-14,Survey,3,Neutral,The system has helped our team manage invoices more efficiently.
FDBK0000560,CUST00443,2026-08-18,Product Review,5,Positive,The platform has been useful for managing our business.
FDBK0000561,CUST00444,2024-12-29,Survey,4,Positive,The platform is easy to use and useful for our daily operations.
FDBK0000562,CUST00446,2026-06-19,Product Review,2,Negative,The product is useful but support needs improvement.
FDBK0000563,CUST00446,2026-01-25,Survey,1,Negative,The product is useful but support needs improvement.
FDBK0000564,CUST00446,2025-11-17,Product Review,1,Negative,The product is useful but support needs improvement.
FDBK0000565,CUST00446,2026-04-24,Product Review,2,Negative,The product is useful but support needs improvement.
FDBK0000566,CUST00446,2025-12-22,Product Review,2,Negative,Some support requests took too long to resolve.
FDBK0000567,CUST00448,2024-09-20,Product Review,1,Negative,Some support requests took too long to resolve.
FDBK0000568,CUST00448,2024-10-18,Survey,3,Neutral,We have experienced several issues with customer support.
FDBK0000569,CUST00449,2026-09-06,Feature Request,2,Negative,The pricing is difficult for our business.
FDBK0000570,CUST00451,2026-09-16,Product Review,2,Negative,The system has helped our team manage invoices more efficiently.
FDBK0000571,CUST00451,2026-06-07,Survey,3,Neutral,We especially like the reporting features.
FDBK0000572,CUST00452,2026-09-05,Survey,5,Positive,The platform has been useful for managing our business.
FDBK0000573,CUST00454,2026-07-17,Product Review,1,Negative,We have experienced several issues with customer support.
FDBK0000574,CUST00455,2025-11-17,Survey,4,Positive,We especially like the reporting features.
FDBK0000575,CUST00455,2025-10-23,General Feedback,5,Positive,The system has helped our team manage invoices more efficiently.
FDBK0000576,CUST00457,2026-01-25,Cancellation Feedback,4,Positive,The pricing is difficult for our business.
FDBK0000577,CUST00457,2025-08-18,Product Review,3,Neutral,The platform is useful but the price is becoming expensive.
FDBK0000578,CUST00457,2025-07-05,Product Review,3,Neutral,We like the product but the monthly cost is high.
FDBK0000579,CUST00458,2026-08-24,General Feedback,1,Negative,We have experienced several issues with customer support.
FDBK0000580,CUST00458,2025-05-27,Product Review,1,Negative,We need faster responses when technical problems occur.
FDBK0000581,CUST00459,2024-04-25,Product Review,5,Positive,We especially like the reporting features.
FDBK0000582,CUST00461,2026-08-16,Survey,3,Neutral,We are not using the platform as much as we expected.
FDBK0000583,CUST00462,2026-01-24,Product Review,2,Negative,We like the product but the monthly cost is high.
FDBK0000584,CUST00462,2024-04-19,General Feedback,4,Positive,We like the product but the monthly cost is high.
FDBK0000585,CUST00464,2026-06-15,Product Review,4,Positive,We are happy with the features available.
FDBK0000586,CUST00465,2024-10-18,Feature Request,3,Neutral,The product is useful but support needs improvement.
FDBK0000587,CUST00466,2026-08-27,Product Review,3,Neutral,We especially like the reporting features.
FDBK0000588,CUST00468,2026-05-11,Survey,5,Positive,The system has helped our team manage invoices more efficiently.
FDBK0000589,CUST00470,2026-09-04,Feature Request,5,Positive,The platform is easy to use and useful for our daily operations.
FDBK0000590,CUST00471,2025-06-03,Cancellation Feedback,3,Neutral,The system has helped our team manage invoices more efficiently.
FDBK0000591,CUST00471,2025-09-04,Cancellation Feedback,4,Positive,We especially like the reporting features.
FDBK0000592,CUST00472,2025-03-28,Product Review,5,Positive,We are happy with the features available.
FDBK0000593,CUST00473,2025-04-09,Cancellation Feedback,1,Negative,We need faster responses when technical problems occur.
FDBK0000594,CUST00473,2025-05-29,General Feedback,1,Negative,We need faster responses when technical problems occur.
FDBK0000595,CUST00473,2025-05-10,Cancellation Feedback,2,Negative,The product is useful but support needs improvement.
FDBK0000596,CUST00474,2026-05-09,Cancellation Feedback,5,Positive,We like the product but the monthly cost is high.
FDBK0000597,CUST00474,2026-07-15,Product Review,3,Neutral,We would like more value for the current subscription price.
FDBK0000598,CUST00476,2026-03-07,Product Review,5,Positive,We are happy with the features available.
FDBK0000599,CUST00476,2026-03-05,General Feedback,4,Positive,We are happy with the features available.
FDBK0000600,CUST00479,2026-06-04,Feature Request,5,Positive,We are happy with the features available.
FDBK0000601,CUST00480,2026-03-12,Survey,5,Positive,The platform is easy to use and useful for our daily operations.
FDBK0000602,CUST00483,2026-09-12,Feature Request,5,Positive,We are happy with the features available.
FDBK0000603,CUST00483,2026-07-13,Feature Request,3,Neutral,The system has helped our team manage invoices more efficiently.
FDBK0000604,CUST00483,2026-08-12,Feature Request,4,Positive,The system has helped our team manage invoices more efficiently.
FDBK0000605,CUST00483,2026-05-14,Survey,5,Positive,The platform is easy to use and useful for our daily operations.
FDBK0000606,CUST00483,2026-08-07,Product Review,3,Neutral,We especially like the reporting features.
FDBK0000607,CUST00484,2024-12-21,Product Review,5,Positive,We especially like the reporting features.
FDBK0000608,CUST00485,2025-12-27,Product Review,4,Positive,Some of the features are not being used by our team.
FDBK0000609,CUST00486,2026-02-28,Cancellation Feedback,4,Positive,We especially like the reporting features.
FDBK0000610,CUST00487,2026-07-29,Feature Request,4,Positive,We especially like the reporting features.
FDBK0000611,CUST00488,2026-05-22,General Feedback,4,Positive,Our usage of the platform has decreased recently.
FDBK0000612,CUST00489,2025-07-17,General Feedback,3,Neutral,The platform is easy to use and useful for our daily operations.
FDBK0000613,CUST00489,2026-08-24,Feature Request,5,Positive,We are happy with the features available.
FDBK0000614,CUST00490,2026-05-01,Survey,2,Negative,We would like more value for the current subscription price.
FDBK0000615,CUST00492,2026-07-24,Survey,4,Positive,The platform has been useful for managing our business.
FDBK0000616,CUST00492,2026-04-17,General Feedback,4,Positive,The platform has been useful for managing our business.
FDBK0000617,CUST00494,2024-12-03,Product Review,3,Neutral,The product is useful but support needs improvement.
FDBK0000618,CUST00494,2024-10-31,Cancellation Feedback,3,Neutral,We have experienced several issues with customer support.
FDBK0000619,CUST00495,2026-03-24,Product Review,4,Positive,We especially like the reporting features.
FDBK0000620,CUST00495,2024-11-16,Product Review,5,Positive,We especially like the reporting features.
FDBK0000621,CUST00496,2025-09-14,Survey,2,Negative,The platform is easy to use and useful for our daily operations.
FDBK0000622,CUST00497,2026-04-07,Product Review,2,Negative,The platform is useful but the price is becoming expensive.
FDBK0000623,CUST00497,2026-07-01,Feature Request,4,Positive,We would like more value for the current subscription price.
FDBK0000624,CUST00498,2025-06-09,Cancellation Feedback,1,Negative,The platform is easy to use and useful for our daily operations.
FDBK0000625,CUST00500,2026-05-29,General Feedback,4,Positive,The platform is easy to use and useful for our daily operations.
FDBK0000626,CUST00500,2025-10-16,General Feedback,5,Positive,We are happy with the features available.
FDBK0000627,CUST00501,2026-05-26,Survey,1,Negative,Some of the features are not being used by our team.
FDBK0000628,CUST00501,2026-04-15,Survey,4,Positive,Some of the features are not being used by our team.
FDBK0000629,CUST00501,2026-07-13,Survey,3,Neutral,We are not using the platform as much as we expected.
FDBK0000630,CUST00502,2025-06-29,Survey,4,Positive,Our usage of the platform has decreased recently.
FDBK0000631,CUST00502,2026-03-03,Product Review,3,Neutral,Some of the features are not being used by our team.
FDBK0000632,CUST00502,2025-10-07,Feature Request,4,Positive,Our usage of the platform has decreased recently.
FDBK0000633,CUST00503,2026-04-02,General Feedback,3,Neutral,The product is useful but support needs improvement.
FDBK0000634,CUST00505,2026-05-21,Survey,3,Neutral,We like the product but the monthly cost is high.
FDBK0000635,CUST00505,2026-04-22,Feature Request,3,Neutral,The pricing is difficult for our business.
FDBK0000636,CUST00506,2024-12-24,Cancellation Feedback,5,Positive,The system has helped our team manage invoices more efficiently.
FDBK0000637,CUST00506,2025-07-25,Product Review,5,Positive,The platform has been useful for managing our business.
FDBK0000638,CUST00510,2025-05-28,Feature Request,5,Positive,The platform has been useful for managing our business.
FDBK0000639,CUST00511,2025-11-24,General Feedback,3,Neutral,Some support requests took too long to resolve.
FDBK0000640,CUST00511,2026-07-13,Product Review,2,Negative,We have experienced several issues with customer support.
FDBK0000641,CUST00512,2026-06-20,Survey,4,Positive,The platform is useful but the price is becoming expensive.
FDBK0000642,CUST00514,2025-08-23,Product Review,1,Negative,We have experienced several issues with customer support.
FDBK0000643,CUST00514,2025-10-12,Product Review,3,Neutral,The product is useful but support needs improvement.
FDBK0000644,CUST00515,2025-06-08,Cancellation Feedback,3,Neutral,We would like more value for the current subscription price.
FDBK0000645,CUST00515,2024-07-12,Cancellation Feedback,3,Neutral,We would like more value for the current subscription price.
FDBK0000646,CUST00517,2026-08-28,Product Review,3,Neutral,We have experienced several issues with customer support.
FDBK0000647,CUST00517,2026-08-14,Survey,3,Neutral,We need faster responses when technical problems occur.
FDBK0000648,CUST00517,2026-09-05,Product Review,1,Negative,We have experienced several issues with customer support.
FDBK0000649,CUST00518,2025-08-20,Feature Request,5,Positive,The platform has been useful for managing our business.
FDBK0000650,CUST00519,2026-09-19,Survey,4,Positive,The platform has been useful for managing our business.
FDBK0000651,CUST00521,2026-07-04,Product Review,2,Negative,We have experienced several issues with customer support.
FDBK0000652,CUST00522,2026-09-20,Survey,5,Positive,The system has helped our team manage invoices more efficiently.
FDBK0000653,CUST00523,2026-07-15,Survey,4,Positive,Some of the features are not being used by our team.
FDBK0000654,CUST00523,2026-06-20,General Feedback,5,Positive,Our usage of the platform has decreased recently.
FDBK0000655,CUST00523,2026-05-02,Survey,4,Positive,We are not using the platform as much as we expected.
FDBK0000656,CUST00525,2025-11-16,Survey,5,Positive,We are finding it difficult to get our team to use the platform regularly.
FDBK0000657,CUST00525,2026-07-14,Product Review,2,Negative,We are finding it difficult to get our team to use the platform regularly.
FDBK0000658,CUST00525,2026-01-30,Product Review,2,Negative,Some of the features are not being used by our team.
FDBK0000659,CUST00525,2025-07-24,Survey,4,Positive,Some of the features are not being used by our team.
FDBK0000660,CUST00526,2025-06-21,Feature Request,4,Positive,The platform is useful but the price is becoming expensive.
FDBK0000661,CUST00528,2026-08-02,Product Review,2,Negative,The platform has been useful for managing our business.
FDBK0000662,CUST00529,2026-01-26,Cancellation Feedback,4,Positive,The system has helped our team manage invoices more efficiently.
FDBK0000663,CUST00529,2026-01-04,Product Review,5,Positive,We are happy with the features available.
FDBK0000664,CUST00529,2025-12-13,Cancellation Feedback,4,Positive,The platform has been useful for managing our business.
FDBK0000665,CUST00530,2025-12-26,Survey,2,Negative,The system has helped our team manage invoices more efficiently.
FDBK0000666,CUST00531,2026-08-20,Feature Request,4,Positive,We would like more value for the current subscription price.
FDBK0000667,CUST00532,2026-04-08,Feature Request,3,Neutral,We are happy with the features available.
FDBK0000668,CUST00532,2025-11-14,General Feedback,5,Positive,The platform has been useful for managing our business.
FDBK0000669,CUST00535,2025-07-03,Product Review,2,Negative,The pricing is difficult for our business.
FDBK0000670,CUST00535,2026-07-27,Survey,5,Positive,We like the product but the monthly cost is high.
FDBK0000671,CUST00537,2025-10-19,Survey,1,Negative,We need faster responses when technical problems occur.
FDBK0000672,CUST00537,2023-10-24,Product Review,1,Negative,We have experienced several issues with customer support.
FDBK0000673,CUST00537,2025-12-04,Survey,3,Neutral,The product is useful but support needs improvement.
FDBK0000674,CUST00538,2026-08-10,Product Review,4,Positive,We especially like the reporting features.
FDBK0000675,CUST00539,2025-01-08,Product Review,4,Positive,The system has helped our team manage invoices more efficiently.
FDBK0000676,CUST00542,2026-08-23,Feature Request,3,Neutral,Some support requests took too long to resolve.
FDBK0000677,CUST00542,2026-08-28,Product Review,4,Positive,Some support requests took too long to resolve.
FDBK0000678,CUST00543,2025-04-02,Product Review,1,Negative,We need faster responses when technical problems occur.
FDBK0000679,CUST00543,2025-10-20,Product Review,3,Neutral,We need faster responses when technical problems occur.
FDBK0000680,CUST00545,2025-06-20,Product Review,5,Positive,The system has helped our team manage invoices more efficiently.
FDBK0000681,CUST00546,2023-12-11,Product Review,3,Neutral,The system has helped our team manage invoices more efficiently.
FDBK0000682,CUST00547,2026-04-09,Product Review,5,Positive,The platform is easy to use and useful for our daily operations.
FDBK0000683,CUST00548,2026-06-24,Survey,4,Positive,The platform is easy to use and useful for our daily operations.
FDBK0000684,CUST00551,2026-01-14,General Feedback,4,Positive,We especially like the reporting features.
FDBK0000685,CUST00553,2026-07-21,Survey,5,Positive,We are happy with the features available.
FDBK0000686,CUST00553,2026-07-12,Survey,5,Positive,The platform has been useful for managing our business.
FDBK0000687,CUST00553,2026-07-26,Product Review,5,Positive,We are happy with the features available.
FDBK0000688,CUST00553,2026-09-10,Survey,5,Positive,The system has helped our team manage invoices more efficiently.
FDBK0000689,CUST00553,2026-08-21,Survey,4,Positive,The platform is easy to use and useful for our daily operations.
FDBK0000690,CUST00556,2026-05-30,Product Review,2,Negative,Some of the features are not being used by our team.
FDBK0000691,CUST00556,2025-12-13,Feature Request,5,Positive,We are finding it difficult to get our team to use the platform regularly.
FDBK0000692,CUST00557,2025-11-04,Survey,1,Negative,We have experienced several issues with customer support.
FDBK0000693,CUST00557,2025-04-06,Cancellation Feedback,2,Negative,We need faster responses when technical problems occur.
FDBK0000694,CUST00557,2025-10-18,Survey,3,Neutral,We need faster responses when technical problems occur.
FDBK0000695,CUST00559,2024-04-23,General Feedback,3,Neutral,We would like more value for the current subscription price.
FDBK0000696,CUST00559,2026-03-11,General Feedback,1,Negative,The pricing is difficult for our business.
FDBK0000697,CUST00560,2026-08-26,Product Review,1,Negative,Some support requests took too long to resolve.
FDBK0000698,CUST00562,2025-07-13,Cancellation Feedback,1,Negative,Some support requests took too long to resolve.
FDBK0000699,CUST00563,2024-11-22,Product Review,4,Positive,Some of the features are not being used by our team.
FDBK0000700,CUST00564,2025-09-19,Cancellation Feedback,5,Positive,We are happy with the features available.
FDBK0000701,CUST00564,2024-09-28,Feature Request,4,Positive,The platform has been useful for managing our business.
FDBK0000702,CUST00564,2025-03-20,Product Review,3,Neutral,The system has helped our team manage invoices more efficiently.
FDBK0000703,CUST00565,2026-01-19,Feature Request,3,Neutral,We are finding it difficult to get our team to use the platform regularly.
FDBK0000704,CUST00566,2025-11-04,General Feedback,1,Negative,Some support requests took too long to resolve.
FDBK0000705,CUST00569,2026-09-11,Survey,5,Positive,The product is useful but support needs improvement.
FDBK0000706,CUST00571,2026-05-18,Product Review,4,Positive,The product is useful but support needs improvement.
FDBK0000707,CUST00571,2025-06-20,Product Review,2,Negative,We have experienced several issues with customer support.
FDBK0000708,CUST00572,2026-09-04,General Feedback,3,Neutral,The platform has been useful for managing our business.
FDBK0000709,CUST00572,2026-09-22,Survey,2,Negative,The system has helped our team manage invoices more efficiently.
FDBK0000710,CUST00573,2025-08-15,Product Review,5,Positive,The platform has been useful for managing our business.
FDBK0000711,CUST00574,2026-06-04,Product Review,5,Positive,We like the product but the monthly cost is high.
FDBK0000712,CUST00574,2025-07-06,General Feedback,3,Neutral,The pricing is difficult for our business.
FDBK0000713,CUST00575,2024-01-25,Product Review,5,Positive,The system has helped our team manage invoices more efficiently.
FDBK0000714,CUST00576,2026-08-21,Feature Request,4,Positive,We are happy with the features available.
FDBK0000715,CUST00577,2025-03-09,Product Review,3,Neutral,Our usage of the platform has decreased recently.
FDBK0000716,CUST00578,2025-04-25,Survey,3,Neutral,We are finding it difficult to get our team to use the platform regularly.
FDBK0000717,CUST00578,2026-08-14,Cancellation Feedback,4,Positive,Some of the features are not being used by our team.
FDBK0000718,CUST00581,2026-06-02,Product Review,2,Negative,We would like more value for the current subscription price.
FDBK0000719,CUST00581,2026-06-20,Product Review,1,Negative,The pricing is difficult for our business.
FDBK0000720,CUST00581,2026-04-21,Product Review,2,Negative,The platform is useful but the price is becoming expensive.
FDBK0000721,CUST00581,2026-09-23,General Feedback,4,Positive,We like the product but the monthly cost is high.
FDBK0000722,CUST00581,2026-07-13,Product Review,2,Negative,The pricing is difficult for our business.
FDBK0000723,CUST00582,2025-01-02,Survey,2,Negative,Some support requests took too long to resolve.
FDBK0000724,CUST00582,2025-12-29,Feature Request,4,Positive,The product is useful but support needs improvement.
FDBK0000725,CUST00583,2025-04-13,Product Review,3,Neutral,We like the product but the monthly cost is high.
FDBK0000726,CUST00583,2025-07-04,Survey,3,Neutral,The platform is useful but the price is becoming expensive.
FDBK0000727,CUST00583,2026-07-17,Survey,2,Negative,The platform is useful but the price is becoming expensive.
FDBK0000728,CUST00585,2026-06-20,Survey,4,Positive,We are finding it difficult to get our team to use the platform regularly.
FDBK0000729,CUST00585,2024-12-15,Product Review,3,Neutral,We are finding it difficult to get our team to use the platform regularly.
FDBK0000730,CUST00585,2026-01-23,Survey,5,Positive,Some of the features are not being used by our team.
FDBK0000731,CUST00585,2026-03-25,General Feedback,3,Neutral,Some of the features are not being used by our team.
FDBK0000732,CUST00586,2025-09-05,Cancellation Feedback,3,Neutral,We have experienced several issues with customer support.
FDBK0000733,CUST00587,2024-03-01,Cancellation Feedback,3,Neutral,We are not using the platform as much as we expected.
FDBK0000734,CUST00588,2025-09-07,Product Review,3,Neutral,We have experienced several issues with customer support.
FDBK0000735,CUST00588,2025-08-21,Product Review,2,Negative,We have experienced several issues with customer support.
FDBK0000736,CUST00589,2025-05-15,Feature Request,5,Positive,The platform has been useful for managing our business.
FDBK0000737,CUST00590,2024-06-30,Cancellation Feedback,4,Positive,Some of the features are not being used by our team.
FDBK0000738,CUST00590,2024-05-31,Feature Request,3,Neutral,Our usage of the platform has decreased recently.
FDBK0000739,CUST00590,2024-11-24,Cancellation Feedback,3,Neutral,Some of the features are not being used by our team.
FDBK0000740,CUST00591,2026-02-24,General Feedback,4,Positive,The platform is easy to use and useful for our daily operations.
FDBK0000741,CUST00593,2026-05-07,Cancellation Feedback,5,Positive,We are happy with the features available.
FDBK0000742,CUST00595,2025-12-27,General Feedback,1,Negative,Some support requests took too long to resolve.
FDBK0000743,CUST00596,2024-11-05,Survey,3,Neutral,We like the product but the monthly cost is high.
FDBK0000744,CUST00596,2026-07-08,Feature Request,3,Neutral,The pricing is difficult for our business.
FDBK0000745,CUST00596,2025-12-28,Survey,5,Positive,The pricing is difficult for our business.
FDBK0000746,CUST00596,2024-10-25,Product Review,5,Positive,We like the product but the monthly cost is high.
FDBK0000747,CUST00596,2025-12-29,Product Review,4,Positive,The pricing is difficult for our business.
FDBK0000748,CUST00597,2025-08-15,General Feedback,4,Positive,The platform is useful but the price is becoming expensive.
FDBK0000749,CUST00598,2026-01-01,Feature Request,5,Positive,The platform has been useful for managing our business.
FDBK0000750,CUST00598,2026-09-09,Survey,4,Positive,We are happy with the features available.
FDBK0000751,CUST00599,2026-02-16,General Feedback,3,Neutral,We would like more value for the current subscription price.
FDBK0000752,CUST00599,2026-01-12,General Feedback,3,Neutral,We like the product but the monthly cost is high.
FDBK0000753,CUST00600,2026-06-07,Cancellation Feedback,4,Positive,The platform is easy to use and useful for our daily operations.
FDBK0000754,CUST00601,2026-08-21,Product Review,4,Positive,The system has helped our team manage invoices more efficiently.
FDBK0000755,CUST00601,2026-01-28,Product Review,4,Positive,The system has helped our team manage invoices more efficiently.
FDBK0000756,CUST00602,2026-01-22,Survey,3,Neutral,The pricing is difficult for our business.
FDBK0000757,CUST00602,2026-04-05,General Feedback,3,Neutral,We would like more value for the current subscription price.
FDBK0000758,CUST00602,2026-01-16,General Feedback,5,Positive,The pricing is difficult for our business.
FDBK0000759,CUST00603,2025-06-06,General Feedback,1,Negative,The platform has been useful for managing our business.
FDBK0000760,CUST00603,2024-10-29,General Feedback,5,Positive,The platform is easy to use and useful for our daily operations.
FDBK0000761,CUST00603,2026-05-26,Product Review,5,Positive,We are happy with the features available.
FDBK0000762,CUST00604,2026-02-15,Product Review,5,Positive,We are happy with the features available.
FDBK0000763,CUST00605,2026-08-27,Product Review,5,Positive,The system has helped our team manage invoices more efficiently.
FDBK0000764,CUST00606,2026-08-22,Survey,1,Negative,Some support requests took too long to resolve.
FDBK0000765,CUST00607,2024-08-09,Cancellation Feedback,3,Neutral,The platform is easy to use and useful for our daily operations.
FDBK0000766,CUST00607,2025-03-01,Survey,5,Positive,The platform is easy to use and useful for our daily operations.
FDBK0000767,CUST00607,2024-07-10,Product Review,5,Positive,The platform has been useful for managing our business.
FDBK0000768,CUST00608,2024-12-13,General Feedback,2,Negative,We especially like the reporting features.
FDBK0000769,CUST00610,2026-02-02,General Feedback,5,Positive,The platform has been useful for managing our business.
FDBK0000770,CUST00612,2026-08-06,Feature Request,3,Neutral,Some support requests took too long to resolve.
FDBK0000771,CUST00612,2026-09-05,General Feedback,3,Neutral,The product is useful but support needs improvement.
FDBK0000772,CUST00612,2026-05-21,Product Review,2,Negative,The product is useful but support needs improvement.
FDBK0000773,CUST00613,2026-08-13,Survey,4,Positive,The platform is useful but the price is becoming expensive.
FDBK0000774,CUST00613,2026-03-05,Survey,4,Positive,The platform is useful but the price is becoming expensive.
FDBK0000775,CUST00613,2026-05-14,Feature Request,3,Neutral,We would like more value for the current subscription price.
FDBK0000776,CUST00614,2025-12-01,General Feedback,5,Positive,The system has helped our team manage invoices more efficiently.
FDBK0000777,CUST00614,2025-10-29,Cancellation Feedback,5,Positive,The platform is easy to use and useful for our daily operations.
FDBK0000778,CUST00615,2026-04-05,Product Review,1,Negative,The product is useful but support needs improvement.
FDBK0000779,CUST00617,2025-05-31,Cancellation Feedback,5,Positive,The platform has been useful for managing our business.
FDBK0000780,CUST00618,2026-09-19,Product Review,5,Positive,The platform has been useful for managing our business.
FDBK0000781,CUST00619,2026-05-15,Feature Request,5,Positive,We especially like the reporting features.
FDBK0000782,CUST00620,2026-07-17,Product Review,3,Neutral,We have experienced several issues with customer support.
FDBK0000783,CUST00620,2026-08-05,Survey,1,Negative,The product is useful but support needs improvement.
FDBK0000784,CUST00620,2026-06-15,Cancellation Feedback,1,Negative,We have experienced several issues with customer support.
FDBK0000785,CUST00621,2025-08-24,Feature Request,4,Positive,We are happy with the features available.
FDBK0000786,CUST00621,2025-08-25,Feature Request,5,Positive,We are happy with the features available.
FDBK0000787,CUST00624,2025-02-16,Product Review,5,Positive,We like the product but the monthly cost is high.
FDBK0000788,CUST00625,2026-09-22,Survey,5,Positive,The system has helped our team manage invoices more efficiently.
FDBK0000789,CUST00625,2026-08-17,Survey,5,Positive,The platform has been useful for managing our business.
FDBK0000790,CUST00627,2026-05-10,Feature Request,2,Negative,The system has helped our team manage invoices more efficiently.
FDBK0000791,CUST00628,2024-10-23,Feature Request,5,Positive,The platform is easy to use and useful for our daily operations.
FDBK0000792,CUST00629,2024-06-09,Cancellation Feedback,3,Neutral,We need faster responses when technical problems occur.
FDBK0000793,CUST00629,2025-10-29,Cancellation Feedback,1,Negative,We need faster responses when technical problems occur.
FDBK0000794,CUST00629,2024-04-05,Cancellation Feedback,2,Negative,The product is useful but support needs improvement.
FDBK0000795,CUST00629,2025-01-01,Product Review,1,Negative,We have experienced several issues with customer support.
FDBK0000796,CUST00630,2025-06-26,Product Review,2,Negative,We are happy with the features available.
FDBK0000797,CUST00631,2024-08-23,Survey,4,Positive,The platform is easy to use and useful for our daily operations.
FDBK0000798,CUST00631,2024-04-30,Product Review,3,Neutral,The system has helped our team manage invoices more efficiently.
FDBK0000799,CUST00632,2025-02-17,Survey,3,Neutral,Some of the features are not being used by our team.
FDBK0000800,CUST00633,2025-12-08,Survey,2,Negative,We would like more value for the current subscription price.
FDBK0000801,CUST00633,2025-11-29,Feature Request,3,Neutral,The pricing is difficult for our business.
FDBK0000802,CUST00633,2025-09-20,Survey,5,Positive,The platform is useful but the price is becoming expensive.
FDBK0000803,CUST00635,2025-02-21,Cancellation Feedback,2,Negative,Our usage of the platform has decreased recently.
FDBK0000804,CUST00635,2025-07-15,Product Review,4,Positive,We are finding it difficult to get our team to use the platform regularly.
FDBK0000805,CUST00636,2025-08-10,Product Review,4,Positive,The platform is useful but the price is becoming expensive.
FDBK0000806,CUST00638,2026-06-28,Cancellation Feedback,5,Positive,The product is useful but support needs improvement.
FDBK0000807,CUST00638,2026-05-10,Cancellation Feedback,1,Negative,The product is useful but support needs improvement.
FDBK0000808,CUST00638,2026-06-14,Survey,2,Negative,We have experienced several issues with customer support.
FDBK0000809,CUST00638,2026-08-04,Cancellation Feedback,1,Negative,We need faster responses when technical problems occur.
FDBK0000810,CUST00640,2025-06-22,Survey,5,Positive,We are happy with the features available.
FDBK0000811,CUST00640,2026-06-30,General Feedback,4,Positive,The system has helped our team manage invoices more efficiently.
FDBK0000812,CUST00641,2024-06-18,Cancellation Feedback,1,Negative,We need faster responses when technical problems occur.
FDBK0000813,CUST00641,2024-01-11,Cancellation Feedback,3,Neutral,We have experienced several issues with customer support.
FDBK0000814,CUST00641,2024-11-04,Cancellation Feedback,1,Negative,We need faster responses when technical problems occur.
FDBK0000815,CUST00641,2024-09-08,Cancellation Feedback,3,Neutral,The product is useful but support needs improvement.
FDBK0000816,CUST00642,2026-01-12,Survey,4,Positive,We are happy with the features available.
FDBK0000817,CUST00644,2026-04-24,Feature Request,4,Positive,We like the product but the monthly cost is high.
FDBK0000818,CUST00644,2026-08-13,General Feedback,5,Positive,We like the product but the monthly cost is high.
FDBK0000819,CUST00645,2025-01-29,General Feedback,3,Neutral,We need faster responses when technical problems occur.
FDBK0000820,CUST00647,2025-07-16,Survey,2,Negative,We have experienced several issues with customer support.
FDBK0000821,CUST00647,2025-05-11,Survey,3,Neutral,We have experienced several issues with customer support.
FDBK0000822,CUST00647,2025-10-09,Survey,2,Negative,The product is useful but support needs improvement.
FDBK0000823,CUST00647,2025-08-02,Survey,1,Negative,We need faster responses when technical problems occur.
FDBK0000824,CUST00648,2024-11-26,Survey,5,Positive,We are happy with the features available.
FDBK0000825,CUST00648,2025-12-09,Survey,3,Neutral,We are happy with the features available.
FDBK0000826,CUST00648,2026-07-25,Feature Request,5,Positive,The system has helped our team manage invoices more efficiently.
FDBK0000827,CUST00650,2025-04-16,Feature Request,3,Neutral,We like the product but the monthly cost is high.
FDBK0000828,CUST00652,2026-09-18,Cancellation Feedback,3,Neutral,The platform has been useful for managing our business.
FDBK0000829,CUST00652,2025-10-16,Survey,5,Positive,The system has helped our team manage invoices more efficiently.
FDBK0000830,CUST00652,2025-12-26,Survey,5,Positive,We are happy with the features available.
FDBK0000831,CUST00653,2024-12-02,Product Review,3,Neutral,We would like more value for the current subscription price.
FDBK0000832,CUST00653,2025-10-13,Product Review,4,Positive,We like the product but the monthly cost is high.
FDBK0000833,CUST00653,2024-09-07,Product Review,3,Neutral,We would like more value for the current subscription price.
FDBK0000834,CUST00654,2025-07-28,General Feedback,4,Positive,The system has helped our team manage invoices more efficiently.
FDBK0000835,CUST00655,2025-01-06,Survey,3,Neutral,We are happy with the features available.
FDBK0000836,CUST00656,2024-10-20,Product Review,5,Positive,The platform is easy to use and useful for our daily operations.
FDBK0000837,CUST00656,2026-09-13,General Feedback,5,Positive,The platform has been useful for managing our business.
FDBK0000838,CUST00657,2026-04-09,Feature Request,3,Neutral,We are happy with the features available.
FDBK0000839,CUST00659,2026-08-30,Product Review,5,Positive,The platform is easy to use and useful for our daily operations.
FDBK0000840,CUST00661,2026-02-19,Feature Request,5,Positive,We especially like the reporting features.
FDBK0000841,CUST00661,2025-12-29,Product Review,5,Positive,The system has helped our team manage invoices more efficiently.
FDBK0000842,CUST00662,2026-07-11,General Feedback,3,Neutral,The product is useful but support needs improvement.
FDBK0000843,CUST00662,2024-03-26,Product Review,1,Negative,The product is useful but support needs improvement.
FDBK0000844,CUST00662,2026-09-02,Feature Request,2,Negative,We have experienced several issues with customer support.
FDBK0000845,CUST00663,2026-05-05,Product Review,5,Positive,The platform has been useful for managing our business.
FDBK0000846,CUST00663,2025-02-26,Feature Request,4,Positive,The platform has been useful for managing our business.
FDBK0000847,CUST00664,2025-07-22,Feature Request,1,Negative,Some support requests took too long to resolve.
FDBK0000848,CUST00664,2025-07-21,Survey,1,Negative,We need faster responses when technical problems occur.
FDBK0000849,CUST00664,2025-04-24,Survey,1,Negative,The product is useful but support needs improvement.
FDBK0000850,CUST00665,2025-10-04,Feature Request,4,Positive,We need faster responses when technical problems occur.
FDBK0000851,CUST00665,2024-01-10,Cancellation Feedback,3,Neutral,Some support requests took too long to resolve.
FDBK0000852,CUST00665,2025-08-01,General Feedback,2,Negative,We need faster responses when technical problems occur.
FDBK0000853,CUST00666,2026-06-26,Cancellation Feedback,2,Negative,We are not using the platform as much as we expected.
FDBK0000854,CUST00669,2026-02-03,Cancellation Feedback,4,Positive,We are not using the platform as much as we expected.
FDBK0000855,CUST00669,2026-07-26,Cancellation Feedback,4,Positive,Our usage of the platform has decreased recently.
FDBK0000856,CUST00670,2026-07-17,Product Review,2,Negative,Some support requests took too long to resolve.
FDBK0000857,CUST00670,2025-08-17,Feature Request,3,Neutral,We need faster responses when technical problems occur.
FDBK0000858,CUST00671,2026-01-01,Cancellation Feedback,5,Positive,The platform is easy to use and useful for our daily operations.
FDBK0000859,CUST00672,2026-08-14,Product Review,3,Neutral,Some of the features are not being used by our team.
FDBK0000860,CUST00672,2026-01-16,General Feedback,3,Neutral,We are not using the platform as much as we expected.
FDBK0000861,CUST00673,2026-04-30,Survey,4,Positive,We have experienced several issues with customer support.
FDBK0000862,CUST00675,2025-06-12,Product Review,3,Neutral,We are finding it difficult to get our team to use the platform regularly.
FDBK0000863,CUST00676,2026-02-18,Product Review,4,Positive,We are finding it difficult to get our team to use the platform regularly.
FDBK0000864,CUST00676,2024-12-07,Survey,3,Neutral,We are not using the platform as much as we expected.
FDBK0000865,CUST00677,2026-09-06,General Feedback,1,Negative,We need faster responses when technical problems occur.
FDBK0000866,CUST00678,2025-10-15,Feature Request,4,Positive,The system has helped our team manage invoices more efficiently.
FDBK0000867,CUST00678,2026-02-01,Product Review,4,Positive,The platform has been useful for managing our business.
FDBK0000868,CUST00680,2026-02-16,Product Review,4,Positive,We would like more value for the current subscription price.
FDBK0000869,CUST00680,2026-09-05,Feature Request,1,Negative,We like the product but the monthly cost is high.
FDBK0000870,CUST00681,2026-01-23,Feature Request,4,Positive,The system has helped our team manage invoices more efficiently.
FDBK0000871,CUST00681,2025-12-11,Product Review,5,Positive,We especially like the reporting features.
FDBK0000872,CUST00681,2026-03-18,Survey,4,Positive,The platform has been useful for managing our business.
FDBK0000873,CUST00681,2026-07-01,Feature Request,5,Positive,The platform is easy to use and useful for our daily operations.
FDBK0000874,CUST00682,2026-03-17,Product Review,3,Neutral,The product is useful but support needs improvement.
FDBK0000875,CUST00682,2026-08-25,General Feedback,1,Negative,We have experienced several issues with customer support.
FDBK0000876,CUST00683,2025-09-18,Cancellation Feedback,1,Negative,We need faster responses when technical problems occur.
FDBK0000877,CUST00683,2026-03-17,General Feedback,3,Neutral,We have experienced several issues with customer support.
FDBK0000878,CUST00683,2025-12-15,Cancellation Feedback,4,Positive,The product is useful but support needs improvement.
FDBK0000879,CUST00685,2025-05-04,Product Review,5,Positive,We are finding it difficult to get our team to use the platform regularly.
FDBK0000880,CUST00685,2025-05-25,Feature Request,1,Negative,We are finding it difficult to get our team to use the platform regularly.
FDBK0000881,CUST00685,2025-12-22,Survey,4,Positive,Some of the features are not being used by our team.
FDBK0000882,CUST00686,2026-05-17,Feature Request,5,Positive,The platform is easy to use and useful for our daily operations.
FDBK0000883,CUST00686,2026-05-11,Product Review,3,Neutral,The platform is easy to use and useful for our daily operations.
FDBK0000884,CUST00687,2026-06-02,Product Review,3,Neutral,The platform is easy to use and useful for our daily operations.
FDBK0000885,CUST00689,2025-11-30,Product Review,3,Neutral,The pricing is difficult for our business.
FDBK0000886,CUST00689,2025-04-23,Feature Request,3,Neutral,We would like more value for the current subscription price.
FDBK0000887,CUST00690,2025-06-25,Product Review,4,Positive,The platform is easy to use and useful for our daily operations.
FDBK0000888,CUST00691,2025-01-13,Feature Request,5,Positive,We need faster responses when technical problems occur.
FDBK0000889,CUST00691,2024-08-17,General Feedback,1,Negative,The product is useful but support needs improvement.
FDBK0000890,CUST00692,2024-12-06,Product Review,4,Positive,The platform is easy to use and useful for our daily operations.
FDBK0000891,CUST00692,2024-06-12,Product Review,4,Positive,The system has helped our team manage invoices more efficiently.
FDBK0000892,CUST00692,2025-02-14,Product Review,5,Positive,The system has helped our team manage invoices more efficiently.
FDBK0000893,CUST00693,2025-05-13,General Feedback,5,Positive,We are happy with the features available.
FDBK0000894,CUST00693,2025-10-12,Survey,5,Positive,The platform is easy to use and useful for our daily operations.
FDBK0000895,CUST00695,2025-05-20,Product Review,1,Negative,We need faster responses when technical problems occur.
FDBK0000896,CUST00695,2025-05-23,Cancellation Feedback,5,Positive,We have experienced several issues with customer support.
FDBK0000897,CUST00695,2025-05-17,Cancellation Feedback,2,Negative,Some support requests took too long to resolve.
FDBK0000898,CUST00696,2024-08-06,General Feedback,3,Neutral,The pricing is difficult for our business.
FDBK0000899,CUST00696,2024-11-20,Product Review,1,Negative,We like the product but the monthly cost is high.
FDBK0000900,CUST00696,2025-06-07,Survey,1,Negative,The platform is useful but the price is becoming expensive.
FDBK0000901,CUST00696,2025-04-15,Cancellation Feedback,4,Positive,We like the product but the monthly cost is high.
FDBK0000902,CUST00697,2025-04-24,Survey,1,Negative,The platform is easy to use and useful for our daily operations.
FDBK0000903,CUST00697,2026-02-01,Product Review,2,Negative,The system has helped our team manage invoices more efficiently.
FDBK0000904,CUST00698,2025-08-19,Product Review,4,Positive,We are not using the platform as much as we expected.
FDBK0000905,CUST00698,2026-06-23,Feature Request,1,Negative,We are not using the platform as much as we expected.
FDBK0000906,CUST00699,2025-06-09,Product Review,1,Negative,We especially like the reporting features.
FDBK0000907,CUST00700,2026-08-19,Feature Request,2,Negative,Some support requests took too long to resolve.
FDBK0000908,CUST00700,2026-09-11,Feature Request,5,Positive,We need faster responses when technical problems occur.
FDBK0000909,CUST00700,2026-06-25,Product Review,2,Negative,The product is useful but support needs improvement.
FDBK0000910,CUST00700,2026-07-12,Product Review,1,Negative,We need faster responses when technical problems occur.
FDBK0000911,CUST00701,2025-04-07,Survey,3,Neutral,The system has helped our team manage invoices more efficiently.
FDBK0000912,CUST00701,2025-06-15,Product Review,5,Positive,We are happy with the features available.
FDBK0000913,CUST00703,2026-07-15,Product Review,3,Neutral,We are happy with the features available.
FDBK0000914,CUST00704,2025-09-26,Product Review,1,Negative,We need faster responses when technical problems occur.
FDBK0000915,CUST00704,2025-11-09,Cancellation Feedback,1,Negative,We need faster responses when technical problems occur.
FDBK0000916,CUST00706,2025-10-20,Cancellation Feedback,1,Negative,Some of the features are not being used by our team.
FDBK0000917,CUST00706,2026-06-18,Product Review,5,Positive,We are finding it difficult to get our team to use the platform regularly.
FDBK0000918,CUST00706,2026-04-19,Product Review,3,Neutral,Some of the features are not being used by our team.
FDBK0000919,CUST00707,2026-01-04,Product Review,5,Positive,The pricing is difficult for our business.
FDBK0000920,CUST00707,2025-01-27,Survey,5,Positive,We would like more value for the current subscription price.
FDBK0000921,CUST00707,2026-05-22,Product Review,3,Neutral,We would like more value for the current subscription price.
FDBK0000922,CUST00711,2023-11-27,General Feedback,3,Neutral,The platform has been useful for managing our business.
FDBK0000923,CUST00713,2025-09-24,General Feedback,1,Negative,The product is useful but support needs improvement.
FDBK0000924,CUST00715,2026-01-07,Product Review,2,Negative,Some support requests took too long to resolve.
FDBK0000925,CUST00715,2025-03-30,General Feedback,2,Negative,The product is useful but support needs improvement.
FDBK0000926,CUST00715,2026-09-22,Product Review,2,Negative,We have experienced several issues with customer support.
FDBK0000927,CUST00715,2026-06-08,Survey,4,Positive,The product is useful but support needs improvement.
FDBK0000928,CUST00715,2026-03-17,Product Review,1,Negative,The product is useful but support needs improvement.
FDBK0000929,CUST00715,2026-01-21,Product Review,2,Negative,The product is useful but support needs improvement.
FDBK0000930,CUST00716,2025-05-11,Feature Request,1,Negative,We are finding it difficult to get our team to use the platform regularly.
FDBK0000931,CUST00716,2025-04-14,General Feedback,3,Neutral,We are finding it difficult to get our team to use the platform regularly.
FDBK0000932,CUST00716,2025-02-15,General Feedback,3,Neutral,We are finding it difficult to get our team to use the platform regularly.
FDBK0000933,CUST00716,2025-11-21,Product Review,3,Neutral,Our usage of the platform has decreased recently.
FDBK0000934,CUST00718,2024-06-07,Product Review,5,Positive,The system has helped our team manage invoices more efficiently.
FDBK0000935,CUST00719,2024-05-28,Product Review,3,Neutral,We need faster responses when technical problems occur.
FDBK0000936,CUST00719,2024-05-23,Product Review,1,Negative,We need faster responses when technical problems occur.
FDBK0000937,CUST00719,2024-04-11,General Feedback,3,Neutral,The product is useful but support needs improvement.
FDBK0000938,CUST00719,2025-01-02,General Feedback,1,Negative,We have experienced several issues with customer support.
FDBK0000939,CUST00719,2024-01-01,Feature Request,2,Negative,We have experienced several issues with customer support.
FDBK0000940,CUST00719,2025-06-21,General Feedback,2,Negative,The product is useful but support needs improvement.
FDBK0000941,CUST00721,2026-03-04,Survey,4,Positive,Some of the features are not being used by our team.
FDBK0000942,CUST00721,2026-02-21,Product Review,3,Neutral,Our usage of the platform has decreased recently.
FDBK0000943,CUST00723,2025-10-30,Cancellation Feedback,1,Negative,We like the product but the monthly cost is high.
FDBK0000944,CUST00726,2026-08-24,Feature Request,5,Positive,We especially like the reporting features.
FDBK0000945,CUST00727,2025-08-07,General Feedback,5,Positive,We especially like the reporting features.
FDBK0000946,CUST00727,2025-03-27,General Feedback,5,Positive,The platform has been useful for managing our business.
FDBK0000947,CUST00728,2026-05-22,Feature Request,5,Positive,We especially like the reporting features.
FDBK0000948,CUST00728,2025-09-23,Feature Request,5,Positive,We especially like the reporting features.
FDBK0000949,CUST00729,2025-10-31,General Feedback,5,Positive,We are happy with the features available.
FDBK0000950,CUST00730,2025-01-19,Survey,4,Positive,The platform has been useful for managing our business.
FDBK0000951,CUST00732,2026-04-24,Survey,5,Positive,The platform has been useful for managing our business.
FDBK0000952,CUST00732,2026-01-26,Survey,4,Positive,The platform is easy to use and useful for our daily operations.
FDBK0000953,CUST00733,2025-08-05,General Feedback,2,Negative,We would like more value for the current subscription price.
FDBK0000954,CUST00733,2026-05-07,Product Review,1,Negative,We would like more value for the current subscription price.
FDBK0000955,CUST00733,2025-02-13,Feature Request,2,Negative,The platform is useful but the price is becoming expensive.
FDBK0000956,CUST00733,2025-07-30,Survey,3,Neutral,The platform is useful but the price is becoming expensive.
FDBK0000957,CUST00734,2025-10-11,Survey,1,Negative,We have experienced several issues with customer support.
FDBK0000958,CUST00736,2025-12-30,Survey,3,Neutral,Some support requests took too long to resolve.
FDBK0000959,CUST00736,2025-03-20,Cancellation Feedback,1,Negative,We need faster responses when technical problems occur.
FDBK0000960,CUST00737,2025-07-07,Feature Request,2,Negative,The pricing is difficult for our business.
FDBK0000961,CUST00738,2026-07-12,Survey,5,Positive,The system has helped our team manage invoices more efficiently.
FDBK0000962,CUST00738,2026-03-02,Survey,4,Positive,We are happy with the features available.
FDBK0000963,CUST00739,2024-08-17,Survey,5,Positive,The pricing is difficult for our business.
FDBK0000964,CUST00739,2026-05-23,Feature Request,5,Positive,The platform is useful but the price is becoming expensive.
FDBK0000965,CUST00739,2026-08-20,Feature Request,5,Positive,We would like more value for the current subscription price.
FDBK0000966,CUST00739,2025-09-21,Product Review,5,Positive,The pricing is difficult for our business.
FDBK0000967,CUST00742,2023-12-08,Product Review,2,Negative,We like the product but the monthly cost is high.
FDBK0000968,CUST00742,2025-08-07,Survey,3,Neutral,The pricing is difficult for our business.
FDBK0000969,CUST00743,2025-12-27,Feature Request,5,Positive,We have experienced several issues with customer support.
FDBK0000970,CUST00743,2026-04-04,Product Review,1,Negative,The product is useful but support needs improvement.
FDBK0000971,CUST00744,2026-05-29,General Feedback,2,Negative,The product is useful but support needs improvement.
FDBK0000972,CUST00744,2026-08-21,Product Review,3,Neutral,We need faster responses when technical problems occur.
FDBK0000973,CUST00744,2026-08-10,Survey,2,Negative,We need faster responses when technical problems occur.
FDBK0000974,CUST00744,2026-07-14,Product Review,3,Neutral,The product is useful but support needs improvement.
FDBK0000975,CUST00746,2026-02-05,Survey,5,Positive,The platform is easy to use and useful for our daily operations.
FDBK0000976,CUST00746,2026-07-13,Product Review,4,Positive,The platform is easy to use and useful for our daily operations.
FDBK0000977,CUST00747,2025-11-07,Product Review,1,Negative,We have experienced several issues with customer support.
FDBK0000978,CUST00747,2025-04-26,Product Review,1,Negative,Some support requests took too long to resolve.
FDBK0000979,CUST00747,2026-08-10,Survey,2,Negative,Some support requests took too long to resolve.
FDBK0000980,CUST00747,2025-01-08,Survey,3,Neutral,Some support requests took too long to resolve.
FDBK0000981,CUST00748,2026-06-26,Product Review,1,Negative,We need faster responses when technical problems occur.
FDBK0000982,CUST00749,2026-09-20,Product Review,3,Neutral,We would like more value for the current subscription price.
FDBK0000983,CUST00750,2026-07-22,Survey,1,Negative,The product is useful but support needs improvement.
FDBK0000984,CUST00750,2026-05-08,Feature Request,1,Negative,The product is useful but support needs improvement.
FDBK0000985,CUST00751,2025-11-06,Cancellation Feedback,1,Negative,Some support requests took too long to resolve.
FDBK0000986,CUST00752,2026-08-01,Survey,4,Positive,We like the product but the monthly cost is high.
FDBK0000987,CUST00752,2025-06-10,Product Review,5,Positive,The platform is useful but the price is becoming expensive.
FDBK0000988,CUST00752,2024-12-18,Survey,5,Positive,We like the product but the monthly cost is high.
FDBK0000989,CUST00752,2025-05-27,Product Review,3,Neutral,We would like more value for the current subscription price.
FDBK0000990,CUST00753,2025-06-22,Product Review,4,Positive,We like the product but the monthly cost is high.
FDBK0000991,CUST00757,2026-06-13,Cancellation Feedback,5,Positive,The system has helped our team manage invoices more efficiently.
FDBK0000992,CUST00758,2026-06-21,Feature Request,4,Positive,Some of the features are not being used by our team.
FDBK0000993,CUST00759,2026-01-29,Product Review,4,Positive,The platform is easy to use and useful for our daily operations.
FDBK0000994,CUST00759,2026-06-07,Product Review,3,Neutral,We especially like the reporting features.
FDBK0000995,CUST00760,2026-06-23,Product Review,1,Negative,The product is useful but support needs improvement.
FDBK0000996,CUST00761,2024-12-12,General Feedback,5,Positive,The platform has been useful for managing our business.
FDBK0000997,CUST00761,2024-09-01,General Feedback,5,Positive,We especially like the reporting features.
FDBK0000998,CUST00762,2024-09-02,Feature Request,4,Positive,We are not using the platform as much as we expected.
FDBK0000999,CUST00763,2026-09-14,Survey,5,Positive,We would like more value for the current subscription price.
FDBK0001000,CUST00764,2026-04-02,Feature Request,4,Positive,We are happy with the features available.
FDBK0001001,CUST00764,2025-07-05,Cancellation Feedback,5,Positive,The system has helped our team manage invoices more efficiently.
FDBK0001002,CUST00768,2026-08-06,Product Review,3,Neutral,Some support requests took too long to resolve.
FDBK0001003,CUST00768,2026-09-06,Feature Request,1,Negative,We need faster responses when technical problems occur.
FDBK0001004,CUST00768,2026-08-27,Survey,1,Negative,We need faster responses when technical problems occur.
FDBK0001005,CUST00768,2026-08-01,Survey,1,Negative,We have experienced several issues with customer support.
FDBK0001006,CUST00771,2025-03-22,Cancellation Feedback,3,Neutral,Some of the features are not being used by our team.
FDBK0001007,CUST00772,2026-05-18,Product Review,4,Positive,The pricing is difficult for our business.
FDBK0001008,CUST00773,2025-05-18,Cancellation Feedback,3,Neutral,We are finding it difficult to get our team to use the platform regularly.
FDBK0001009,CUST00773,2025-02-28,Cancellation Feedback,2,Negative,We are finding it difficult to get our team to use the platform regularly.
FDBK0001010,CUST00773,2025-09-21,Cancellation Feedback,3,Neutral,We are not using the platform as much as we expected.
FDBK0001011,CUST00777,2026-07-11,Product Review,5,Positive,We especially like the reporting features.
FDBK0001012,CUST00777,2026-09-19,General Feedback,5,Positive,We especially like the reporting features.
FDBK0001013,CUST00777,2026-06-02,Feature Request,5,Positive,The platform is easy to use and useful for our daily operations.
FDBK0001014,CUST00778,2025-08-17,Product Review,2,Negative,We have experienced several issues with customer support.
FDBK0001015,CUST00778,2025-09-23,Feature Request,1,Negative,We have experienced several issues with customer support.
FDBK0001016,CUST00778,2024-02-28,General Feedback,1,Negative,Some support requests took too long to resolve.
FDBK0001017,CUST00778,2024-01-27,Survey,3,Neutral,The product is useful but support needs improvement.
FDBK0001018,CUST00780,2025-07-20,Product Review,2,Negative,We are happy with the features available.
FDBK0001019,CUST00780,2026-01-30,Cancellation Feedback,5,Positive,The platform is easy to use and useful for our daily operations.
FDBK0001020,CUST00781,2025-08-14,Survey,3,Neutral,We are finding it difficult to get our team to use the platform regularly.
FDBK0001021,CUST00781,2024-07-12,Survey,5,Positive,We are finding it difficult to get our team to use the platform regularly.
FDBK0001022,CUST00781,2025-09-25,Survey,4,Positive,Some of the features are not being used by our team.
FDBK0001023,CUST00782,2026-09-23,Survey,3,Neutral,The product is useful but support needs improvement.
FDBK0001024,CUST00782,2026-09-01,Cancellation Feedback,5,Positive,Some support requests took too long to resolve.
FDBK0001025,CUST00782,2026-09-04,Product Review,5,Positive,We need faster responses when technical problems occur.
FDBK0001026,CUST00782,2026-09-16,Cancellation Feedback,2,Negative,The product is useful but support needs improvement.
FDBK0001027,CUST00783,2025-12-08,General Feedback,3,Neutral,We are finding it difficult to get our team to use the platform regularly.
FDBK0001028,CUST00783,2025-10-22,General Feedback,1,Negative,We are finding it difficult to get our team to use the platform regularly.
FDBK0001029,CUST00783,2025-12-28,Product Review,4,Positive,Some of the features are not being used by our team.
FDBK0001030,CUST00784,2026-01-24,Survey,4,Positive,The platform has been useful for managing our business.
FDBK0001031,CUST00784,2025-11-14,General Feedback,3,Neutral,The platform has been useful for managing our business.
FDBK0001032,CUST00785,2026-08-23,Cancellation Feedback,4,Positive,We would like more value for the current subscription price.
FDBK0001033,CUST00786,2024-10-30,Survey,5,Positive,We especially like the reporting features.
FDBK0001034,CUST00789,2024-10-15,Product Review,5,Positive,We are happy with the features available.
FDBK0001035,CUST00789,2026-02-03,Feature Request,5,Positive,We are happy with the features available.
FDBK0001036,CUST00789,2026-03-18,Feature Request,5,Positive,We especially like the reporting features.
FDBK0001037,CUST00790,2026-08-11,Survey,3,Neutral,Some support requests took too long to resolve.
FDBK0001038,CUST00790,2026-04-24,Feature Request,1,Negative,We have experienced several issues with customer support.
FDBK0001039,CUST00790,2026-08-04,Survey,1,Negative,We have experienced several issues with customer support.
FDBK0001040,CUST00791,2026-09-15,Feature Request,5,Positive,We are happy with the features available.
FDBK0001041,CUST00791,2026-05-07,Survey,5,Positive,We are happy with the features available.
FDBK0001042,CUST00791,2025-03-05,Cancellation Feedback,4,Positive,We especially like the reporting features.
FDBK0001043,CUST00793,2026-09-18,General Feedback,1,Negative,We are not using the platform as much as we expected.
FDBK0001044,CUST00796,2026-02-22,General Feedback,3,Neutral,We have experienced several issues with customer support.
FDBK0001045,CUST00796,2026-07-12,Product Review,1,Negative,We have experienced several issues with customer support.
FDBK0001046,CUST00796,2026-03-25,Survey,2,Negative,We need faster responses when technical problems occur.
FDBK0001047,CUST00797,2025-01-10,Survey,3,Neutral,The pricing is difficult for our business.
FDBK0001048,CUST00797,2025-11-30,Survey,4,Positive,We would like more value for the current subscription price.
FDBK0001049,CUST00799,2026-08-10,Product Review,3,Neutral,We like the product but the monthly cost is high.
FDBK0001050,CUST00801,2026-03-08,General Feedback,5,Positive,We especially like the reporting features.
FDBK0001051,CUST00801,2026-02-18,Survey,3,Neutral,The system has helped our team manage invoices more efficiently.
FDBK0001052,CUST00801,2026-05-04,Feature Request,4,Positive,We especially like the reporting features.
FDBK0001053,CUST00801,2026-03-15,Product Review,5,Positive,We are happy with the features available.
FDBK0001054,CUST00801,2026-03-26,Product Review,3,Neutral,We are happy with the features available.
FDBK0001055,CUST00802,2024-11-22,Cancellation Feedback,4,Positive,We would like more value for the current subscription price.
FDBK0001056,CUST00802,2024-12-27,Cancellation Feedback,2,Negative,We like the product but the monthly cost is high.
FDBK0001057,CUST00803,2026-06-18,Feature Request,5,Positive,The system has helped our team manage invoices more efficiently.
FDBK0001058,CUST00803,2026-05-04,Cancellation Feedback,5,Positive,The platform is easy to use and useful for our daily operations.
FDBK0001059,CUST00804,2025-04-04,General Feedback,1,Negative,Our usage of the platform has decreased recently.
FDBK0001060,CUST00804,2025-02-03,General Feedback,4,Positive,Some of the features are not being used by our team.
FDBK0001061,CUST00805,2026-09-12,Feature Request,1,Negative,The system has helped our team manage invoices more efficiently.
FDBK0001062,CUST00805,2026-09-04,Feature Request,5,Positive,The platform is easy to use and useful for our daily operations.
FDBK0001063,CUST00806,2025-09-15,Feature Request,2,Negative,We are not using the platform as much as we expected.
FDBK0001064,CUST00806,2025-08-18,General Feedback,5,Positive,Some of the features are not being used by our team.
FDBK0001065,CUST00806,2024-12-21,Feature Request,4,Positive,Our usage of the platform has decreased recently.
FDBK0001066,CUST00806,2025-08-06,Survey,3,Neutral,Some of the features are not being used by our team.
FDBK0001067,CUST00807,2025-01-24,Survey,3,Neutral,The platform is useful but the price is becoming expensive.
FDBK0001068,CUST00808,2026-04-23,Survey,4,Positive,We especially like the reporting features.
FDBK0001069,CUST00808,2026-02-26,Feature Request,5,Positive,The system has helped our team manage invoices more efficiently.
FDBK0001070,CUST00809,2025-12-04,Product Review,5,Positive,We especially like the reporting features.
FDBK0001071,CUST00809,2026-07-06,Cancellation Feedback,4,Positive,The system has helped our team manage invoices more efficiently.
FDBK0001072,CUST00811,2024-03-15,Feature Request,2,Negative,The platform is useful but the price is becoming expensive.
FDBK0001073,CUST00811,2026-04-12,Survey,3,Neutral,We like the product but the monthly cost is high.
FDBK0001074,CUST00812,2026-02-13,Survey,2,Negative,We like the product but the monthly cost is high.
FDBK0001075,CUST00813,2026-06-13,Product Review,5,Positive,The platform is easy to use and useful for our daily operations.
FDBK0001076,CUST00813,2026-06-24,Survey,5,Positive,We especially like the reporting features.
FDBK0001077,CUST00815,2024-08-15,Product Review,4,Positive,We like the product but the monthly cost is high.
FDBK0001078,CUST00815,2025-08-14,General Feedback,3,Neutral,The platform is useful but the price is becoming expensive.
FDBK0001079,CUST00816,2026-01-29,Product Review,2,Negative,Our usage of the platform has decreased recently.
FDBK0001080,CUST00816,2026-03-13,Survey,2,Negative,Some of the features are not being used by our team.
FDBK0001081,CUST00816,2023-11-03,Cancellation Feedback,5,Positive,Our usage of the platform has decreased recently.
FDBK0001082,CUST00817,2026-08-25,Survey,3,Neutral,The system has helped our team manage invoices more efficiently.
FDBK0001083,CUST00817,2026-07-06,Feature Request,5,Positive,The system has helped our team manage invoices more efficiently.
FDBK0001084,CUST00818,2025-02-09,Survey,3,Neutral,We are not using the platform as much as we expected.
FDBK0001085,CUST00818,2026-06-18,Product Review,4,Positive,We are not using the platform as much as we expected.
FDBK0001086,CUST00818,2025-12-12,Product Review,4,Positive,Some of the features are not being used by our team.
FDBK0001087,CUST00819,2026-05-01,Feature Request,3,Neutral,We like the product but the monthly cost is high.
FDBK0001088,CUST00821,2025-04-02,Feature Request,5,Positive,The system has helped our team manage invoices more efficiently.
FDBK0001089,CUST00825,2023-12-24,General Feedback,3,Neutral,We are finding it difficult to get our team to use the platform regularly.
FDBK0001090,CUST00825,2026-07-15,Product Review,4,Positive,We are not using the platform as much as we expected.
FDBK0001091,CUST00825,2025-10-30,General Feedback,4,Positive,We are not using the platform as much as we expected.
FDBK0001092,CUST00825,2026-09-02,Product Review,5,Positive,Some of the features are not being used by our team.
FDBK0001093,CUST00826,2026-08-08,Survey,4,Positive,The platform is easy to use and useful for our daily operations.
FDBK0001094,CUST00827,2026-01-30,Survey,1,Negative,Our usage of the platform has decreased recently.
FDBK0001095,CUST00828,2025-09-19,Survey,4,Positive,The system has helped our team manage invoices more efficiently.
FDBK0001096,CUST00829,2026-04-24,General Feedback,2,Negative,We would like more value for the current subscription price.
FDBK0001097,CUST00830,2026-08-10,General Feedback,4,Positive,The platform has been useful for managing our business.
FDBK0001098,CUST00831,2026-05-05,Survey,2,Negative,We need faster responses when technical problems occur.
FDBK0001099,CUST00831,2025-11-22,General Feedback,4,Positive,The product is useful but support needs improvement.
FDBK0001100,CUST00834,2025-09-13,Survey,5,Positive,We especially like the reporting features.
FDBK0001101,CUST00835,2025-03-21,Product Review,4,Positive,The system has helped our team manage invoices more efficiently.
FDBK0001102,CUST00835,2025-12-07,Product Review,4,Positive,The system has helped our team manage invoices more efficiently.
FDBK0001103,CUST00836,2026-06-04,Feature Request,5,Positive,Our usage of the platform has decreased recently.
FDBK0001104,CUST00836,2026-06-29,Feature Request,3,Neutral,We are finding it difficult to get our team to use the platform regularly.
FDBK0001105,CUST00836,2026-06-24,Product Review,5,Positive,Some of the features are not being used by our team.
FDBK0001106,CUST00837,2026-08-24,Survey,3,Neutral,We would like more value for the current subscription price.
FDBK0001107,CUST00838,2026-09-02,Feature Request,1,Negative,We need faster responses when technical problems occur.
FDBK0001108,CUST00838,2026-07-19,Feature Request,3,Neutral,Some support requests took too long to resolve.
FDBK0001109,CUST00838,2026-09-22,Product Review,3,Neutral,The product is useful but support needs improvement.
FDBK0001110,CUST00841,2024-04-26,Feature Request,5,Positive,The platform has been useful for managing our business.
FDBK0001111,CUST00842,2026-01-28,Survey,5,Positive,We are happy with the features available.
FDBK0001112,CUST00843,2026-02-05,Feature Request,3,Neutral,Some of the features are not being used by our team.
FDBK0001113,CUST00843,2026-01-15,General Feedback,2,Negative,Some of the features are not being used by our team.
FDBK0001114,CUST00843,2025-12-27,Product Review,1,Negative,Our usage of the platform has decreased recently.
FDBK0001115,CUST00846,2026-08-08,Survey,5,Positive,The platform is useful but the price is becoming expensive.
FDBK0001116,CUST00847,2025-12-29,General Feedback,2,Negative,The platform is useful but the price is becoming expensive.
FDBK0001117,CUST00847,2025-11-13,Survey,4,Positive,The pricing is difficult for our business.
FDBK0001118,CUST00849,2025-02-08,Feature Request,5,Positive,The platform has been useful for managing our business.
FDBK0001119,CUST00849,2026-01-30,Feature Request,4,Positive,The platform has been useful for managing our business.
FDBK0001120,CUST00849,2024-08-27,Survey,4,Positive,The platform is easy to use and useful for our daily operations.
FDBK0001121,CUST00850,2026-03-25,Product Review,2,Negative,The pricing is difficult for our business.
FDBK0001122,CUST00850,2024-04-24,Survey,5,Positive,We like the product but the monthly cost is high.
FDBK0001123,CUST00851,2026-01-18,Product Review,1,Negative,We would like more value for the current subscription price.
FDBK0001124,CUST00851,2026-01-27,Cancellation Feedback,5,Positive,The platform is useful but the price is becoming expensive.
FDBK0001125,CUST00851,2025-06-03,Cancellation Feedback,2,Negative,We would like more value for the current subscription price.
FDBK0001126,CUST00854,2026-05-10,Feature Request,5,Positive,The platform is easy to use and useful for our daily operations.
FDBK0001127,CUST00855,2025-10-18,Feature Request,5,Positive,We are happy with the features available.
FDBK0001128,CUST00855,2025-11-08,Feature Request,4,Positive,We especially like the reporting features.
FDBK0001129,CUST00855,2024-02-16,Product Review,5,Positive,The platform is easy to use and useful for our daily operations.
FDBK0001130,CUST00855,2024-09-27,Survey,5,Positive,The platform has been useful for managing our business.
FDBK0001131,CUST00856,2025-05-30,Product Review,3,Neutral,Some of the features are not being used by our team.
FDBK0001132,CUST00856,2025-08-04,Cancellation Feedback,3,Neutral,We are not using the platform as much as we expected.
FDBK0001133,CUST00858,2026-04-25,General Feedback,1,Negative,The pricing is difficult for our business.
FDBK0001134,CUST00858,2025-10-13,Cancellation Feedback,3,Neutral,The platform is useful but the price is becoming expensive.
FDBK0001135,CUST00860,2025-10-22,Cancellation Feedback,4,Positive,The system has helped our team manage invoices more efficiently.
FDBK0001136,CUST00861,2025-04-02,Product Review,3,Neutral,Some support requests took too long to resolve.
FDBK0001137,CUST00865,2026-05-22,Product Review,3,Neutral,The platform has been useful for managing our business.
FDBK0001138,CUST00866,2025-09-02,General Feedback,4,Positive,We are happy with the features available.
FDBK0001139,CUST00866,2025-09-30,Survey,3,Neutral,We are happy with the features available.
FDBK0001140,CUST00868,2024-08-24,Survey,3,Neutral,Some of the features are not being used by our team.
FDBK0001141,CUST00869,2026-01-17,Product Review,5,Positive,We are not using the platform as much as we expected.
FDBK0001142,CUST00869,2025-11-13,Survey,3,Neutral,We are finding it difficult to get our team to use the platform regularly.
FDBK0001143,CUST00869,2026-01-17,Survey,3,Neutral,Some of the features are not being used by our team.
FDBK0001144,CUST00870,2025-03-19,Product Review,2,Negative,The platform is easy to use and useful for our daily operations.
FDBK0001145,CUST00871,2026-05-07,Survey,5,Positive,We are happy with the features available.
FDBK0001146,CUST00872,2026-08-19,Survey,4,Positive,The platform is easy to use and useful for our daily operations.
FDBK0001147,CUST00872,2026-09-20,Survey,2,Negative,We especially like the reporting features.
FDBK0001148,CUST00872,2026-08-12,Survey,2,Negative,The platform is easy to use and useful for our daily operations.
FDBK0001149,CUST00872,2026-06-12,Survey,4,Positive,We are happy with the features available.
FDBK0001150,CUST00874,2026-09-15,Product Review,5,Positive,We especially like the reporting features.
FDBK0001151,CUST00875,2025-12-09,General Feedback,3,Neutral,We would like more value for the current subscription price.
FDBK0001152,CUST00875,2025-12-09,General Feedback,5,Positive,We like the product but the monthly cost is high.
FDBK0001153,CUST00877,2025-10-28,Cancellation Feedback,4,Positive,We would like more value for the current subscription price.
FDBK0001154,CUST00877,2026-03-29,Product Review,1,Negative,We would like more value for the current subscription price.
FDBK0001155,CUST00878,2026-02-17,Product Review,2,Negative,Some of the features are not being used by our team.
FDBK0001156,CUST00878,2026-06-17,Product Review,4,Positive,We are finding it difficult to get our team to use the platform regularly.
FDBK0001157,CUST00878,2026-09-19,Feature Request,4,Positive,We are not using the platform as much as we expected.
FDBK0001158,CUST00879,2024-03-28,Product Review,2,Negative,Our usage of the platform has decreased recently.
FDBK0001159,CUST00879,2024-04-09,Cancellation Feedback,1,Negative,Our usage of the platform has decreased recently.
FDBK0001160,CUST00880,2026-08-15,Survey,5,Positive,The platform has been useful for managing our business.
FDBK0001161,CUST00880,2024-08-19,Product Review,5,Positive,We especially like the reporting features.
FDBK0001162,CUST00880,2024-04-29,Feature Request,5,Positive,We especially like the reporting features.
FDBK0001163,CUST00881,2024-10-13,Product Review,4,Positive,We especially like the reporting features.
FDBK0001164,CUST00882,2025-04-14,Product Review,5,Positive,We especially like the reporting features.
FDBK0001165,CUST00883,2026-04-25,Cancellation Feedback,4,Positive,The platform is useful but the price is becoming expensive.
FDBK0001166,CUST00883,2026-05-06,Feature Request,2,Negative,The pricing is difficult for our business.
FDBK0001167,CUST00884,2025-02-04,General Feedback,4,Positive,The system has helped our team manage invoices more efficiently.
FDBK0001168,CUST00884,2026-01-24,Cancellation Feedback,4,Positive,We are happy with the features available.
FDBK0001169,CUST00889,2026-02-01,Cancellation Feedback,5,Positive,We are happy with the features available.
FDBK0001170,CUST00890,2025-11-23,Cancellation Feedback,1,Negative,We have experienced several issues with customer support.
FDBK0001171,CUST00890,2025-11-10,Survey,3,Neutral,We have experienced several issues with customer support.
FDBK0001172,CUST00890,2025-09-18,Cancellation Feedback,2,Negative,We have experienced several issues with customer support.
FDBK0001173,CUST00890,2025-11-21,Cancellation Feedback,4,Positive,The product is useful but support needs improvement.
FDBK0001174,CUST00890,2025-12-17,Cancellation Feedback,3,Neutral,We need faster responses when technical problems occur.
FDBK0001175,CUST00891,2025-10-10,Survey,4,Positive,The system has helped our team manage invoices more efficiently.
FDBK0001176,CUST00891,2026-02-10,General Feedback,5,Positive,The platform is easy to use and useful for our daily operations.
FDBK0001177,CUST00892,2026-04-04,Product Review,1,Negative,Some of the features are not being used by our team.
FDBK0001178,CUST00892,2026-06-09,Product Review,2,Negative,Our usage of the platform has decreased recently.
FDBK0001179,CUST00892,2026-07-24,General Feedback,2,Negative,We are not using the platform as much as we expected.
FDBK0001180,CUST00893,2026-05-07,Survey,3,Neutral,The platform is easy to use and useful for our daily operations.
FDBK0001181,CUST00895,2026-04-25,Survey,3,Neutral,The platform is useful but the price is becoming expensive.
FDBK0001182,CUST00896,2025-06-03,Cancellation Feedback,4,Positive,Some of the features are not being used by our team.
FDBK0001183,CUST00896,2025-04-29,Cancellation Feedback,4,Positive,Some of the features are not being used by our team.
FDBK0001184,CUST00897,2025-03-27,Cancellation Feedback,4,Positive,Our usage of the platform has decreased recently.
FDBK0001185,CUST00897,2025-05-28,Cancellation Feedback,4,Positive,We are finding it difficult to get our team to use the platform regularly.
FDBK0001186,CUST00898,2024-07-28,Survey,5,Positive,We especially like the reporting features.
FDBK0001187,CUST00898,2026-02-20,Survey,5,Positive,The system has helped our team manage invoices more efficiently.
FDBK0001188,CUST00902,2025-10-24,Feature Request,5,Positive,The platform has been useful for managing our business.
FDBK0001189,CUST00903,2025-11-07,Product Review,5,Positive,We are happy with the features available.
FDBK0001190,CUST00904,2025-11-05,Survey,4,Positive,Some of the features are not being used by our team.
FDBK0001191,CUST00905,2026-07-21,Survey,3,Neutral,The platform is useful but the price is becoming expensive.
FDBK0001192,CUST00906,2025-12-09,Feature Request,2,Negative,We need faster responses when technical problems occur.
FDBK0001193,CUST00906,2026-03-03,Survey,1,Negative,We have experienced several issues with customer support.
FDBK0001194,CUST00907,2025-04-01,Product Review,3,Neutral,Our usage of the platform has decreased recently.
FDBK0001195,CUST00908,2026-07-23,Product Review,4,Positive,The platform has been useful for managing our business.
FDBK0001196,CUST00909,2023-12-28,General Feedback,5,Positive,The platform is easy to use and useful for our daily operations.
FDBK0001197,CUST00910,2026-06-10,Product Review,1,Negative,The product is useful but support needs improvement.
FDBK0001198,CUST00910,2026-06-23,Survey,1,Negative,Some support requests took too long to resolve.
FDBK0001199,CUST00912,2026-07-08,General Feedback,4,Positive,The platform has been useful for managing our business.
FDBK0001200,CUST00914,2024-11-23,Product Review,4,Positive,We especially like the reporting features.
FDBK0001201,CUST00915,2025-05-21,Feature Request,1,Negative,We have experienced several issues with customer support.
FDBK0001202,CUST00915,2026-05-03,Survey,2,Negative,Some support requests took too long to resolve.
FDBK0001203,CUST00916,2026-06-23,Product Review,5,Positive,The platform is easy to use and useful for our daily operations.
FDBK0001204,CUST00916,2026-06-24,Cancellation Feedback,4,Positive,The platform is easy to use and useful for our daily operations.
FDBK0001205,CUST00916,2026-04-04,Product Review,2,Negative,The platform is easy to use and useful for our daily operations.
FDBK0001206,CUST00919,2026-09-04,Feature Request,1,Negative,We have experienced several issues with customer support.
FDBK0001207,CUST00920,2025-08-07,Survey,5,Positive,The platform has been useful for managing our business.
FDBK0001208,CUST00920,2025-06-20,Product Review,5,Positive,The platform is easy to use and useful for our daily operations.
FDBK0001209,CUST00920,2026-01-18,Survey,3,Neutral,The system has helped our team manage invoices more efficiently.
FDBK0001210,CUST00922,2025-11-15,Survey,4,Positive,The platform has been useful for managing our business.
FDBK0001211,CUST00923,2025-07-31,Product Review,3,Neutral,Some of the features are not being used by our team.
FDBK0001212,CUST00923,2025-01-19,Feature Request,1,Negative,We are not using the platform as much as we expected.
FDBK0001213,CUST00923,2026-03-25,Feature Request,1,Negative,We are not using the platform as much as we expected.
FDBK0001214,CUST00924,2025-05-31,Cancellation Feedback,5,Positive,We are happy with the features available.
FDBK0001215,CUST00925,2024-12-18,Feature Request,4,Positive,We are happy with the features available.
FDBK0001216,CUST00927,2026-03-28,General Feedback,1,Negative,We like the product but the monthly cost is high.
FDBK0001217,CUST00927,2026-03-08,Cancellation Feedback,3,Neutral,The platform is useful but the price is becoming expensive.
FDBK0001218,CUST00928,2026-09-08,Survey,4,Positive,We would like more value for the current subscription price.
FDBK0001219,CUST00928,2026-06-10,Product Review,2,Negative,We would like more value for the current subscription price.
FDBK0001220,CUST00928,2026-07-07,Feature Request,5,Positive,We would like more value for the current subscription price.
FDBK0001221,CUST00928,2026-08-17,General Feedback,5,Positive,We like the product but the monthly cost is high.
FDBK0001222,CUST00928,2026-09-06,Survey,2,Negative,We would like more value for the current subscription price.
FDBK0001223,CUST00930,2025-10-20,General Feedback,5,Positive,The system has helped our team manage invoices more efficiently.
FDBK0001224,CUST00932,2025-10-24,Survey,3,Neutral,The pricing is difficult for our business.
FDBK0001225,CUST00933,2026-01-30,Product Review,4,Positive,Some of the features are not being used by our team.
FDBK0001226,CUST00933,2026-04-08,Product Review,4,Positive,Some of the features are not being used by our team.
FDBK0001227,CUST00933,2026-06-22,Survey,3,Neutral,Our usage of the platform has decreased recently.
FDBK0001228,CUST00934,2026-04-10,General Feedback,2,Negative,We are finding it difficult to get our team to use the platform regularly.
FDBK0001229,CUST00935,2024-05-16,Cancellation Feedback,5,Positive,We are happy with the features available.
FDBK0001230,CUST00935,2025-08-17,Survey,3,Neutral,The platform has been useful for managing our business.
FDBK0001231,CUST00936,2026-08-05,Survey,3,Neutral,We are happy with the features available.
FDBK0001232,CUST00936,2026-05-23,General Feedback,5,Positive,The platform has been useful for managing our business.
FDBK0001233,CUST00937,2025-06-05,Cancellation Feedback,1,Negative,Some support requests took too long to resolve.
FDBK0001234,CUST00937,2025-01-24,Cancellation Feedback,1,Negative,We have experienced several issues with customer support.
FDBK0001235,CUST00939,2026-04-14,Cancellation Feedback,2,Negative,We are finding it difficult to get our team to use the platform regularly.
FDBK0001236,CUST00940,2026-02-09,General Feedback,1,Negative,The platform has been useful for managing our business.
FDBK0001237,CUST00942,2024-07-26,Product Review,1,Negative,We are not using the platform as much as we expected.
FDBK0001238,CUST00942,2024-04-02,Product Review,1,Negative,We are not using the platform as much as we expected.
FDBK0001239,CUST00942,2026-09-16,Survey,4,Positive,We are not using the platform as much as we expected.
FDBK0001240,CUST00943,2026-08-21,Survey,5,Positive,The platform is easy to use and useful for our daily operations.
FDBK0001241,CUST00943,2026-09-06,Product Review,5,Positive,We are happy with the features available.
FDBK0001242,CUST00944,2025-04-05,Cancellation Feedback,4,Positive,The platform is useful but the price is becoming expensive.
FDBK0001243,CUST00944,2026-01-12,Product Review,3,Neutral,The pricing is difficult for our business.
FDBK0001244,CUST00944,2025-12-17,Feature Request,4,Positive,The pricing is difficult for our business.
FDBK0001245,CUST00944,2025-10-06,Survey,3,Neutral,We like the product but the monthly cost is high.
FDBK0001246,CUST00944,2026-08-02,Product Review,3,Neutral,The platform is useful but the price is becoming expensive.
FDBK0001247,CUST00945,2024-07-15,General Feedback,5,Positive,We would like more value for the current subscription price.
FDBK0001248,CUST00945,2024-05-29,Feature Request,3,Neutral,The platform is useful but the price is becoming expensive.
FDBK0001249,CUST00947,2024-03-26,Product Review,2,Negative,We are happy with the features available.
FDBK0001250,CUST00947,2025-03-16,Cancellation Feedback,5,Positive,The system has helped our team manage invoices more efficiently.
FDBK0001251,CUST00953,2026-04-20,General Feedback,5,Positive,The system has helped our team manage invoices more efficiently.
FDBK0001252,CUST00954,2026-06-01,Feature Request,1,Negative,We need faster responses when technical problems occur.
FDBK0001253,CUST00955,2024-04-17,Product Review,1,Negative,We are finding it difficult to get our team to use the platform regularly.
FDBK0001254,CUST00955,2024-04-10,Survey,3,Neutral,We are not using the platform as much as we expected.
FDBK0001255,CUST00955,2024-10-15,Feature Request,3,Neutral,We are not using the platform as much as we expected.
FDBK0001256,CUST00956,2025-08-03,General Feedback,3,Neutral,We are happy with the features available.
FDBK0001257,CUST00956,2026-01-27,Survey,2,Negative,We especially like the reporting features.
FDBK0001258,CUST00957,2026-07-02,Product Review,3,Neutral,The pricing is difficult for our business.
FDBK0001259,CUST00957,2026-03-04,Feature Request,5,Positive,The pricing is difficult for our business.
FDBK0001260,CUST00959,2026-07-12,Product Review,5,Positive,We especially like the reporting features.
FDBK0001261,CUST00959,2026-07-23,General Feedback,5,Positive,The system has helped our team manage invoices more efficiently.
FDBK0001262,CUST00959,2026-02-19,Product Review,5,Positive,The platform is easy to use and useful for our daily operations.
FDBK0001263,CUST00959,2026-05-21,Survey,4,Positive,We especially like the reporting features.
FDBK0001264,CUST00961,2025-07-04,Cancellation Feedback,2,Negative,Some support requests took too long to resolve.
FDBK0001265,CUST00961,2025-05-08,Cancellation Feedback,1,Negative,Some support requests took too long to resolve.
FDBK0001266,CUST00962,2026-08-11,Survey,5,Positive,The platform has been useful for managing our business.
FDBK0001267,CUST00965,2025-03-02,Survey,2,Negative,We are finding it difficult to get our team to use the platform regularly.
FDBK0001268,CUST00967,2024-10-18,Feature Request,4,Positive,The platform has been useful for managing our business.
FDBK0001269,CUST00969,2026-04-13,Feature Request,2,Negative,We have experienced several issues with customer support.
FDBK0001270,CUST00969,2025-04-26,Feature Request,2,Negative,We have experienced several issues with customer support.
FDBK0001271,CUST00969,2024-03-10,Survey,2,Negative,Some support requests took too long to resolve.
FDBK0001272,CUST00970,2025-10-03,General Feedback,5,Positive,We especially like the reporting features.
FDBK0001273,CUST00970,2026-03-09,Cancellation Feedback,5,Positive,The platform has been useful for managing our business.
FDBK0001274,CUST00970,2025-05-13,Product Review,5,Positive,We are happy with the features available.
FDBK0001275,CUST00971,2026-04-27,Product Review,3,Neutral,Some support requests took too long to resolve.
FDBK0001276,CUST00971,2026-04-11,General Feedback,1,Negative,We have experienced several issues with customer support.
FDBK0001277,CUST00972,2025-02-15,Survey,2,Negative,The pricing is difficult for our business.
FDBK0001278,CUST00972,2026-04-10,Product Review,5,Positive,The pricing is difficult for our business.
FDBK0001279,CUST00973,2026-05-13,Cancellation Feedback,2,Negative,We need faster responses when technical problems occur.
FDBK0001280,CUST00973,2026-05-03,Product Review,2,Negative,We have experienced several issues with customer support.
FDBK0001281,CUST00974,2025-04-21,Product Review,4,Positive,Some support requests took too long to resolve.
FDBK0001282,CUST00974,2025-08-27,Product Review,2,Negative,The product is useful but support needs improvement.
FDBK0001283,CUST00974,2025-04-22,Feature Request,1,Negative,We have experienced several issues with customer support.
FDBK0001284,CUST00976,2026-04-09,Survey,5,Positive,The system has helped our team manage invoices more efficiently.
FDBK0001285,CUST00978,2026-01-20,Cancellation Feedback,3,Neutral,We are happy with the features available.
FDBK0001286,CUST00978,2025-12-17,Cancellation Feedback,4,Positive,The system has helped our team manage invoices more efficiently.
FDBK0001287,CUST00980,2026-08-07,General Feedback,3,Neutral,Some support requests took too long to resolve.
FDBK0001288,CUST00980,2026-02-28,Product Review,2,Negative,Some support requests took too long to resolve.
FDBK0001289,CUST00980,2026-06-27,General Feedback,1,Negative,Some support requests took too long to resolve.
FDBK0001290,CUST00980,2026-03-07,Survey,5,Positive,We have experienced several issues with customer support.
FDBK0001291,CUST00980,2026-01-31,Survey,4,Positive,Some support requests took too long to resolve.
FDBK0001292,CUST00981,2023-10-18,Survey,2,Negative,We need faster responses when technical problems occur.
FDBK0001293,CUST00981,2024-11-09,Survey,4,Positive,The product is useful but support needs improvement.
FDBK0001294,CUST00981,2026-07-14,Cancellation Feedback,1,Negative,The product is useful but support needs improvement.
FDBK0001295,CUST00982,2026-05-27,Survey,3,Neutral,We are finding it difficult to get our team to use the platform regularly.
FDBK0001296,CUST00982,2024-11-25,Survey,4,Positive,Some of the features are not being used by our team.
FDBK0001297,CUST00982,2025-06-22,Product Review,3,Neutral,We are finding it difficult to get our team to use the platform regularly.
FDBK0001298,CUST00983,2025-03-14,Product Review,5,Positive,The platform is easy to use and useful for our daily operations.
FDBK0001299,CUST00983,2025-02-09,General Feedback,5,Positive,The platform has been useful for managing our business.
FDBK0001300,CUST00986,2026-09-13,Product Review,1,Negative,We like the product but the monthly cost is high.
FDBK0001301,CUST00987,2026-02-06,General Feedback,2,Negative,Some of the features are not being used by our team.
FDBK0001302,CUST00988,2025-08-05,Feature Request,4,Positive,We especially like the reporting features.
FDBK0001303,CUST00988,2026-09-20,General Feedback,5,Positive,The platform is easy to use and useful for our daily operations.
FDBK0001304,CUST00990,2026-02-21,Product Review,1,Negative,Some of the features are not being used by our team.
FDBK0001305,CUST00990,2026-09-12,Survey,4,Positive,We are not using the platform as much as we expected.
FDBK0001306,CUST00993,2025-07-31,Feature Request,5,Positive,We especially like the reporting features.
FDBK0001307,CUST00993,2025-07-23,Survey,4,Positive,We are happy with the features available.
FDBK0001308,CUST00997,2026-06-06,Feature Request,1,Negative,We have experienced several issues with customer support.
FDBK0001309,CUST00998,2025-03-02,Feature Request,4,Positive,We would like more value for the current subscription price.
FDBK0001310,CUST00999,2026-09-21,Cancellation Feedback,2,Negative,The pricing is difficult for our business.
FDBK0001311,CUST00999,2026-06-13,Feature Request,4,Positive,The pricing is difficult for our business.
FDBK0001312,CUST01001,2026-09-15,Product Review,5,Positive,The platform has been useful for managing our business.
FDBK0001313,CUST01004,2025-12-25,General Feedback,5,Positive,The platform has been useful for managing our business.
FDBK0001314,CUST01005,2025-01-26,Survey,2,Negative,We have experienced several issues with customer support.
FDBK0001315,CUST01005,2025-07-07,General Feedback,1,Negative,Some support requests took too long to resolve.
FDBK0001316,CUST01006,2025-12-31,Survey,3,Neutral,Our usage of the platform has decreased recently.
FDBK0001317,CUST01007,2025-04-26,Feature Request,3,Neutral,We are not using the platform as much as we expected.
FDBK0001318,CUST01007,2025-05-01,Product Review,2,Negative,Our usage of the platform has decreased recently.
FDBK0001319,CUST01007,2025-01-16,Cancellation Feedback,4,Positive,We are not using the platform as much as we expected.
FDBK0001320,CUST01008,2026-05-06,Feature Request,3,Neutral,The pricing is difficult for our business.
FDBK0001321,CUST01008,2025-09-20,Product Review,3,Neutral,We like the product but the monthly cost is high.
FDBK0001322,CUST01009,2026-05-08,Feature Request,4,Positive,We especially like the reporting features.
FDBK0001323,CUST01010,2026-09-08,Cancellation Feedback,2,Negative,We have experienced several issues with customer support.
FDBK0001324,CUST01010,2026-07-28,Product Review,4,Positive,The product is useful but support needs improvement.
FDBK0001325,CUST01011,2025-07-26,Survey,3,Neutral,Our usage of the platform has decreased recently.
FDBK0001326,CUST01011,2025-03-25,Cancellation Feedback,4,Positive,We are not using the platform as much as we expected.
FDBK0001327,CUST01014,2026-06-02,Feature Request,5,Positive,We especially like the reporting features.
FDBK0001328,CUST01014,2026-03-03,General Feedback,4,Positive,We are happy with the features available.
FDBK0001329,CUST01016,2025-12-21,General Feedback,2,Negative,The platform is useful but the price is becoming expensive.
FDBK0001330,CUST01016,2026-07-14,Product Review,3,Neutral,We like the product but the monthly cost is high.
FDBK0001331,CUST01016,2026-03-18,Survey,2,Negative,The platform is useful but the price is becoming expensive.
FDBK0001332,CUST01019,2025-09-12,Survey,5,Positive,The platform is easy to use and useful for our daily operations.
FDBK0001333,CUST01019,2023-12-12,Cancellation Feedback,4,Positive,The system has helped our team manage invoices more efficiently.
FDBK0001334,CUST01019,2025-12-31,General Feedback,4,Positive,The system has helped our team manage invoices more efficiently.
FDBK0001335,CUST01020,2025-03-18,Cancellation Feedback,2,Negative,Some of the features are not being used by our team.
FDBK0001336,CUST01020,2024-11-11,General Feedback,3,Neutral,Our usage of the platform has decreased recently.
FDBK0001337,CUST01021,2025-10-10,Product Review,4,Positive,Our usage of the platform has decreased recently.
FDBK0001338,CUST01022,2024-06-05,General Feedback,4,Positive,The platform is useful but the price is becoming expensive.
FDBK0001339,CUST01024,2025-10-16,Product Review,5,Positive,We are happy with the features available.
FDBK0001340,CUST01024,2026-08-04,Feature Request,4,Positive,We are happy with the features available.
FDBK0001341,CUST01024,2025-02-11,Survey,5,Positive,We especially like the reporting features.
FDBK0001342,CUST01024,2024-11-18,Product Review,5,Positive,The platform is easy to use and useful for our daily operations.
FDBK0001343,CUST01026,2026-04-11,Survey,5,Positive,We like the product but the monthly cost is high.
FDBK0001344,CUST01026,2025-12-16,Survey,5,Positive,We would like more value for the current subscription price.
FDBK0001345,CUST01027,2025-11-12,Product Review,4,Positive,We would like more value for the current subscription price.
FDBK0001346,CUST01027,2024-04-25,Survey,5,Positive,We would like more value for the current subscription price.
FDBK0001347,CUST01029,2025-08-17,Feature Request,2,Negative,The pricing is difficult for our business.
FDBK0001348,CUST01029,2026-07-10,Feature Request,3,Neutral,We would like more value for the current subscription price.
FDBK0001349,CUST01030,2025-05-23,Survey,3,Neutral,Some support requests took too long to resolve.
FDBK0001350,CUST01030,2025-05-09,Product Review,1,Negative,We have experienced several issues with customer support.
FDBK0001351,CUST01031,2026-05-19,Cancellation Feedback,2,Negative,We would like more value for the current subscription price.
FDBK0001352,CUST01032,2026-08-30,Survey,1,Negative,We need faster responses when technical problems occur.
FDBK0001353,CUST01032,2026-09-07,Feature Request,3,Neutral,The product is useful but support needs improvement.
FDBK0001354,CUST01033,2026-07-10,Feature Request,1,Negative,Some support requests took too long to resolve.
FDBK0001355,CUST01033,2026-08-25,Cancellation Feedback,2,Negative,The product is useful but support needs improvement.
FDBK0001356,CUST01034,2026-07-12,Cancellation Feedback,1,Negative,The product is useful but support needs improvement.
FDBK0001357,CUST01036,2026-09-09,Product Review,3,Neutral,We are happy with the features available.
FDBK0001358,CUST01036,2026-07-16,Feature Request,3,Neutral,The system has helped our team manage invoices more efficiently.
FDBK0001359,CUST01036,2026-08-07,Feature Request,5,Positive,We are happy with the features available.
FDBK0001360,CUST01037,2025-03-20,Feature Request,5,Positive,We would like more value for the current subscription price.
FDBK0001361,CUST01039,2026-06-03,Product Review,1,Negative,Our usage of the platform has decreased recently.
FDBK0001362,CUST01039,2026-08-29,General Feedback,3,Neutral,We are not using the platform as much as we expected.
FDBK0001363,CUST01040,2026-04-05,Survey,2,Negative,We like the product but the monthly cost is high.
FDBK0001364,CUST01041,2024-09-22,Feature Request,4,Positive,We especially like the reporting features.
FDBK0001365,CUST01043,2025-11-26,General Feedback,3,Neutral,The pricing is difficult for our business.
FDBK0001366,CUST01044,2026-08-30,General Feedback,5,Positive,The platform has been useful for managing our business.
FDBK0001367,CUST01044,2026-09-12,Feature Request,5,Positive,The platform is easy to use and useful for our daily operations.
FDBK0001368,CUST01045,2025-05-16,General Feedback,1,Negative,Some support requests took too long to resolve.
FDBK0001369,CUST01045,2026-01-25,Product Review,2,Negative,We need faster responses when technical problems occur.
FDBK0001370,CUST01045,2026-05-04,Product Review,1,Negative,Some support requests took too long to resolve.
FDBK0001371,CUST01046,2026-02-02,Feature Request,4,Positive,The system has helped our team manage invoices more efficiently.
FDBK0001372,CUST01047,2026-09-02,General Feedback,4,Positive,We are happy with the features available.
FDBK0001373,CUST01047,2026-07-29,Survey,5,Positive,The system has helped our team manage invoices more efficiently.
FDBK0001374,CUST01049,2025-10-10,Feature Request,4,Positive,The system has helped our team manage invoices more efficiently.
FDBK0001375,CUST01049,2026-09-03,Survey,5,Positive,The platform is easy to use and useful for our daily operations.
FDBK0001376,CUST01050,2024-06-12,Product Review,5,Positive,The platform is easy to use and useful for our daily operations.
FDBK0001377,CUST01050,2024-05-27,General Feedback,2,Negative,We especially like the reporting features.
FDBK0001378,CUST01052,2025-05-03,Feature Request,5,Positive,The platform has been useful for managing our business.
FDBK0001379,CUST01052,2026-03-24,Product Review,5,Positive,The platform is easy to use and useful for our daily operations.
FDBK0001380,CUST01052,2025-09-04,Feature Request,5,Positive,We especially like the reporting features.
FDBK0001381,CUST01054,2025-10-11,Feature Request,5,Positive,The platform has been useful for managing our business.
FDBK0001382,CUST01054,2025-10-26,Product Review,5,Positive,The platform is easy to use and useful for our daily operations.
FDBK0001383,CUST01054,2026-05-21,Product Review,4,Positive,We especially like the reporting features.
FDBK0001384,CUST01055,2026-02-27,Survey,3,Neutral,The platform has been useful for managing our business.
FDBK0001385,CUST01055,2025-07-14,General Feedback,4,Positive,We especially like the reporting features.
FDBK0001386,CUST01056,2026-08-27,Feature Request,4,Positive,We like the product but the monthly cost is high.
FDBK0001387,CUST01056,2026-09-04,Product Review,4,Positive,We like the product but the monthly cost is high.
FDBK0001388,CUST01057,2026-07-25,Product Review,2,Negative,Some support requests took too long to resolve.
FDBK0001389,CUST01057,2026-05-30,Feature Request,1,Negative,We need faster responses when technical problems occur.
FDBK0001390,CUST01057,2026-01-07,Survey,2,Negative,We need faster responses when technical problems occur.
FDBK0001391,CUST01057,2025-11-23,Feature Request,1,Negative,We have experienced several issues with customer support.
FDBK0001392,CUST01057,2026-09-22,Product Review,3,Neutral,The product is useful but support needs improvement.
FDBK0001393,CUST01059,2026-09-03,Survey,5,Positive,We would like more value for the current subscription price.
FDBK0001394,CUST01059,2026-05-11,Product Review,2,Negative,We would like more value for the current subscription price.
FDBK0001395,CUST01060,2026-04-04,Product Review,4,Positive,We are happy with the features available.
FDBK0001396,CUST01061,2026-08-09,Product Review,4,Positive,The platform is easy to use and useful for our daily operations.
FDBK0001397,CUST01061,2026-05-30,Product Review,5,Positive,The platform is easy to use and useful for our daily operations.
FDBK0001398,CUST01061,2026-01-24,Product Review,4,Positive,The platform has been useful for managing our business.
FDBK0001399,CUST01064,2025-12-22,Feature Request,5,Positive,The platform is easy to use and useful for our daily operations.
FDBK0001400,CUST01064,2025-05-16,Feature Request,5,Positive,The system has helped our team manage invoices more efficiently.
FDBK0001401,CUST01065,2026-09-15,Feature Request,5,Positive,The platform is easy to use and useful for our daily operations.
FDBK0001402,CUST01065,2026-03-14,Survey,4,Positive,We especially like the reporting features.
FDBK0001403,CUST01065,2026-02-20,General Feedback,5,Positive,The platform has been useful for managing our business.
FDBK0001404,CUST01066,2024-02-22,Feature Request,3,Neutral,We like the product but the monthly cost is high.
FDBK0001405,CUST01067,2024-02-03,Cancellation Feedback,2,Negative,We like the product but the monthly cost is high.
FDBK0001406,CUST01069,2024-06-17,General Feedback,5,Positive,We especially like the reporting features.
FDBK0001407,CUST01069,2025-09-19,Product Review,5,Positive,The platform is easy to use and useful for our daily operations.
FDBK0001408,CUST01070,2026-05-05,Survey,1,Negative,Some support requests took too long to resolve.
FDBK0001409,CUST01071,2026-05-15,Survey,2,Negative,We need faster responses when technical problems occur.
FDBK0001410,CUST01072,2026-04-10,Product Review,3,Neutral,Some of the features are not being used by our team.
FDBK0001411,CUST01073,2024-11-15,Cancellation Feedback,2,Negative,We are not using the platform as much as we expected.
FDBK0001412,CUST01076,2026-09-19,Survey,5,Positive,The platform is easy to use and useful for our daily operations.
FDBK0001413,CUST01076,2026-09-03,Cancellation Feedback,5,Positive,The platform has been useful for managing our business.
FDBK0001414,CUST01077,2024-09-26,Survey,5,Positive,The system has helped our team manage invoices more efficiently.
FDBK0001415,CUST01077,2026-02-21,Survey,2,Negative,We especially like the reporting features.
FDBK0001416,CUST01078,2026-06-09,Cancellation Feedback,4,Positive,The system has helped our team manage invoices more efficiently.
FDBK0001417,CUST01078,2025-06-17,Product Review,4,Positive,We especially like the reporting features.
FDBK0001418,CUST01078,2026-08-05,Survey,5,Positive,We especially like the reporting features.
FDBK0001419,CUST01079,2026-01-07,Cancellation Feedback,2,Negative,We are not using the platform as much as we expected.
FDBK0001420,CUST01080,2025-06-15,Survey,4,Positive,The system has helped our team manage invoices more efficiently.
FDBK0001421,CUST01080,2025-02-26,Product Review,4,Positive,We especially like the reporting features.
FDBK0001422,CUST01081,2024-08-14,Product Review,5,Positive,The platform is easy to use and useful for our daily operations.
FDBK0001423,CUST01081,2025-10-17,Survey,4,Positive,The platform is easy to use and useful for our daily operations.
FDBK0001424,CUST01082,2026-04-30,Survey,4,Positive,We are happy with the features available.
FDBK0001425,CUST01082,2026-08-29,General Feedback,5,Positive,The platform has been useful for managing our business.
FDBK0001426,CUST01085,2025-06-04,Survey,5,Positive,We especially like the reporting features.
FDBK0001427,CUST01085,2024-08-12,Feature Request,5,Positive,We are happy with the features available.
FDBK0001428,CUST01085,2025-02-23,Survey,5,Positive,The platform has been useful for managing our business.
FDBK0001429,CUST01085,2025-03-28,General Feedback,2,Negative,The platform has been useful for managing our business.
FDBK0001430,CUST01085,2024-03-03,Survey,5,Positive,The system has helped our team manage invoices more efficiently.
FDBK0001431,CUST01086,2026-03-01,Product Review,3,Neutral,Our usage of the platform has decreased recently.
FDBK0001432,CUST01086,2026-05-04,Survey,3,Neutral,We are not using the platform as much as we expected.
FDBK0001433,CUST01087,2026-06-04,Survey,1,Negative,The product is useful but support needs improvement.
FDBK0001434,CUST01087,2026-05-07,Product Review,3,Neutral,Some support requests took too long to resolve.
FDBK0001435,CUST01090,2025-06-04,Cancellation Feedback,4,Positive,We would like more value for the current subscription price.
FDBK0001436,CUST01090,2025-03-10,General Feedback,4,Positive,The pricing is difficult for our business.
FDBK0001437,CUST01091,2026-05-02,Survey,2,Negative,The platform has been useful for managing our business.
FDBK0001438,CUST01091,2026-09-21,General Feedback,5,Positive,We especially like the reporting features.
FDBK0001439,CUST01092,2026-05-10,Product Review,4,Positive,We especially like the reporting features.
FDBK0001440,CUST01093,2026-08-14,Product Review,4,Positive,The platform is useful but the price is becoming expensive.
FDBK0001441,CUST01093,2026-04-05,General Feedback,3,Neutral,The pricing is difficult for our business.
FDBK0001442,CUST01094,2026-08-31,Feature Request,3,Neutral,The platform has been useful for managing our business.
FDBK0001443,CUST01095,2026-07-11,Cancellation Feedback,2,Negative,We need faster responses when technical problems occur.
FDBK0001444,CUST01095,2026-06-27,Product Review,2,Negative,We need faster responses when technical problems occur.
FDBK0001445,CUST01098,2026-05-19,Feature Request,5,Positive,The system has helped our team manage invoices more efficiently.
FDBK0001446,CUST01099,2026-08-16,Product Review,3,Neutral,The platform has been useful for managing our business.
FDBK0001447,CUST01100,2025-01-03,Feature Request,3,Neutral,The pricing is difficult for our business.
FDBK0001448,CUST01101,2026-06-15,Cancellation Feedback,4,Positive,We need faster responses when technical problems occur.
FDBK0001449,CUST01102,2025-11-23,Survey,4,Positive,We are happy with the features available.
FDBK0001450,CUST01102,2025-11-24,Cancellation Feedback,3,Neutral,The system has helped our team manage invoices more efficiently.
FDBK0001451,CUST01102,2026-08-17,General Feedback,5,Positive,The platform is easy to use and useful for our daily operations.
FDBK0001452,CUST01104,2026-02-20,General Feedback,5,Positive,The platform is easy to use and useful for our daily operations.
FDBK0001453,CUST01104,2026-07-06,Survey,4,Positive,We especially like the reporting features.
FDBK0001454,CUST01105,2026-05-05,Product Review,3,Neutral,Some support requests took too long to resolve.
FDBK0001455,CUST01105,2026-03-06,General Feedback,2,Negative,We need faster responses when technical problems occur.
FDBK0001456,CUST01106,2026-09-18,General Feedback,4,Positive,The system has helped our team manage invoices more efficiently.
FDBK0001457,CUST01107,2026-01-05,Survey,2,Negative,We are not using the platform as much as we expected.
FDBK0001458,CUST01108,2026-08-25,Survey,3,Neutral,Our usage of the platform has decreased recently.
FDBK0001459,CUST01110,2026-09-04,Survey,5,Positive,Our usage of the platform has decreased recently.
FDBK0001460,CUST01110,2026-09-20,Product Review,1,Negative,Some of the features are not being used by our team.
FDBK0001461,CUST01112,2026-02-13,Cancellation Feedback,2,Negative,Our usage of the platform has decreased recently.
FDBK0001462,CUST01112,2026-03-21,Cancellation Feedback,4,Positive,Some of the features are not being used by our team.
FDBK0001463,CUST01112,2026-08-12,Feature Request,1,Negative,Some of the features are not being used by our team.
FDBK0001464,CUST01114,2025-05-10,Product Review,3,Neutral,We like the product but the monthly cost is high.
FDBK0001465,CUST01114,2026-07-28,Product Review,4,Positive,The pricing is difficult for our business.
FDBK0001466,CUST01117,2026-04-27,Cancellation Feedback,3,Neutral,We are not using the platform as much as we expected.
FDBK0001467,CUST01117,2026-01-03,Cancellation Feedback,1,Negative,Some of the features are not being used by our team.
FDBK0001468,CUST01117,2025-12-12,Cancellation Feedback,1,Negative,Our usage of the platform has decreased recently.
FDBK0001469,CUST01118,2026-03-21,Survey,1,Negative,We have experienced several issues with customer support.
FDBK0001470,CUST01118,2026-05-28,Survey,2,Negative,The product is useful but support needs improvement.
FDBK0001471,CUST01118,2024-10-09,Feature Request,2,Negative,We need faster responses when technical problems occur.
FDBK0001472,CUST01118,2025-03-25,General Feedback,1,Negative,Some support requests took too long to resolve.
FDBK0001473,CUST01120,2025-07-23,Cancellation Feedback,3,Neutral,We are finding it difficult to get our team to use the platform regularly.
FDBK0001474,CUST01120,2025-12-05,Feature Request,4,Positive,Some of the features are not being used by our team.
FDBK0001475,CUST01120,2025-04-03,Feature Request,4,Positive,Some of the features are not being used by our team.
FDBK0001476,CUST01121,2026-06-19,Feature Request,1,Negative,We have experienced several issues with customer support.
FDBK0001477,CUST01121,2026-01-17,Product Review,1,Negative,Some support requests took too long to resolve.
FDBK0001478,CUST01121,2025-12-29,Product Review,2,Negative,Some support requests took too long to resolve.
FDBK0001479,CUST01121,2025-12-22,General Feedback,1,Negative,We have experienced several issues with customer support.
FDBK0001480,CUST01122,2025-07-13,General Feedback,5,Positive,We would like more value for the current subscription price.
FDBK0001481,CUST01123,2024-12-10,Product Review,1,Negative,We are finding it difficult to get our team to use the platform regularly.
FDBK0001482,CUST01125,2026-02-21,Product Review,5,Positive,We are happy with the features available.
FDBK0001483,CUST01126,2026-09-22,Product Review,4,Positive,The platform is easy to use and useful for our daily operations.
FDBK0001484,CUST01127,2024-08-29,Cancellation Feedback,5,Positive,The platform has been useful for managing our business.
FDBK0001485,CUST01127,2024-09-18,Survey,5,Positive,We are happy with the features available.
FDBK0001486,CUST01127,2024-12-16,General Feedback,4,Positive,The platform is easy to use and useful for our daily operations.
FDBK0001487,CUST01129,2025-03-16,Survey,1,Negative,We like the product but the monthly cost is high.
FDBK0001488,CUST01129,2024-12-27,Survey,3,Neutral,The platform is useful but the price is becoming expensive.
FDBK0001489,CUST01130,2026-02-14,Feature Request,4,Positive,The platform is easy to use and useful for our daily operations.
FDBK0001490,CUST01131,2026-07-07,Feature Request,1,Negative,We like the product but the monthly cost is high.
FDBK0001491,CUST01132,2024-08-03,Product Review,3,Neutral,The platform is easy to use and useful for our daily operations.
FDBK0001492,CUST01132,2025-02-03,Product Review,4,Positive,The platform has been useful for managing our business.
FDBK0001493,CUST01133,2026-05-04,Feature Request,3,Neutral,Our usage of the platform has decreased recently.
FDBK0001494,CUST01133,2026-06-27,Cancellation Feedback,4,Positive,Our usage of the platform has decreased recently.
FDBK0001495,CUST01133,2026-05-22,Feature Request,4,Positive,We are not using the platform as much as we expected.
FDBK0001496,CUST01134,2025-08-31,General Feedback,5,Positive,We especially like the reporting features.
FDBK0001497,CUST01135,2025-01-03,General Feedback,5,Positive,The system has helped our team manage invoices more efficiently.
FDBK0001498,CUST01135,2024-08-25,Survey,5,Positive,The platform is easy to use and useful for our daily operations.
FDBK0001499,CUST01137,2025-10-16,General Feedback,1,Negative,Some support requests took too long to resolve.
FDBK0001500,CUST01137,2025-04-18,Feature Request,1,Negative,The product is useful but support needs improvement.
FDBK0001501,CUST01139,2025-10-05,Feature Request,1,Negative,The product is useful but support needs improvement.
FDBK0001502,CUST01139,2026-02-01,Survey,2,Negative,The product is useful but support needs improvement.
FDBK0001503,CUST01139,2026-05-21,Product Review,4,Positive,We have experienced several issues with customer support.
FDBK0001504,CUST01139,2025-10-22,Product Review,2,Negative,We have experienced several issues with customer support.
FDBK0001505,CUST01140,2026-02-27,Cancellation Feedback,3,Neutral,We are finding it difficult to get our team to use the platform regularly.
FDBK0001506,CUST01140,2026-03-25,General Feedback,4,Positive,We are finding it difficult to get our team to use the platform regularly.
FDBK0001507,CUST01140,2026-08-09,General Feedback,2,Negative,We are not using the platform as much as we expected.
FDBK0001508,CUST01140,2026-01-16,Product Review,2,Negative,We are finding it difficult to get our team to use the platform regularly.
FDBK0001509,CUST01140,2026-08-05,Cancellation Feedback,1,Negative,Some of the features are not being used by our team.
FDBK0001510,CUST01141,2024-06-25,General Feedback,1,Negative,We especially like the reporting features.
FDBK0001511,CUST01142,2025-12-16,Product Review,3,Neutral,We have experienced several issues with customer support.
FDBK0001512,CUST01142,2026-04-29,Feature Request,3,Neutral,We need faster responses when technical problems occur.
FDBK0001513,CUST01142,2026-07-23,Survey,1,Negative,The product is useful but support needs improvement.
FDBK0001514,CUST01144,2026-08-07,Product Review,1,Negative,We need faster responses when technical problems occur.
FDBK0001515,CUST01144,2025-11-16,Survey,2,Negative,We need faster responses when technical problems occur.
FDBK0001516,CUST01144,2025-11-23,Product Review,1,Negative,Some support requests took too long to resolve.
FDBK0001517,CUST01144,2025-08-01,General Feedback,1,Negative,The product is useful but support needs improvement.
FDBK0001518,CUST01146,2026-08-12,Product Review,4,Positive,We are happy with the features available.
FDBK0001519,CUST01147,2025-09-17,Survey,3,Neutral,The product is useful but support needs improvement.
FDBK0001520,CUST01147,2024-06-17,Feature Request,1,Negative,Some support requests took too long to resolve.
FDBK0001521,CUST01148,2026-02-04,Survey,5,Positive,The system has helped our team manage invoices more efficiently.
FDBK0001522,CUST01150,2026-09-23,Product Review,5,Positive,We would like more value for the current subscription price.
FDBK0001523,CUST01150,2026-09-01,Product Review,4,Positive,The pricing is difficult for our business.
FDBK0001524,CUST01151,2026-09-05,Product Review,4,Positive,We especially like the reporting features.
FDBK0001525,CUST01151,2026-04-16,Product Review,5,Positive,We especially like the reporting features.
FDBK0001526,CUST01151,2025-04-26,General Feedback,4,Positive,We are happy with the features available.
FDBK0001527,CUST01151,2026-07-07,Feature Request,4,Positive,The platform is easy to use and useful for our daily operations.
FDBK0001528,CUST01151,2025-06-20,Product Review,5,Positive,The platform is easy to use and useful for our daily operations.
FDBK0001529,CUST01152,2026-04-07,Survey,2,Negative,We would like more value for the current subscription price.
FDBK0001530,CUST01152,2026-02-23,General Feedback,3,Neutral,The pricing is difficult for our business.
FDBK0001531,CUST01152,2026-04-28,Feature Request,2,Negative,The pricing is difficult for our business.
FDBK0001532,CUST01153,2025-05-28,Feature Request,4,Positive,We are finding it difficult to get our team to use the platform regularly.
FDBK0001533,CUST01153,2026-01-21,General Feedback,3,Neutral,Our usage of the platform has decreased recently.
FDBK0001534,CUST01153,2025-11-12,Product Review,2,Negative,Our usage of the platform has decreased recently.
FDBK0001535,CUST01153,2025-06-15,Feature Request,2,Negative,We are finding it difficult to get our team to use the platform regularly.
FDBK0001536,CUST01155,2026-08-16,Cancellation Feedback,5,Positive,The system has helped our team manage invoices more efficiently.
FDBK0001537,CUST01155,2026-07-28,Feature Request,4,Positive,The platform is easy to use and useful for our daily operations.
FDBK0001538,CUST01155,2026-03-18,Feature Request,4,Positive,The platform is easy to use and useful for our daily operations.
FDBK0001539,CUST01157,2026-05-22,General Feedback,3,Neutral,The platform is easy to use and useful for our daily operations.
FDBK0001540,CUST01158,2026-08-30,General Feedback,4,Positive,We are happy with the features available.
FDBK0001541,CUST01160,2025-04-06,Cancellation Feedback,2,Negative,We are finding it difficult to get our team to use the platform regularly.
FDBK0001542,CUST01165,2026-05-17,Survey,2,Negative,The system has helped our team manage invoices more efficiently.
FDBK0001543,CUST01165,2026-07-08,Cancellation Feedback,3,Neutral,The platform is easy to use and useful for our daily operations.
FDBK0001544,CUST01167,2026-04-01,Cancellation Feedback,4,Positive,The pricing is difficult for our business.
FDBK0001545,CUST01168,2025-09-09,Product Review,2,Negative,The product is useful but support needs improvement.
FDBK0001546,CUST01169,2025-08-26,Cancellation Feedback,3,Neutral,Some support requests took too long to resolve.
FDBK0001547,CUST01169,2025-10-14,Feature Request,3,Neutral,We need faster responses when technical problems occur.
FDBK0001548,CUST01169,2026-01-15,Cancellation Feedback,1,Negative,We have experienced several issues with customer support.
FDBK0001549,CUST01170,2024-04-30,Product Review,3,Neutral,We like the product but the monthly cost is high.
FDBK0001550,CUST01171,2025-08-08,Survey,2,Negative,We need faster responses when technical problems occur.
FDBK0001551,CUST01171,2025-10-28,Product Review,4,Positive,We need faster responses when technical problems occur.
FDBK0001552,CUST01171,2026-07-13,Product Review,5,Positive,The product is useful but support needs improvement.
FDBK0001553,CUST01175,2026-01-25,Feature Request,2,Negative,We especially like the reporting features.
FDBK0001554,CUST01175,2026-03-04,Product Review,4,Positive,The platform is easy to use and useful for our daily operations.
FDBK0001555,CUST01176,2026-01-01,Product Review,5,Positive,The system has helped our team manage invoices more efficiently.
FDBK0001556,CUST01176,2025-10-16,Survey,5,Positive,We especially like the reporting features.
FDBK0001557,CUST01177,2026-06-20,Survey,1,Negative,We have experienced several issues with customer support.
FDBK0001558,CUST01178,2025-04-06,Cancellation Feedback,1,Negative,Some support requests took too long to resolve.
FDBK0001559,CUST01178,2025-05-29,Cancellation Feedback,4,Positive,We have experienced several issues with customer support.
FDBK0001560,CUST01178,2025-04-12,Cancellation Feedback,2,Negative,Some support requests took too long to resolve.
FDBK0001561,CUST01179,2025-05-22,General Feedback,3,Neutral,Some of the features are not being used by our team.
FDBK0001562,CUST01179,2026-09-15,Survey,1,Negative,Our usage of the platform has decreased recently.
FDBK0001563,CUST01181,2025-06-28,Feature Request,3,Neutral,The product is useful but support needs improvement.
FDBK0001564,CUST01181,2025-05-26,Survey,2,Negative,The product is useful but support needs improvement.
FDBK0001565,CUST01182,2025-03-19,Cancellation Feedback,5,Positive,We are happy with the features available.
FDBK0001566,CUST01183,2025-05-05,Product Review,5,Positive,The platform is useful but the price is becoming expensive.
FDBK0001567,CUST01183,2025-03-21,Product Review,2,Negative,The pricing is difficult for our business.
FDBK0001568,CUST01183,2024-12-22,Product Review,3,Neutral,We like the product but the monthly cost is high.
FDBK0001569,CUST01184,2026-09-11,Survey,2,Negative,Some support requests took too long to resolve.
FDBK0001570,CUST01184,2025-06-19,Survey,3,Neutral,Some support requests took too long to resolve.
FDBK0001571,CUST01184,2026-03-30,Product Review,3,Neutral,We have experienced several issues with customer support.
FDBK0001572,CUST01184,2025-10-05,Cancellation Feedback,3,Neutral,The product is useful but support needs improvement.
FDBK0001573,CUST01186,2025-07-31,Survey,4,Positive,We especially like the reporting features.
FDBK0001574,CUST01186,2026-01-09,Cancellation Feedback,5,Positive,The system has helped our team manage invoices more efficiently.
FDBK0001575,CUST01187,2025-11-07,Survey,3,Neutral,Some support requests took too long to resolve.
FDBK0001576,CUST01188,2026-02-28,Cancellation Feedback,5,Positive,We especially like the reporting features.
FDBK0001577,CUST01188,2026-06-30,Survey,4,Positive,The platform has been useful for managing our business.
FDBK0001578,CUST01188,2026-02-08,Cancellation Feedback,4,Positive,The system has helped our team manage invoices more efficiently.
FDBK0001579,CUST01188,2026-05-11,Cancellation Feedback,5,Positive,The platform has been useful for managing our business.
FDBK0001580,CUST01189,2024-04-16,Cancellation Feedback,1,Negative,Some of the features are not being used by our team.
FDBK0001581,CUST01193,2026-05-31,Product Review,1,Negative,Some of the features are not being used by our team.
FDBK0001582,CUST01193,2026-04-27,Survey,3,Neutral,Some of the features are not being used by our team.
FDBK0001583,CUST01194,2026-07-05,General Feedback,5,Positive,The platform is easy to use and useful for our daily operations.
FDBK0001584,CUST01195,2025-06-27,Cancellation Feedback,2,Negative,Some support requests took too long to resolve.
FDBK0001585,CUST01196,2026-08-06,Product Review,5,Positive,The platform has been useful for managing our business.
FDBK0001586,CUST01196,2026-02-12,General Feedback,4,Positive,We especially like the reporting features.
FDBK0001587,CUST01196,2026-09-07,Survey,5,Positive,The system has helped our team manage invoices more efficiently.
FDBK0001588,CUST01198,2026-06-30,General Feedback,1,Negative,We have experienced several issues with customer support.
FDBK0001589,CUST01200,2026-06-10,Survey,4,Positive,The platform has been useful for managing our business.
FDBK0001590,CUST01201,2025-10-03,General Feedback,5,Positive,The platform has been useful for managing our business.
FDBK0001591,CUST01202,2026-02-04,General Feedback,3,Neutral,We are finding it difficult to get our team to use the platform regularly.
FDBK0001592,CUST01202,2026-06-26,Cancellation Feedback,3,Neutral,We are finding it difficult to get our team to use the platform regularly.
FDBK0001593,CUST01203,2026-04-27,Cancellation Feedback,2,Negative,We would like more value for the current subscription price.
FDBK0001594,CUST01203,2026-04-06,Cancellation Feedback,3,Neutral,The platform is useful but the price is becoming expensive.
FDBK0001595,CUST01204,2025-06-14,Survey,3,Neutral,We have experienced several issues with customer support.
FDBK0001596,CUST01205,2026-08-26,General Feedback,5,Positive,We are happy with the features available.
FDBK0001597,CUST01205,2026-08-21,Survey,5,Positive,The platform has been useful for managing our business.
FDBK0001598,CUST01209,2026-07-19,Survey,3,Neutral,Some of the features are not being used by our team.
FDBK0001599,CUST01209,2026-03-14,Cancellation Feedback,4,Positive,Our usage of the platform has decreased recently.
FDBK0001600,CUST01209,2026-04-06,Feature Request,5,Positive,Some of the features are not being used by our team.
FDBK0001601,CUST01210,2026-01-12,General Feedback,5,Positive,We like the product but the monthly cost is high.
FDBK0001602,CUST01215,2026-02-06,General Feedback,4,Positive,The pricing is difficult for our business.
FDBK0001603,CUST01216,2025-08-07,Cancellation Feedback,5,Positive,We especially like the reporting features.
FDBK0001604,CUST01217,2026-01-03,Feature Request,1,Negative,Some support requests took too long to resolve.
FDBK0001605,CUST01217,2024-12-17,Cancellation Feedback,3,Neutral,Some support requests took too long to resolve.
FDBK0001606,CUST01218,2026-08-20,Product Review,4,Positive,We are happy with the features available.
FDBK0001607,CUST01220,2025-12-14,Survey,5,Positive,The system has helped our team manage invoices more efficiently.
FDBK0001608,CUST01221,2026-08-09,Product Review,5,Positive,The platform is easy to use and useful for our daily operations.
FDBK0001609,CUST01222,2024-12-10,Feature Request,3,Neutral,The product is useful but support needs improvement.
FDBK0001610,CUST01224,2025-11-28,Product Review,3,Neutral,We are finding it difficult to get our team to use the platform regularly.
FDBK0001611,CUST01224,2025-10-21,Cancellation Feedback,4,Positive,Some of the features are not being used by our team.
FDBK0001612,CUST01224,2025-09-27,General Feedback,4,Positive,We are finding it difficult to get our team to use the platform regularly.
FDBK0001613,CUST01224,2025-02-08,Survey,5,Positive,Some of the features are not being used by our team.
FDBK0001614,CUST01225,2025-09-26,Feature Request,4,Positive,The system has helped our team manage invoices more efficiently.
FDBK0001615,CUST01227,2026-03-22,General Feedback,2,Negative,We have experienced several issues with customer support.
FDBK0001616,CUST01227,2026-03-22,General Feedback,1,Negative,We need faster responses when technical problems occur.
FDBK0001617,CUST01227,2026-03-29,Feature Request,3,Neutral,The product is useful but support needs improvement.
FDBK0001618,CUST01227,2026-03-10,Product Review,3,Neutral,Some support requests took too long to resolve.
FDBK0001619,CUST01227,2026-07-05,Feature Request,2,Negative,The product is useful but support needs improvement.
FDBK0001620,CUST01228,2025-12-06,Product Review,4,Positive,We are happy with the features available.
FDBK0001621,CUST01228,2026-02-01,Survey,4,Positive,We especially like the reporting features.
FDBK0001622,CUST01230,2025-11-12,Cancellation Feedback,3,Neutral,We would like more value for the current subscription price.
FDBK0001623,CUST01231,2025-09-28,Cancellation Feedback,5,Positive,The system has helped our team manage invoices more efficiently.
FDBK0001624,CUST01231,2026-02-05,Survey,5,Positive,The platform has been useful for managing our business.
FDBK0001625,CUST01231,2026-04-03,Cancellation Feedback,5,Positive,The platform has been useful for managing our business.
FDBK0001626,CUST01231,2026-09-18,Survey,4,Positive,We are happy with the features available.
FDBK0001627,CUST01233,2025-06-23,Cancellation Feedback,5,Positive,We like the product but the monthly cost is high.
FDBK0001628,CUST01233,2026-06-29,Cancellation Feedback,3,Neutral,The platform is useful but the price is becoming expensive.
FDBK0001629,CUST01233,2025-02-06,Cancellation Feedback,3,Neutral,The pricing is difficult for our business.
FDBK0001630,CUST01233,2026-05-27,Cancellation Feedback,3,Neutral,The platform is useful but the price is becoming expensive.
FDBK0001631,CUST01234,2026-09-02,Product Review,1,Negative,The product is useful but support needs improvement.
FDBK0001632,CUST01234,2026-08-24,Cancellation Feedback,1,Negative,We have experienced several issues with customer support.
FDBK0001633,CUST01234,2026-07-12,General Feedback,1,Negative,Some support requests took too long to resolve.
FDBK0001634,CUST01234,2026-05-16,Cancellation Feedback,1,Negative,The product is useful but support needs improvement.
FDBK0001635,CUST01234,2026-05-31,General Feedback,3,Neutral,The product is useful but support needs improvement.
FDBK0001636,CUST01236,2026-01-12,Feature Request,4,Positive,The platform is easy to use and useful for our daily operations.
FDBK0001637,CUST01236,2026-01-01,Survey,5,Positive,The platform is easy to use and useful for our daily operations.
FDBK0001638,CUST01237,2026-07-01,Cancellation Feedback,4,Positive,We like the product but the monthly cost is high.
FDBK0001639,CUST01237,2026-09-11,Product Review,2,Negative,The pricing is difficult for our business.
FDBK0001640,CUST01237,2026-04-01,Product Review,4,Positive,We like the product but the monthly cost is high.
FDBK0001641,CUST01237,2026-02-02,Feature Request,3,Neutral,The pricing is difficult for our business.
FDBK0001642,CUST01237,2026-08-09,Product Review,4,Positive,The pricing is difficult for our business.
FDBK0001643,CUST01238,2026-02-20,Product Review,1,Negative,We are finding it difficult to get our team to use the platform regularly.
FDBK0001644,CUST01238,2026-01-20,Product Review,1,Negative,Some of the features are not being used by our team.
FDBK0001645,CUST01239,2024-08-04,Product Review,3,Neutral,Some support requests took too long to resolve.
FDBK0001646,CUST01240,2026-05-09,Cancellation Feedback,1,Negative,The product is useful but support needs improvement.
FDBK0001647,CUST01241,2026-07-26,Survey,5,Positive,The platform has been useful for managing our business.
FDBK0001648,CUST01242,2026-08-15,Survey,4,Positive,The platform has been useful for managing our business.
FDBK0001649,CUST01242,2026-07-25,Product Review,2,Negative,The platform is easy to use and useful for our daily operations.
FDBK0001650,CUST01242,2026-05-14,Survey,3,Neutral,The platform is easy to use and useful for our daily operations.
FDBK0001651,CUST01243,2026-04-22,Feature Request,5,Positive,We are happy with the features available.
FDBK0001652,CUST01244,2025-01-10,Feature Request,1,Negative,Our usage of the platform has decreased recently.
FDBK0001653,CUST01247,2026-07-12,Cancellation Feedback,5,Positive,Some of the features are not being used by our team.
FDBK0001654,CUST01248,2025-11-03,Feature Request,2,Negative,We have experienced several issues with customer support.
FDBK0001655,CUST01248,2024-11-23,General Feedback,1,Negative,We need faster responses when technical problems occur.
FDBK0001656,CUST01249,2025-07-10,Survey,4,Positive,The system has helped our team manage invoices more efficiently.
FDBK0001657,CUST01249,2026-06-01,Product Review,3,Neutral,We are happy with the features available.
FDBK0001658,CUST01250,2026-03-11,Product Review,4,Positive,We are happy with the features available.
FDBK0001659,CUST01251,2026-06-12,Survey,4,Positive,We especially like the reporting features.
FDBK0001660,CUST01251,2026-06-22,Feature Request,5,Positive,The system has helped our team manage invoices more efficiently.
FDBK0001661,CUST01252,2026-07-31,General Feedback,3,Neutral,We would like more value for the current subscription price.
FDBK0001662,CUST01255,2026-07-31,General Feedback,5,Positive,The platform is easy to use and useful for our daily operations.
FDBK0001663,CUST01256,2026-05-26,Feature Request,1,Negative,Our usage of the platform has decreased recently.
FDBK0001664,CUST01256,2026-08-20,Feature Request,3,Neutral,We are finding it difficult to get our team to use the platform regularly.
FDBK0001665,CUST01257,2026-09-11,Cancellation Feedback,2,Negative,Some support requests took too long to resolve.
FDBK0001666,CUST01257,2026-07-13,Feature Request,1,Negative,We need faster responses when technical problems occur.
FDBK0001667,CUST01259,2026-04-06,Feature Request,5,Positive,The platform is easy to use and useful for our daily operations.
FDBK0001668,CUST01259,2025-10-23,Cancellation Feedback,4,Positive,The platform is easy to use and useful for our daily operations.
FDBK0001669,CUST01260,2026-07-01,General Feedback,1,Negative,We need faster responses when technical problems occur.
FDBK0001670,CUST01260,2026-05-20,Feature Request,4,Positive,The product is useful but support needs improvement.
FDBK0001671,CUST01260,2026-04-29,General Feedback,3,Neutral,Some support requests took too long to resolve.
FDBK0001672,CUST01260,2026-04-26,Survey,1,Negative,We have experienced several issues with customer support.
FDBK0001673,CUST01261,2025-11-13,Cancellation Feedback,3,Neutral,We would like more value for the current subscription price.
FDBK0001674,CUST01261,2025-10-30,Cancellation Feedback,5,Positive,We like the product but the monthly cost is high.
FDBK0001675,CUST01261,2026-03-02,Survey,2,Negative,We like the product but the monthly cost is high.
FDBK0001676,CUST01261,2025-10-30,General Feedback,3,Neutral,The platform is useful but the price is becoming expensive.
FDBK0001677,CUST01262,2025-10-30,Product Review,2,Negative,We like the product but the monthly cost is high.
FDBK0001678,CUST01263,2026-07-24,General Feedback,4,Positive,The platform is easy to use and useful for our daily operations.
FDBK0001679,CUST01263,2026-08-19,Survey,4,Positive,We are happy with the features available.
FDBK0001680,CUST01264,2026-08-02,General Feedback,3,Neutral,We are finding it difficult to get our team to use the platform regularly.
FDBK0001681,CUST01264,2026-02-06,Product Review,3,Neutral,Our usage of the platform has decreased recently.
FDBK0001682,CUST01264,2026-05-17,Survey,4,Positive,Our usage of the platform has decreased recently.
FDBK0001683,CUST01265,2025-01-08,Cancellation Feedback,2,Negative,We need faster responses when technical problems occur.
FDBK0001684,CUST01265,2026-02-04,General Feedback,3,Neutral,We have experienced several issues with customer support.
FDBK0001685,CUST01265,2024-09-13,Cancellation Feedback,3,Neutral,The product is useful but support needs improvement.
FDBK0001686,CUST01265,2026-08-01,Cancellation Feedback,2,Negative,Some support requests took too long to resolve.
FDBK0001687,CUST01266,2026-03-26,Product Review,2,Negative,The platform is useful but the price is becoming expensive.
FDBK0001688,CUST01266,2025-10-25,Feature Request,3,Neutral,We would like more value for the current subscription price.
FDBK0001689,CUST01266,2025-12-06,Cancellation Feedback,2,Negative,We like the product but the monthly cost is high.
FDBK0001690,CUST01268,2026-02-01,Cancellation Feedback,3,Neutral,We are happy with the features available.
FDBK0001691,CUST01269,2025-11-27,Cancellation Feedback,5,Positive,The system has helped our team manage invoices more efficiently.
FDBK0001692,CUST01270,2024-10-31,Survey,5,Positive,The platform has been useful for managing our business.
FDBK0001693,CUST01271,2025-12-14,Product Review,4,Positive,We would like more value for the current subscription price.
FDBK0001694,CUST01272,2026-05-30,Product Review,4,Positive,We are happy with the features available.
FDBK0001695,CUST01272,2026-02-21,Feature Request,3,Neutral,We especially like the reporting features.
FDBK0001696,CUST01273,2024-04-02,Product Review,4,Positive,Our usage of the platform has decreased recently.
FDBK0001697,CUST01273,2025-06-18,Survey,1,Negative,Our usage of the platform has decreased recently.
FDBK0001698,CUST01274,2023-12-10,Survey,5,Positive,We especially like the reporting features.
FDBK0001699,CUST01275,2026-03-26,Feature Request,4,Positive,The platform has been useful for managing our business.
FDBK0001700,CUST01276,2025-10-30,Cancellation Feedback,1,Negative,The platform is useful but the price is becoming expensive.
FDBK0001701,CUST01276,2026-05-10,Cancellation Feedback,3,Neutral,We would like more value for the current subscription price.
FDBK0001702,CUST01277,2025-10-08,General Feedback,3,Neutral,Some of the features are not being used by our team.
FDBK0001703,CUST01278,2026-08-19,Product Review,2,Negative,We have experienced several issues with customer support.
FDBK0001704,CUST01278,2025-11-27,Feature Request,3,Neutral,The product is useful but support needs improvement.
FDBK0001705,CUST01279,2026-09-13,Survey,5,Positive,We are happy with the features available.
FDBK0001706,CUST01280,2026-05-26,Feature Request,5,Positive,The platform is easy to use and useful for our daily operations.
FDBK0001707,CUST01280,2025-10-07,Product Review,4,Positive,The system has helped our team manage invoices more efficiently.
FDBK0001708,CUST01282,2025-12-03,Feature Request,4,Positive,Our usage of the platform has decreased recently.
FDBK0001709,CUST01283,2025-12-10,Product Review,3,Neutral,The pricing is difficult for our business.
FDBK0001710,CUST01283,2025-10-24,Product Review,3,Neutral,The platform is useful but the price is becoming expensive.
FDBK0001711,CUST01283,2026-08-19,General Feedback,5,Positive,The pricing is difficult for our business.
FDBK0001712,CUST01284,2024-09-10,Cancellation Feedback,5,Positive,The system has helped our team manage invoices more efficiently.
FDBK0001713,CUST01285,2026-06-18,Cancellation Feedback,4,Positive,We are happy with the features available.
FDBK0001714,CUST01287,2024-06-21,Survey,2,Negative,Some of the features are not being used by our team.
FDBK0001715,CUST01288,2026-06-25,Survey,3,Neutral,Our usage of the platform has decreased recently.
FDBK0001716,CUST01289,2024-07-18,Cancellation Feedback,2,Negative,We have experienced several issues with customer support.
FDBK0001717,CUST01289,2024-10-21,Cancellation Feedback,1,Negative,We have experienced several issues with customer support.
FDBK0001718,CUST01290,2025-07-19,Feature Request,5,Positive,Some support requests took too long to resolve.
FDBK0001719,CUST01290,2025-12-08,Cancellation Feedback,1,Negative,We need faster responses when technical problems occur.
FDBK0001720,CUST01291,2026-06-09,Survey,5,Positive,We especially like the reporting features.
FDBK0001721,CUST01292,2026-04-19,Product Review,5,Positive,We are happy with the features available.
FDBK0001722,CUST01292,2026-08-26,Feature Request,4,Positive,We especially like the reporting features.
FDBK0001723,CUST01293,2026-09-17,Feature Request,5,Positive,Our usage of the platform has decreased recently.
FDBK0001724,CUST01294,2026-04-24,Feature Request,4,Positive,We like the product but the monthly cost is high.
FDBK0001725,CUST01295,2025-12-07,Survey,4,Positive,We are not using the platform as much as we expected.
FDBK0001726,CUST01295,2026-08-28,Product Review,1,Negative,Our usage of the platform has decreased recently.
FDBK0001727,CUST01295,2026-09-22,Survey,3,Neutral,Our usage of the platform has decreased recently.
FDBK0001728,CUST01296,2026-07-10,Survey,5,Positive,We are happy with the features available.
FDBK0001729,CUST01297,2026-01-18,Feature Request,4,Positive,We especially like the reporting features.
FDBK0001730,CUST01298,2025-06-20,Survey,1,Negative,Some of the features are not being used by our team.
FDBK0001731,CUST01299,2026-02-25,General Feedback,2,Negative,The product is useful but support needs improvement.
FDBK0001732,CUST01299,2026-02-08,Product Review,2,Negative,We need faster responses when technical problems occur.
FDBK0001733,CUST01300,2024-10-14,Survey,2,Negative,The pricing is difficult for our business.
FDBK0001734,CUST01301,2024-09-06,Cancellation Feedback,2,Negative,The platform is useful but the price is becoming expensive.
FDBK0001735,CUST01303,2024-08-23,General Feedback,1,Negative,Some support requests took too long to resolve.
FDBK0001736,CUST01303,2025-01-10,Product Review,4,Positive,We have experienced several issues with customer support.
FDBK0001737,CUST01305,2023-12-17,Product Review,3,Neutral,We are finding it difficult to get our team to use the platform regularly.
FDBK0001738,CUST01306,2025-03-13,Product Review,5,Positive,The platform is easy to use and useful for our daily operations.
FDBK0001739,CUST01307,2026-05-10,General Feedback,4,Positive,We are happy with the features available.
FDBK0001740,CUST01309,2026-07-26,Product Review,2,Negative,The pricing is difficult for our business.
FDBK0001741,CUST01310,2026-08-01,General Feedback,1,Negative,We are finding it difficult to get our team to use the platform regularly.
FDBK0001742,CUST01310,2026-01-14,General Feedback,5,Positive,We are not using the platform as much as we expected.
FDBK0001743,CUST01310,2026-05-11,General Feedback,2,Negative,We are not using the platform as much as we expected.
FDBK0001744,CUST01310,2026-07-16,Survey,4,Positive,Some of the features are not being used by our team.
FDBK0001745,CUST01311,2025-06-09,General Feedback,1,Negative,We have experienced several issues with customer support.
FDBK0001746,CUST01311,2025-05-29,Cancellation Feedback,2,Negative,We have experienced several issues with customer support.
FDBK0001747,CUST01314,2025-02-07,Survey,5,Positive,We are happy with the features available.
FDBK0001748,CUST01314,2025-09-19,Survey,4,Positive,We especially like the reporting features.
FDBK0001749,CUST01314,2026-05-28,Product Review,4,Positive,The platform is easy to use and useful for our daily operations.
FDBK0001750,CUST01315,2026-05-01,Product Review,5,Positive,The platform is useful but the price is becoming expensive.
FDBK0001751,CUST01315,2026-05-08,Survey,2,Negative,The platform is useful but the price is becoming expensive.
FDBK0001752,CUST01315,2026-05-05,Product Review,1,Negative,The platform is useful but the price is becoming expensive.
FDBK0001753,CUST01315,2025-11-27,Survey,1,Negative,The platform is useful but the price is becoming expensive.
FDBK0001754,CUST01316,2026-06-03,Survey,2,Negative,The platform is useful but the price is becoming expensive.
FDBK0001755,CUST01316,2025-10-21,Survey,3,Neutral,We would like more value for the current subscription price.
FDBK0001756,CUST01316,2026-07-11,Product Review,2,Negative,We would like more value for the current subscription price.
FDBK0001757,CUST01318,2025-09-14,General Feedback,1,Negative,The product is useful but support needs improvement.
FDBK0001758,CUST01319,2025-06-19,Product Review,4,Positive,We especially like the reporting features.
FDBK0001759,CUST01320,2026-04-15,Product Review,3,Neutral,We would like more value for the current subscription price.
FDBK0001760,CUST01321,2026-02-17,Product Review,2,Negative,The platform has been useful for managing our business.
FDBK0001761,CUST01322,2026-02-22,Cancellation Feedback,3,Neutral,The pricing is difficult for our business.
FDBK0001762,CUST01322,2026-03-23,Cancellation Feedback,4,Positive,We would like more value for the current subscription price.
FDBK0001763,CUST01322,2026-06-27,Cancellation Feedback,3,Neutral,The platform is useful but the price is becoming expensive.
FDBK0001764,CUST01322,2026-05-10,Cancellation Feedback,3,Neutral,The platform is useful but the price is becoming expensive.
FDBK0001765,CUST01323,2026-02-15,General Feedback,5,Positive,The system has helped our team manage invoices more efficiently.
FDBK0001766,CUST01324,2024-03-27,Cancellation Feedback,1,Negative,Our usage of the platform has decreased recently.
FDBK0001767,CUST01325,2025-11-09,Product Review,3,Neutral,We need faster responses when technical problems occur.
FDBK0001768,CUST01326,2026-09-09,General Feedback,3,Neutral,We would like more value for the current subscription price.
FDBK0001769,CUST01327,2026-04-20,Product Review,5,Positive,The platform is easy to use and useful for our daily operations.
FDBK0001770,CUST01328,2026-06-29,General Feedback,3,Neutral,The platform is easy to use and useful for our daily operations.
FDBK0001771,CUST01330,2025-08-06,Feature Request,4,Positive,We are not using the platform as much as we expected.
FDBK0001772,CUST01330,2026-01-03,Cancellation Feedback,4,Positive,Some of the features are not being used by our team.
FDBK0001773,CUST01335,2026-09-17,Feature Request,1,Negative,The platform has been useful for managing our business.
FDBK0001774,CUST01337,2026-02-07,Cancellation Feedback,2,Negative,We like the product but the monthly cost is high.
FDBK0001775,CUST01338,2025-10-05,Survey,3,Neutral,Some support requests took too long to resolve.
FDBK0001776,CUST01338,2026-04-24,Product Review,1,Negative,Some support requests took too long to resolve.
FDBK0001777,CUST01338,2026-02-07,Survey,2,Negative,We have experienced several issues with customer support.
FDBK0001778,CUST01338,2026-07-15,Product Review,1,Negative,Some support requests took too long to resolve.
FDBK0001779,CUST01339,2025-09-16,Cancellation Feedback,3,Neutral,We are finding it difficult to get our team to use the platform regularly.
FDBK0001780,CUST01340,2024-09-02,Cancellation Feedback,5,Positive,The platform is useful but the price is becoming expensive.
FDBK0001781,CUST01340,2024-05-29,Feature Request,3,Neutral,We would like more value for the current subscription price.
FDBK0001782,CUST01341,2026-07-01,Cancellation Feedback,1,Negative,We would like more value for the current subscription price.
FDBK0001783,CUST01341,2026-07-16,Cancellation Feedback,5,Positive,We would like more value for the current subscription price.
FDBK0001784,CUST01341,2026-01-22,Cancellation Feedback,3,Neutral,The platform is useful but the price is becoming expensive.
FDBK0001785,CUST01346,2025-11-22,Product Review,5,Positive,We are happy with the features available.
FDBK0001786,CUST01347,2026-06-18,Survey,5,Positive,We are happy with the features available.
FDBK0001787,CUST01348,2025-12-01,Feature Request,4,Positive,The system has helped our team manage invoices more efficiently.
FDBK0001788,CUST01348,2023-12-19,Survey,5,Positive,The platform is easy to use and useful for our daily operations.
FDBK0001789,CUST01348,2026-08-31,Survey,5,Positive,We are happy with the features available.
FDBK0001790,CUST01349,2026-02-12,Product Review,2,Negative,The pricing is difficult for our business.
FDBK0001791,CUST01351,2026-06-21,General Feedback,4,Positive,The platform is easy to use and useful for our daily operations.
FDBK0001792,CUST01351,2026-09-22,General Feedback,5,Positive,We are happy with the features available.
FDBK0001793,CUST01351,2026-08-17,Feature Request,5,Positive,The platform is easy to use and useful for our daily operations.
FDBK0001794,CUST01351,2026-07-17,Product Review,5,Positive,The platform is easy to use and useful for our daily operations.
FDBK0001795,CUST01351,2026-08-24,Product Review,4,Positive,The platform is easy to use and useful for our daily operations.
FDBK0001796,CUST01352,2026-08-30,Feature Request,5,Positive,We especially like the reporting features.
FDBK0001797,CUST01354,2024-10-15,Product Review,5,Positive,The platform has been useful for managing our business.
FDBK0001798,CUST01354,2024-06-04,Product Review,5,Positive,The platform is easy to use and useful for our daily operations.
FDBK0001799,CUST01354,2025-01-13,Product Review,4,Positive,We especially like the reporting features.
FDBK0001800,CUST01357,2026-06-20,Product Review,3,Neutral,Our usage of the platform has decreased recently.
FDBK0001801,CUST01357,2025-12-10,Survey,3,Neutral,Some of the features are not being used by our team.
FDBK0001802,CUST01357,2024-10-18,Product Review,3,Neutral,We are finding it difficult to get our team to use the platform regularly.
FDBK0001803,CUST01357,2025-03-25,Product Review,3,Neutral,Our usage of the platform has decreased recently.
FDBK0001804,CUST01357,2025-10-02,Survey,1,Negative,Some of the features are not being used by our team.
FDBK0001805,CUST01358,2025-05-28,Feature Request,5,Positive,The system has helped our team manage invoices more efficiently.
FDBK0001806,CUST01360,2026-07-08,Survey,2,Negative,The product is useful but support needs improvement.
FDBK0001807,CUST01360,2025-04-21,Feature Request,3,Neutral,We need faster responses when technical problems occur.
FDBK0001808,CUST01362,2026-07-09,Survey,5,Positive,The platform has been useful for managing our business.
FDBK0001809,CUST01364,2025-03-17,Survey,4,Positive,The platform is easy to use and useful for our daily operations.
FDBK0001810,CUST01365,2025-12-17,Product Review,4,Positive,We have experienced several issues with customer support.
FDBK0001811,CUST01366,2026-08-12,Product Review,3,Neutral,The platform has been useful for managing our business.
FDBK0001812,CUST01366,2025-05-19,General Feedback,5,Positive,We are happy with the features available.
FDBK0001813,CUST01366,2025-11-28,General Feedback,4,Positive,The system has helped our team manage invoices more efficiently.
FDBK0001814,CUST01368,2026-06-20,Survey,5,Positive,We especially like the reporting features.
FDBK0001815,CUST01369,2025-09-17,Survey,5,Positive,We are happy with the features available.
FDBK0001816,CUST01369,2025-05-23,Feature Request,3,Neutral,The platform has been useful for managing our business.
FDBK0001817,CUST01371,2026-01-15,Survey,1,Negative,Our usage of the platform has decreased recently.
FDBK0001818,CUST01371,2023-10-10,Survey,2,Negative,We are not using the platform as much as we expected.
FDBK0001819,CUST01371,2024-06-10,Product Review,4,Positive,Some of the features are not being used by our team.
FDBK0001820,CUST01372,2025-12-27,General Feedback,5,Positive,We especially like the reporting features.
FDBK0001821,CUST01373,2025-11-02,Survey,3,Neutral,Our usage of the platform has decreased recently.
FDBK0001822,CUST01373,2025-08-24,General Feedback,4,Positive,We are finding it difficult to get our team to use the platform regularly.
FDBK0001823,CUST01373,2025-09-18,General Feedback,2,Negative,We are not using the platform as much as we expected.
FDBK0001824,CUST01376,2026-09-02,Product Review,5,Positive,We are finding it difficult to get our team to use the platform regularly.
FDBK0001825,CUST01376,2026-09-06,General Feedback,3,Neutral,Our usage of the platform has decreased recently.
FDBK0001826,CUST01379,2026-04-20,Product Review,5,Positive,The system has helped our team manage invoices more efficiently.
FDBK0001827,CUST01381,2025-10-09,Feature Request,2,Negative,We need faster responses when technical problems occur.
FDBK0001828,CUST01381,2026-04-22,Survey,1,Negative,We need faster responses when technical problems occur.
FDBK0001829,CUST01382,2025-07-15,Survey,5,Positive,The platform is easy to use and useful for our daily operations.
FDBK0001830,CUST01383,2024-12-13,Survey,5,Positive,The system has helped our team manage invoices more efficiently.
FDBK0001831,CUST01385,2026-01-18,Survey,5,Positive,The platform is useful but the price is becoming expensive.
FDBK0001832,CUST01388,2026-08-22,Product Review,2,Negative,We have experienced several issues with customer support.
FDBK0001833,CUST01388,2026-06-16,Cancellation Feedback,3,Neutral,Some support requests took too long to resolve.
FDBK0001834,CUST01390,2025-10-13,Product Review,5,Positive,We like the product but the monthly cost is high.
FDBK0001835,CUST01391,2025-11-15,General Feedback,5,Positive,We especially like the reporting features.
FDBK0001836,CUST01396,2026-08-28,Survey,1,Negative,The product is useful but support needs improvement.
FDBK0001837,CUST01397,2026-09-02,Survey,1,Negative,The platform is easy to use and useful for our daily operations.
FDBK0001838,CUST01398,2026-02-14,Product Review,4,Positive,We especially like the reporting features.
FDBK0001839,CUST01399,2025-09-14,Feature Request,4,Positive,We are happy with the features available.
FDBK0001840,CUST01400,2026-03-11,Survey,4,Positive,The platform has been useful for managing our business.
FDBK0001841,CUST01400,2026-05-23,Survey,5,Positive,The system has helped our team manage invoices more efficiently.
FDBK0001842,CUST01401,2026-08-07,Product Review,5,Positive,The platform is easy to use and useful for our daily operations.
FDBK0001843,CUST01402,2026-09-19,Feature Request,4,Positive,The platform is easy to use and useful for our daily operations.
FDBK0001844,CUST01402,2026-06-19,Product Review,3,Neutral,We are happy with the features available.
FDBK0001845,CUST01402,2026-07-29,Survey,4,Positive,The system has helped our team manage invoices more efficiently.
FDBK0001846,CUST01403,2025-11-23,Cancellation Feedback,3,Neutral,The system has helped our team manage invoices more efficiently.
FDBK0001847,CUST01403,2025-08-30,Cancellation Feedback,5,Positive,The platform has been useful for managing our business.
FDBK0001848,CUST01403,2025-08-23,Survey,5,Positive,The system has helped our team manage invoices more efficiently.
FDBK0001849,CUST01404,2025-05-18,Product Review,3,Neutral,Our usage of the platform has decreased recently.
FDBK0001850,CUST01404,2026-01-01,Feature Request,2,Negative,Our usage of the platform has decreased recently.
FDBK0001851,CUST01405,2024-01-12,Product Review,1,Negative,We need faster responses when technical problems occur.
FDBK0001852,CUST01406,2024-12-24,Product Review,5,Positive,The pricing is difficult for our business.
FDBK0001853,CUST01406,2025-09-06,Feature Request,4,Positive,The pricing is difficult for our business.
FDBK0001854,CUST01407,2025-09-08,Cancellation Feedback,1,Negative,We would like more value for the current subscription price.
FDBK0001855,CUST01409,2025-10-21,Product Review,2,Negative,Our usage of the platform has decreased recently.
FDBK0001856,CUST01409,2026-07-09,Survey,4,Positive,Our usage of the platform has decreased recently.
FDBK0001857,CUST01410,2025-06-02,Feature Request,3,Neutral,We like the product but the monthly cost is high.
FDBK0001858,CUST01410,2025-08-22,Feature Request,2,Negative,The pricing is difficult for our business.
FDBK0001859,CUST01410,2025-12-06,Product Review,3,Neutral,The pricing is difficult for our business.
FDBK0001860,CUST01410,2026-05-07,Feature Request,5,Positive,The platform is useful but the price is becoming expensive.
FDBK0001861,CUST01411,2025-03-09,Survey,3,Neutral,The product is useful but support needs improvement.
FDBK0001862,CUST01411,2025-04-22,General Feedback,2,Negative,We need faster responses when technical problems occur.
FDBK0001863,CUST01411,2025-03-27,Cancellation Feedback,2,Negative,We need faster responses when technical problems occur.
FDBK0001864,CUST01411,2025-03-26,General Feedback,1,Negative,Some support requests took too long to resolve.
FDBK0001865,CUST01411,2025-04-11,Survey,3,Neutral,Some support requests took too long to resolve.
FDBK0001866,CUST01412,2025-01-14,Cancellation Feedback,5,Positive,We are finding it difficult to get our team to use the platform regularly.
FDBK0001867,CUST01412,2024-09-04,General Feedback,1,Negative,Our usage of the platform has decreased recently.
FDBK0001868,CUST01414,2024-06-11,Product Review,5,Positive,The platform is useful but the price is becoming expensive.
FDBK0001869,CUST01415,2026-06-09,Feature Request,4,Positive,We especially like the reporting features.
FDBK0001870,CUST01415,2026-08-21,Feature Request,5,Positive,We are happy with the features available.
FDBK0001871,CUST01415,2026-08-28,General Feedback,3,Neutral,The platform has been useful for managing our business.
FDBK0001872,CUST01415,2026-08-07,Survey,4,Positive,The platform has been useful for managing our business.
FDBK0001873,CUST01416,2026-06-30,Product Review,3,Neutral,The system has helped our team manage invoices more efficiently.
FDBK0001874,CUST01417,2025-10-12,General Feedback,5,Positive,Some of the features are not being used by our team.
FDBK0001875,CUST01418,2026-03-23,Survey,5,Positive,The system has helped our team manage invoices more efficiently.
FDBK0001876,CUST01419,2026-08-10,Survey,2,Negative,Our usage of the platform has decreased recently.
FDBK0001877,CUST01419,2026-03-09,Feature Request,3,Neutral,We are not using the platform as much as we expected.
FDBK0001878,CUST01420,2026-04-14,Product Review,3,Neutral,We are finding it difficult to get our team to use the platform regularly.
FDBK0001879,CUST01422,2026-01-31,General Feedback,3,Neutral,The platform is useful but the price is becoming expensive.
FDBK0001880,CUST01422,2026-07-16,Survey,2,Negative,The pricing is difficult for our business.
FDBK0001881,CUST01422,2026-01-22,Cancellation Feedback,3,Neutral,The pricing is difficult for our business.
FDBK0001882,CUST01423,2025-10-07,Feature Request,5,Positive,We especially like the reporting features.
FDBK0001883,CUST01423,2025-12-29,General Feedback,4,Positive,The system has helped our team manage invoices more efficiently.
FDBK0001884,CUST01424,2026-07-14,Product Review,5,Positive,We especially like the reporting features.
FDBK0001885,CUST01424,2026-02-13,General Feedback,4,Positive,The system has helped our team manage invoices more efficiently.
FDBK0001886,CUST01424,2026-04-03,Product Review,5,Positive,The platform has been useful for managing our business.
FDBK0001887,CUST01425,2026-02-03,Product Review,3,Neutral,We like the product but the monthly cost is high.
FDBK0001888,CUST01425,2025-12-28,General Feedback,3,Neutral,The platform is useful but the price is becoming expensive.
FDBK0001889,CUST01425,2026-06-14,Survey,3,Neutral,The pricing is difficult for our business.
FDBK0001890,CUST01426,2026-08-30,Survey,1,Negative,We are not using the platform as much as we expected.
FDBK0001891,CUST01428,2025-03-01,Product Review,4,Positive,The platform has been useful for managing our business.
FDBK0001892,CUST01429,2026-07-06,Survey,2,Negative,The pricing is difficult for our business.
FDBK0001893,CUST01429,2026-04-25,Feature Request,3,Neutral,The platform is useful but the price is becoming expensive.
FDBK0001894,CUST01430,2026-06-02,Feature Request,3,Neutral,The platform is useful but the price is becoming expensive.
FDBK0001895,CUST01430,2026-04-24,General Feedback,3,Neutral,We like the product but the monthly cost is high.
FDBK0001896,CUST01430,2025-12-22,Survey,5,Positive,The pricing is difficult for our business.
FDBK0001897,CUST01430,2026-05-27,Product Review,2,Negative,We would like more value for the current subscription price.
FDBK0001898,CUST01431,2025-08-06,Product Review,2,Negative,We would like more value for the current subscription price.
FDBK0001899,CUST01432,2026-07-20,General Feedback,4,Positive,Our usage of the platform has decreased recently.
FDBK0001900,CUST01433,2025-04-18,Survey,3,Neutral,We especially like the reporting features.
FDBK0001901,CUST01433,2026-01-16,Cancellation Feedback,5,Positive,The platform has been useful for managing our business.
FDBK0001902,CUST01433,2025-07-25,Product Review,1,Negative,We are happy with the features available.
FDBK0001903,CUST01436,2026-09-10,Feature Request,3,Neutral,We would like more value for the current subscription price.
FDBK0001904,CUST01437,2025-03-23,Product Review,5,Positive,We are happy with the features available.
FDBK0001905,CUST01437,2025-04-15,Survey,4,Positive,We especially like the reporting features.
FDBK0001906,CUST01438,2026-02-23,Survey,4,Positive,The platform is easy to use and useful for our daily operations.
FDBK0001907,CUST01439,2025-09-09,Feature Request,4,Positive,The platform has been useful for managing our business.
FDBK0001908,CUST01439,2026-08-11,Product Review,3,Neutral,The platform is easy to use and useful for our daily operations.
FDBK0001909,CUST01440,2026-01-30,Product Review,5,Positive,The platform is useful but the price is becoming expensive.
FDBK0001910,CUST01440,2025-11-18,Feature Request,3,Neutral,The platform is useful but the price is becoming expensive.
FDBK0001911,CUST01440,2025-02-24,Feature Request,2,Negative,We would like more value for the current subscription price.
FDBK0001912,CUST01440,2026-05-20,General Feedback,5,Positive,We would like more value for the current subscription price.
FDBK0001913,CUST01441,2026-09-19,General Feedback,5,Positive,The platform has been useful for managing our business.
FDBK0001914,CUST01441,2026-06-12,Feature Request,3,Neutral,The platform has been useful for managing our business.
FDBK0001915,CUST01441,2026-07-29,Product Review,4,Positive,The platform is easy to use and useful for our daily operations.
FDBK0001916,CUST01442,2025-07-03,Feature Request,3,Neutral,The platform is easy to use and useful for our daily operations.
FDBK0001917,CUST01443,2025-11-01,Product Review,1,Negative,We have experienced several issues with customer support.
FDBK0001918,CUST01445,2025-08-26,Feature Request,5,Positive,The platform is easy to use and useful for our daily operations.
FDBK0001919,CUST01445,2025-05-10,Feature Request,4,Positive,The platform has been useful for managing our business.
FDBK0001920,CUST01446,2024-03-03,Cancellation Feedback,3,Neutral,Our usage of the platform has decreased recently.
FDBK0001921,CUST01446,2024-07-13,Product Review,4,Positive,We are not using the platform as much as we expected.
FDBK0001922,CUST01446,2024-07-13,Cancellation Feedback,5,Positive,Some of the features are not being used by our team.
FDBK0001923,CUST01446,2024-07-22,Cancellation Feedback,3,Neutral,We are finding it difficult to get our team to use the platform regularly.
FDBK0001924,CUST01447,2025-07-18,General Feedback,1,Negative,The platform has been useful for managing our business.
FDBK0001925,CUST01447,2025-07-20,Survey,5,Positive,We especially like the reporting features.
FDBK0001926,CUST01449,2025-06-27,Feature Request,3,Neutral,Some support requests took too long to resolve.
FDBK0001927,CUST01450,2025-04-20,Feature Request,5,Positive,We are happy with the features available.
FDBK0001928,CUST01450,2025-05-27,Feature Request,5,Positive,We especially like the reporting features.
FDBK0001929,CUST01450,2025-01-16,Feature Request,4,Positive,We especially like the reporting features.
FDBK0001930,CUST01452,2025-07-29,General Feedback,1,Negative,The platform is useful but the price is becoming expensive.
FDBK0001931,CUST01452,2024-12-21,Feature Request,1,Negative,We would like more value for the current subscription price.
FDBK0001932,CUST01452,2026-08-22,General Feedback,5,Positive,We like the product but the monthly cost is high.
FDBK0001933,CUST01453,2024-03-11,Cancellation Feedback,5,Positive,The system has helped our team manage invoices more efficiently.
FDBK0001934,CUST01454,2026-04-04,General Feedback,4,Positive,The pricing is difficult for our business.
FDBK0001935,CUST01454,2026-05-26,Product Review,2,Negative,We like the product but the monthly cost is high.
FDBK0001936,CUST01454,2026-08-30,Feature Request,3,Neutral,We would like more value for the current subscription price.
FDBK0001937,CUST01454,2026-07-31,Feature Request,3,Neutral,The platform is useful but the price is becoming expensive.
FDBK0001938,CUST01456,2025-01-15,General Feedback,3,Neutral,The system has helped our team manage invoices more efficiently.
FDBK0001939,CUST01457,2026-06-12,Feature Request,3,Neutral,We have experienced several issues with customer support.
FDBK0001940,CUST01457,2026-01-26,Product Review,1,Negative,The product is useful but support needs improvement.
FDBK0001941,CUST01458,2024-07-23,Feature Request,5,Positive,The platform is easy to use and useful for our daily operations.
FDBK0001942,CUST01458,2024-03-10,General Feedback,5,Positive,The system has helped our team manage invoices more efficiently.
FDBK0001943,CUST01458,2025-10-19,General Feedback,4,Positive,The platform has been useful for managing our business.
FDBK0001944,CUST01458,2025-03-03,Survey,3,Neutral,We especially like the reporting features.
FDBK0001945,CUST01460,2026-08-26,Survey,5,Positive,The platform has been useful for managing our business.
FDBK0001946,CUST01462,2026-01-15,Survey,5,Positive,The platform has been useful for managing our business.
FDBK0001947,CUST01463,2026-09-23,Product Review,5,Positive,We are happy with the features available.
FDBK0001948,CUST01463,2026-04-20,General Feedback,5,Positive,The platform has been useful for managing our business.
FDBK0001949,CUST01465,2025-10-25,General Feedback,4,Positive,The platform is useful but the price is becoming expensive.
FDBK0001950,CUST01465,2026-02-12,Feature Request,3,Neutral,We like the product but the monthly cost is high.
FDBK0001951,CUST01466,2025-04-23,Cancellation Feedback,2,Negative,We need faster responses when technical problems occur.
FDBK0001952,CUST01467,2024-11-07,Survey,3,Neutral,We are finding it difficult to get our team to use the platform regularly.
FDBK0001953,CUST01469,2026-09-06,Product Review,4,Positive,The system has helped our team manage invoices more efficiently.
FDBK0001954,CUST01470,2025-04-01,Product Review,5,Positive,We are happy with the features available.
FDBK0001955,CUST01470,2024-08-13,Feature Request,3,Neutral,The platform is easy to use and useful for our daily operations.
FDBK0001956,CUST01471,2026-09-21,Survey,3,Neutral,We are finding it difficult to get our team to use the platform regularly.
FDBK0001957,CUST01472,2024-07-18,Survey,4,Positive,The platform has been useful for managing our business.
FDBK0001958,CUST01474,2026-08-24,Product Review,5,Positive,We especially like the reporting features.
FDBK0001959,CUST01474,2026-07-13,Survey,5,Positive,We are happy with the features available.
FDBK0001960,CUST01475,2024-06-26,Cancellation Feedback,3,Neutral,We are finding it difficult to get our team to use the platform regularly.
FDBK0001961,CUST01477,2025-03-27,Survey,5,Positive,The system has helped our team manage invoices more efficiently.
FDBK0001962,CUST01477,2026-06-20,Feature Request,5,Positive,We especially like the reporting features.
FDBK0001963,CUST01478,2025-06-09,Survey,5,Positive,The platform is easy to use and useful for our daily operations.
FDBK0001964,CUST01479,2026-05-13,Survey,1,Negative,Some support requests took too long to resolve.
FDBK0001965,CUST01480,2025-10-26,Feature Request,4,Positive,We are not using the platform as much as we expected.
FDBK0001966,CUST01481,2026-08-13,General Feedback,3,Neutral,We are happy with the features available.
FDBK0001967,CUST01482,2025-12-24,General Feedback,1,Negative,We have experienced several issues with customer support.
FDBK0001968,CUST01482,2025-12-28,Product Review,3,Neutral,Some support requests took too long to resolve.
FDBK0001969,CUST01485,2026-03-30,Feature Request,3,Neutral,We are happy with the features available.
FDBK0001970,CUST01486,2026-01-21,Survey,2,Negative,The platform is useful but the price is becoming expensive.
FDBK0001971,CUST01486,2025-10-12,Survey,3,Neutral,The pricing is difficult for our business.
FDBK0001972,CUST01487,2026-09-22,Product Review,5,Positive,We especially like the reporting features.
FDBK0001973,CUST01487,2025-10-23,Product Review,3,Neutral,We especially like the reporting features.
FDBK0001974,CUST01489,2025-10-02,Feature Request,5,Positive,The system has helped our team manage invoices more efficiently.
FDBK0001975,CUST01490,2026-03-01,Feature Request,4,Positive,The system has helped our team manage invoices more efficiently.
FDBK0001976,CUST01490,2026-07-18,Survey,5,Positive,We especially like the reporting features.
FDBK0001977,CUST01490,2026-04-24,Feature Request,5,Positive,The system has helped our team manage invoices more efficiently.
FDBK0001978,CUST01491,2025-07-07,Cancellation Feedback,1,Negative,We would like more value for the current subscription price.
FDBK0001979,CUST01491,2025-06-20,Survey,4,Positive,The platform is useful but the price is becoming expensive.
FDBK0001980,CUST01492,2024-01-12,Feature Request,4,Positive,The platform is easy to use and useful for our daily operations.
FDBK0001981,CUST01493,2025-12-20,Cancellation Feedback,4,Positive,The platform is useful but the price is becoming expensive.
FDBK0001982,CUST01493,2026-01-09,Cancellation Feedback,4,Positive,The platform is useful but the price is becoming expensive.
FDBK0001983,CUST01494,2025-09-24,Feature Request,5,Positive,The platform has been useful for managing our business.
FDBK0001984,CUST01495,2026-04-08,Survey,5,Positive,We especially like the reporting features.
FDBK0001985,CUST01495,2025-02-10,Survey,5,Positive,The system has helped our team manage invoices more efficiently.
FDBK0001986,CUST01496,2025-10-12,General Feedback,3,Neutral,The platform has been useful for managing our business.
FDBK0001987,CUST01497,2024-07-09,Product Review,1,Negative,The product is useful but support needs improvement.
FDBK0001988,CUST01499,2024-11-25,Survey,3,Neutral,The platform is useful but the price is becoming expensive.
FDBK0001989,CUST01500,2026-05-04,Survey,4,Positive,The platform has been useful for managing our business.
FDBK0001990,CUST01500,2026-08-20,Product Review,3,Neutral,We are happy with the features available.
FDBK0001991,CUST01500,2026-03-29,Product Review,4,Positive,The platform has been useful for managing our business.
FDBK0001992,CUST01501,2026-02-22,Feature Request,5,Positive,Some of the features are not being used by our team.
FDBK0001993,CUST01501,2026-09-19,Survey,3,Neutral,Some of the features are not being used by our team.
FDBK0001994,CUST01502,2026-04-28,Feature Request,1,Negative,We are finding it difficult to get our team to use the platform regularly.
FDBK0001995,CUST01502,2024-11-26,Product Review,3,Neutral,Our usage of the platform has decreased recently.
FDBK0001996,CUST01503,2026-08-25,Product Review,2,Negative,The platform is useful but the price is becoming expensive.
FDBK0001997,CUST01504,2025-12-08,General Feedback,4,Positive,We are happy with the features available.
FDBK0001998,CUST01505,2026-04-19,General Feedback,3,Neutral,The platform has been useful for managing our business.
FDBK0001999,CUST01506,2024-01-07,Survey,5,Positive,We would like more value for the current subscription price.
FDBK0002000,CUST01507,2025-02-22,Cancellation Feedback,3,Neutral,We need faster responses when technical problems occur.
FDBK0002001,CUST01508,2026-05-11,General Feedback,1,Negative,We need faster responses when technical problems occur.
FDBK0002002,CUST01508,2026-07-15,Feature Request,1,Negative,We need faster responses when technical problems occur.
FDBK0002003,CUST01508,2026-08-17,Survey,2,Negative,Some support requests took too long to resolve.
FDBK0002004,CUST01508,2026-06-05,Survey,2,Negative,Some support requests took too long to resolve.
FDBK0002005,CUST01509,2026-01-06,Product Review,4,Positive,We are not using the platform as much as we expected.
FDBK0002006,CUST01509,2024-06-13,Feature Request,3,Neutral,We are finding it difficult to get our team to use the platform regularly.
FDBK0002007,CUST01510,2026-07-29,Survey,2,Negative,We like the product but the monthly cost is high.
FDBK0002008,CUST01512,2026-05-01,Survey,1,Negative,The system has helped our team manage invoices more efficiently.
FDBK0002009,CUST01512,2026-02-20,Survey,5,Positive,We especially like the reporting features.
FDBK0002010,CUST01512,2025-12-06,Cancellation Feedback,5,Positive,The platform has been useful for managing our business.
FDBK0002011,CUST01513,2026-08-04,Product Review,2,Negative,Some support requests took too long to resolve.
FDBK0002012,CUST01513,2026-05-27,Product Review,1,Negative,Some support requests took too long to resolve.
FDBK0002013,CUST01513,2026-07-11,General Feedback,2,Negative,We need faster responses when technical problems occur.
FDBK0002014,CUST01515,2025-02-28,Cancellation Feedback,4,Positive,The product is useful but support needs improvement.
FDBK0002015,CUST01515,2024-07-08,Product Review,1,Negative,We need faster responses when technical problems occur.
FDBK0002016,CUST01515,2024-11-23,Product Review,2,Negative,We need faster responses when technical problems occur.
FDBK0002017,CUST01516,2024-07-01,Cancellation Feedback,4,Positive,We like the product but the monthly cost is high.
FDBK0002018,CUST01521,2024-08-06,General Feedback,3,Neutral,Our usage of the platform has decreased recently.
FDBK0002019,CUST01522,2025-04-06,General Feedback,1,Negative,The product is useful but support needs improvement.
FDBK0002020,CUST01522,2026-01-01,Survey,1,Negative,The product is useful but support needs improvement.
FDBK0002021,CUST01523,2024-09-23,Feature Request,4,Positive,The system has helped our team manage invoices more efficiently.
FDBK0002022,CUST01523,2024-03-29,Feature Request,4,Positive,The system has helped our team manage invoices more efficiently.
FDBK0002023,CUST01523,2024-09-04,Feature Request,4,Positive,We are happy with the features available.
FDBK0002024,CUST01524,2025-04-28,Cancellation Feedback,3,Neutral,The pricing is difficult for our business.
FDBK0002025,CUST01526,2025-12-28,Survey,5,Positive,We especially like the reporting features.
FDBK0002026,CUST01528,2026-04-12,Feature Request,4,Positive,The platform is easy to use and useful for our daily operations.
FDBK0002027,CUST01529,2026-07-28,Product Review,3,Neutral,The platform is easy to use and useful for our daily operations.
FDBK0002028,CUST01531,2026-04-12,Cancellation Feedback,1,Negative,Our usage of the platform has decreased recently.
FDBK0002029,CUST01532,2024-04-16,Product Review,5,Positive,We are not using the platform as much as we expected.
FDBK0002030,CUST01532,2026-01-21,Product Review,2,Negative,Some of the features are not being used by our team.
FDBK0002031,CUST01532,2025-04-19,Feature Request,3,Neutral,Our usage of the platform has decreased recently.
FDBK0002032,CUST01533,2026-04-05,Feature Request,5,Positive,The pricing is difficult for our business.
FDBK0002033,CUST01535,2026-09-10,Survey,2,Negative,The product is useful but support needs improvement.
FDBK0002034,CUST01536,2025-10-21,Product Review,5,Positive,The platform has been useful for managing our business.
FDBK0002035,CUST01536,2024-05-23,Feature Request,5,Positive,We especially like the reporting features.
FDBK0002036,CUST01538,2026-06-20,Product Review,4,Positive,We are finding it difficult to get our team to use the platform regularly.
FDBK0002037,CUST01538,2026-07-20,Feature Request,1,Negative,Some of the features are not being used by our team.
FDBK0002038,CUST01538,2026-08-31,Product Review,4,Positive,We are finding it difficult to get our team to use the platform regularly.
FDBK0002039,CUST01539,2025-08-28,Survey,1,Negative,The product is useful but support needs improvement.
FDBK0002040,CUST01539,2025-09-18,General Feedback,2,Negative,Some support requests took too long to resolve.
FDBK0002041,CUST01539,2026-02-04,Product Review,1,Negative,We need faster responses when technical problems occur.
FDBK0002042,CUST01539,2026-02-23,General Feedback,2,Negative,We need faster responses when technical problems occur.
FDBK0002043,CUST01539,2026-03-23,Cancellation Feedback,3,Neutral,The product is useful but support needs improvement.
FDBK0002044,CUST01540,2026-08-18,General Feedback,4,Positive,The platform is easy to use and useful for our daily operations.
FDBK0002045,CUST01541,2024-04-03,General Feedback,5,Positive,The platform has been useful for managing our business.
FDBK0002046,CUST01543,2026-05-07,Cancellation Feedback,5,Positive,The platform is easy to use and useful for our daily operations.
FDBK0002047,CUST01544,2026-01-28,Cancellation Feedback,4,Positive,We especially like the reporting features.
FDBK0002048,CUST01544,2026-04-22,Product Review,4,Positive,We are happy with the features available.
FDBK0002049,CUST01545,2025-10-10,Survey,3,Neutral,We are happy with the features available.
FDBK0002050,CUST01545,2026-04-11,Feature Request,5,Positive,The platform has been useful for managing our business.
FDBK0002051,CUST01547,2024-01-25,Product Review,4,Positive,We especially like the reporting features.
FDBK0002052,CUST01548,2026-08-01,General Feedback,3,Neutral,The product is useful but support needs improvement.
FDBK0002053,CUST01548,2025-09-07,Survey,2,Negative,We need faster responses when technical problems occur.
FDBK0002054,CUST01548,2025-08-12,Product Review,4,Positive,We have experienced several issues with customer support.
FDBK0002055,CUST01551,2026-07-31,Product Review,4,Positive,The platform is useful but the price is becoming expensive.
FDBK0002056,CUST01551,2026-08-03,Product Review,2,Negative,We like the product but the monthly cost is high.
FDBK0002057,CUST01552,2025-12-19,General Feedback,5,Positive,The platform is easy to use and useful for our daily operations.
FDBK0002058,CUST01552,2026-02-06,Product Review,3,Neutral,The system has helped our team manage invoices more efficiently.
FDBK0002059,CUST01553,2026-07-17,Product Review,1,Negative,We are not using the platform as much as we expected.
FDBK0002060,CUST01553,2025-10-07,Product Review,2,Negative,We are finding it difficult to get our team to use the platform regularly.
FDBK0002061,CUST01553,2025-05-27,Feature Request,2,Negative,Some of the features are not being used by our team.
FDBK0002062,CUST01553,2026-03-13,Survey,1,Negative,Some of the features are not being used by our team.
FDBK0002063,CUST01554,2025-01-11,General Feedback,4,Positive,The platform is easy to use and useful for our daily operations.
FDBK0002064,CUST01555,2025-01-02,Product Review,5,Positive,We especially like the reporting features.
FDBK0002065,CUST01556,2026-05-03,Cancellation Feedback,4,Positive,The platform is easy to use and useful for our daily operations.
FDBK0002066,CUST01556,2026-08-22,Survey,3,Neutral,We are happy with the features available.
FDBK0002067,CUST01557,2025-11-10,Product Review,4,Positive,The pricing is difficult for our business.
FDBK0002068,CUST01557,2025-12-01,General Feedback,3,Neutral,The platform is useful but the price is becoming expensive.
FDBK0002069,CUST01557,2024-12-20,Product Review,3,Neutral,The platform is useful but the price is becoming expensive.
FDBK0002070,CUST01558,2026-01-13,Survey,4,Positive,We are happy with the features available.
FDBK0002071,CUST01560,2026-04-11,Survey,5,Positive,We are happy with the features available.
FDBK0002072,CUST01562,2026-08-18,Product Review,2,Negative,We need faster responses when technical problems occur.
FDBK0002073,CUST01563,2026-07-08,Survey,3,Neutral,Some of the features are not being used by our team.
FDBK0002074,CUST01563,2024-05-30,General Feedback,3,Neutral,We are finding it difficult to get our team to use the platform regularly.
FDBK0002075,CUST01564,2025-01-31,Feature Request,5,Positive,We are happy with the features available.
FDBK0002076,CUST01565,2026-02-01,Survey,2,Negative,Our usage of the platform has decreased recently.
FDBK0002077,CUST01566,2025-04-12,Product Review,1,Negative,We like the product but the monthly cost is high.
FDBK0002078,CUST01567,2026-08-14,Survey,4,Positive,We especially like the reporting features.
FDBK0002079,CUST01570,2024-10-21,General Feedback,2,Negative,The pricing is difficult for our business.
FDBK0002080,CUST01571,2025-01-06,Feature Request,1,Negative,We need faster responses when technical problems occur.
FDBK0002081,CUST01571,2024-11-06,General Feedback,2,Negative,We need faster responses when technical problems occur.
FDBK0002082,CUST01574,2026-06-24,Survey,5,Positive,The platform has been useful for managing our business.
FDBK0002083,CUST01574,2026-09-14,Product Review,5,Positive,The platform is easy to use and useful for our daily operations.
FDBK0002084,CUST01575,2026-02-03,General Feedback,5,Positive,The platform has been useful for managing our business.
FDBK0002085,CUST01575,2026-06-09,Cancellation Feedback,5,Positive,The system has helped our team manage invoices more efficiently.
FDBK0002086,CUST01577,2024-09-13,Product Review,3,Neutral,The platform is useful but the price is becoming expensive.
FDBK0002087,CUST01577,2024-09-13,Cancellation Feedback,3,Neutral,The platform is useful but the price is becoming expensive.
FDBK0002088,CUST01577,2024-06-14,Product Review,4,Positive,We like the product but the monthly cost is high.
FDBK0002089,CUST01577,2024-08-08,Product Review,3,Neutral,We would like more value for the current subscription price.
FDBK0002090,CUST01578,2026-03-20,Product Review,5,Positive,The system has helped our team manage invoices more efficiently.
FDBK0002091,CUST01583,2026-06-04,Feature Request,5,Positive,The platform has been useful for managing our business.
FDBK0002092,CUST01583,2026-08-23,Survey,5,Positive,The system has helped our team manage invoices more efficiently.
FDBK0002093,CUST01584,2026-07-30,Product Review,2,Negative,We need faster responses when technical problems occur.
FDBK0002094,CUST01585,2026-01-28,Feature Request,3,Neutral,The platform is easy to use and useful for our daily operations.
FDBK0002095,CUST01586,2026-08-02,Product Review,3,Neutral,We are happy with the features available.
FDBK0002096,CUST01586,2024-02-19,General Feedback,5,Positive,We especially like the reporting features.
FDBK0002097,CUST01587,2026-06-08,Survey,2,Negative,The platform is easy to use and useful for our daily operations.
FDBK0002098,CUST01587,2026-09-03,Survey,5,Positive,We are happy with the features available.
FDBK0002099,CUST01588,2026-06-29,Feature Request,4,Positive,Some of the features are not being used by our team.
FDBK0002100,CUST01591,2026-05-29,General Feedback,5,Positive,The platform is useful but the price is becoming expensive.
FDBK0002101,CUST01591,2026-08-19,Feature Request,3,Neutral,We like the product but the monthly cost is high.
FDBK0002102,CUST01592,2026-09-06,Feature Request,5,Positive,We are happy with the features available.
FDBK0002103,CUST01593,2026-03-03,Cancellation Feedback,3,Neutral,The platform is useful but the price is becoming expensive.
FDBK0002104,CUST01593,2026-05-18,Feature Request,4,Positive,We like the product but the monthly cost is high.
FDBK0002105,CUST01594,2026-07-21,Feature Request,3,Neutral,Some support requests took too long to resolve.
FDBK0002106,CUST01594,2026-07-22,Product Review,2,Negative,We need faster responses when technical problems occur.
FDBK0002107,CUST01595,2026-09-15,Feature Request,5,Positive,We especially like the reporting features.
FDBK0002108,CUST01595,2026-08-16,Survey,3,Neutral,The platform is easy to use and useful for our daily operations.
FDBK0002109,CUST01596,2024-08-06,Product Review,1,Negative,We need faster responses when technical problems occur.
FDBK0002110,CUST01596,2026-06-03,Product Review,3,Neutral,The product is useful but support needs improvement.
FDBK0002111,CUST01596,2026-06-08,Survey,2,Negative,We have experienced several issues with customer support.
FDBK0002112,CUST01598,2025-03-18,Feature Request,5,Positive,The platform is easy to use and useful for our daily operations.
FDBK0002113,CUST01600,2026-01-27,Product Review,5,Positive,The system has helped our team manage invoices more efficiently.
FDBK0002114,CUST01600,2025-03-06,Feature Request,5,Positive,We especially like the reporting features.
FDBK0002115,CUST01600,2024-09-12,General Feedback,5,Positive,The platform has been useful for managing our business.
FDBK0002116,CUST01603,2025-06-10,Cancellation Feedback,1,Negative,Our usage of the platform has decreased recently.
FDBK0002117,CUST01603,2025-08-09,Cancellation Feedback,4,Positive,Some of the features are not being used by our team.
FDBK0002118,CUST01604,2025-11-06,Product Review,5,Positive,The platform has been useful for managing our business.
FDBK0002119,CUST01604,2025-10-21,Product Review,4,Positive,The system has helped our team manage invoices more efficiently.
FDBK0002120,CUST01605,2025-11-25,Survey,1,Negative,We would like more value for the current subscription price.
FDBK0002121,CUST01606,2026-03-27,Cancellation Feedback,2,Negative,The pricing is difficult for our business.
FDBK0002122,CUST01610,2025-11-25,Feature Request,4,Positive,We especially like the reporting features.
FDBK0002123,CUST01610,2026-06-17,Feature Request,4,Positive,The platform has been useful for managing our business.
FDBK0002124,CUST01610,2026-07-25,Survey,5,Positive,The system has helped our team manage invoices more efficiently.
FDBK0002125,CUST01611,2026-06-12,Feature Request,5,Positive,The product is useful but support needs improvement.
FDBK0002126,CUST01611,2026-07-26,General Feedback,3,Neutral,The product is useful but support needs improvement.
FDBK0002127,CUST01612,2025-01-16,Survey,5,Positive,The system has helped our team manage invoices more efficiently.
FDBK0002128,CUST01612,2024-12-06,Feature Request,4,Positive,We especially like the reporting features.
FDBK0002129,CUST01615,2025-09-01,Product Review,1,Negative,We like the product but the monthly cost is high.
FDBK0002130,CUST01615,2024-07-02,Product Review,5,Positive,The platform is useful but the price is becoming expensive.
FDBK0002131,CUST01615,2026-06-09,Feature Request,3,Neutral,The platform is useful but the price is becoming expensive.
FDBK0002132,CUST01616,2024-10-29,Product Review,4,Positive,The platform is easy to use and useful for our daily operations.
FDBK0002133,CUST01617,2025-09-19,Feature Request,3,Neutral,We need faster responses when technical problems occur.
FDBK0002134,CUST01617,2025-08-22,Survey,2,Negative,We have experienced several issues with customer support.
FDBK0002135,CUST01617,2025-11-24,Survey,5,Positive,The product is useful but support needs improvement.
FDBK0002136,CUST01619,2026-08-11,Product Review,1,Negative,Some support requests took too long to resolve.
FDBK0002137,CUST01621,2026-04-24,Product Review,5,Positive,We especially like the reporting features.
FDBK0002138,CUST01621,2026-08-18,Survey,5,Positive,We especially like the reporting features.
FDBK0002139,CUST01622,2026-02-25,Survey,5,Positive,The platform is easy to use and useful for our daily operations.
FDBK0002140,CUST01623,2024-08-11,Product Review,4,Positive,We are happy with the features available.
FDBK0002141,CUST01623,2026-01-21,Feature Request,5,Positive,We are happy with the features available.
FDBK0002142,CUST01623,2024-04-03,General Feedback,5,Positive,We especially like the reporting features.
FDBK0002143,CUST01624,2026-06-25,Feature Request,5,Positive,We are happy with the features available.
FDBK0002144,CUST01626,2026-02-13,Survey,3,Neutral,We are not using the platform as much as we expected.
FDBK0002145,CUST01629,2025-04-12,Cancellation Feedback,2,Negative,Our usage of the platform has decreased recently.
FDBK0002146,CUST01629,2025-09-21,Product Review,3,Neutral,Our usage of the platform has decreased recently.
FDBK0002147,CUST01630,2025-12-12,Product Review,5,Positive,We especially like the reporting features.
FDBK0002148,CUST01632,2026-03-25,Survey,4,Positive,The platform has been useful for managing our business.
FDBK0002149,CUST01634,2024-09-05,Product Review,5,Positive,The system has helped our team manage invoices more efficiently.
FDBK0002150,CUST01634,2025-11-26,Product Review,4,Positive,The platform has been useful for managing our business.
FDBK0002151,CUST01635,2025-11-25,Survey,5,Positive,We especially like the reporting features.
FDBK0002152,CUST01637,2025-11-16,Product Review,5,Positive,The platform is easy to use and useful for our daily operations.
FDBK0002153,CUST01638,2026-06-04,Feature Request,2,Negative,We have experienced several issues with customer support.
FDBK0002154,CUST01638,2026-03-12,Cancellation Feedback,4,Positive,The product is useful but support needs improvement.
FDBK0002155,CUST01638,2026-02-19,Cancellation Feedback,4,Positive,We need faster responses when technical problems occur.
FDBK0002156,CUST01638,2026-04-19,Product Review,4,Positive,The product is useful but support needs improvement.
FDBK0002157,CUST01638,2026-02-20,Cancellation Feedback,1,Negative,The product is useful but support needs improvement.
FDBK0002158,CUST01639,2026-02-27,Product Review,4,Positive,We especially like the reporting features.
FDBK0002159,CUST01641,2025-12-09,Product Review,1,Negative,The pricing is difficult for our business.
FDBK0002160,CUST01642,2026-04-28,Survey,1,Negative,The product is useful but support needs improvement.
FDBK0002161,CUST01642,2026-05-27,Survey,2,Negative,We have experienced several issues with customer support.
FDBK0002162,CUST01642,2026-07-18,Survey,2,Negative,We have experienced several issues with customer support.
FDBK0002163,CUST01643,2025-12-19,Survey,5,Positive,We are happy with the features available.
FDBK0002164,CUST01644,2023-10-25,Product Review,5,Positive,The system has helped our team manage invoices more efficiently.
FDBK0002165,CUST01645,2025-07-11,Cancellation Feedback,2,Negative,We have experienced several issues with customer support.
FDBK0002166,CUST01645,2025-10-24,Cancellation Feedback,3,Neutral,We need faster responses when technical problems occur.
FDBK0002167,CUST01645,2025-06-30,General Feedback,2,Negative,The product is useful but support needs improvement.
FDBK0002168,CUST01645,2025-03-13,Product Review,2,Negative,We need faster responses when technical problems occur.
FDBK0002169,CUST01646,2026-02-26,Feature Request,4,Positive,The platform is easy to use and useful for our daily operations.
FDBK0002170,CUST01647,2026-09-03,General Feedback,4,Positive,The system has helped our team manage invoices more efficiently.
FDBK0002171,CUST01648,2026-06-24,Feature Request,1,Negative,We have experienced several issues with customer support.
FDBK0002172,CUST01648,2026-06-21,General Feedback,1,Negative,We have experienced several issues with customer support.
FDBK0002173,CUST01649,2026-07-01,Feature Request,4,Positive,We have experienced several issues with customer support.
FDBK0002174,CUST01649,2026-08-06,Survey,4,Positive,Some support requests took too long to resolve.
FDBK0002175,CUST01649,2026-09-13,Survey,1,Negative,We need faster responses when technical problems occur.
FDBK0002176,CUST01649,2026-07-31,Survey,1,Negative,Some support requests took too long to resolve.
FDBK0002177,CUST01649,2026-08-10,Survey,3,Neutral,We have experienced several issues with customer support.
FDBK0002178,CUST01651,2026-04-30,Survey,5,Positive,The platform has been useful for managing our business.
FDBK0002179,CUST01652,2025-02-08,Survey,4,Positive,The system has helped our team manage invoices more efficiently.
FDBK0002180,CUST01652,2024-10-16,Feature Request,3,Neutral,The system has helped our team manage invoices more efficiently.
FDBK0002181,CUST01653,2025-10-09,General Feedback,3,Neutral,The platform is useful but the price is becoming expensive.
FDBK0002182,CUST01654,2026-05-01,Product Review,4,Positive,The platform is easy to use and useful for our daily operations.
FDBK0002183,CUST01655,2026-06-14,Cancellation Feedback,2,Negative,We have experienced several issues with customer support.
FDBK0002184,CUST01655,2026-08-20,Feature Request,1,Negative,The product is useful but support needs improvement.
FDBK0002185,CUST01655,2026-08-23,Cancellation Feedback,2,Negative,We have experienced several issues with customer support.
FDBK0002186,CUST01655,2026-08-29,Cancellation Feedback,2,Negative,We have experienced several issues with customer support.
FDBK0002187,CUST01656,2026-09-22,Cancellation Feedback,5,Positive,We are happy with the features available.
FDBK0002188,CUST01656,2026-03-31,General Feedback,4,Positive,We especially like the reporting features.
FDBK0002189,CUST01656,2026-08-18,General Feedback,5,Positive,We are happy with the features available.
FDBK0002190,CUST01656,2026-09-02,Product Review,3,Neutral,The platform has been useful for managing our business.
FDBK0002191,CUST01657,2025-08-13,Cancellation Feedback,5,Positive,We are happy with the features available.
FDBK0002192,CUST01657,2026-02-10,General Feedback,5,Positive,The platform is easy to use and useful for our daily operations.
FDBK0002193,CUST01657,2026-03-03,Feature Request,5,Positive,The platform is easy to use and useful for our daily operations.
FDBK0002194,CUST01657,2026-06-19,Survey,4,Positive,The platform has been useful for managing our business.
FDBK0002195,CUST01660,2026-09-16,General Feedback,3,Neutral,The platform is useful but the price is becoming expensive.
FDBK0002196,CUST01662,2024-11-26,Product Review,2,Negative,Our usage of the platform has decreased recently.
FDBK0002197,CUST01662,2024-02-04,Product Review,4,Positive,Some of the features are not being used by our team.
FDBK0002198,CUST01662,2023-11-26,Product Review,4,Positive,Our usage of the platform has decreased recently.
FDBK0002199,CUST01662,2024-07-29,Survey,3,Neutral,We are not using the platform as much as we expected.
FDBK0002200,CUST01663,2026-05-18,Survey,3,Neutral,We have experienced several issues with customer support.
FDBK0002201,CUST01665,2025-12-17,Feature Request,5,Positive,The system has helped our team manage invoices more efficiently.
FDBK0002202,CUST01665,2025-07-24,General Feedback,5,Positive,The system has helped our team manage invoices more efficiently.
FDBK0002203,CUST01666,2026-01-08,Product Review,2,Negative,Some support requests took too long to resolve.
FDBK0002204,CUST01668,2026-08-15,Feature Request,4,Positive,We are happy with the features available.
FDBK0002205,CUST01668,2026-05-28,Product Review,3,Neutral,The platform has been useful for managing our business.
FDBK0002206,CUST01669,2025-05-09,Cancellation Feedback,2,Negative,Our usage of the platform has decreased recently.
FDBK0002207,CUST01671,2026-05-05,Product Review,1,Negative,Some support requests took too long to resolve.
FDBK0002208,CUST01674,2026-09-18,Product Review,1,Negative,Some support requests took too long to resolve.
FDBK0002209,CUST01674,2026-04-14,Feature Request,3,Neutral,Some support requests took too long to resolve.
FDBK0002210,CUST01674,2026-06-16,Product Review,2,Negative,We need faster responses when technical problems occur.
FDBK0002211,CUST01675,2026-02-19,Survey,4,Positive,We are finding it difficult to get our team to use the platform regularly.
FDBK0002212,CUST01675,2026-06-05,Product Review,4,Positive,We are not using the platform as much as we expected.
FDBK0002213,CUST01675,2026-08-08,General Feedback,3,Neutral,Our usage of the platform has decreased recently.
FDBK0002214,CUST01676,2026-05-20,Product Review,1,Negative,Some support requests took too long to resolve.
FDBK0002215,CUST01678,2026-04-07,Product Review,2,Negative,The system has helped our team manage invoices more efficiently.
FDBK0002216,CUST01679,2025-11-03,Survey,5,Positive,We are happy with the features available.
FDBK0002217,CUST01681,2025-01-16,Feature Request,3,Neutral,The platform is useful but the price is becoming expensive.
FDBK0002218,CUST01682,2026-01-16,Survey,5,Positive,We are happy with the features available.
FDBK0002219,CUST01682,2026-06-21,Feature Request,4,Positive,We are happy with the features available.
FDBK0002220,CUST01683,2025-09-16,Survey,3,Neutral,Our usage of the platform has decreased recently.
FDBK0002221,CUST01685,2026-03-11,Cancellation Feedback,3,Neutral,The platform is useful but the price is becoming expensive.
FDBK0002222,CUST01687,2026-03-11,Product Review,4,Positive,The system has helped our team manage invoices more efficiently.
FDBK0002223,CUST01688,2026-02-26,Product Review,5,Positive,The pricing is difficult for our business.
FDBK0002224,CUST01688,2026-07-29,Product Review,1,Negative,We would like more value for the current subscription price.
FDBK0002225,CUST01689,2025-04-04,General Feedback,5,Positive,We are happy with the features available.
FDBK0002226,CUST01689,2024-12-12,Product Review,5,Positive,The system has helped our team manage invoices more efficiently.
FDBK0002227,CUST01691,2023-12-08,Survey,5,Positive,We are not using the platform as much as we expected.
FDBK0002228,CUST01691,2024-01-20,Product Review,3,Neutral,Some of the features are not being used by our team.
FDBK0002229,CUST01692,2025-09-14,General Feedback,2,Negative,Some support requests took too long to resolve.
FDBK0002230,CUST01692,2026-03-13,Product Review,2,Negative,We have experienced several issues with customer support.
FDBK0002231,CUST01692,2026-05-28,General Feedback,2,Negative,We have experienced several issues with customer support.
FDBK0002232,CUST01692,2025-08-16,Feature Request,3,Neutral,We have experienced several issues with customer support.
FDBK0002233,CUST01693,2024-12-02,Survey,4,Positive,We are happy with the features available.
FDBK0002234,CUST01694,2026-07-19,Survey,1,Negative,We are not using the platform as much as we expected.
FDBK0002235,CUST01696,2026-02-19,Product Review,3,Neutral,We are happy with the features available.
FDBK0002236,CUST01696,2026-01-06,Survey,4,Positive,The platform is easy to use and useful for our daily operations.
FDBK0002237,CUST01697,2026-04-13,Cancellation Feedback,1,Negative,We need faster responses when technical problems occur.
FDBK0002238,CUST01697,2026-01-06,Product Review,3,Neutral,We have experienced several issues with customer support.
FDBK0002239,CUST01697,2024-12-06,Cancellation Feedback,2,Negative,The product is useful but support needs improvement.
FDBK0002240,CUST01697,2025-06-04,General Feedback,2,Negative,We need faster responses when technical problems occur.
FDBK0002241,CUST01697,2026-01-11,Feature Request,2,Negative,Some support requests took too long to resolve.
FDBK0002242,CUST01697,2025-01-08,Product Review,3,Neutral,We have experienced several issues with customer support.
FDBK0002243,CUST01700,2026-07-10,Product Review,5,Positive,The system has helped our team manage invoices more efficiently.
FDBK0002244,CUST01700,2026-05-16,Product Review,1,Negative,The system has helped our team manage invoices more efficiently.
FDBK0002245,CUST01700,2025-08-02,Survey,5,Positive,The platform has been useful for managing our business.
FDBK0002246,CUST01701,2024-12-31,Feature Request,5,Positive,The platform is easy to use and useful for our daily operations.
FDBK0002247,CUST01701,2024-11-12,Product Review,5,Positive,We are happy with the features available.
FDBK0002248,CUST01702,2026-04-03,Product Review,2,Negative,We need faster responses when technical problems occur.
FDBK0002249,CUST01702,2025-06-30,Product Review,1,Negative,We need faster responses when technical problems occur.
FDBK0002250,CUST01703,2024-11-26,Survey,1,Negative,We like the product but the monthly cost is high.
FDBK0002251,CUST01703,2026-05-19,Product Review,5,Positive,The platform is useful but the price is becoming expensive.
FDBK0002252,CUST01704,2025-10-18,Survey,4,Positive,The system has helped our team manage invoices more efficiently.
FDBK0002253,CUST01705,2026-07-13,Cancellation Feedback,4,Positive,The system has helped our team manage invoices more efficiently.
FDBK0002254,CUST01706,2025-12-15,General Feedback,2,Negative,Some of the features are not being used by our team.
FDBK0002255,CUST01706,2026-01-08,Cancellation Feedback,3,Neutral,We are not using the platform as much as we expected.
FDBK0002256,CUST01706,2025-11-09,Cancellation Feedback,3,Neutral,We are finding it difficult to get our team to use the platform regularly.
FDBK0002257,CUST01708,2026-04-01,General Feedback,5,Positive,The system has helped our team manage invoices more efficiently.
FDBK0002258,CUST01708,2026-03-02,General Feedback,4,Positive,The platform has been useful for managing our business.
FDBK0002259,CUST01709,2026-04-20,Feature Request,5,Positive,We need faster responses when technical problems occur.
FDBK0002260,CUST01709,2024-03-02,Survey,1,Negative,We have experienced several issues with customer support.
FDBK0002261,CUST01710,2026-06-27,Survey,4,Positive,We are finding it difficult to get our team to use the platform regularly.
FDBK0002262,CUST01711,2025-08-25,Product Review,5,Positive,The platform has been useful for managing our business.
FDBK0002263,CUST01712,2026-09-19,Survey,4,Positive,The platform is easy to use and useful for our daily operations.
FDBK0002264,CUST01712,2024-11-03,Product Review,3,Neutral,The platform is easy to use and useful for our daily operations.
FDBK0002265,CUST01714,2024-10-01,Product Review,5,Positive,The platform is easy to use and useful for our daily operations.
FDBK0002266,CUST01715,2026-02-09,Product Review,5,Positive,We are happy with the features available.
FDBK0002267,CUST01716,2026-04-24,Survey,1,Negative,The product is useful but support needs improvement.
FDBK0002268,CUST01716,2025-09-10,General Feedback,2,Negative,We have experienced several issues with customer support.
FDBK0002269,CUST01717,2025-05-09,Cancellation Feedback,3,Neutral,We are not using the platform as much as we expected.
FDBK0002270,CUST01718,2024-02-21,Feature Request,2,Negative,We have experienced several issues with customer support.
FDBK0002271,CUST01718,2024-10-10,Survey,3,Neutral,We need faster responses when technical problems occur.
FDBK0002272,CUST01718,2025-05-17,General Feedback,2,Negative,We have experienced several issues with customer support.
FDBK0002273,CUST01718,2024-11-24,General Feedback,1,Negative,Some support requests took too long to resolve.
FDBK0002274,CUST01719,2025-01-30,Survey,4,Positive,The system has helped our team manage invoices more efficiently.
FDBK0002275,CUST01720,2026-03-25,Product Review,2,Negative,We are not using the platform as much as we expected.
FDBK0002276,CUST01720,2026-02-09,Cancellation Feedback,1,Negative,Our usage of the platform has decreased recently.
FDBK0002277,CUST01722,2025-04-27,Feature Request,3,Neutral,The platform is useful but the price is becoming expensive.
FDBK0002278,CUST01722,2025-05-17,Product Review,4,Positive,The platform is useful but the price is becoming expensive.
FDBK0002279,CUST01725,2026-02-08,General Feedback,4,Positive,We are happy with the features available.
FDBK0002280,CUST01727,2026-08-23,Product Review,5,Positive,The platform is easy to use and useful for our daily operations.
FDBK0002281,CUST01727,2026-06-15,Feature Request,5,Positive,We are happy with the features available.
FDBK0002282,CUST01728,2026-08-15,Product Review,4,Positive,The platform is useful but the price is becoming expensive.
FDBK0002283,CUST01729,2026-02-18,Survey,4,Positive,The platform has been useful for managing our business.
FDBK0002284,CUST01729,2026-03-25,General Feedback,4,Positive,The platform has been useful for managing our business.
FDBK0002285,CUST01731,2026-03-18,Cancellation Feedback,1,Negative,Some of the features are not being used by our team.
FDBK0002286,CUST01731,2026-03-11,General Feedback,3,Neutral,We are not using the platform as much as we expected.
FDBK0002287,CUST01731,2026-05-27,Cancellation Feedback,3,Neutral,Some of the features are not being used by our team.
FDBK0002288,CUST01732,2025-07-12,Survey,5,Positive,The platform is easy to use and useful for our daily operations.
FDBK0002289,CUST01733,2026-09-09,General Feedback,4,Positive,Our usage of the platform has decreased recently.
FDBK0002290,CUST01734,2026-03-13,General Feedback,1,Negative,We have experienced several issues with customer support.
FDBK0002291,CUST01735,2026-08-17,Survey,2,Negative,We are finding it difficult to get our team to use the platform regularly.
FDBK0002292,CUST01735,2026-08-16,General Feedback,4,Positive,We are finding it difficult to get our team to use the platform regularly.
FDBK0002293,CUST01736,2024-10-03,General Feedback,2,Negative,The product is useful but support needs improvement.
FDBK0002294,CUST01736,2024-07-16,Survey,3,Neutral,The product is useful but support needs improvement.
FDBK0002295,CUST01738,2024-05-23,Survey,5,Positive,The platform has been useful for managing our business.
FDBK0002296,CUST01738,2024-03-02,Feature Request,4,Positive,We especially like the reporting features.
FDBK0002297,CUST01739,2026-02-13,Cancellation Feedback,2,Negative,The system has helped our team manage invoices more efficiently.
FDBK0002298,CUST01740,2026-03-18,General Feedback,2,Negative,Some of the features are not being used by our team.
FDBK0002299,CUST01740,2026-08-20,Product Review,4,Positive,Some of the features are not being used by our team.
FDBK0002300,CUST01740,2026-06-19,Product Review,2,Negative,We are finding it difficult to get our team to use the platform regularly.
FDBK0002301,CUST01741,2026-08-15,Survey,3,Neutral,We would like more value for the current subscription price.
FDBK0002302,CUST01745,2025-08-04,General Feedback,2,Negative,We like the product but the monthly cost is high.
FDBK0002303,CUST01745,2024-11-27,Survey,4,Positive,We like the product but the monthly cost is high.
FDBK0002304,CUST01745,2026-02-20,Survey,1,Negative,The platform is useful but the price is becoming expensive.
FDBK0002305,CUST01746,2025-07-29,Survey,5,Positive,The platform is easy to use and useful for our daily operations.
FDBK0002306,CUST01746,2024-12-13,Feature Request,2,Negative,The system has helped our team manage invoices more efficiently.
FDBK0002307,CUST01750,2025-05-08,Cancellation Feedback,2,Negative,Our usage of the platform has decreased recently.
FDBK0002308,CUST01750,2025-10-20,Product Review,2,Negative,We are not using the platform as much as we expected.
FDBK0002309,CUST01751,2026-09-20,Cancellation Feedback,5,Positive,We especially like the reporting features.
FDBK0002310,CUST01752,2026-07-12,Cancellation Feedback,5,Positive,We are happy with the features available.
FDBK0002311,CUST01753,2026-06-25,Feature Request,5,Positive,We especially like the reporting features.
FDBK0002312,CUST01754,2026-01-06,Feature Request,5,Positive,We are happy with the features available.
FDBK0002313,CUST01754,2026-05-05,Cancellation Feedback,3,Neutral,We especially like the reporting features.
FDBK0002314,CUST01755,2025-01-22,General Feedback,4,Positive,We especially like the reporting features.
FDBK0002315,CUST01756,2025-01-24,Product Review,4,Positive,The system has helped our team manage invoices more efficiently.
FDBK0002316,CUST01757,2026-03-01,Survey,2,Negative,We have experienced several issues with customer support.
FDBK0002317,CUST01759,2024-03-24,Feature Request,5,Positive,The platform has been useful for managing our business.
FDBK0002318,CUST01759,2025-03-05,Survey,5,Positive,We are happy with the features available.
FDBK0002319,CUST01759,2024-08-09,Product Review,5,Positive,The platform has been useful for managing our business.
FDBK0002320,CUST01761,2026-04-28,Survey,5,Positive,The system has helped our team manage invoices more efficiently.
FDBK0002321,CUST01761,2026-09-22,Feature Request,4,Positive,The platform has been useful for managing our business.
FDBK0002322,CUST01762,2026-02-07,Survey,2,Negative,The product is useful but support needs improvement.
FDBK0002323,CUST01762,2026-03-13,Feature Request,3,Neutral,The product is useful but support needs improvement.
FDBK0002324,CUST01762,2026-09-01,Product Review,2,Negative,We have experienced several issues with customer support.
FDBK0002325,CUST01763,2026-03-21,Cancellation Feedback,3,Neutral,The pricing is difficult for our business.
FDBK0002326,CUST01763,2026-03-05,Cancellation Feedback,1,Negative,We would like more value for the current subscription price.
FDBK0002327,CUST01763,2026-02-09,Feature Request,3,Neutral,We would like more value for the current subscription price.
FDBK0002328,CUST01763,2026-01-18,Cancellation Feedback,4,Positive,We like the product but the monthly cost is high.
FDBK0002329,CUST01763,2026-02-17,Survey,4,Positive,We like the product but the monthly cost is high.
FDBK0002330,CUST01766,2025-12-27,Cancellation Feedback,4,Positive,We especially like the reporting features.
FDBK0002331,CUST01768,2025-05-16,Feature Request,2,Negative,We are finding it difficult to get our team to use the platform regularly.
FDBK0002332,CUST01768,2025-09-29,Feature Request,2,Negative,We are finding it difficult to get our team to use the platform regularly.
FDBK0002333,CUST01769,2026-02-26,Survey,4,Positive,We would like more value for the current subscription price.
FDBK0002334,CUST01770,2026-04-13,General Feedback,2,Negative,We are not using the platform as much as we expected.
FDBK0002335,CUST01770,2023-11-16,Feature Request,5,Positive,Our usage of the platform has decreased recently.
FDBK0002336,CUST01771,2025-11-23,Product Review,4,Positive,We are not using the platform as much as we expected.
FDBK0002337,CUST01771,2026-03-24,General Feedback,1,Negative,We are finding it difficult to get our team to use the platform regularly.
FDBK0002338,CUST01772,2025-07-01,Product Review,5,Positive,We are happy with the features available.
FDBK0002339,CUST01772,2026-03-23,General Feedback,3,Neutral,The platform is easy to use and useful for our daily operations.
FDBK0002340,CUST01773,2026-07-16,Product Review,4,Positive,We have experienced several issues with customer support.
FDBK0002341,CUST01773,2026-02-10,Product Review,2,Negative,We have experienced several issues with customer support.
FDBK0002342,CUST01774,2026-05-05,Survey,4,Positive,The platform has been useful for managing our business.
FDBK0002343,CUST01775,2026-09-03,Feature Request,5,Positive,The platform has been useful for managing our business.
FDBK0002344,CUST01776,2026-03-22,General Feedback,5,Positive,The system has helped our team manage invoices more efficiently.
FDBK0002345,CUST01776,2026-08-01,Survey,2,Negative,The platform is easy to use and useful for our daily operations.
FDBK0002346,CUST01777,2025-12-27,Product Review,5,Positive,The system has helped our team manage invoices more efficiently.
FDBK0002347,CUST01777,2026-03-29,Survey,5,Positive,The platform is easy to use and useful for our daily operations.
FDBK0002348,CUST01777,2025-07-27,Product Review,5,Positive,We especially like the reporting features.
FDBK0002349,CUST01778,2026-03-12,Survey,2,Negative,We need faster responses when technical problems occur.
FDBK0002350,CUST01779,2025-09-10,Product Review,2,Negative,The platform has been useful for managing our business.
FDBK0002351,CUST01780,2025-09-17,General Feedback,4,Positive,Our usage of the platform has decreased recently.
FDBK0002352,CUST01781,2026-08-02,Cancellation Feedback,5,Positive,We are happy with the features available.
FDBK0002353,CUST01781,2026-07-22,General Feedback,5,Positive,The platform has been useful for managing our business.
FDBK0002354,CUST01782,2026-09-01,Product Review,3,Neutral,We are finding it difficult to get our team to use the platform regularly.
FDBK0002355,CUST01782,2026-09-16,General Feedback,2,Negative,Our usage of the platform has decreased recently.
FDBK0002356,CUST01782,2026-09-06,General Feedback,1,Negative,We are finding it difficult to get our team to use the platform regularly.
FDBK0002357,CUST01783,2025-08-01,Product Review,4,Positive,We are finding it difficult to get our team to use the platform regularly.
FDBK0002358,CUST01784,2024-11-17,General Feedback,4,Positive,We are not using the platform as much as we expected.
FDBK0002359,CUST01784,2024-05-31,Product Review,1,Negative,We are not using the platform as much as we expected.
FDBK0002360,CUST01785,2024-12-24,General Feedback,5,Positive,The platform is easy to use and useful for our daily operations.
FDBK0002361,CUST01785,2024-10-10,General Feedback,5,Positive,We especially like the reporting features.
FDBK0002362,CUST01786,2026-07-25,Product Review,4,Positive,We especially like the reporting features.
FDBK0002363,CUST01786,2026-07-08,Feature Request,3,Neutral,The system has helped our team manage invoices more efficiently.
FDBK0002364,CUST01787,2024-08-28,General Feedback,1,Negative,We need faster responses when technical problems occur.
FDBK0002365,CUST01788,2026-03-27,Survey,5,Positive,The platform is easy to use and useful for our daily operations.
FDBK0002366,CUST01789,2026-09-19,General Feedback,4,Positive,We especially like the reporting features.
FDBK0002367,CUST01790,2026-09-23,General Feedback,5,Positive,We like the product but the monthly cost is high.
FDBK0002368,CUST01790,2025-09-25,Feature Request,2,Negative,We would like more value for the current subscription price.
FDBK0002369,CUST01790,2025-07-17,Product Review,3,Neutral,We like the product but the monthly cost is high.
FDBK0002370,CUST01793,2026-05-27,Product Review,4,Positive,The platform has been useful for managing our business.
FDBK0002371,CUST01795,2026-08-12,Cancellation Feedback,4,Positive,We especially like the reporting features.
FDBK0002372,CUST01799,2026-05-01,Survey,2,Negative,The system has helped our team manage invoices more efficiently.
FDBK0002373,CUST01799,2024-11-17,Cancellation Feedback,5,Positive,The platform has been useful for managing our business.
FDBK0002374,CUST01801,2026-07-03,Survey,4,Positive,The platform is easy to use and useful for our daily operations.
FDBK0002375,CUST01802,2025-10-28,Product Review,3,Neutral,The pricing is difficult for our business.
FDBK0002376,CUST01802,2026-01-11,Product Review,2,Negative,We would like more value for the current subscription price.
FDBK0002377,CUST01804,2025-07-09,Survey,2,Negative,The system has helped our team manage invoices more efficiently.
FDBK0002378,CUST01805,2024-10-15,General Feedback,5,Positive,The platform has been useful for managing our business.
FDBK0002379,CUST01806,2026-07-10,Survey,2,Negative,We need faster responses when technical problems occur.
FDBK0002380,CUST01806,2026-08-02,General Feedback,2,Negative,The product is useful but support needs improvement.
FDBK0002381,CUST01807,2025-12-26,Survey,2,Negative,We are not using the platform as much as we expected.
FDBK0002382,CUST01808,2026-02-20,Survey,5,Positive,The platform has been useful for managing our business.
FDBK0002383,CUST01808,2026-05-16,Product Review,4,Positive,The system has helped our team manage invoices more efficiently.
FDBK0002384,CUST01809,2026-09-12,Cancellation Feedback,2,Negative,Our usage of the platform has decreased recently.
FDBK0002385,CUST01809,2026-08-19,Cancellation Feedback,3,Neutral,We are not using the platform as much as we expected.
FDBK0002386,CUST01810,2025-07-25,Feature Request,5,Positive,We are happy with the features available.
FDBK0002387,CUST01810,2026-01-02,Product Review,5,Positive,We especially like the reporting features.
FDBK0002388,CUST01810,2025-11-25,Cancellation Feedback,2,Negative,The platform is easy to use and useful for our daily operations.
FDBK0002389,CUST01811,2026-03-11,Product Review,3,Neutral,The platform is easy to use and useful for our daily operations.
FDBK0002390,CUST01812,2026-01-14,Survey,4,Positive,We are happy with the features available.
FDBK0002391,CUST01812,2025-10-13,Feature Request,5,Positive,The platform has been useful for managing our business.
FDBK0002392,CUST01814,2025-03-28,Cancellation Feedback,5,Positive,The platform has been useful for managing our business.
FDBK0002393,CUST01814,2025-02-26,Cancellation Feedback,3,Neutral,The platform is easy to use and useful for our daily operations.
FDBK0002394,CUST01815,2026-09-13,Product Review,4,Positive,We are happy with the features available.
FDBK0002395,CUST01817,2026-09-21,Product Review,3,Neutral,Some support requests took too long to resolve.
FDBK0002396,CUST01817,2026-09-23,General Feedback,3,Neutral,We need faster responses when technical problems occur.
FDBK0002397,CUST01818,2026-07-07,Cancellation Feedback,2,Negative,The product is useful but support needs improvement.
FDBK0002398,CUST01819,2026-03-08,Cancellation Feedback,3,Neutral,We are not using the platform as much as we expected.
FDBK0002399,CUST01819,2025-05-30,Survey,3,Neutral,Our usage of the platform has decreased recently.
FDBK0002400,CUST01821,2026-09-12,Product Review,4,Positive,The platform has been useful for managing our business.
FDBK0002401,CUST01823,2025-10-05,Feature Request,5,Positive,We are happy with the features available.
FDBK0002402,CUST01824,2025-06-26,Feature Request,1,Negative,The platform has been useful for managing our business.
FDBK0002403,CUST01824,2024-12-13,Survey,2,Negative,We especially like the reporting features.
FDBK0002404,CUST01825,2026-02-12,Product Review,4,Positive,The platform has been useful for managing our business.
FDBK0002405,CUST01828,2025-01-14,Feature Request,4,Positive,The system has helped our team manage invoices more efficiently.
FDBK0002406,CUST01828,2025-04-25,General Feedback,3,Neutral,The platform is easy to use and useful for our daily operations.
FDBK0002407,CUST01829,2026-05-10,General Feedback,5,Positive,We are happy with the features available.
FDBK0002408,CUST01829,2026-01-22,Survey,4,Positive,The platform has been useful for managing our business.
FDBK0002409,CUST01831,2026-06-14,Product Review,5,Positive,We would like more value for the current subscription price.
FDBK0002410,CUST01831,2025-09-19,Product Review,3,Neutral,The platform is useful but the price is becoming expensive.
FDBK0002411,CUST01834,2026-09-18,Survey,4,Positive,We need faster responses when technical problems occur.
FDBK0002412,CUST01834,2026-02-09,Feature Request,2,Negative,We have experienced several issues with customer support.
FDBK0002413,CUST01835,2026-08-22,General Feedback,1,Negative,We have experienced several issues with customer support.
FDBK0002414,CUST01835,2025-06-17,Product Review,5,Positive,We need faster responses when technical problems occur.
FDBK0002415,CUST01835,2025-07-08,Product Review,1,Negative,We have experienced several issues with customer support.
FDBK0002416,CUST01837,2026-05-20,Survey,4,Positive,The system has helped our team manage invoices more efficiently.
FDBK0002417,CUST01837,2025-07-20,Feature Request,5,Positive,The platform has been useful for managing our business.
FDBK0002418,CUST01838,2025-10-03,Survey,3,Neutral,The platform has been useful for managing our business.
FDBK0002419,CUST01838,2026-03-19,Feature Request,4,Positive,We are happy with the features available.
FDBK0002420,CUST01838,2026-03-16,Feature Request,4,Positive,We are happy with the features available.
FDBK0002421,CUST01839,2026-03-26,General Feedback,5,Positive,The platform is easy to use and useful for our daily operations.
FDBK0002422,CUST01839,2025-10-03,Survey,4,Positive,We are happy with the features available.
FDBK0002423,CUST01840,2026-07-04,Product Review,5,Positive,We especially like the reporting features.
FDBK0002424,CUST01841,2025-07-09,Feature Request,5,Positive,We especially like the reporting features.
FDBK0002425,CUST01842,2026-01-03,Survey,3,Neutral,We especially like the reporting features.
FDBK0002426,CUST01844,2026-06-04,Survey,4,Positive,We especially like the reporting features.
FDBK0002427,CUST01845,2026-08-06,Product Review,5,Positive,The system has helped our team manage invoices more efficiently.
FDBK0002428,CUST01846,2025-11-29,Survey,5,Positive,The system has helped our team manage invoices more efficiently.
FDBK0002429,CUST01846,2025-03-03,Product Review,4,Positive,The platform has been useful for managing our business.
FDBK0002430,CUST01847,2025-11-02,Survey,5,Positive,The platform is easy to use and useful for our daily operations.
FDBK0002431,CUST01848,2026-06-25,Feature Request,5,Positive,The system has helped our team manage invoices more efficiently.
FDBK0002432,CUST01848,2025-04-19,Product Review,5,Positive,The platform has been useful for managing our business.
FDBK0002433,CUST01848,2025-04-29,Feature Request,5,Positive,The platform has been useful for managing our business.
FDBK0002434,CUST01848,2025-03-07,Product Review,5,Positive,We especially like the reporting features.
FDBK0002435,CUST01849,2026-05-14,Product Review,3,Neutral,We are finding it difficult to get our team to use the platform regularly.
FDBK0002436,CUST01849,2025-09-06,General Feedback,1,Negative,Some of the features are not being used by our team.
FDBK0002437,CUST01849,2025-08-09,Survey,4,Positive,Our usage of the platform has decreased recently.
FDBK0002438,CUST01850,2024-07-04,General Feedback,5,Positive,We are happy with the features available.
FDBK0002439,CUST01850,2026-02-08,Feature Request,4,Positive,The platform has been useful for managing our business.
FDBK0002440,CUST01852,2025-08-08,Feature Request,4,Positive,We especially like the reporting features.
FDBK0002441,CUST01854,2026-08-16,Cancellation Feedback,5,Positive,We like the product but the monthly cost is high.
FDBK0002442,CUST01854,2026-08-12,General Feedback,1,Negative,We like the product but the monthly cost is high.
FDBK0002443,CUST01854,2026-05-27,Survey,2,Negative,We would like more value for the current subscription price.
FDBK0002444,CUST01855,2026-09-06,Product Review,4,Positive,The platform has been useful for managing our business.
FDBK0002445,CUST01857,2026-09-22,Product Review,3,Neutral,We like the product but the monthly cost is high.
FDBK0002446,CUST01858,2025-01-08,Product Review,1,Negative,Some support requests took too long to resolve.
FDBK0002447,CUST01858,2025-03-18,Feature Request,3,Neutral,We need faster responses when technical problems occur.
FDBK0002448,CUST01858,2024-09-04,Cancellation Feedback,2,Negative,The product is useful but support needs improvement.
FDBK0002449,CUST01861,2025-05-01,Survey,5,Positive,The platform has been useful for managing our business.
FDBK0002450,CUST01862,2026-02-15,Product Review,3,Neutral,Our usage of the platform has decreased recently.
FDBK0002451,CUST01863,2026-05-31,Feature Request,1,Negative,We need faster responses when technical problems occur.
FDBK0002452,CUST01863,2026-06-14,Cancellation Feedback,1,Negative,The product is useful but support needs improvement.
FDBK0002453,CUST01864,2026-09-16,Survey,5,Positive,We especially like the reporting features.
FDBK0002454,CUST01864,2026-08-30,General Feedback,1,Negative,The platform is easy to use and useful for our daily operations.
FDBK0002455,CUST01865,2026-08-20,General Feedback,5,Positive,The platform has been useful for managing our business.
FDBK0002456,CUST01865,2026-06-25,Survey,4,Positive,The system has helped our team manage invoices more efficiently.
FDBK0002457,CUST01868,2025-10-10,Cancellation Feedback,5,Positive,We would like more value for the current subscription price.
FDBK0002458,CUST01868,2025-12-31,General Feedback,1,Negative,We like the product but the monthly cost is high.
FDBK0002459,CUST01868,2025-10-27,Cancellation Feedback,4,Positive,We would like more value for the current subscription price.
FDBK0002460,CUST01868,2025-03-18,Product Review,3,Neutral,The pricing is difficult for our business.
FDBK0002461,CUST01868,2025-09-19,Cancellation Feedback,4,Positive,The pricing is difficult for our business.
FDBK0002462,CUST01869,2025-08-05,Feature Request,4,Positive,The system has helped our team manage invoices more efficiently.
FDBK0002463,CUST01869,2025-03-11,Product Review,5,Positive,We especially like the reporting features.
FDBK0002464,CUST01871,2026-03-07,Feature Request,5,Positive,The platform is useful but the price is becoming expensive.
FDBK0002465,CUST01871,2026-01-29,Survey,2,Negative,We would like more value for the current subscription price.
FDBK0002466,CUST01871,2025-12-13,General Feedback,4,Positive,The pricing is difficult for our business.
FDBK0002467,CUST01872,2024-12-06,Feature Request,5,Positive,The platform is useful but the price is becoming expensive.
FDBK0002468,CUST01872,2024-11-22,Cancellation Feedback,5,Positive,We like the product but the monthly cost is high.
FDBK0002469,CUST01873,2026-03-30,Feature Request,4,Positive,Our usage of the platform has decreased recently.
FDBK0002470,CUST01873,2024-05-11,Survey,4,Positive,We are finding it difficult to get our team to use the platform regularly.
FDBK0002471,CUST01874,2026-02-28,Product Review,2,Negative,We are finding it difficult to get our team to use the platform regularly.
FDBK0002472,CUST01874,2026-07-30,General Feedback,3,Neutral,Some of the features are not being used by our team.
FDBK0002473,CUST01875,2026-09-12,Survey,3,Neutral,We are finding it difficult to get our team to use the platform regularly.
FDBK0002474,CUST01876,2026-07-24,Product Review,4,Positive,We are finding it difficult to get our team to use the platform regularly.
FDBK0002475,CUST01876,2025-08-25,Product Review,2,Negative,We are not using the platform as much as we expected.
FDBK0002476,CUST01877,2026-06-05,Product Review,1,Negative,We especially like the reporting features.
FDBK0002477,CUST01879,2026-07-05,Cancellation Feedback,4,Positive,Our usage of the platform has decreased recently.
FDBK0002478,CUST01879,2026-01-02,Survey,5,Positive,Our usage of the platform has decreased recently.
FDBK0002479,CUST01880,2024-10-04,General Feedback,5,Positive,We like the product but the monthly cost is high.
FDBK0002480,CUST01880,2024-08-08,Survey,4,Positive,We like the product but the monthly cost is high.
FDBK0002481,CUST01880,2025-03-25,Product Review,5,Positive,We would like more value for the current subscription price.
FDBK0002482,CUST01881,2025-07-06,Feature Request,1,Negative,We are happy with the features available.
FDBK0002483,CUST01881,2025-12-14,Feature Request,4,Positive,We especially like the reporting features.
FDBK0002484,CUST01882,2025-10-05,Product Review,5,Positive,The platform has been useful for managing our business.
FDBK0002485,CUST01883,2024-09-06,General Feedback,4,Positive,We would like more value for the current subscription price.
FDBK0002486,CUST01884,2025-07-21,General Feedback,5,Positive,The system has helped our team manage invoices more efficiently.
FDBK0002487,CUST01885,2025-01-31,Survey,5,Positive,We especially like the reporting features.
FDBK0002488,CUST01886,2025-06-25,Survey,2,Negative,We are finding it difficult to get our team to use the platform regularly.
FDBK0002489,CUST01887,2026-06-18,Cancellation Feedback,5,Positive,We especially like the reporting features.
FDBK0002490,CUST01889,2026-08-07,Feature Request,1,Negative,Some support requests took too long to resolve.
FDBK0002491,CUST01889,2026-07-14,General Feedback,1,Negative,Some support requests took too long to resolve.
FDBK0002492,CUST01889,2026-08-19,Product Review,2,Negative,We need faster responses when technical problems occur.
FDBK0002493,CUST01890,2026-04-10,Feature Request,2,Negative,We have experienced several issues with customer support.
FDBK0002494,CUST01891,2026-08-19,Cancellation Feedback,5,Positive,The system has helped our team manage invoices more efficiently.
FDBK0002495,CUST01891,2026-07-02,Survey,5,Positive,We especially like the reporting features.
FDBK0002496,CUST01892,2026-09-05,Product Review,2,Negative,Some of the features are not being used by our team.
FDBK0002497,CUST01893,2026-08-06,Product Review,3,Neutral,Some of the features are not being used by our team.
FDBK0002498,CUST01893,2025-10-12,Product Review,2,Negative,We are not using the platform as much as we expected.
FDBK0002499,CUST01893,2026-05-03,Product Review,4,Positive,Our usage of the platform has decreased recently.
FDBK0002500,CUST01894,2025-06-29,Survey,5,Positive,We are happy with the features available.
FDBK0002501,CUST01895,2025-04-24,Feature Request,5,Positive,The platform has been useful for managing our business.
FDBK0002502,CUST01897,2026-03-01,Feature Request,5,Positive,We are not using the platform as much as we expected.
FDBK0002503,CUST01898,2026-08-10,Product Review,2,Negative,The platform is useful but the price is becoming expensive.
FDBK0002504,CUST01898,2026-07-19,General Feedback,3,Neutral,The pricing is difficult for our business.
FDBK0002505,CUST01900,2026-07-11,Feature Request,2,Negative,Some of the features are not being used by our team.
FDBK0002506,CUST01900,2026-08-26,Feature Request,3,Neutral,We are finding it difficult to get our team to use the platform regularly.
FDBK0002507,CUST01900,2026-06-02,General Feedback,4,Positive,Our usage of the platform has decreased recently.
FDBK0002508,CUST01901,2025-03-18,General Feedback,4,Positive,We would like more value for the current subscription price.
FDBK0002509,CUST01901,2025-04-22,Product Review,3,Neutral,We like the product but the monthly cost is high.
FDBK0002510,CUST01902,2026-07-01,Product Review,5,Positive,The pricing is difficult for our business.
FDBK0002511,CUST01902,2026-09-17,Product Review,5,Positive,We like the product but the monthly cost is high.
FDBK0002512,CUST01904,2025-02-12,Cancellation Feedback,5,Positive,The platform is easy to use and useful for our daily operations.
FDBK0002513,CUST01904,2024-05-03,Cancellation Feedback,4,Positive,We especially like the reporting features.
FDBK0002514,CUST01905,2026-05-06,Feature Request,1,Negative,We are finding it difficult to get our team to use the platform regularly.
FDBK0002515,CUST01907,2025-08-26,Product Review,2,Negative,We need faster responses when technical problems occur.
FDBK0002516,CUST01907,2025-04-26,Survey,1,Negative,We have experienced several issues with customer support.
FDBK0002517,CUST01907,2025-04-04,Survey,1,Negative,The product is useful but support needs improvement.
FDBK0002518,CUST01907,2025-08-11,Survey,1,Negative,The product is useful but support needs improvement.
FDBK0002519,CUST01908,2024-11-21,General Feedback,4,Positive,The platform is easy to use and useful for our daily operations.
FDBK0002520,CUST01908,2024-12-26,Survey,5,Positive,We especially like the reporting features.
FDBK0002521,CUST01909,2025-12-17,Survey,5,Positive,The platform is easy to use and useful for our daily operations.
FDBK0002522,CUST01910,2025-06-17,General Feedback,2,Negative,We are not using the platform as much as we expected.
FDBK0002523,CUST01910,2025-11-02,Cancellation Feedback,3,Neutral,Our usage of the platform has decreased recently.
FDBK0002524,CUST01910,2025-04-14,Cancellation Feedback,1,Negative,We are not using the platform as much as we expected.
FDBK0002525,CUST01911,2025-03-07,Survey,2,Negative,Our usage of the platform has decreased recently.
FDBK0002526,CUST01912,2026-08-26,General Feedback,5,Positive,The product is useful but support needs improvement.
FDBK0002527,CUST01912,2026-03-06,Product Review,3,Neutral,The product is useful but support needs improvement.
FDBK0002528,CUST01913,2025-01-11,Feature Request,1,Negative,Our usage of the platform has decreased recently.
FDBK0002529,CUST01913,2025-12-08,General Feedback,2,Negative,Our usage of the platform has decreased recently.
FDBK0002530,CUST01914,2026-06-03,Survey,5,Positive,The platform is easy to use and useful for our daily operations.
FDBK0002531,CUST01916,2024-10-06,Feature Request,2,Negative,We are finding it difficult to get our team to use the platform regularly.
FDBK0002532,CUST01919,2024-05-28,Product Review,4,Positive,The platform is useful but the price is becoming expensive.
FDBK0002533,CUST01922,2024-11-08,Cancellation Feedback,3,Neutral,We need faster responses when technical problems occur.
FDBK0002534,CUST01922,2025-04-11,Product Review,2,Negative,The product is useful but support needs improvement.
FDBK0002535,CUST01922,2026-07-07,Feature Request,3,Neutral,We need faster responses when technical problems occur.
FDBK0002536,CUST01923,2026-06-21,General Feedback,3,Neutral,The platform is easy to use and useful for our daily operations.
FDBK0002537,CUST01923,2025-12-28,Cancellation Feedback,5,Positive,The platform is easy to use and useful for our daily operations.
FDBK0002538,CUST01924,2025-03-01,Feature Request,5,Positive,The platform has been useful for managing our business.
FDBK0002539,CUST01924,2025-12-29,Product Review,4,Positive,The system has helped our team manage invoices more efficiently.
FDBK0002540,CUST01925,2025-04-20,Survey,4,Positive,The pricing is difficult for our business.
FDBK0002541,CUST01925,2025-06-27,Survey,2,Negative,The platform is useful but the price is becoming expensive.
FDBK0002542,CUST01926,2024-12-05,Product Review,4,Positive,The platform has been useful for managing our business.
FDBK0002543,CUST01927,2026-08-21,Survey,5,Positive,We are happy with the features available.
FDBK0002544,CUST01929,2025-04-11,General Feedback,4,Positive,The system has helped our team manage invoices more efficiently.
FDBK0002545,CUST01932,2026-04-04,Product Review,4,Positive,Our usage of the platform has decreased recently.
FDBK0002546,CUST01933,2024-01-08,Survey,2,Negative,We would like more value for the current subscription price.
FDBK0002547,CUST01935,2026-07-27,Cancellation Feedback,2,Negative,We are finding it difficult to get our team to use the platform regularly.
FDBK0002548,CUST01936,2026-06-10,Survey,2,Negative,We have experienced several issues with customer support.
FDBK0002549,CUST01937,2025-05-08,Product Review,3,Neutral,We are not using the platform as much as we expected.
FDBK0002550,CUST01937,2025-05-10,Cancellation Feedback,4,Positive,We are not using the platform as much as we expected.
FDBK0002551,CUST01938,2026-08-07,Feature Request,3,Neutral,The pricing is difficult for our business.
FDBK0002552,CUST01939,2026-04-05,Product Review,4,Positive,We need faster responses when technical problems occur.
FDBK0002553,CUST01939,2025-11-18,Product Review,1,Negative,Some support requests took too long to resolve.
FDBK0002554,CUST01939,2026-05-04,Product Review,2,Negative,We have experienced several issues with customer support.
FDBK0002555,CUST01941,2026-01-30,Survey,5,Positive,The platform is easy to use and useful for our daily operations.
FDBK0002556,CUST01942,2024-09-12,Feature Request,4,Positive,Some support requests took too long to resolve.
FDBK0002557,CUST01943,2026-01-12,Cancellation Feedback,4,Positive,We are happy with the features available.
FDBK0002558,CUST01943,2024-09-24,Feature Request,4,Positive,We are happy with the features available.
FDBK0002559,CUST01944,2026-06-27,Product Review,5,Positive,The platform is useful but the price is becoming expensive.
FDBK0002560,CUST01945,2025-01-02,Feature Request,1,Negative,We need faster responses when technical problems occur.
FDBK0002561,CUST01945,2026-08-03,Survey,5,Positive,We need faster responses when technical problems occur.
FDBK0002562,CUST01946,2025-08-20,Survey,4,Positive,The system has helped our team manage invoices more efficiently.
FDBK0002563,CUST01947,2025-11-23,Feature Request,4,Positive,We especially like the reporting features.
FDBK0002564,CUST01947,2026-02-22,Survey,5,Positive,The platform has been useful for managing our business.
FDBK0002565,CUST01948,2024-04-23,Survey,4,Positive,We are happy with the features available.
FDBK0002566,CUST01948,2024-09-19,Cancellation Feedback,4,Positive,We are happy with the features available.
FDBK0002567,CUST01949,2025-02-02,Survey,3,Neutral,Some of the features are not being used by our team.
FDBK0002568,CUST01953,2025-02-09,Product Review,2,Negative,Some support requests took too long to resolve.
FDBK0002569,CUST01955,2026-07-02,Product Review,3,Neutral,We are not using the platform as much as we expected.
FDBK0002570,CUST01955,2025-07-03,Product Review,2,Negative,Some of the features are not being used by our team.
FDBK0002571,CUST01955,2026-04-24,Survey,4,Positive,Some of the features are not being used by our team.
FDBK0002572,CUST01956,2025-09-26,Survey,5,Positive,The platform has been useful for managing our business.
FDBK0002573,CUST01956,2025-11-15,Product Review,2,Negative,The platform is easy to use and useful for our daily operations.
FDBK0002574,CUST01957,2026-09-02,Survey,4,Positive,The platform is useful but the price is becoming expensive.
FDBK0002575,CUST01958,2026-06-04,Survey,3,Neutral,The product is useful but support needs improvement.
FDBK0002576,CUST01958,2026-04-26,Survey,4,Positive,The product is useful but support needs improvement.
FDBK0002577,CUST01959,2025-02-04,Survey,4,Positive,The platform is easy to use and useful for our daily operations.
FDBK0002578,CUST01959,2025-03-16,Product Review,4,Positive,The platform has been useful for managing our business.
FDBK0002579,CUST01959,2025-02-15,Survey,5,Positive,We especially like the reporting features.
FDBK0002580,CUST01960,2025-03-24,Survey,1,Negative,The pricing is difficult for our business.
FDBK0002581,CUST01961,2024-02-04,Product Review,4,Positive,The system has helped our team manage invoices more efficiently.
FDBK0002582,CUST01961,2025-03-25,Feature Request,5,Positive,The system has helped our team manage invoices more efficiently.
FDBK0002583,CUST01962,2025-11-02,Survey,4,Positive,We are happy with the features available.
FDBK0002584,CUST01962,2025-06-15,General Feedback,3,Neutral,We especially like the reporting features.
FDBK0002585,CUST01963,2025-01-18,Product Review,5,Positive,We need faster responses when technical problems occur.
FDBK0002586,CUST01963,2024-03-23,Survey,3,Neutral,We have experienced several issues with customer support.
FDBK0002587,CUST01963,2026-08-31,Survey,1,Negative,We have experienced several issues with customer support.
FDBK0002588,CUST01964,2026-01-02,Product Review,4,Positive,The platform is easy to use and useful for our daily operations.
FDBK0002589,CUST01964,2024-09-27,Survey,5,Positive,The platform has been useful for managing our business.
FDBK0002590,CUST01964,2025-04-22,General Feedback,4,Positive,We especially like the reporting features.
FDBK0002591,CUST01964,2024-11-30,General Feedback,4,Positive,The platform has been useful for managing our business.
FDBK0002592,CUST01966,2024-09-23,Product Review,4,Positive,The system has helped our team manage invoices more efficiently.
FDBK0002593,CUST01969,2025-08-02,Product Review,5,Positive,We especially like the reporting features.
FDBK0002594,CUST01970,2024-12-17,Feature Request,5,Positive,The system has helped our team manage invoices more efficiently.
FDBK0002595,CUST01973,2026-09-18,Feature Request,2,Negative,We are not using the platform as much as we expected.
FDBK0002596,CUST01973,2026-09-03,Product Review,4,Positive,Our usage of the platform has decreased recently.
FDBK0002597,CUST01973,2026-09-22,Cancellation Feedback,5,Positive,Some of the features are not being used by our team.
FDBK0002598,CUST01974,2024-09-12,General Feedback,5,Positive,We are not using the platform as much as we expected.
FDBK0002599,CUST01974,2025-05-18,Feature Request,4,Positive,We are finding it difficult to get our team to use the platform regularly.
FDBK0002600,CUST01974,2026-04-02,Survey,1,Negative,Our usage of the platform has decreased recently.
FDBK0002601,CUST01975,2026-01-30,Survey,5,Positive,We especially like the reporting features.
FDBK0002602,CUST01976,2025-03-16,Survey,2,Negative,We are happy with the features available.
FDBK0002603,CUST01977,2025-12-26,General Feedback,2,Negative,The product is useful but support needs improvement.
FDBK0002604,CUST01977,2026-02-06,Product Review,1,Negative,We have experienced several issues with customer support.
FDBK0002605,CUST01977,2025-03-31,Survey,4,Positive,We have experienced several issues with customer support.
FDBK0002606,CUST01977,2025-03-20,Cancellation Feedback,3,Neutral,The product is useful but support needs improvement.
FDBK0002607,CUST01977,2025-09-02,Cancellation Feedback,1,Negative,We need faster responses when technical problems occur.
FDBK0002608,CUST01978,2026-08-31,Product Review,3,Neutral,Some of the features are not being used by our team.
FDBK0002609,CUST01978,2026-05-27,Survey,4,Positive,Our usage of the platform has decreased recently.
FDBK0002610,CUST01979,2026-05-21,Feature Request,1,Negative,Some support requests took too long to resolve.
FDBK0002611,CUST01979,2026-03-21,Cancellation Feedback,5,Positive,Some support requests took too long to resolve.
FDBK0002612,CUST01981,2025-08-22,Survey,5,Positive,The platform has been useful for managing our business.
FDBK0002613,CUST01982,2026-08-30,Feature Request,3,Neutral,The system has helped our team manage invoices more efficiently.
FDBK0002614,CUST01982,2026-05-14,Product Review,5,Positive,We especially like the reporting features.
FDBK0002615,CUST01983,2026-03-29,Product Review,1,Negative,The product is useful but support needs improvement.
FDBK0002616,CUST01984,2025-12-23,Product Review,2,Negative,We are finding it difficult to get our team to use the platform regularly.
FDBK0002617,CUST01984,2025-12-03,Survey,5,Positive,We are finding it difficult to get our team to use the platform regularly.
FDBK0002618,CUST01985,2025-09-18,Cancellation Feedback,4,Positive,We need faster responses when technical problems occur.
FDBK0002619,CUST01985,2026-01-07,Cancellation Feedback,4,Positive,The product is useful but support needs improvement.
FDBK0002620,CUST01986,2026-06-23,Survey,3,Neutral,Some support requests took too long to resolve.
FDBK0002621,CUST01986,2026-06-07,Cancellation Feedback,1,Negative,We have experienced several issues with customer support.
FDBK0002622,CUST01987,2026-08-23,Survey,2,Negative,We like the product but the monthly cost is high.
FDBK0002623,CUST01988,2025-10-16,Product Review,4,Positive,We are happy with the features available.
FDBK0002624,CUST01989,2026-06-07,Product Review,5,Positive,The platform has been useful for managing our business.
FDBK0002625,CUST01989,2025-11-13,Survey,5,Positive,The system has helped our team manage invoices more efficiently.
FDBK0002626,CUST01990,2026-09-15,Survey,1,Negative,Some support requests took too long to resolve.
FDBK0002627,CUST01990,2026-09-05,Survey,2,Negative,We need faster responses when technical problems occur.
FDBK0002628,CUST01990,2026-09-19,Feature Request,2,Negative,We have experienced several issues with customer support.
FDBK0002629,CUST01991,2025-11-28,Feature Request,4,Positive,We are not using the platform as much as we expected.
FDBK0002630,CUST01992,2024-09-09,Product Review,4,Positive,Our usage of the platform has decreased recently.
FDBK0002631,CUST01992,2024-11-11,Cancellation Feedback,2,Negative,Some of the features are not being used by our team.
FDBK0002632,CUST01992,2024-09-07,Cancellation Feedback,3,Neutral,Some of the features are not being used by our team.
FDBK0002633,CUST01992,2024-10-14,Product Review,3,Neutral,We are not using the platform as much as we expected.
FDBK0002634,CUST01994,2026-05-14,Survey,4,Positive,The platform is easy to use and useful for our daily operations.
FDBK0002635,CUST01998,2024-02-07,Cancellation Feedback,2,Negative,We would like more value for the current subscription price.
FDBK0002636,CUST01998,2024-05-30,General Feedback,4,Positive,We like the product but the monthly cost is high.
FDBK0002637,CUST01998,2025-08-15,Survey,2,Negative,The platform is useful but the price is becoming expensive.
FDBK0002638,CUST01998,2024-12-15,Cancellation Feedback,3,Neutral,The platform is useful but the price is becoming expensive.
FDBK0002639,CUST01999,2025-01-03,Feature Request,1,Negative,Some of the features are not being used by our team.
FDBK0002640,CUST02000,2025-11-30,General Feedback,5,Positive,The platform has been useful for managing our business.
FDBK0002641,CUST02001,2026-09-19,Survey,5,Positive,We are happy with the features available.
FDBK0002642,CUST02001,2026-08-10,Cancellation Feedback,5,Positive,The platform is easy to use and useful for our daily operations.
FDBK0002643,CUST02001,2026-06-23,Product Review,5,Positive,We especially like the reporting features.
FDBK0002644,CUST02002,2026-09-03,Survey,2,Negative,The system has helped our team manage invoices more efficiently.
FDBK0002645,CUST02004,2026-03-13,Cancellation Feedback,2,Negative,The product is useful but support needs improvement.
FDBK0002646,CUST02005,2026-09-18,Feature Request,5,Positive,The platform has been useful for managing our business.
FDBK0002647,CUST02006,2025-09-27,Product Review,4,Positive,Some support requests took too long to resolve.
FDBK0002648,CUST02006,2025-03-01,General Feedback,1,Negative,We need faster responses when technical problems occur.
FDBK0002649,CUST02007,2026-09-06,Feature Request,1,Negative,We need faster responses when technical problems occur.
FDBK0002650,CUST02008,2026-01-13,Product Review,3,Neutral,Our usage of the platform has decreased recently.
FDBK0002651,CUST02008,2025-09-26,Product Review,3,Neutral,We are not using the platform as much as we expected.
FDBK0002652,CUST02008,2025-09-20,Feature Request,4,Positive,We are not using the platform as much as we expected.
FDBK0002653,CUST02009,2025-07-04,Cancellation Feedback,5,Positive,The platform has been useful for managing our business.
FDBK0002654,CUST02009,2025-10-03,Cancellation Feedback,5,Positive,We are happy with the features available.
FDBK0002655,CUST02010,2026-08-03,Survey,5,Positive,We are happy with the features available.
FDBK0002656,CUST02011,2025-06-11,Cancellation Feedback,2,Negative,Some support requests took too long to resolve.
FDBK0002657,CUST02012,2025-12-31,Cancellation Feedback,5,Positive,The platform has been useful for managing our business.
FDBK0002658,CUST02013,2024-11-09,Survey,4,Positive,We like the product but the monthly cost is high.
FDBK0002659,CUST02015,2026-02-13,Survey,2,Negative,Some of the features are not being used by our team.
FDBK0002660,CUST02016,2026-06-02,General Feedback,4,Positive,The platform has been useful for managing our business.
FDBK0002661,CUST02016,2026-09-03,Survey,5,Positive,The system has helped our team manage invoices more efficiently.
FDBK0002662,CUST02018,2025-11-14,General Feedback,4,Positive,The system has helped our team manage invoices more efficiently.
FDBK0002663,CUST02018,2026-04-01,General Feedback,5,Positive,The platform has been useful for managing our business.
FDBK0002664,CUST02018,2026-05-29,Survey,4,Positive,We are happy with the features available.
FDBK0002665,CUST02018,2026-09-09,Product Review,5,Positive,The system has helped our team manage invoices more efficiently.
FDBK0002666,CUST02019,2024-04-19,Product Review,3,Neutral,The platform is easy to use and useful for our daily operations.
FDBK0002667,CUST02019,2024-04-09,Cancellation Feedback,5,Positive,The platform is easy to use and useful for our daily operations.
FDBK0002668,CUST02019,2025-05-13,Cancellation Feedback,4,Positive,The platform has been useful for managing our business.
FDBK0002669,CUST02020,2026-04-30,Product Review,5,Positive,The platform has been useful for managing our business.
FDBK0002670,CUST02020,2026-08-06,Survey,4,Positive,We especially like the reporting features.
FDBK0002671,CUST02020,2026-05-10,General Feedback,3,Neutral,We especially like the reporting features.
FDBK0002672,CUST02021,2025-12-05,Survey,2,Negative,The platform is useful but the price is becoming expensive.
FDBK0002673,CUST02021,2026-02-01,General Feedback,4,Positive,The pricing is difficult for our business.
FDBK0002674,CUST02021,2024-07-12,General Feedback,4,Positive,We like the product but the monthly cost is high.
FDBK0002675,CUST02021,2026-04-14,Product Review,5,Positive,The pricing is difficult for our business.
FDBK0002676,CUST02022,2025-04-18,Cancellation Feedback,5,Positive,The platform has been useful for managing our business.
FDBK0002677,CUST02022,2024-11-04,Product Review,4,Positive,We especially like the reporting features.
FDBK0002678,CUST02023,2026-05-17,Product Review,5,Positive,We especially like the reporting features.
FDBK0002679,CUST02024,2025-12-31,Cancellation Feedback,4,Positive,We are happy with the features available.
FDBK0002680,CUST02024,2025-11-24,Cancellation Feedback,5,Positive,The platform is easy to use and useful for our daily operations.
FDBK0002681,CUST02027,2026-03-16,Survey,2,Negative,We need faster responses when technical problems occur.
FDBK0002682,CUST02027,2026-04-25,Survey,4,Positive,Some support requests took too long to resolve.
FDBK0002683,CUST02029,2026-02-21,Product Review,5,Positive,The platform is easy to use and useful for our daily operations.
FDBK0002684,CUST02031,2024-12-26,Cancellation Feedback,1,Negative,We need faster responses when technical problems occur.
FDBK0002685,CUST02031,2024-11-03,Cancellation Feedback,4,Positive,The product is useful but support needs improvement.
FDBK0002686,CUST02031,2025-05-07,Cancellation Feedback,3,Neutral,The product is useful but support needs improvement.
FDBK0002687,CUST02031,2025-08-25,Feature Request,3,Neutral,We have experienced several issues with customer support.
FDBK0002688,CUST02032,2026-01-13,General Feedback,1,Negative,Some support requests took too long to resolve.
FDBK0002689,CUST02033,2026-07-18,Product Review,4,Positive,The platform has been useful for managing our business.
FDBK0002690,CUST02035,2026-08-14,Product Review,3,Neutral,The platform is useful but the price is becoming expensive.
FDBK0002691,CUST02035,2026-07-10,Feature Request,3,Neutral,The platform is useful but the price is becoming expensive.
FDBK0002692,CUST02036,2026-05-22,Survey,4,Positive,We especially like the reporting features.
FDBK0002693,CUST02036,2026-06-01,Survey,5,Positive,We especially like the reporting features.
FDBK0002694,CUST02038,2025-09-21,Cancellation Feedback,2,Negative,The pricing is difficult for our business.
FDBK0002695,CUST02038,2025-09-08,Cancellation Feedback,4,Positive,The platform is useful but the price is becoming expensive.
FDBK0002696,CUST02038,2025-10-26,Feature Request,4,Positive,We would like more value for the current subscription price.
FDBK0002697,CUST02041,2026-07-17,Survey,4,Positive,We like the product but the monthly cost is high.
FDBK0002698,CUST02044,2026-07-02,Survey,5,Positive,We especially like the reporting features.
FDBK0002699,CUST02046,2025-06-05,Product Review,5,Positive,The platform is easy to use and useful for our daily operations.
FDBK0002700,CUST02046,2026-01-16,Feature Request,4,Positive,We are happy with the features available.
FDBK0002701,CUST02046,2025-05-15,Cancellation Feedback,5,Positive,The system has helped our team manage invoices more efficiently.
FDBK0002702,CUST02047,2026-03-12,General Feedback,5,Positive,The platform is useful but the price is becoming expensive.
FDBK0002703,CUST02048,2026-05-25,Feature Request,4,Positive,We are happy with the features available.
FDBK0002704,CUST02048,2026-07-18,Product Review,4,Positive,The platform has been useful for managing our business.
FDBK0002705,CUST02049,2026-07-23,Product Review,4,Positive,We are happy with the features available.
FDBK0002706,CUST02049,2026-06-03,Product Review,5,Positive,We are happy with the features available.
FDBK0002707,CUST02050,2026-01-14,Survey,5,Positive,The platform has been useful for managing our business.
FDBK0002708,CUST02051,2026-04-08,Survey,3,Neutral,We especially like the reporting features.
FDBK0002709,CUST02052,2025-05-04,Survey,4,Positive,The platform has been useful for managing our business.
FDBK0002710,CUST02052,2024-12-24,General Feedback,4,Positive,The system has helped our team manage invoices more efficiently.
FDBK0002711,CUST02052,2025-11-21,Survey,5,Positive,We are happy with the features available.
FDBK0002712,CUST02054,2025-08-02,General Feedback,4,Positive,The platform is easy to use and useful for our daily operations.
FDBK0002713,CUST02054,2026-01-21,Survey,5,Positive,We are happy with the features available.
FDBK0002714,CUST02055,2026-08-28,Product Review,4,Positive,We especially like the reporting features.
FDBK0002715,CUST02056,2025-05-22,Feature Request,1,Negative,The system has helped our team manage invoices more efficiently.
FDBK0002716,CUST02057,2026-06-09,Survey,2,Negative,We especially like the reporting features.
FDBK0002717,CUST02058,2026-08-10,Survey,5,Positive,The system has helped our team manage invoices more efficiently.
FDBK0002718,CUST02058,2026-06-29,Survey,5,Positive,We especially like the reporting features.
FDBK0002719,CUST02059,2025-09-21,Feature Request,4,Positive,The pricing is difficult for our business.
FDBK0002720,CUST02060,2025-10-16,Survey,3,Neutral,We would like more value for the current subscription price.
FDBK0002721,CUST02060,2025-10-07,Survey,4,Positive,We would like more value for the current subscription price.
FDBK0002722,CUST02061,2024-09-09,Product Review,5,Positive,The system has helped our team manage invoices more efficiently.
FDBK0002723,CUST02062,2026-06-09,Product Review,3,Neutral,We need faster responses when technical problems occur.
FDBK0002724,CUST02062,2026-08-02,General Feedback,2,Negative,The product is useful but support needs improvement.
FDBK0002725,CUST02063,2026-04-10,Survey,1,Negative,The product is useful but support needs improvement.
FDBK0002726,CUST02063,2025-11-16,Product Review,2,Negative,We have experienced several issues with customer support.
FDBK0002727,CUST02064,2024-10-24,Survey,2,Negative,The platform has been useful for managing our business.
FDBK0002728,CUST02064,2026-01-12,Product Review,5,Positive,The system has helped our team manage invoices more efficiently.
FDBK0002729,CUST02065,2025-09-11,General Feedback,3,Neutral,The product is useful but support needs improvement.
FDBK0002730,CUST02066,2026-05-12,Product Review,3,Neutral,We are happy with the features available.
FDBK0002731,CUST02067,2025-04-14,Product Review,5,Positive,We are finding it difficult to get our team to use the platform regularly.
FDBK0002732,CUST02067,2025-07-21,Cancellation Feedback,5,Positive,Our usage of the platform has decreased recently.
FDBK0002733,CUST02068,2026-09-09,Cancellation Feedback,3,Neutral,The pricing is difficult for our business.
FDBK0002734,CUST02070,2026-08-17,Product Review,1,Negative,We like the product but the monthly cost is high.
FDBK0002735,CUST02070,2026-07-27,Product Review,2,Negative,We like the product but the monthly cost is high.
FDBK0002736,CUST02071,2024-10-27,Product Review,4,Positive,The product is useful but support needs improvement.
FDBK0002737,CUST02071,2024-10-05,Feature Request,1,Negative,Some support requests took too long to resolve.
FDBK0002738,CUST02071,2024-10-18,General Feedback,1,Negative,We need faster responses when technical problems occur.
FDBK0002739,CUST02072,2025-07-22,Feature Request,2,Negative,We need faster responses when technical problems occur.
FDBK0002740,CUST02073,2026-09-20,Cancellation Feedback,4,Positive,The platform is easy to use and useful for our daily operations.
FDBK0002741,CUST02073,2026-09-22,Feature Request,4,Positive,The platform is easy to use and useful for our daily operations.
FDBK0002742,CUST02074,2026-03-03,Feature Request,1,Negative,We need faster responses when technical problems occur.
FDBK0002743,CUST02075,2026-09-16,Feature Request,1,Negative,The product is useful but support needs improvement.
FDBK0002744,CUST02075,2026-07-06,Product Review,1,Negative,We need faster responses when technical problems occur.
FDBK0002745,CUST02077,2026-03-10,Feature Request,2,Negative,The product is useful but support needs improvement.
FDBK0002746,CUST02078,2026-07-07,Feature Request,4,Positive,The system has helped our team manage invoices more efficiently.
FDBK0002747,CUST02079,2024-08-24,Survey,4,Positive,The platform has been useful for managing our business.
FDBK0002748,CUST02081,2025-11-03,Cancellation Feedback,1,Negative,The product is useful but support needs improvement.
FDBK0002749,CUST02082,2025-07-03,General Feedback,1,Negative,The platform is useful but the price is becoming expensive.
FDBK0002750,CUST02082,2025-08-06,Cancellation Feedback,5,Positive,We like the product but the monthly cost is high.
FDBK0002751,CUST02082,2025-06-14,Cancellation Feedback,1,Negative,We like the product but the monthly cost is high.
FDBK0002752,CUST02082,2025-06-02,Cancellation Feedback,4,Positive,The pricing is difficult for our business.
FDBK0002753,CUST02083,2026-09-07,Feature Request,1,Negative,Our usage of the platform has decreased recently.
FDBK0002754,CUST02084,2025-12-01,Survey,5,Positive,The system has helped our team manage invoices more efficiently.
FDBK0002755,CUST02084,2025-07-13,Feature Request,4,Positive,The system has helped our team manage invoices more efficiently.
FDBK0002756,CUST02085,2026-01-04,General Feedback,5,Positive,We would like more value for the current subscription price.
FDBK0002757,CUST02085,2026-07-24,General Feedback,4,Positive,The platform is useful but the price is becoming expensive.
FDBK0002758,CUST02086,2024-12-07,Product Review,3,Neutral,The platform has been useful for managing our business.
FDBK0002759,CUST02086,2025-08-25,Product Review,5,Positive,We are happy with the features available.
FDBK0002760,CUST02087,2024-08-17,General Feedback,1,Negative,The product is useful but support needs improvement.
FDBK0002761,CUST02087,2024-05-21,Cancellation Feedback,5,Positive,We have experienced several issues with customer support.
FDBK0002762,CUST02087,2024-11-08,Survey,1,Negative,The product is useful but support needs improvement.
FDBK0002763,CUST02088,2026-02-16,Survey,3,Neutral,The pricing is difficult for our business.
FDBK0002764,CUST02088,2025-01-13,Product Review,1,Negative,The platform is useful but the price is becoming expensive.
FDBK0002765,CUST02089,2026-01-24,Survey,3,Neutral,The platform has been useful for managing our business.
FDBK0002766,CUST02090,2024-01-02,Product Review,1,Negative,The platform is useful but the price is becoming expensive.
FDBK0002767,CUST02090,2026-04-11,General Feedback,4,Positive,We would like more value for the current subscription price.
FDBK0002768,CUST02090,2024-04-14,Survey,2,Negative,We like the product but the monthly cost is high.
FDBK0002769,CUST02091,2025-02-27,General Feedback,3,Neutral,Our usage of the platform has decreased recently.
FDBK0002770,CUST02091,2026-03-23,Cancellation Feedback,2,Negative,We are not using the platform as much as we expected.
FDBK0002771,CUST02091,2025-08-06,Survey,5,Positive,We are not using the platform as much as we expected.
FDBK0002772,CUST02091,2025-12-09,General Feedback,3,Neutral,Our usage of the platform has decreased recently.
FDBK0002773,CUST02092,2026-09-05,Product Review,5,Positive,We are happy with the features available.
FDBK0002774,CUST02093,2026-05-11,Cancellation Feedback,4,Positive,Some of the features are not being used by our team.
FDBK0002775,CUST02093,2024-10-14,Cancellation Feedback,5,Positive,Our usage of the platform has decreased recently.
FDBK0002776,CUST02093,2026-06-15,Survey,2,Negative,Some of the features are not being used by our team.
FDBK0002777,CUST02094,2025-11-09,Feature Request,5,Positive,We especially like the reporting features.
FDBK0002778,CUST02096,2026-06-18,General Feedback,5,Positive,The system has helped our team manage invoices more efficiently.
FDBK0002779,CUST02097,2026-06-06,Product Review,4,Positive,The platform has been useful for managing our business.
FDBK0002780,CUST02098,2026-06-25,Product Review,1,Negative,We are not using the platform as much as we expected.
FDBK0002781,CUST02100,2026-03-21,General Feedback,5,Positive,The platform has been useful for managing our business.
FDBK0002782,CUST02100,2025-02-24,Survey,4,Positive,We are happy with the features available.
FDBK0002783,CUST02103,2026-07-28,Feature Request,4,Positive,We are happy with the features available.
FDBK0002784,CUST02103,2025-12-19,Survey,5,Positive,We are happy with the features available.
FDBK0002785,CUST02107,2026-04-18,Feature Request,1,Negative,We need faster responses when technical problems occur.
FDBK0002786,CUST02107,2025-03-22,Survey,1,Negative,We need faster responses when technical problems occur.
FDBK0002787,CUST02107,2025-08-20,Product Review,1,Negative,We have experienced several issues with customer support.
FDBK0002788,CUST02110,2025-10-25,Feature Request,5,Positive,The platform is easy to use and useful for our daily operations.
FDBK0002789,CUST02111,2024-12-30,Cancellation Feedback,2,Negative,We would like more value for the current subscription price.
FDBK0002790,CUST02112,2026-08-21,Survey,5,Positive,We especially like the reporting features.
FDBK0002791,CUST02115,2026-04-13,Survey,1,Negative,We especially like the reporting features.
FDBK0002792,CUST02115,2025-04-13,Feature Request,5,Positive,The platform has been useful for managing our business.
FDBK0002793,CUST02117,2025-12-22,General Feedback,2,Negative,We have experienced several issues with customer support.
FDBK0002794,CUST02117,2024-02-16,Feature Request,5,Positive,We have experienced several issues with customer support.
FDBK0002795,CUST02119,2026-06-22,Product Review,5,Positive,The platform has been useful for managing our business.
FDBK0002796,CUST02119,2026-09-09,Product Review,5,Positive,The system has helped our team manage invoices more efficiently.
FDBK0002797,CUST02120,2026-03-29,Product Review,4,Positive,We are happy with the features available.
FDBK0002798,CUST02120,2026-06-11,Feature Request,5,Positive,The system has helped our team manage invoices more efficiently.
FDBK0002799,CUST02120,2026-05-14,Product Review,4,Positive,We are happy with the features available.
FDBK0002800,CUST02121,2024-10-17,Survey,5,Positive,The system has helped our team manage invoices more efficiently.
FDBK0002801,CUST02122,2026-06-13,Survey,4,Positive,We especially like the reporting features.
FDBK0002802,CUST02122,2026-07-13,Survey,5,Positive,We are happy with the features available.
FDBK0002803,CUST02122,2026-09-19,Cancellation Feedback,5,Positive,The platform is easy to use and useful for our daily operations.
FDBK0002804,CUST02122,2026-06-19,Product Review,2,Negative,The platform is easy to use and useful for our daily operations.
FDBK0002805,CUST02123,2026-01-31,General Feedback,2,Negative,The product is useful but support needs improvement.
FDBK0002806,CUST02124,2024-06-03,Survey,4,Positive,The platform is easy to use and useful for our daily operations.
FDBK0002807,CUST02124,2024-08-08,Feature Request,5,Positive,The platform is easy to use and useful for our daily operations.
FDBK0002808,CUST02125,2026-06-15,Product Review,2,Negative,We like the product but the monthly cost is high.
FDBK0002809,CUST02126,2026-04-16,Product Review,4,Positive,We especially like the reporting features.
FDBK0002810,CUST02129,2025-06-15,Feature Request,5,Positive,We especially like the reporting features.
FDBK0002811,CUST02129,2025-12-12,Product Review,5,Positive,The platform is easy to use and useful for our daily operations.
FDBK0002812,CUST02130,2025-07-28,General Feedback,1,Negative,We like the product but the monthly cost is high.
FDBK0002813,CUST02132,2026-03-21,Product Review,4,Positive,The platform has been useful for managing our business.
FDBK0002814,CUST02134,2025-12-09,General Feedback,1,Negative,The product is useful but support needs improvement.
FDBK0002815,CUST02134,2024-03-28,Survey,1,Negative,The product is useful but support needs improvement.
FDBK0002816,CUST02135,2025-09-03,Survey,5,Positive,We especially like the reporting features.
FDBK0002817,CUST02136,2026-09-23,Survey,5,Positive,The platform is easy to use and useful for our daily operations.
FDBK0002818,CUST02136,2026-09-13,Survey,4,Positive,We especially like the reporting features.
FDBK0002819,CUST02137,2026-02-24,Product Review,4,Positive,We are not using the platform as much as we expected.
FDBK0002820,CUST02138,2026-05-14,Survey,5,Positive,We especially like the reporting features.
FDBK0002821,CUST02140,2026-05-09,Product Review,4,Positive,We especially like the reporting features.
FDBK0002822,CUST02140,2026-07-30,Product Review,3,Neutral,The platform has been useful for managing our business.
FDBK0002823,CUST02142,2026-06-02,Product Review,3,Neutral,We are finding it difficult to get our team to use the platform regularly.
FDBK0002824,CUST02142,2026-08-15,Survey,2,Negative,Our usage of the platform has decreased recently.
FDBK0002825,CUST02143,2025-09-03,Cancellation Feedback,2,Negative,We are not using the platform as much as we expected.
FDBK0002826,CUST02144,2025-09-03,Feature Request,1,Negative,The pricing is difficult for our business.
FDBK0002827,CUST02144,2025-11-01,Product Review,1,Negative,The pricing is difficult for our business.
FDBK0002828,CUST02144,2026-07-24,General Feedback,3,Neutral,The pricing is difficult for our business.
FDBK0002829,CUST02145,2026-07-30,Survey,1,Negative,We have experienced several issues with customer support.
FDBK0002830,CUST02146,2025-12-23,General Feedback,2,Negative,We have experienced several issues with customer support.
FDBK0002831,CUST02146,2026-03-06,Survey,3,Neutral,We need faster responses when technical problems occur.
FDBK0002832,CUST02146,2026-09-07,Feature Request,2,Negative,We have experienced several issues with customer support.
FDBK0002833,CUST02147,2025-12-31,Cancellation Feedback,1,Negative,We are not using the platform as much as we expected.
FDBK0002834,CUST02148,2026-07-31,Feature Request,1,Negative,Our usage of the platform has decreased recently.
FDBK0002835,CUST02148,2026-02-19,Product Review,2,Negative,We are finding it difficult to get our team to use the platform regularly.
FDBK0002836,CUST02149,2026-01-28,General Feedback,3,Neutral,We have experienced several issues with customer support.
FDBK0002837,CUST02149,2026-09-10,Product Review,2,Negative,Some support requests took too long to resolve.
FDBK0002838,CUST02150,2026-02-25,Survey,1,Negative,We are not using the platform as much as we expected.
FDBK0002839,CUST02150,2026-03-22,Survey,3,Neutral,Our usage of the platform has decreased recently.
FDBK0002840,CUST02152,2026-08-09,Feature Request,5,Positive,The platform is easy to use and useful for our daily operations.
FDBK0002841,CUST02153,2026-05-09,Cancellation Feedback,4,Positive,We especially like the reporting features.
FDBK0002842,CUST02154,2024-12-03,General Feedback,4,Positive,The system has helped our team manage invoices more efficiently.
FDBK0002843,CUST02155,2026-07-12,Product Review,5,Positive,Some support requests took too long to resolve.
FDBK0002844,CUST02157,2025-07-11,Survey,3,Neutral,We have experienced several issues with customer support.
FDBK0002845,CUST02157,2026-01-11,Cancellation Feedback,1,Negative,Some support requests took too long to resolve.
FDBK0002846,CUST02158,2026-06-16,Survey,1,Negative,The platform is useful but the price is becoming expensive.
FDBK0002847,CUST02158,2026-06-28,Feature Request,3,Neutral,The pricing is difficult for our business.
FDBK0002848,CUST02158,2026-08-28,Feature Request,2,Negative,We like the product but the monthly cost is high.
FDBK0002849,CUST02159,2025-07-06,Survey,4,Positive,We have experienced several issues with customer support.
FDBK0002850,CUST02159,2026-03-07,Survey,2,Negative,Some support requests took too long to resolve.
FDBK0002851,CUST02160,2024-09-29,Survey,3,Neutral,The pricing is difficult for our business.
FDBK0002852,CUST02160,2026-01-13,Survey,3,Neutral,We would like more value for the current subscription price.
FDBK0002853,CUST02161,2025-04-10,Feature Request,5,Positive,The platform is easy to use and useful for our daily operations.
FDBK0002854,CUST02162,2026-08-26,Survey,1,Negative,We are finding it difficult to get our team to use the platform regularly.
FDBK0002855,CUST02163,2026-04-20,Feature Request,3,Neutral,We like the product but the monthly cost is high.
FDBK0002856,CUST02163,2025-06-27,Survey,2,Negative,We would like more value for the current subscription price.
FDBK0002857,CUST02163,2024-09-26,General Feedback,2,Negative,We would like more value for the current subscription price.
FDBK0002858,CUST02163,2024-09-18,Feature Request,3,Neutral,We like the product but the monthly cost is high.
FDBK0002859,CUST02165,2025-02-14,Product Review,1,Negative,Our usage of the platform has decreased recently.
FDBK0002860,CUST02165,2024-05-01,Survey,2,Negative,Our usage of the platform has decreased recently.
FDBK0002861,CUST02166,2025-04-14,Feature Request,4,Positive,The system has helped our team manage invoices more efficiently.
FDBK0002862,CUST02167,2024-12-29,Survey,2,Negative,We would like more value for the current subscription price.
FDBK0002863,CUST02168,2026-07-17,Product Review,4,Positive,The platform has been useful for managing our business.
FDBK0002864,CUST02169,2026-09-19,Feature Request,2,Negative,The product is useful but support needs improvement.
FDBK0002865,CUST02169,2026-05-19,Product Review,2,Negative,We have experienced several issues with customer support.
FDBK0002866,CUST02169,2026-08-30,Survey,4,Positive,We need faster responses when technical problems occur.
FDBK0002867,CUST02171,2025-04-11,Survey,5,Positive,The system has helped our team manage invoices more efficiently.
FDBK0002868,CUST02171,2026-05-24,Survey,5,Positive,The platform is easy to use and useful for our daily operations.
FDBK0002869,CUST02173,2025-03-17,Survey,4,Positive,The platform is easy to use and useful for our daily operations.
FDBK0002870,CUST02174,2025-12-17,Survey,3,Neutral,The platform is easy to use and useful for our daily operations.
FDBK0002871,CUST02174,2026-01-29,Survey,4,Positive,The platform has been useful for managing our business.
FDBK0002872,CUST02175,2026-04-29,Cancellation Feedback,1,Negative,The product is useful but support needs improvement.
FDBK0002873,CUST02175,2026-04-25,Product Review,2,Negative,We have experienced several issues with customer support.
FDBK0002874,CUST02176,2026-04-14,Product Review,5,Positive,The system has helped our team manage invoices more efficiently.
FDBK0002875,CUST02178,2026-02-05,General Feedback,5,Positive,We are happy with the features available.
FDBK0002876,CUST02179,2026-01-03,Product Review,1,Negative,Some support requests took too long to resolve.
FDBK0002877,CUST02179,2026-09-14,Survey,1,Negative,We need faster responses when technical problems occur.
FDBK0002878,CUST02179,2025-05-12,Survey,1,Negative,Some support requests took too long to resolve.
FDBK0002879,CUST02180,2026-02-22,General Feedback,3,Neutral,We have experienced several issues with customer support.
FDBK0002880,CUST02180,2025-03-04,Feature Request,2,Negative,Some support requests took too long to resolve.
FDBK0002881,CUST02181,2026-07-30,Survey,4,Positive,We especially like the reporting features.
FDBK0002882,CUST02181,2026-08-11,Feature Request,4,Positive,The platform has been useful for managing our business.
FDBK0002883,CUST02182,2026-02-09,Survey,4,Positive,The platform is easy to use and useful for our daily operations.
FDBK0002884,CUST02183,2025-03-04,Feature Request,5,Positive,We are happy with the features available.
FDBK0002885,CUST02183,2025-09-09,General Feedback,3,Neutral,The platform is easy to use and useful for our daily operations.
FDBK0002886,CUST02186,2026-07-02,Survey,1,Negative,The platform is useful but the price is becoming expensive.
FDBK0002887,CUST02186,2026-04-15,General Feedback,4,Positive,We like the product but the monthly cost is high.
FDBK0002888,CUST02186,2026-06-22,Feature Request,3,Neutral,We would like more value for the current subscription price.
FDBK0002889,CUST02186,2026-09-15,Product Review,3,Neutral,We would like more value for the current subscription price.
FDBK0002890,CUST02186,2025-10-24,Product Review,4,Positive,We like the product but the monthly cost is high.
FDBK0002891,CUST02187,2026-02-23,Feature Request,4,Positive,The platform has been useful for managing our business.
FDBK0002892,CUST02188,2024-07-18,Survey,2,Negative,We have experienced several issues with customer support.
FDBK0002893,CUST02189,2026-08-12,Feature Request,4,Positive,The system has helped our team manage invoices more efficiently.
FDBK0002894,CUST02189,2026-09-02,Survey,4,Positive,The platform has been useful for managing our business.
FDBK0002895,CUST02190,2025-09-05,Feature Request,5,Positive,We especially like the reporting features.
FDBK0002896,CUST02193,2026-07-02,Product Review,5,Positive,We especially like the reporting features.
FDBK0002897,CUST02193,2026-06-18,Survey,5,Positive,We are happy with the features available.
FDBK0002898,CUST02193,2026-08-10,General Feedback,1,Negative,The platform has been useful for managing our business.
FDBK0002899,CUST02196,2025-03-26,Cancellation Feedback,5,Positive,The pricing is difficult for our business.
FDBK0002900,CUST02197,2026-01-24,General Feedback,1,Negative,We need faster responses when technical problems occur.
FDBK0002901,CUST02200,2024-08-29,General Feedback,4,Positive,The system has helped our team manage invoices more efficiently.
FDBK0002902,CUST02201,2024-06-05,Survey,5,Positive,We are happy with the features available.
FDBK0002903,CUST02202,2026-01-28,Feature Request,2,Negative,The platform is useful but the price is becoming expensive.
FDBK0002904,CUST02203,2026-06-01,General Feedback,2,Negative,The product is useful but support needs improvement.
FDBK0002905,CUST02204,2025-12-27,Survey,2,Negative,We need faster responses when technical problems occur.
FDBK0002906,CUST02204,2025-11-18,Cancellation Feedback,2,Negative,The product is useful but support needs improvement.
FDBK0002907,CUST02205,2025-06-14,Survey,3,Neutral,We are happy with the features available.
FDBK0002908,CUST02205,2026-09-16,Feature Request,4,Positive,We especially like the reporting features.
FDBK0002909,CUST02208,2025-03-21,General Feedback,2,Negative,We are happy with the features available.
FDBK0002910,CUST02208,2026-03-12,Survey,5,Positive,We are happy with the features available.
FDBK0002911,CUST02209,2026-05-02,Survey,3,Neutral,The product is useful but support needs improvement.
FDBK0002912,CUST02212,2026-07-03,Survey,2,Negative,Some support requests took too long to resolve.
FDBK0002913,CUST02214,2026-08-12,Survey,5,Positive,The platform has been useful for managing our business.
FDBK0002914,CUST02214,2026-07-31,Survey,4,Positive,The system has helped our team manage invoices more efficiently.
FDBK0002915,CUST02215,2025-12-26,Feature Request,5,Positive,We are happy with the features available.
FDBK0002916,CUST02216,2025-12-13,Cancellation Feedback,3,Neutral,We are finding it difficult to get our team to use the platform regularly.
FDBK0002917,CUST02216,2025-12-09,General Feedback,3,Neutral,Some of the features are not being used by our team.
FDBK0002918,CUST02216,2025-12-31,General Feedback,4,Positive,We are finding it difficult to get our team to use the platform regularly.
FDBK0002919,CUST02216,2026-05-26,Cancellation Feedback,3,Neutral,We are finding it difficult to get our team to use the platform regularly.
FDBK0002920,CUST02220,2025-10-21,Product Review,5,Positive,The platform has been useful for managing our business.
FDBK0002921,CUST02221,2026-08-08,Product Review,3,Neutral,We are happy with the features available.
FDBK0002922,CUST02222,2026-03-16,General Feedback,5,Positive,The system has helped our team manage invoices more efficiently.
FDBK0002923,CUST02222,2026-01-30,Feature Request,5,Positive,We are happy with the features available.
FDBK0002924,CUST02224,2024-02-21,Feature Request,4,Positive,Our usage of the platform has decreased recently.
FDBK0002925,CUST02224,2024-02-11,Feature Request,3,Neutral,Our usage of the platform has decreased recently.
FDBK0002926,CUST02224,2023-10-24,Cancellation Feedback,5,Positive,We are finding it difficult to get our team to use the platform regularly.
FDBK0002927,CUST02224,2024-01-04,Survey,4,Positive,We are not using the platform as much as we expected.
FDBK0002928,CUST02225,2025-08-08,Cancellation Feedback,4,Positive,Some of the features are not being used by our team.
FDBK0002929,CUST02225,2025-07-26,Cancellation Feedback,3,Neutral,Our usage of the platform has decreased recently.
FDBK0002930,CUST02227,2026-05-03,Survey,2,Negative,Some support requests took too long to resolve.
FDBK0002931,CUST02228,2025-06-08,Survey,4,Positive,We need faster responses when technical problems occur.
FDBK0002932,CUST02228,2025-11-02,General Feedback,1,Negative,We need faster responses when technical problems occur.
FDBK0002933,CUST02228,2026-04-22,Survey,1,Negative,Some support requests took too long to resolve.
FDBK0002934,CUST02229,2026-05-20,Survey,2,Negative,The product is useful but support needs improvement.
FDBK0002935,CUST02229,2026-07-29,Product Review,2,Negative,Some support requests took too long to resolve.
FDBK0002936,CUST02230,2026-08-17,Survey,4,Positive,The platform is easy to use and useful for our daily operations.
FDBK0002937,CUST02230,2026-09-17,Survey,5,Positive,We especially like the reporting features.
FDBK0002938,CUST02230,2024-08-06,General Feedback,5,Positive,We especially like the reporting features.
FDBK0002939,CUST02231,2026-09-02,Survey,2,Negative,Some support requests took too long to resolve.
FDBK0002940,CUST02231,2026-04-05,Product Review,1,Negative,The product is useful but support needs improvement.
FDBK0002941,CUST02231,2026-08-25,Survey,3,Neutral,We need faster responses when technical problems occur.
FDBK0002942,CUST02234,2025-09-22,Product Review,5,Positive,The platform has been useful for managing our business.
FDBK0002943,CUST02234,2026-03-09,Survey,5,Positive,The platform has been useful for managing our business.
FDBK0002944,CUST02235,2025-10-04,Survey,5,Positive,We especially like the reporting features.
FDBK0002945,CUST02236,2025-12-15,General Feedback,4,Positive,The platform has been useful for managing our business.
FDBK0002946,CUST02236,2026-04-21,Survey,2,Negative,The platform has been useful for managing our business.
FDBK0002947,CUST02238,2025-11-21,Feature Request,5,Positive,The system has helped our team manage invoices more efficiently.
FDBK0002948,CUST02239,2024-07-16,Cancellation Feedback,3,Neutral,We are finding it difficult to get our team to use the platform regularly.
FDBK0002949,CUST02239,2024-06-04,Cancellation Feedback,4,Positive,Some of the features are not being used by our team.
FDBK0002950,CUST02240,2025-07-24,Cancellation Feedback,3,Neutral,Our usage of the platform has decreased recently.
FDBK0002951,CUST02240,2025-09-05,Cancellation Feedback,4,Positive,Our usage of the platform has decreased recently.
FDBK0002952,CUST02240,2025-06-21,Cancellation Feedback,1,Negative,We are finding it difficult to get our team to use the platform regularly.
FDBK0002953,CUST02241,2026-06-12,General Feedback,5,Positive,We are happy with the features available.
FDBK0002954,CUST02241,2025-05-30,Product Review,5,Positive,The platform is easy to use and useful for our daily operations.
FDBK0002955,CUST02243,2025-03-16,Survey,3,Neutral,The platform is easy to use and useful for our daily operations.
FDBK0002956,CUST02245,2024-09-14,Product Review,5,Positive,The system has helped our team manage invoices more efficiently.
FDBK0002957,CUST02245,2024-07-03,Survey,5,Positive,We are happy with the features available.
FDBK0002958,CUST02248,2026-01-18,General Feedback,4,Positive,We especially like the reporting features.
FDBK0002959,CUST02248,2024-06-24,Survey,5,Positive,The platform has been useful for managing our business.
FDBK0002960,CUST02249,2026-03-18,Survey,4,Positive,The platform is useful but the price is becoming expensive.
FDBK0002961,CUST02249,2025-05-23,Cancellation Feedback,1,Negative,We would like more value for the current subscription price.
FDBK0002962,CUST02249,2024-03-19,General Feedback,3,Neutral,We would like more value for the current subscription price.
FDBK0002963,CUST02250,2026-01-09,Cancellation Feedback,4,Positive,The system has helped our team manage invoices more efficiently.
FDBK0002964,CUST02250,2025-02-01,Survey,5,Positive,We especially like the reporting features.
FDBK0002965,CUST02250,2025-05-26,Survey,3,Neutral,We especially like the reporting features.
FDBK0002966,CUST02250,2025-01-22,General Feedback,5,Positive,The platform is easy to use and useful for our daily operations.
FDBK0002967,CUST02251,2024-01-30,Cancellation Feedback,2,Negative,We need faster responses when technical problems occur.
FDBK0002968,CUST02253,2024-06-21,Product Review,2,Negative,Our usage of the platform has decreased recently.
FDBK0002969,CUST02254,2026-08-08,Product Review,5,Positive,The platform is easy to use and useful for our daily operations.
FDBK0002970,CUST02254,2026-06-04,Product Review,5,Positive,The system has helped our team manage invoices more efficiently.
FDBK0002971,CUST02255,2024-12-03,Survey,2,Negative,We need faster responses when technical problems occur.
FDBK0002972,CUST02255,2025-11-07,General Feedback,2,Negative,We need faster responses when technical problems occur.
FDBK0002973,CUST02256,2025-11-01,Product Review,3,Neutral,Some support requests took too long to resolve.
FDBK0002974,CUST02256,2026-05-29,General Feedback,1,Negative,Some support requests took too long to resolve.
FDBK0002975,CUST02259,2024-10-16,Feature Request,1,Negative,Some of the features are not being used by our team.
FDBK0002976,CUST02260,2025-12-18,Survey,4,Positive,The product is useful but support needs improvement.
FDBK0002977,CUST02262,2026-08-06,Product Review,3,Neutral,The pricing is difficult for our business.
FDBK0002978,CUST02262,2025-12-05,Survey,3,Neutral,We like the product but the monthly cost is high.
FDBK0002979,CUST02262,2026-02-20,Survey,1,Negative,The pricing is difficult for our business.
FDBK0002980,CUST02262,2025-03-07,Product Review,1,Negative,The pricing is difficult for our business.
FDBK0002981,CUST02263,2025-10-09,Survey,4,Positive,The pricing is difficult for our business.
FDBK0002982,CUST02263,2026-01-17,Survey,4,Positive,The platform is useful but the price is becoming expensive.
FDBK0002983,CUST02263,2026-03-18,Feature Request,3,Neutral,We like the product but the monthly cost is high.
FDBK0002984,CUST02264,2026-02-07,General Feedback,3,Neutral,The product is useful but support needs improvement.
FDBK0002985,CUST02265,2024-06-08,Feature Request,5,Positive,We especially like the reporting features.
FDBK0002986,CUST02266,2026-06-10,Product Review,3,Neutral,We need faster responses when technical problems occur.
FDBK0002987,CUST02266,2026-02-23,General Feedback,2,Negative,We have experienced several issues with customer support.
FDBK0002988,CUST02267,2025-06-27,Feature Request,3,Neutral,We are happy with the features available.
FDBK0002989,CUST02267,2025-10-26,General Feedback,5,Positive,The system has helped our team manage invoices more efficiently.
FDBK0002990,CUST02268,2026-09-14,Feature Request,2,Negative,Some support requests took too long to resolve.
FDBK0002991,CUST02269,2024-06-30,Feature Request,4,Positive,Some of the features are not being used by our team.
FDBK0002992,CUST02270,2024-09-02,General Feedback,4,Positive,The system has helped our team manage invoices more efficiently.
FDBK0002993,CUST02271,2026-05-31,Feature Request,4,Positive,We especially like the reporting features.
FDBK0002994,CUST02272,2025-09-27,General Feedback,4,Positive,The pricing is difficult for our business.
FDBK0002995,CUST02273,2026-01-19,Survey,5,Positive,We are happy with the features available.
FDBK0002996,CUST02273,2026-03-18,Product Review,4,Positive,We are happy with the features available.
FDBK0002997,CUST02274,2026-07-23,Survey,1,Negative,The system has helped our team manage invoices more efficiently.
FDBK0002998,CUST02275,2025-09-16,Product Review,2,Negative,We are not using the platform as much as we expected.
FDBK0002999,CUST02276,2026-05-25,Survey,1,Negative,Some support requests took too long to resolve.
FDBK0003000,CUST02276,2026-03-28,Survey,5,Positive,We have experienced several issues with customer support.
FDBK0003001,CUST02277,2025-08-07,Feature Request,5,Positive,The platform is easy to use and useful for our daily operations.
FDBK0003002,CUST02278,2026-08-11,Feature Request,4,Positive,We are not using the platform as much as we expected.
FDBK0003003,CUST02278,2026-03-21,Feature Request,1,Negative,Our usage of the platform has decreased recently.
FDBK0003004,CUST02279,2024-11-23,Feature Request,5,Positive,We especially like the reporting features.
FDBK0003005,CUST02282,2026-06-09,Feature Request,4,Positive,Some support requests took too long to resolve.
FDBK0003006,CUST02282,2026-03-12,Survey,2,Negative,We need faster responses when technical problems occur.
FDBK0003007,CUST02283,2026-01-05,Survey,5,Positive,The pricing is difficult for our business.
FDBK0003008,CUST02283,2026-01-17,Survey,2,Negative,We like the product but the monthly cost is high.
FDBK0003009,CUST02284,2024-02-02,Cancellation Feedback,2,Negative,We have experienced several issues with customer support.
FDBK0003010,CUST02284,2025-01-21,Feature Request,3,Neutral,We need faster responses when technical problems occur.
FDBK0003011,CUST02286,2025-05-13,Survey,3,Neutral,We would like more value for the current subscription price.
FDBK0003012,CUST02286,2026-02-28,Survey,4,Positive,The platform is useful but the price is becoming expensive.
FDBK0003013,CUST02286,2026-09-06,General Feedback,3,Neutral,The pricing is difficult for our business.
FDBK0003014,CUST02286,2025-02-22,Survey,3,Neutral,We like the product but the monthly cost is high.
FDBK0003015,CUST02289,2023-12-30,General Feedback,4,Positive,The platform is easy to use and useful for our daily operations.
FDBK0003016,CUST02289,2025-05-10,Survey,5,Positive,We especially like the reporting features.
FDBK0003017,CUST02289,2026-03-04,General Feedback,4,Positive,We especially like the reporting features.
FDBK0003018,CUST02290,2025-01-08,General Feedback,2,Negative,The pricing is difficult for our business.
FDBK0003019,CUST02290,2025-05-05,General Feedback,4,Positive,We would like more value for the current subscription price.
FDBK0003020,CUST02291,2026-05-29,General Feedback,5,Positive,The system has helped our team manage invoices more efficiently.
FDBK0003021,CUST02293,2026-05-25,Survey,2,Negative,The system has helped our team manage invoices more efficiently.
FDBK0003022,CUST02293,2026-06-25,Feature Request,5,Positive,The platform has been useful for managing our business.
FDBK0003023,CUST02295,2026-07-01,Cancellation Feedback,3,Neutral,The platform is easy to use and useful for our daily operations.
FDBK0003024,CUST02295,2026-08-01,General Feedback,4,Positive,The platform has been useful for managing our business.
FDBK0003025,CUST02296,2026-02-04,Survey,5,Positive,We are happy with the features available.
FDBK0003026,CUST02297,2026-06-19,Cancellation Feedback,5,Positive,We especially like the reporting features.
FDBK0003027,CUST02297,2025-11-25,Product Review,5,Positive,The system has helped our team manage invoices more efficiently.
FDBK0003028,CUST02298,2024-07-10,Cancellation Feedback,4,Positive,We are happy with the features available.
FDBK0003029,CUST02298,2024-06-28,Cancellation Feedback,5,Positive,The system has helped our team manage invoices more efficiently.
FDBK0003030,CUST02299,2026-01-05,Product Review,5,Positive,We are happy with the features available.
FDBK0003031,CUST02299,2025-06-16,Product Review,5,Positive,The platform is easy to use and useful for our daily operations.
FDBK0003032,CUST02299,2026-06-27,Product Review,2,Negative,The platform has been useful for managing our business.
FDBK0003033,CUST02299,2026-07-27,Feature Request,4,Positive,We are happy with the features available.
FDBK0003034,CUST02301,2025-07-12,Feature Request,4,Positive,We especially like the reporting features.
FDBK0003035,CUST02302,2026-08-06,Survey,2,Negative,We have experienced several issues with customer support.
FDBK0003036,CUST02302,2026-04-09,Product Review,2,Negative,Some support requests took too long to resolve.
FDBK0003037,CUST02302,2026-04-07,General Feedback,1,Negative,Some support requests took too long to resolve.
FDBK0003038,CUST02302,2026-04-12,Product Review,2,Negative,The product is useful but support needs improvement.
FDBK0003039,CUST02302,2026-04-12,Product Review,1,Negative,Some support requests took too long to resolve.
FDBK0003040,CUST02303,2025-01-01,Feature Request,3,Neutral,We need faster responses when technical problems occur.
FDBK0003041,CUST02305,2026-06-06,Product Review,2,Negative,The platform is useful but the price is becoming expensive.
FDBK0003042,CUST02306,2025-10-20,Product Review,5,Positive,The system has helped our team manage invoices more efficiently.
FDBK0003043,CUST02307,2026-05-11,Survey,2,Negative,The platform is useful but the price is becoming expensive.
FDBK0003044,CUST02308,2026-08-17,Survey,5,Positive,The platform has been useful for managing our business.
FDBK0003045,CUST02308,2026-09-11,Product Review,3,Neutral,The system has helped our team manage invoices more efficiently.
FDBK0003046,CUST02309,2026-08-19,Product Review,5,Positive,The system has helped our team manage invoices more efficiently.
FDBK0003047,CUST02309,2026-05-07,Survey,4,Positive,We especially like the reporting features.
FDBK0003048,CUST02309,2025-02-14,Survey,4,Positive,We especially like the reporting features.
FDBK0003049,CUST02310,2025-09-07,Survey,2,Negative,Some of the features are not being used by our team.
FDBK0003050,CUST02310,2026-04-10,Product Review,2,Negative,We are finding it difficult to get our team to use the platform regularly.
FDBK0003051,CUST02311,2026-08-02,Feature Request,2,Negative,The product is useful but support needs improvement.
FDBK0003052,CUST02311,2026-06-28,Product Review,3,Neutral,The product is useful but support needs improvement.
FDBK0003053,CUST02312,2025-11-22,General Feedback,1,Negative,We are not using the platform as much as we expected.
FDBK0003054,CUST02312,2026-05-05,General Feedback,3,Neutral,We are not using the platform as much as we expected.
FDBK0003055,CUST02312,2026-08-15,Survey,4,Positive,Our usage of the platform has decreased recently.
FDBK0003056,CUST02312,2025-01-21,Survey,1,Negative,We are finding it difficult to get our team to use the platform regularly.
FDBK0003057,CUST02312,2025-07-20,Survey,3,Neutral,Some of the features are not being used by our team.
FDBK0003058,CUST02313,2025-07-23,Survey,4,Positive,The platform is useful but the price is becoming expensive.
FDBK0003059,CUST02313,2025-06-12,Feature Request,3,Neutral,The platform is useful but the price is becoming expensive.
FDBK0003060,CUST02313,2024-12-06,Feature Request,2,Negative,The pricing is difficult for our business.
FDBK0003061,CUST02313,2024-12-25,Survey,4,Positive,The platform is useful but the price is becoming expensive.
FDBK0003062,CUST02313,2025-12-02,Survey,1,Negative,We would like more value for the current subscription price.
FDBK0003063,CUST02314,2026-07-05,Feature Request,3,Neutral,Our usage of the platform has decreased recently.
FDBK0003064,CUST02314,2025-04-20,Survey,3,Neutral,We are not using the platform as much as we expected.
FDBK0003065,CUST02316,2026-09-19,Survey,2,Negative,The platform is useful but the price is becoming expensive.
FDBK0003066,CUST02316,2026-08-20,Survey,3,Neutral,The pricing is difficult for our business.
FDBK0003067,CUST02316,2026-08-27,Feature Request,4,Positive,The pricing is difficult for our business.
FDBK0003068,CUST02317,2025-01-01,Survey,4,Positive,The system has helped our team manage invoices more efficiently.
FDBK0003069,CUST02318,2024-12-03,Product Review,2,Negative,We are happy with the features available.
FDBK0003070,CUST02321,2026-04-27,Product Review,5,Positive,We are happy with the features available.
FDBK0003071,CUST02321,2025-06-21,Cancellation Feedback,5,Positive,The platform is easy to use and useful for our daily operations.
FDBK0003072,CUST02322,2026-08-23,Product Review,5,Positive,The system has helped our team manage invoices more efficiently.
FDBK0003073,CUST02322,2026-07-17,Product Review,5,Positive,The system has helped our team manage invoices more efficiently.
FDBK0003074,CUST02323,2026-02-17,Product Review,4,Positive,Some support requests took too long to resolve.
FDBK0003075,CUST02323,2026-03-31,Feature Request,1,Negative,We have experienced several issues with customer support.
FDBK0003076,CUST02323,2026-09-01,Product Review,2,Negative,We have experienced several issues with customer support.
FDBK0003077,CUST02325,2026-02-11,Feature Request,3,Neutral,The system has helped our team manage invoices more efficiently.
FDBK0003078,CUST02325,2026-08-05,Survey,5,Positive,We especially like the reporting features.
FDBK0003079,CUST02325,2026-04-13,Survey,3,Neutral,We are happy with the features available.
FDBK0003080,CUST02325,2026-03-09,Survey,3,Neutral,We are happy with the features available.
FDBK0003081,CUST02326,2025-06-11,Survey,4,Positive,We like the product but the monthly cost is high.
FDBK0003082,CUST02327,2026-01-14,General Feedback,2,Negative,The platform has been useful for managing our business.
FDBK0003083,CUST02328,2025-02-21,Feature Request,1,Negative,Some support requests took too long to resolve.
FDBK0003084,CUST02328,2025-07-07,Cancellation Feedback,2,Negative,We have experienced several issues with customer support.
FDBK0003085,CUST02328,2024-10-18,Cancellation Feedback,2,Negative,The product is useful but support needs improvement.
FDBK0003086,CUST02331,2025-07-17,Cancellation Feedback,1,Negative,Our usage of the platform has decreased recently.
FDBK0003087,CUST02332,2024-11-10,Cancellation Feedback,1,Negative,Our usage of the platform has decreased recently.
FDBK0003088,CUST02333,2026-08-04,Product Review,4,Positive,The platform is easy to use and useful for our daily operations.
FDBK0003089,CUST02333,2026-04-23,General Feedback,4,Positive,We are happy with the features available.
FDBK0003090,CUST02334,2025-12-14,Product Review,2,Negative,The system has helped our team manage invoices more efficiently.
FDBK0003091,CUST02334,2026-05-28,Feature Request,5,Positive,We are happy with the features available.
FDBK0003092,CUST02335,2026-05-05,Cancellation Feedback,2,Negative,Our usage of the platform has decreased recently.
FDBK0003093,CUST02335,2025-09-26,Cancellation Feedback,1,Negative,We are not using the platform as much as we expected.
FDBK0003094,CUST02335,2025-06-21,General Feedback,1,Negative,We are not using the platform as much as we expected.
FDBK0003095,CUST02336,2026-03-09,Feature Request,5,Positive,The system has helped our team manage invoices more efficiently.
FDBK0003096,CUST02336,2026-06-01,Feature Request,4,Positive,We are happy with the features available.
FDBK0003097,CUST02337,2025-05-05,Survey,4,Positive,We especially like the reporting features.
FDBK0003098,CUST02339,2025-01-06,General Feedback,4,Positive,We especially like the reporting features.
FDBK0003099,CUST02339,2024-08-11,General Feedback,3,Neutral,The platform is easy to use and useful for our daily operations.
FDBK0003100,CUST02342,2026-07-23,Survey,4,Positive,We are happy with the features available.
FDBK0003101,CUST02344,2024-09-15,General Feedback,3,Neutral,We need faster responses when technical problems occur.
FDBK0003102,CUST02344,2025-03-16,General Feedback,1,Negative,We have experienced several issues with customer support.
FDBK0003103,CUST02344,2026-06-12,Survey,4,Positive,We have experienced several issues with customer support.
FDBK0003104,CUST02344,2026-08-30,Product Review,2,Negative,We need faster responses when technical problems occur.
FDBK0003105,CUST02346,2026-05-24,Survey,3,Neutral,We like the product but the monthly cost is high.
FDBK0003106,CUST02348,2025-01-20,Product Review,1,Negative,The platform is useful but the price is becoming expensive.
FDBK0003107,CUST02348,2023-12-31,Cancellation Feedback,3,Neutral,We like the product but the monthly cost is high.
FDBK0003108,CUST02348,2025-11-21,Feature Request,3,Neutral,The platform is useful but the price is becoming expensive.
FDBK0003109,CUST02350,2025-09-03,Cancellation Feedback,2,Negative,Some support requests took too long to resolve.
FDBK0003110,CUST02350,2025-08-05,Cancellation Feedback,3,Neutral,We have experienced several issues with customer support.
FDBK0003111,CUST02350,2025-06-14,Product Review,3,Neutral,We need faster responses when technical problems occur.
FDBK0003112,CUST02350,2025-06-22,Product Review,2,Negative,Some support requests took too long to resolve.
FDBK0003113,CUST02351,2025-09-28,Feature Request,4,Positive,We like the product but the monthly cost is high.
FDBK0003114,CUST02352,2026-07-19,Survey,5,Positive,The platform is easy to use and useful for our daily operations.
FDBK0003115,CUST02352,2026-04-03,Survey,5,Positive,The system has helped our team manage invoices more efficiently.
FDBK0003116,CUST02352,2023-11-16,Survey,5,Positive,The platform has been useful for managing our business.
FDBK0003117,CUST02354,2026-02-02,Survey,3,Neutral,Our usage of the platform has decreased recently.
FDBK0003118,CUST02354,2026-05-12,Survey,3,Neutral,Our usage of the platform has decreased recently.
FDBK0003119,CUST02355,2026-04-27,General Feedback,5,Positive,We are happy with the features available.
FDBK0003120,CUST02356,2026-08-08,Survey,5,Positive,The platform has been useful for managing our business.
FDBK0003121,CUST02359,2025-10-27,Survey,4,Positive,Our usage of the platform has decreased recently.
FDBK0003122,CUST02359,2025-12-25,Survey,1,Negative,Some of the features are not being used by our team.
FDBK0003123,CUST02360,2024-06-03,Cancellation Feedback,5,Positive,Some of the features are not being used by our team.
FDBK0003124,CUST02360,2024-07-08,Feature Request,4,Positive,We are finding it difficult to get our team to use the platform regularly.
FDBK0003125,CUST02361,2026-07-18,Feature Request,3,Neutral,We are not using the platform as much as we expected.
FDBK0003126,CUST02362,2025-07-15,Survey,4,Positive,The platform is easy to use and useful for our daily operations.
FDBK0003127,CUST02362,2026-04-07,Feature Request,4,Positive,The platform has been useful for managing our business.
FDBK0003128,CUST02365,2026-09-20,General Feedback,1,Negative,We need faster responses when technical problems occur.
FDBK0003129,CUST02365,2026-07-31,Product Review,4,Positive,The product is useful but support needs improvement.
FDBK0003130,CUST02368,2026-05-11,Feature Request,2,Negative,Some of the features are not being used by our team.
FDBK0003131,CUST02368,2026-03-26,Survey,3,Neutral,Our usage of the platform has decreased recently.
FDBK0003132,CUST02369,2026-09-23,Survey,1,Negative,We need faster responses when technical problems occur.
FDBK0003133,CUST02369,2024-10-16,General Feedback,2,Negative,We have experienced several issues with customer support.
FDBK0003134,CUST02370,2025-06-19,Survey,5,Positive,The product is useful but support needs improvement.
FDBK0003135,CUST02370,2025-12-20,Product Review,1,Negative,Some support requests took too long to resolve.
FDBK0003136,CUST02373,2026-05-09,Survey,4,Positive,The pricing is difficult for our business.
FDBK0003137,CUST02374,2026-08-27,Survey,2,Negative,Some of the features are not being used by our team.
FDBK0003138,CUST02377,2025-06-05,Product Review,5,Positive,The system has helped our team manage invoices more efficiently.
FDBK0003139,CUST02378,2026-08-19,Product Review,3,Neutral,We especially like the reporting features.
FDBK0003140,CUST02379,2026-03-03,Feature Request,2,Negative,The pricing is difficult for our business.
FDBK0003141,CUST02380,2026-04-06,Feature Request,5,Positive,We especially like the reporting features.
FDBK0003142,CUST02380,2026-07-18,Product Review,4,Positive,The platform has been useful for managing our business.
FDBK0003143,CUST02382,2026-08-25,Product Review,2,Negative,We are not using the platform as much as we expected.
FDBK0003144,CUST02382,2025-05-14,Survey,4,Positive,We are not using the platform as much as we expected.
FDBK0003145,CUST02382,2025-04-19,Feature Request,3,Neutral,We are not using the platform as much as we expected.
FDBK0003146,CUST02382,2025-11-25,Product Review,5,Positive,Some of the features are not being used by our team.
FDBK0003147,CUST02383,2026-04-28,Survey,3,Neutral,We are happy with the features available.
FDBK0003148,CUST02383,2025-02-28,General Feedback,5,Positive,The platform is easy to use and useful for our daily operations.
FDBK0003149,CUST02384,2025-03-17,Survey,4,Positive,We are not using the platform as much as we expected.
FDBK0003150,CUST02384,2025-08-08,Feature Request,3,Neutral,Our usage of the platform has decreased recently.
FDBK0003151,CUST02385,2025-10-28,Survey,5,Positive,We are happy with the features available.
FDBK0003152,CUST02386,2024-06-14,Product Review,1,Negative,We have experienced several issues with customer support.
FDBK0003153,CUST02386,2025-09-05,Cancellation Feedback,4,Positive,The product is useful but support needs improvement.
FDBK0003154,CUST02386,2025-06-30,Feature Request,4,Positive,The product is useful but support needs improvement.
FDBK0003155,CUST02386,2024-10-28,General Feedback,1,Negative,We need faster responses when technical problems occur.
FDBK0003156,CUST02387,2026-04-12,Feature Request,3,Neutral,We like the product but the monthly cost is high.
FDBK0003157,CUST02391,2026-08-10,Survey,4,Positive,The system has helped our team manage invoices more efficiently.
FDBK0003158,CUST02395,2026-08-19,Product Review,3,Neutral,We would like more value for the current subscription price.
FDBK0003159,CUST02397,2026-09-12,Feature Request,3,Neutral,The platform is easy to use and useful for our daily operations.
FDBK0003160,CUST02401,2026-02-06,Product Review,2,Negative,The platform is useful but the price is becoming expensive.
FDBK0003161,CUST02401,2026-04-12,General Feedback,2,Negative,We would like more value for the current subscription price.
FDBK0003162,CUST02401,2024-04-16,Survey,1,Negative,The pricing is difficult for our business.
FDBK0003163,CUST02402,2026-07-24,General Feedback,1,Negative,The system has helped our team manage invoices more efficiently.
FDBK0003164,CUST02402,2026-07-16,Product Review,5,Positive,We are happy with the features available.
FDBK0003165,CUST02403,2026-04-16,Product Review,4,Positive,The platform is useful but the price is becoming expensive.
FDBK0003166,CUST02403,2024-11-04,Product Review,3,Neutral,We would like more value for the current subscription price.
FDBK0003167,CUST02403,2025-03-22,General Feedback,1,Negative,We would like more value for the current subscription price.
FDBK0003168,CUST02406,2025-06-12,Feature Request,2,Negative,We like the product but the monthly cost is high.
FDBK0003169,CUST02406,2026-05-24,Survey,4,Positive,The pricing is difficult for our business.
FDBK0003170,CUST02406,2026-08-09,General Feedback,2,Negative,We would like more value for the current subscription price.
FDBK0003171,CUST02407,2024-10-15,Cancellation Feedback,5,Positive,The system has helped our team manage invoices more efficiently.
FDBK0003172,CUST02407,2026-04-26,Feature Request,3,Neutral,The system has helped our team manage invoices more efficiently.
FDBK0003173,CUST02407,2026-02-19,Feature Request,1,Negative,We especially like the reporting features.
FDBK0003174,CUST02408,2026-05-07,General Feedback,5,Positive,The platform has been useful for managing our business.
FDBK0003175,CUST02408,2026-06-30,Feature Request,5,Positive,The platform has been useful for managing our business.
FDBK0003176,CUST02410,2024-07-21,Survey,4,Positive,We especially like the reporting features.
FDBK0003177,CUST02412,2026-01-01,Survey,4,Positive,We are happy with the features available.
FDBK0003178,CUST02413,2026-02-12,Product Review,5,Positive,The platform has been useful for managing our business.
FDBK0003179,CUST02414,2023-11-22,Feature Request,4,Positive,We would like more value for the current subscription price.
FDBK0003180,CUST02415,2026-04-01,General Feedback,5,Positive,The system has helped our team manage invoices more efficiently.
FDBK0003181,CUST02415,2026-09-12,Product Review,5,Positive,The platform has been useful for managing our business.
FDBK0003182,CUST02416,2026-05-10,Cancellation Feedback,4,Positive,The system has helped our team manage invoices more efficiently.
FDBK0003183,CUST02418,2024-08-11,General Feedback,2,Negative,We like the product but the monthly cost is high.
FDBK0003184,CUST02418,2024-07-27,Cancellation Feedback,4,Positive,The pricing is difficult for our business.
FDBK0003185,CUST02419,2026-07-09,Survey,4,Positive,The platform is easy to use and useful for our daily operations.
FDBK0003186,CUST02420,2026-06-02,Survey,4,Positive,We are finding it difficult to get our team to use the platform regularly.
FDBK0003187,CUST02420,2025-12-23,Product Review,4,Positive,We are finding it difficult to get our team to use the platform regularly.
FDBK0003188,CUST02421,2025-05-02,Cancellation Feedback,4,Positive,The platform is easy to use and useful for our daily operations.
FDBK0003189,CUST02421,2026-05-04,Product Review,1,Negative,The platform has been useful for managing our business.
FDBK0003190,CUST02421,2024-05-29,Survey,5,Positive,The platform has been useful for managing our business.
FDBK0003191,CUST02422,2025-06-23,Cancellation Feedback,3,Neutral,The system has helped our team manage invoices more efficiently.
FDBK0003192,CUST02422,2025-08-12,Product Review,4,Positive,The system has helped our team manage invoices more efficiently.
FDBK0003193,CUST02423,2026-04-20,Product Review,5,Positive,The platform has been useful for managing our business.
FDBK0003194,CUST02423,2025-11-14,Feature Request,5,Positive,We especially like the reporting features.
FDBK0003195,CUST02423,2026-02-23,Feature Request,5,Positive,We are happy with the features available.
FDBK0003196,CUST02425,2026-07-15,Product Review,4,Positive,The platform has been useful for managing our business.
FDBK0003197,CUST02426,2026-03-29,Cancellation Feedback,2,Negative,We have experienced several issues with customer support.
FDBK0003198,CUST02426,2026-07-06,Feature Request,2,Negative,Some support requests took too long to resolve.
FDBK0003199,CUST02426,2026-04-18,Product Review,2,Negative,The product is useful but support needs improvement.
FDBK0003200,CUST02426,2026-08-21,Feature Request,1,Negative,Some support requests took too long to resolve.
FDBK0003201,CUST02427,2026-07-18,Survey,4,Positive,We are happy with the features available.
FDBK0003202,CUST02428,2026-06-13,Product Review,5,Positive,The platform is easy to use and useful for our daily operations.
FDBK0003203,CUST02429,2026-09-10,Feature Request,5,Positive,We are happy with the features available.
FDBK0003204,CUST02430,2025-06-13,Cancellation Feedback,5,Positive,We are happy with the features available.
FDBK0003205,CUST02431,2026-08-19,Survey,3,Neutral,The platform is useful but the price is becoming expensive.
FDBK0003206,CUST02432,2026-09-14,General Feedback,5,Positive,We especially like the reporting features.
FDBK0003207,CUST02433,2026-05-07,Feature Request,5,Positive,We especially like the reporting features.
FDBK0003208,CUST02436,2026-01-18,Feature Request,1,Negative,The product is useful but support needs improvement.
FDBK0003209,CUST02436,2026-02-05,Feature Request,1,Negative,We need faster responses when technical problems occur.
FDBK0003210,CUST02436,2026-04-05,Feature Request,4,Positive,The product is useful but support needs improvement.
FDBK0003211,CUST02437,2026-07-17,Cancellation Feedback,1,Negative,We have experienced several issues with customer support.
FDBK0003212,CUST02437,2026-07-10,Product Review,3,Neutral,We need faster responses when technical problems occur.
FDBK0003213,CUST02437,2026-07-30,General Feedback,3,Neutral,We need faster responses when technical problems occur.
FDBK0003214,CUST02439,2026-01-14,General Feedback,5,Positive,The platform is easy to use and useful for our daily operations.
FDBK0003215,CUST02440,2026-09-13,Product Review,2,Negative,We need faster responses when technical problems occur.
FDBK0003216,CUST02440,2026-09-22,Cancellation Feedback,2,Negative,The product is useful but support needs improvement.
FDBK0003217,CUST02440,2026-08-28,Survey,2,Negative,Some support requests took too long to resolve.
FDBK0003218,CUST02441,2024-11-22,Survey,5,Positive,The platform is easy to use and useful for our daily operations.
FDBK0003219,CUST02441,2025-11-05,Survey,5,Positive,The platform has been useful for managing our business.
FDBK0003220,CUST02442,2026-07-11,Survey,5,Positive,The platform has been useful for managing our business.
FDBK0003221,CUST02444,2026-02-07,Survey,5,Positive,The platform has been useful for managing our business.
FDBK0003222,CUST02444,2026-06-05,Feature Request,4,Positive,The platform has been useful for managing our business.
FDBK0003223,CUST02444,2026-08-07,Survey,5,Positive,The system has helped our team manage invoices more efficiently.
FDBK0003224,CUST02444,2026-01-31,Survey,4,Positive,The platform has been useful for managing our business.
FDBK0003225,CUST02446,2026-08-31,Survey,2,Negative,We need faster responses when technical problems occur.
FDBK0003226,CUST02447,2026-04-17,Product Review,5,Positive,We especially like the reporting features.
FDBK0003227,CUST02447,2026-07-12,Product Review,4,Positive,We especially like the reporting features.
FDBK0003228,CUST02447,2026-03-27,Product Review,5,Positive,The system has helped our team manage invoices more efficiently.
FDBK0003229,CUST02450,2026-09-11,Product Review,5,Positive,The platform is easy to use and useful for our daily operations.
FDBK0003230,CUST02455,2025-06-10,Survey,3,Neutral,The platform has been useful for managing our business.
FDBK0003231,CUST02456,2025-01-07,Survey,5,Positive,We are finding it difficult to get our team to use the platform regularly.
FDBK0003232,CUST02456,2025-03-30,Cancellation Feedback,2,Negative,We are not using the platform as much as we expected.
FDBK0003233,CUST02456,2025-01-06,Cancellation Feedback,4,Positive,Some of the features are not being used by our team.
FDBK0003234,CUST02458,2026-07-25,Product Review,4,Positive,We would like more value for the current subscription price.
FDBK0003235,CUST02460,2026-06-22,Survey,3,Neutral,We would like more value for the current subscription price.
FDBK0003236,CUST02460,2026-07-28,Cancellation Feedback,2,Negative,The platform is useful but the price is becoming expensive.
FDBK0003237,CUST02460,2026-05-08,Survey,1,Negative,We like the product but the monthly cost is high.
FDBK0003238,CUST02461,2026-04-12,Product Review,4,Positive,The platform is useful but the price is becoming expensive.
FDBK0003239,CUST02462,2024-10-23,Product Review,4,Positive,We are not using the platform as much as we expected.
FDBK0003240,CUST02463,2024-10-26,Survey,5,Positive,The platform has been useful for managing our business.
FDBK0003241,CUST02465,2026-05-17,Product Review,4,Positive,The platform has been useful for managing our business.
FDBK0003242,CUST02465,2026-02-18,Product Review,5,Positive,We especially like the reporting features.
FDBK0003243,CUST02465,2025-11-02,Survey,4,Positive,The platform has been useful for managing our business.
FDBK0003244,CUST02465,2026-07-28,Product Review,5,Positive,The system has helped our team manage invoices more efficiently.
FDBK0003245,CUST02465,2025-10-07,Feature Request,4,Positive,We are happy with the features available.
FDBK0003246,CUST02471,2025-03-03,Cancellation Feedback,4,Positive,The system has helped our team manage invoices more efficiently.
FDBK0003247,CUST02471,2026-07-01,Product Review,4,Positive,We are happy with the features available.
FDBK0003248,CUST02474,2026-06-27,Survey,3,Neutral,The platform has been useful for managing our business.
FDBK0003249,CUST02476,2025-06-08,General Feedback,1,Negative,We are finding it difficult to get our team to use the platform regularly.
FDBK0003250,CUST02476,2026-05-14,Product Review,4,Positive,We are finding it difficult to get our team to use the platform regularly.
FDBK0003251,CUST02476,2026-06-07,General Feedback,4,Positive,Some of the features are not being used by our team.
FDBK0003252,CUST02477,2026-06-19,Product Review,3,Neutral,The platform has been useful for managing our business.
FDBK0003253,CUST02477,2025-06-14,Feature Request,5,Positive,The platform has been useful for managing our business.
FDBK0003254,CUST02478,2025-12-08,Product Review,4,Positive,The system has helped our team manage invoices more efficiently.
FDBK0003255,CUST02479,2026-09-10,Survey,2,Negative,The product is useful but support needs improvement.
FDBK0003256,CUST02479,2026-09-06,Feature Request,1,Negative,Some support requests took too long to resolve.
FDBK0003257,CUST02480,2026-06-15,Feature Request,5,Positive,We are happy with the features available.
FDBK0003258,CUST02481,2026-05-11,Survey,5,Positive,We especially like the reporting features.
FDBK0003259,CUST02481,2025-03-07,General Feedback,4,Positive,The platform is easy to use and useful for our daily operations.
FDBK0003260,CUST02482,2026-02-05,General Feedback,1,Negative,We are finding it difficult to get our team to use the platform regularly.
FDBK0003261,CUST02484,2026-05-18,Survey,5,Positive,The platform has been useful for managing our business.
FDBK0003262,CUST02485,2025-01-24,Product Review,4,Positive,We especially like the reporting features.
FDBK0003263,CUST02485,2026-01-10,Survey,4,Positive,The platform has been useful for managing our business.
FDBK0003264,CUST02486,2025-08-23,Product Review,4,Positive,We are not using the platform as much as we expected.
FDBK0003265,CUST02486,2025-12-05,Product Review,3,Neutral,We are finding it difficult to get our team to use the platform regularly.
FDBK0003266,CUST02486,2025-01-05,Survey,4,Positive,Some of the features are not being used by our team.
FDBK0003267,CUST02487,2025-04-10,Cancellation Feedback,1,Negative,We like the product but the monthly cost is high.
FDBK0003268,CUST02488,2024-04-03,Feature Request,3,Neutral,The platform is easy to use and useful for our daily operations.
FDBK0003269,CUST02490,2024-11-11,Product Review,5,Positive,The system has helped our team manage invoices more efficiently.
FDBK0003270,CUST02490,2024-06-29,General Feedback,4,Positive,The platform has been useful for managing our business.
FDBK0003271,CUST02493,2025-07-02,Product Review,4,Positive,Our usage of the platform has decreased recently.
FDBK0003272,CUST02493,2026-04-08,Survey,4,Positive,We are not using the platform as much as we expected.
FDBK0003273,CUST02494,2024-12-26,Feature Request,3,Neutral,We have experienced several issues with customer support.
FDBK0003274,CUST02495,2026-04-15,Product Review,1,Negative,We need faster responses when technical problems occur.
FDBK0003275,CUST02495,2026-05-18,Survey,1,Negative,We need faster responses when technical problems occur.
FDBK0003276,CUST02495,2026-08-29,Product Review,5,Positive,We need faster responses when technical problems occur.
FDBK0003277,CUST02495,2026-03-05,Product Review,2,Negative,Some support requests took too long to resolve.
FDBK0003278,CUST02497,2024-07-06,Feature Request,5,Positive,The platform has been useful for managing our business.
FDBK0003279,CUST02497,2025-07-18,Product Review,3,Neutral,We are happy with the features available.
FDBK0003280,CUST02498,2025-12-08,Product Review,5,Positive,We are happy with the features available.
FDBK0003281,CUST02498,2026-06-08,Feature Request,4,Positive,The platform is easy to use and useful for our daily operations.
FDBK0003282,CUST02499,2024-05-19,Product Review,4,Positive,We are happy with the features available.
FDBK0003283,CUST02499,2025-01-12,Survey,3,Neutral,The platform is easy to use and useful for our daily operations.
FDBK0003284,CUST02500,2026-05-24,General Feedback,5,Positive,The system has helped our team manage invoices more efficiently.
FDBK0003285,CUST02500,2026-03-11,Product Review,2,Negative,The platform has been useful for managing our business.
FDBK0003286,CUST02500,2026-08-17,Product Review,4,Positive,The system has helped our team manage invoices more efficiently.
FDBK0003287,CUST02501,2026-07-26,Product Review,3,Neutral,We like the product but the monthly cost is high.
FDBK0003288,CUST02501,2026-02-15,Survey,3,Neutral,The platform is useful but the price is becoming expensive.
FDBK0003289,CUST02502,2026-07-31,Feature Request,5,Positive,The platform has been useful for managing our business.
FDBK0003290,CUST02502,2025-05-03,Survey,5,Positive,We are happy with the features available.
FDBK0003291,CUST02503,2026-09-04,Product Review,4,Positive,The platform is useful but the price is becoming expensive.
FDBK0003292,CUST02503,2026-09-13,Product Review,5,Positive,The pricing is difficult for our business.
FDBK0003293,CUST02503,2026-08-22,Cancellation Feedback,4,Positive,We like the product but the monthly cost is high.
FDBK0003294,CUST02503,2026-08-28,General Feedback,2,Negative,We like the product but the monthly cost is high.
FDBK0003295,CUST02505,2025-12-06,Survey,5,Positive,The system has helped our team manage invoices more efficiently.
FDBK0003296,CUST02505,2025-12-28,Survey,4,Positive,We are happy with the features available.
FDBK0003297,CUST02505,2026-07-16,Product Review,3,Neutral,The platform has been useful for managing our business.
FDBK0003298,CUST02506,2026-06-14,Feature Request,2,Negative,We are not using the platform as much as we expected.
FDBK0003299,CUST02506,2025-10-21,Product Review,3,Neutral,Some of the features are not being used by our team.
FDBK0003300,CUST02507,2026-03-26,Product Review,2,Negative,The system has helped our team manage invoices more efficiently.
FDBK0003301,CUST02507,2025-05-02,Product Review,4,Positive,The platform has been useful for managing our business.
FDBK0003302,CUST02508,2026-05-10,General Feedback,5,Positive,We are happy with the features available.
FDBK0003303,CUST02509,2025-11-07,Product Review,5,Positive,We especially like the reporting features.
FDBK0003304,CUST02509,2024-05-19,Feature Request,3,Neutral,The platform has been useful for managing our business.
FDBK0003305,CUST02510,2026-09-08,Survey,4,Positive,The platform is useful but the price is becoming expensive.
FDBK0003306,CUST02510,2026-08-27,Survey,1,Negative,The platform is useful but the price is becoming expensive.
FDBK0003307,CUST02510,2026-09-09,Survey,4,Positive,We would like more value for the current subscription price.
FDBK0003308,CUST02511,2026-05-18,Product Review,5,Positive,We are happy with the features available.
FDBK0003309,CUST02511,2026-07-30,General Feedback,3,Neutral,We especially like the reporting features.
FDBK0003310,CUST02512,2025-02-25,Survey,3,Neutral,Some of the features are not being used by our team.
FDBK0003311,CUST02512,2025-09-04,Cancellation Feedback,1,Negative,Some of the features are not being used by our team.
FDBK0003312,CUST02512,2026-08-03,Feature Request,4,Positive,Some of the features are not being used by our team.
FDBK0003313,CUST02516,2026-08-09,Product Review,4,Positive,We especially like the reporting features.
FDBK0003314,CUST02516,2025-10-03,Product Review,4,Positive,The platform is easy to use and useful for our daily operations.
FDBK0003315,CUST02518,2026-09-19,Survey,4,Positive,We have experienced several issues with customer support.
FDBK0003316,CUST02518,2025-05-26,Product Review,4,Positive,We have experienced several issues with customer support.
FDBK0003317,CUST02518,2024-12-30,Product Review,2,Negative,We have experienced several issues with customer support.
FDBK0003318,CUST02521,2024-12-21,Product Review,2,Negative,The product is useful but support needs improvement.
FDBK0003319,CUST02521,2024-12-16,Survey,1,Negative,The product is useful but support needs improvement.
FDBK0003320,CUST02525,2026-06-18,Survey,5,Positive,The platform is easy to use and useful for our daily operations.
FDBK0003321,CUST02526,2025-02-19,Cancellation Feedback,5,Positive,We especially like the reporting features.
FDBK0003322,CUST02526,2026-04-04,General Feedback,4,Positive,The platform is easy to use and useful for our daily operations.
FDBK0003323,CUST02528,2025-04-27,Product Review,3,Neutral,We have experienced several issues with customer support.
FDBK0003324,CUST02528,2024-09-25,Feature Request,2,Negative,Some support requests took too long to resolve.
FDBK0003325,CUST02529,2025-12-29,Product Review,1,Negative,We are finding it difficult to get our team to use the platform regularly.
FDBK0003326,CUST02530,2026-09-14,Product Review,5,Positive,The platform has been useful for managing our business.
FDBK0003327,CUST02531,2026-08-18,Product Review,1,Negative,The product is useful but support needs improvement.
FDBK0003328,CUST02531,2026-07-13,Survey,1,Negative,We need faster responses when technical problems occur.
FDBK0003329,CUST02531,2026-07-09,Product Review,4,Positive,We need faster responses when technical problems occur.
FDBK0003330,CUST02532,2026-04-05,General Feedback,4,Positive,The pricing is difficult for our business.
FDBK0003331,CUST02532,2026-09-02,Survey,3,Neutral,We like the product but the monthly cost is high.
FDBK0003332,CUST02532,2026-03-17,Survey,3,Neutral,We would like more value for the current subscription price.
FDBK0003333,CUST02532,2026-07-11,General Feedback,4,Positive,The pricing is difficult for our business.
FDBK0003334,CUST02534,2026-09-11,General Feedback,4,Positive,Some of the features are not being used by our team.
FDBK0003335,CUST02537,2026-08-24,Feature Request,4,Positive,We like the product but the monthly cost is high.
FDBK0003336,CUST02537,2026-08-14,Feature Request,3,Neutral,The platform is useful but the price is becoming expensive.
FDBK0003337,CUST02538,2024-09-18,Product Review,5,Positive,We would like more value for the current subscription price.
FDBK0003338,CUST02539,2026-08-11,Survey,5,Positive,We are happy with the features available.
FDBK0003339,CUST02539,2026-06-21,General Feedback,5,Positive,We especially like the reporting features.
FDBK0003340,CUST02540,2026-05-02,Survey,1,Negative,The pricing is difficult for our business.
FDBK0003341,CUST02540,2025-09-03,Product Review,5,Positive,We like the product but the monthly cost is high.
FDBK0003342,CUST02544,2026-05-01,Survey,5,Positive,The system has helped our team manage invoices more efficiently.
FDBK0003343,CUST02545,2025-12-08,Cancellation Feedback,3,Neutral,The pricing is difficult for our business.
FDBK0003344,CUST02546,2025-12-07,Survey,3,Neutral,We are not using the platform as much as we expected.
FDBK0003345,CUST02546,2026-09-22,Feature Request,4,Positive,We are not using the platform as much as we expected.
FDBK0003346,CUST02546,2026-08-04,Product Review,3,Neutral,Our usage of the platform has decreased recently.
FDBK0003347,CUST02547,2024-12-14,Cancellation Feedback,4,Positive,We are not using the platform as much as we expected.
FDBK0003348,CUST02547,2024-11-20,Survey,3,Neutral,Some of the features are not being used by our team.
FDBK0003349,CUST02548,2026-06-08,Survey,5,Positive,The system has helped our team manage invoices more efficiently.
FDBK0003350,CUST02549,2026-04-27,Feature Request,2,Negative,Some support requests took too long to resolve.
FDBK0003351,CUST02549,2026-08-22,Product Review,5,Positive,We need faster responses when technical problems occur.
FDBK0003352,CUST02549,2026-06-07,Product Review,2,Negative,We need faster responses when technical problems occur.
FDBK0003353,CUST02549,2026-09-19,General Feedback,2,Negative,The product is useful but support needs improvement.
FDBK0003354,CUST02550,2025-08-31,Cancellation Feedback,1,Negative,The pricing is difficult for our business.
FDBK0003355,CUST02550,2025-01-15,General Feedback,3,Neutral,The pricing is difficult for our business.
FDBK0003356,CUST02551,2026-02-03,Product Review,3,Neutral,The platform has been useful for managing our business.
FDBK0003357,CUST02553,2024-04-16,Product Review,4,Positive,We are finding it difficult to get our team to use the platform regularly.
FDBK0003358,CUST02554,2026-06-27,Product Review,4,Positive,We are finding it difficult to get our team to use the platform regularly.
FDBK0003359,CUST02554,2025-12-13,Survey,3,Neutral,Our usage of the platform has decreased recently.
FDBK0003360,CUST02555,2025-12-28,Cancellation Feedback,3,Neutral,The system has helped our team manage invoices more efficiently.
FDBK0003361,CUST02556,2026-07-06,Product Review,5,Positive,The platform has been useful for managing our business.
FDBK0003362,CUST02556,2026-04-27,Product Review,4,Positive,We are happy with the features available.
FDBK0003363,CUST02556,2026-09-07,Product Review,5,Positive,The platform has been useful for managing our business.
FDBK0003364,CUST02556,2026-09-02,General Feedback,5,Positive,The platform is easy to use and useful for our daily operations.
FDBK0003365,CUST02557,2024-08-07,Feature Request,2,Negative,The pricing is difficult for our business.
FDBK0003366,CUST02557,2025-04-14,Survey,4,Positive,The pricing is difficult for our business.
FDBK0003367,CUST02558,2024-09-03,Survey,5,Positive,The platform is easy to use and useful for our daily operations.
FDBK0003368,CUST02558,2025-06-17,Survey,5,Positive,We especially like the reporting features.
FDBK0003369,CUST02559,2026-07-14,Cancellation Feedback,1,Negative,We are not using the platform as much as we expected.
FDBK0003370,CUST02560,2026-01-15,Product Review,4,Positive,We are happy with the features available.
FDBK0003371,CUST02562,2025-11-07,Feature Request,2,Negative,We especially like the reporting features.
FDBK0003372,CUST02562,2025-12-23,General Feedback,4,Positive,We especially like the reporting features.
FDBK0003373,CUST02564,2025-03-12,Cancellation Feedback,5,Positive,The platform is easy to use and useful for our daily operations.
FDBK0003374,CUST02566,2026-09-06,Product Review,5,Positive,We would like more value for the current subscription price.
FDBK0003375,CUST02566,2026-08-26,Product Review,3,Neutral,We would like more value for the current subscription price.
FDBK0003376,CUST02568,2026-09-04,General Feedback,5,Positive,The platform is easy to use and useful for our daily operations.
FDBK0003377,CUST02569,2026-03-16,Product Review,5,Positive,The platform has been useful for managing our business.
FDBK0003378,CUST02571,2026-03-16,General Feedback,5,Positive,We are happy with the features available.
FDBK0003379,CUST02572,2026-03-07,Product Review,3,Neutral,We have experienced several issues with customer support.
FDBK0003380,CUST02573,2024-12-10,Cancellation Feedback,4,Positive,The platform has been useful for managing our business.
FDBK0003381,CUST02574,2026-08-05,Feature Request,4,Positive,The system has helped our team manage invoices more efficiently.
FDBK0003382,CUST02574,2026-09-12,Product Review,5,Positive,The platform has been useful for managing our business.
FDBK0003383,CUST02574,2026-07-30,Survey,5,Positive,The system has helped our team manage invoices more efficiently.
FDBK0003384,CUST02576,2025-02-01,Product Review,3,Neutral,We are happy with the features available.
FDBK0003385,CUST02577,2024-09-10,General Feedback,2,Negative,We would like more value for the current subscription price.
FDBK0003386,CUST02578,2026-06-27,Survey,5,Positive,The pricing is difficult for our business.
FDBK0003387,CUST02582,2025-10-20,General Feedback,2,Negative,We need faster responses when technical problems occur.
FDBK0003388,CUST02582,2025-09-30,Product Review,2,Negative,Some support requests took too long to resolve.
FDBK0003389,CUST02582,2024-11-09,General Feedback,1,Negative,We have experienced several issues with customer support.
FDBK0003390,CUST02582,2026-08-10,General Feedback,4,Positive,We need faster responses when technical problems occur.
FDBK0003391,CUST02582,2024-05-10,Survey,5,Positive,We have experienced several issues with customer support.
FDBK0003392,CUST02586,2026-07-15,Product Review,5,Positive,The platform has been useful for managing our business.
FDBK0003393,CUST02586,2026-03-14,Survey,3,Neutral,We are happy with the features available.
FDBK0003394,CUST02587,2025-06-12,Cancellation Feedback,2,Negative,Some of the features are not being used by our team.
FDBK0003395,CUST02588,2025-09-03,Feature Request,1,Negative,Some support requests took too long to resolve.
FDBK0003396,CUST02588,2023-12-22,Survey,3,Neutral,The product is useful but support needs improvement.
FDBK0003397,CUST02591,2023-11-26,Product Review,3,Neutral,The platform is useful but the price is becoming expensive.
FDBK0003398,CUST02591,2024-03-04,Feature Request,3,Neutral,The platform is useful but the price is becoming expensive.
FDBK0003399,CUST02593,2026-01-13,Feature Request,5,Positive,The platform has been useful for managing our business.
FDBK0003400,CUST02593,2026-04-19,Product Review,4,Positive,The platform has been useful for managing our business.
FDBK0003401,CUST02594,2025-06-27,Survey,2,Negative,The system has helped our team manage invoices more efficiently.
FDBK0003402,CUST02596,2025-06-16,General Feedback,4,Positive,We are not using the platform as much as we expected.
FDBK0003403,CUST02597,2026-09-19,Feature Request,4,Positive,We would like more value for the current subscription price.
FDBK0003404,CUST02598,2025-07-13,General Feedback,4,Positive,The platform is easy to use and useful for our daily operations.
FDBK0003405,CUST02598,2026-01-06,Product Review,4,Positive,The platform has been useful for managing our business.
FDBK0003406,CUST02598,2025-01-30,Feature Request,5,Positive,The platform is easy to use and useful for our daily operations.
FDBK0003407,CUST02599,2026-01-16,Survey,5,Positive,We are happy with the features available.
FDBK0003408,CUST02600,2026-09-01,Product Review,5,Positive,The pricing is difficult for our business.
FDBK0003409,CUST02600,2026-09-15,Product Review,5,Positive,We would like more value for the current subscription price.
FDBK0003410,CUST02600,2026-09-09,Survey,2,Negative,We would like more value for the current subscription price.
FDBK0003411,CUST02601,2026-04-13,Product Review,4,Positive,We are finding it difficult to get our team to use the platform regularly.
FDBK0003412,CUST02603,2026-07-31,Product Review,5,Positive,We are happy with the features available.
FDBK0003413,CUST02603,2026-06-23,Product Review,3,Neutral,We are happy with the features available.
FDBK0003414,CUST02604,2026-01-25,Cancellation Feedback,4,Positive,The platform is useful but the price is becoming expensive.
FDBK0003415,CUST02606,2026-01-31,Product Review,4,Positive,We are happy with the features available.
FDBK0003416,CUST02606,2025-09-14,Product Review,4,Positive,The platform has been useful for managing our business.
FDBK0003417,CUST02607,2026-01-16,Cancellation Feedback,1,Negative,We need faster responses when technical problems occur.
FDBK0003418,CUST02607,2025-01-25,General Feedback,1,Negative,We have experienced several issues with customer support.
FDBK0003419,CUST02607,2025-11-07,Feature Request,2,Negative,We need faster responses when technical problems occur.
FDBK0003420,CUST02608,2026-09-09,Survey,5,Positive,The platform has been useful for managing our business.
FDBK0003421,CUST02609,2026-08-04,Product Review,3,Neutral,We like the product but the monthly cost is high.
FDBK0003422,CUST02610,2026-08-09,Product Review,4,Positive,The system has helped our team manage invoices more efficiently.
FDBK0003423,CUST02613,2025-03-14,Survey,4,Positive,The system has helped our team manage invoices more efficiently.
FDBK0003424,CUST02613,2026-07-01,Survey,5,Positive,The platform is easy to use and useful for our daily operations.
FDBK0003425,CUST02614,2025-12-23,General Feedback,2,Negative,The pricing is difficult for our business.
FDBK0003426,CUST02615,2026-04-05,General Feedback,3,Neutral,The pricing is difficult for our business.
FDBK0003427,CUST02617,2024-12-30,Product Review,5,Positive,The pricing is difficult for our business.
FDBK0003428,CUST02618,2024-07-29,Product Review,3,Neutral,Our usage of the platform has decreased recently.
FDBK0003429,CUST02620,2026-06-11,Survey,3,Neutral,The pricing is difficult for our business.
FDBK0003430,CUST02620,2026-02-03,Product Review,3,Neutral,The pricing is difficult for our business.
FDBK0003431,CUST02622,2025-01-22,General Feedback,5,Positive,The platform is easy to use and useful for our daily operations.
FDBK0003432,CUST02623,2026-03-05,General Feedback,5,Positive,We are happy with the features available.
FDBK0003433,CUST02623,2026-07-23,Survey,4,Positive,The platform is easy to use and useful for our daily operations.
FDBK0003434,CUST02626,2026-08-28,Product Review,4,Positive,We especially like the reporting features.
FDBK0003435,CUST02626,2026-08-11,Survey,5,Positive,The system has helped our team manage invoices more efficiently.
FDBK0003436,CUST02627,2025-01-15,Cancellation Feedback,3,Neutral,The product is useful but support needs improvement.
FDBK0003437,CUST02628,2025-05-23,Product Review,4,Positive,The pricing is difficult for our business.
FDBK0003438,CUST02629,2025-01-03,General Feedback,2,Negative,We like the product but the monthly cost is high.
FDBK0003439,CUST02629,2024-12-14,General Feedback,3,Neutral,The platform is useful but the price is becoming expensive.
FDBK0003440,CUST02630,2026-07-28,Product Review,5,Positive,The platform is easy to use and useful for our daily operations.
FDBK0003441,CUST02632,2026-05-28,Survey,4,Positive,The platform has been useful for managing our business.
FDBK0003442,CUST02634,2025-12-18,General Feedback,5,Positive,The platform has been useful for managing our business.
FDBK0003443,CUST02636,2026-04-23,Survey,4,Positive,We like the product but the monthly cost is high.
FDBK0003444,CUST02636,2026-08-04,Product Review,3,Neutral,We would like more value for the current subscription price.
FDBK0003445,CUST02637,2026-05-25,Feature Request,1,Negative,Some support requests took too long to resolve.
FDBK0003446,CUST02637,2026-06-06,Survey,2,Negative,Some support requests took too long to resolve.
FDBK0003447,CUST02637,2026-02-11,Feature Request,2,Negative,The product is useful but support needs improvement.
FDBK0003448,CUST02637,2026-01-08,General Feedback,1,Negative,We need faster responses when technical problems occur.
FDBK0003449,CUST02638,2026-08-07,Survey,3,Neutral,We need faster responses when technical problems occur.
FDBK0003450,CUST02638,2026-09-15,Product Review,1,Negative,We have experienced several issues with customer support.
FDBK0003451,CUST02639,2026-05-22,Cancellation Feedback,4,Positive,Our usage of the platform has decreased recently.
FDBK0003452,CUST02639,2025-11-09,Feature Request,4,Positive,We are not using the platform as much as we expected.
FDBK0003453,CUST02639,2025-03-28,Survey,1,Negative,We are not using the platform as much as we expected.
FDBK0003454,CUST02640,2025-06-02,General Feedback,5,Positive,We especially like the reporting features.
FDBK0003455,CUST02641,2026-05-02,Cancellation Feedback,4,Positive,We like the product but the monthly cost is high.
FDBK0003456,CUST02641,2025-12-18,Cancellation Feedback,3,Neutral,We would like more value for the current subscription price.
FDBK0003457,CUST02642,2026-08-22,Feature Request,2,Negative,We need faster responses when technical problems occur.
FDBK0003458,CUST02642,2026-09-12,Product Review,1,Negative,The product is useful but support needs improvement.
FDBK0003459,CUST02642,2026-08-08,Product Review,1,Negative,We have experienced several issues with customer support.
FDBK0003460,CUST02643,2026-08-22,Product Review,4,Positive,Our usage of the platform has decreased recently.
FDBK0003461,CUST02643,2026-08-11,Product Review,2,Negative,Some of the features are not being used by our team.
FDBK0003462,CUST02644,2024-04-15,General Feedback,3,Neutral,We are finding it difficult to get our team to use the platform regularly.
FDBK0003463,CUST02646,2026-08-14,Survey,4,Positive,Our usage of the platform has decreased recently.
FDBK0003464,CUST02647,2026-07-07,Product Review,5,Positive,The system has helped our team manage invoices more efficiently.
FDBK0003465,CUST02647,2026-06-02,Product Review,3,Neutral,The system has helped our team manage invoices more efficiently.
FDBK0003466,CUST02648,2026-07-24,Survey,5,Positive,We especially like the reporting features.
FDBK0003467,CUST02650,2026-09-10,Survey,4,Positive,The system has helped our team manage invoices more efficiently.
FDBK0003468,CUST02650,2025-10-10,Survey,5,Positive,We are happy with the features available.
FDBK0003469,CUST02650,2024-10-07,Feature Request,5,Positive,We especially like the reporting features.
FDBK0003470,CUST02652,2026-02-09,General Feedback,4,Positive,The system has helped our team manage invoices more efficiently.
FDBK0003471,CUST02653,2024-11-18,Feature Request,4,Positive,We need faster responses when technical problems occur.
FDBK0003472,CUST02655,2025-05-12,General Feedback,5,Positive,The platform is easy to use and useful for our daily operations.
FDBK0003473,CUST02657,2026-08-10,General Feedback,4,Positive,The system has helped our team manage invoices more efficiently.
FDBK0003474,CUST02657,2026-05-26,Survey,4,Positive,We especially like the reporting features.
FDBK0003475,CUST02659,2026-05-09,Feature Request,4,Positive,The system has helped our team manage invoices more efficiently.
FDBK0003476,CUST02660,2025-11-25,Cancellation Feedback,5,Positive,The platform is easy to use and useful for our daily operations.
FDBK0003477,CUST02660,2025-12-16,General Feedback,4,Positive,The platform has been useful for managing our business.
FDBK0003478,CUST02661,2026-03-11,Survey,4,Positive,The pricing is difficult for our business.
FDBK0003479,CUST02661,2024-11-23,Product Review,1,Negative,We like the product but the monthly cost is high.
FDBK0003480,CUST02661,2026-02-06,Feature Request,4,Positive,We like the product but the monthly cost is high.
FDBK0003481,CUST02663,2026-02-05,Feature Request,3,Neutral,We especially like the reporting features.
FDBK0003482,CUST02664,2026-09-22,Product Review,2,Negative,We need faster responses when technical problems occur.
FDBK0003483,CUST02664,2026-09-21,Product Review,3,Neutral,Some support requests took too long to resolve.
FDBK0003484,CUST02666,2026-04-25,Feature Request,3,Neutral,We have experienced several issues with customer support.
FDBK0003485,CUST02666,2026-06-09,Feature Request,1,Negative,The product is useful but support needs improvement.
FDBK0003486,CUST02668,2026-06-22,Feature Request,1,Negative,The product is useful but support needs improvement.
FDBK0003487,CUST02668,2026-08-02,Product Review,2,Negative,Some support requests took too long to resolve.
FDBK0003488,CUST02668,2026-07-07,Product Review,2,Negative,Some support requests took too long to resolve.
FDBK0003489,CUST02668,2026-08-02,Survey,2,Negative,Some support requests took too long to resolve.
FDBK0003490,CUST02668,2026-06-28,Survey,1,Negative,We need faster responses when technical problems occur.
FDBK0003491,CUST02668,2026-06-07,Survey,2,Negative,Some support requests took too long to resolve.
FDBK0003492,CUST02669,2026-05-04,General Feedback,2,Negative,The pricing is difficult for our business.
FDBK0003493,CUST02669,2026-08-13,Survey,2,Negative,The platform is useful but the price is becoming expensive.
FDBK0003494,CUST02670,2026-05-14,Feature Request,4,Positive,The platform is easy to use and useful for our daily operations.
FDBK0003495,CUST02671,2025-11-27,General Feedback,5,Positive,Some support requests took too long to resolve.
FDBK0003496,CUST02672,2026-06-15,General Feedback,3,Neutral,The platform is useful but the price is becoming expensive.
FDBK0003497,CUST02673,2026-06-11,General Feedback,4,Positive,The product is useful but support needs improvement.
FDBK0003498,CUST02673,2026-08-30,Product Review,1,Negative,The product is useful but support needs improvement.
FDBK0003499,CUST02673,2026-08-13,General Feedback,1,Negative,We have experienced several issues with customer support.
FDBK0003500,CUST02673,2026-04-18,Product Review,4,Positive,We have experienced several issues with customer support.
FDBK0003501,CUST02676,2026-09-08,Survey,5,Positive,The platform has been useful for managing our business.
FDBK0003502,CUST02676,2026-08-16,Survey,4,Positive,We especially like the reporting features.
FDBK0003503,CUST02677,2026-09-22,Product Review,3,Neutral,The product is useful but support needs improvement.
FDBK0003504,CUST02677,2026-08-12,General Feedback,1,Negative,We need faster responses when technical problems occur.
FDBK0003505,CUST02677,2026-08-13,Cancellation Feedback,2,Negative,Some support requests took too long to resolve.
FDBK0003506,CUST02677,2026-09-19,Feature Request,3,Neutral,We have experienced several issues with customer support.
FDBK0003507,CUST02677,2026-09-02,Feature Request,2,Negative,We have experienced several issues with customer support.
FDBK0003508,CUST02679,2026-02-05,Cancellation Feedback,1,Negative,The product is useful but support needs improvement.
FDBK0003509,CUST02679,2026-02-25,General Feedback,1,Negative,Some support requests took too long to resolve.
FDBK0003510,CUST02679,2025-11-26,Cancellation Feedback,1,Negative,We need faster responses when technical problems occur.
FDBK0003511,CUST02679,2025-12-11,Cancellation Feedback,4,Positive,We need faster responses when technical problems occur.
FDBK0003512,CUST02680,2026-09-17,Product Review,3,Neutral,The system has helped our team manage invoices more efficiently.
FDBK0003513,CUST02680,2026-09-22,Survey,4,Positive,We especially like the reporting features.
FDBK0003514,CUST02681,2025-12-02,Cancellation Feedback,3,Neutral,We like the product but the monthly cost is high.
FDBK0003515,CUST02682,2025-12-26,General Feedback,5,Positive,The system has helped our team manage invoices more efficiently.
FDBK0003516,CUST02683,2024-11-04,Feature Request,5,Positive,The platform is easy to use and useful for our daily operations.
FDBK0003517,CUST02684,2025-04-25,Survey,3,Neutral,Our usage of the platform has decreased recently.
FDBK0003518,CUST02684,2026-01-07,Survey,3,Neutral,We are not using the platform as much as we expected.
FDBK0003519,CUST02685,2026-05-05,Feature Request,3,Neutral,Some support requests took too long to resolve.
FDBK0003520,CUST02685,2025-06-29,Product Review,2,Negative,The product is useful but support needs improvement.
FDBK0003521,CUST02685,2026-04-01,Product Review,5,Positive,We need faster responses when technical problems occur.
FDBK0003522,CUST02685,2026-05-17,Survey,2,Negative,The product is useful but support needs improvement.
FDBK0003523,CUST02685,2025-11-13,Survey,3,Neutral,The product is useful but support needs improvement.
FDBK0003524,CUST02686,2024-01-21,General Feedback,3,Neutral,We would like more value for the current subscription price.
FDBK0003525,CUST02686,2024-07-06,Feature Request,3,Neutral,The platform is useful but the price is becoming expensive.
FDBK0003526,CUST02686,2024-07-03,General Feedback,3,Neutral,We would like more value for the current subscription price.
FDBK0003527,CUST02686,2024-03-16,Cancellation Feedback,3,Neutral,We like the product but the monthly cost is high.
FDBK0003528,CUST02687,2024-09-26,Survey,5,Positive,We are happy with the features available.
FDBK0003529,CUST02688,2026-05-19,Survey,4,Positive,We are happy with the features available.
FDBK0003530,CUST02689,2026-03-28,Product Review,4,Positive,Some of the features are not being used by our team.
FDBK0003531,CUST02690,2025-04-14,Cancellation Feedback,5,Positive,The platform is easy to use and useful for our daily operations.
FDBK0003532,CUST02690,2025-02-06,General Feedback,5,Positive,We are happy with the features available.
FDBK0003533,CUST02690,2025-11-30,Product Review,5,Positive,The platform is easy to use and useful for our daily operations.
FDBK0003534,CUST02691,2026-07-10,Survey,4,Positive,The platform is useful but the price is becoming expensive.
FDBK0003535,CUST02691,2026-09-06,Cancellation Feedback,3,Neutral,We like the product but the monthly cost is high.
FDBK0003536,CUST02692,2026-09-18,Survey,2,Negative,The platform is useful but the price is becoming expensive.
FDBK0003537,CUST02695,2025-11-20,Survey,4,Positive,The platform is easy to use and useful for our daily operations.
FDBK0003538,CUST02697,2026-08-07,General Feedback,5,Positive,We especially like the reporting features.
FDBK0003539,CUST02698,2026-09-05,Product Review,4,Positive,The platform is easy to use and useful for our daily operations.
FDBK0003540,CUST02698,2026-03-14,General Feedback,4,Positive,We especially like the reporting features.
FDBK0003541,CUST02702,2026-03-09,Survey,2,Negative,Some support requests took too long to resolve.
FDBK0003542,CUST02702,2025-11-29,Product Review,1,Negative,Some support requests took too long to resolve.
FDBK0003543,CUST02702,2025-04-15,Feature Request,1,Negative,We have experienced several issues with customer support.
FDBK0003544,CUST02704,2026-06-14,Feature Request,3,Neutral,The platform is useful but the price is becoming expensive.
FDBK0003545,CUST02705,2026-08-26,Survey,1,Negative,Some support requests took too long to resolve.
FDBK0003546,CUST02705,2026-09-20,Survey,2,Negative,Some support requests took too long to resolve.
FDBK0003547,CUST02706,2025-03-02,Feature Request,2,Negative,The platform has been useful for managing our business.
FDBK0003548,CUST02706,2025-06-25,Product Review,5,Positive,We especially like the reporting features.
FDBK0003549,CUST02707,2025-01-02,Cancellation Feedback,4,Positive,Some support requests took too long to resolve.
FDBK0003550,CUST02707,2024-02-06,Feature Request,2,Negative,Some support requests took too long to resolve.
FDBK0003551,CUST02707,2025-12-11,Product Review,3,Neutral,Some support requests took too long to resolve.
FDBK0003552,CUST02708,2026-01-29,Feature Request,5,Positive,We are happy with the features available.
FDBK0003553,CUST02708,2025-03-04,Feature Request,5,Positive,The platform is easy to use and useful for our daily operations.
FDBK0003554,CUST02710,2026-08-26,Feature Request,5,Positive,We are finding it difficult to get our team to use the platform regularly.
FDBK0003555,CUST02711,2025-10-23,General Feedback,4,Positive,The system has helped our team manage invoices more efficiently.
FDBK0003556,CUST02711,2026-02-10,Product Review,5,Positive,We are happy with the features available.
FDBK0003557,CUST02712,2025-01-02,Product Review,3,Neutral,We are not using the platform as much as we expected.
FDBK0003558,CUST02713,2026-09-01,Survey,5,Positive,We are happy with the features available.
FDBK0003559,CUST02714,2026-08-26,Survey,5,Positive,The platform has been useful for managing our business.
FDBK0003560,CUST02715,2026-01-01,Product Review,4,Positive,The product is useful but support needs improvement.
FDBK0003561,CUST02716,2026-01-14,Product Review,3,Neutral,We are finding it difficult to get our team to use the platform regularly.
FDBK0003562,CUST02716,2024-07-17,Survey,4,Positive,We are finding it difficult to get our team to use the platform regularly.
FDBK0003563,CUST02717,2026-04-11,Survey,4,Positive,We especially like the reporting features.
FDBK0003564,CUST02717,2025-12-17,General Feedback,5,Positive,The platform is easy to use and useful for our daily operations.
FDBK0003565,CUST02718,2026-06-23,General Feedback,3,Neutral,The product is useful but support needs improvement.
FDBK0003566,CUST02720,2024-03-23,General Feedback,4,Positive,Some support requests took too long to resolve.
FDBK0003567,CUST02720,2023-12-30,Survey,2,Negative,Some support requests took too long to resolve.
FDBK0003568,CUST02721,2025-06-07,Cancellation Feedback,4,Positive,The platform is easy to use and useful for our daily operations.
FDBK0003569,CUST02723,2026-07-21,Feature Request,5,Positive,We especially like the reporting features.
FDBK0003570,CUST02723,2026-08-13,Product Review,4,Positive,We are happy with the features available.
FDBK0003571,CUST02724,2026-08-13,Product Review,5,Positive,The system has helped our team manage invoices more efficiently.
FDBK0003572,CUST02724,2026-08-30,Product Review,1,Negative,The platform is easy to use and useful for our daily operations.
FDBK0003573,CUST02726,2026-04-20,Product Review,5,Positive,The platform is easy to use and useful for our daily operations.
FDBK0003574,CUST02726,2026-02-19,General Feedback,5,Positive,We are happy with the features available.
FDBK0003575,CUST02727,2024-09-17,Cancellation Feedback,4,Positive,We like the product but the monthly cost is high.
FDBK0003576,CUST02728,2026-03-07,Feature Request,5,Positive,The platform has been useful for managing our business.
FDBK0003577,CUST02729,2026-02-07,Feature Request,4,Positive,We are not using the platform as much as we expected.
FDBK0003578,CUST02729,2026-02-16,Survey,2,Negative,Our usage of the platform has decreased recently.
FDBK0003579,CUST02730,2026-03-15,General Feedback,2,Negative,Our usage of the platform has decreased recently.
FDBK0003580,CUST02731,2026-04-17,Survey,5,Positive,We are happy with the features available.
FDBK0003581,CUST02731,2024-09-14,Survey,5,Positive,The platform has been useful for managing our business.
FDBK0003582,CUST02732,2026-09-05,General Feedback,5,Positive,We especially like the reporting features.
FDBK0003583,CUST02732,2026-09-09,Product Review,4,Positive,The system has helped our team manage invoices more efficiently.
FDBK0003584,CUST02733,2025-10-17,Feature Request,2,Negative,We are not using the platform as much as we expected.
FDBK0003585,CUST02733,2025-11-28,Feature Request,5,Positive,Some of the features are not being used by our team.
FDBK0003586,CUST02734,2025-06-02,Feature Request,3,Neutral,The platform is useful but the price is becoming expensive.
FDBK0003587,CUST02735,2025-12-16,General Feedback,4,Positive,We have experienced several issues with customer support.
FDBK0003588,CUST02735,2025-03-07,Feature Request,2,Negative,We need faster responses when technical problems occur.
FDBK0003589,CUST02735,2025-12-09,Survey,1,Negative,We need faster responses when technical problems occur.
FDBK0003590,CUST02737,2026-01-01,Survey,5,Positive,The system has helped our team manage invoices more efficiently.
FDBK0003591,CUST02738,2025-03-30,Cancellation Feedback,5,Positive,The system has helped our team manage invoices more efficiently.
FDBK0003592,CUST02738,2026-01-10,Product Review,5,Positive,We especially like the reporting features.
FDBK0003593,CUST02741,2025-03-08,Product Review,2,Negative,Our usage of the platform has decreased recently.
FDBK0003594,CUST02742,2026-03-06,Cancellation Feedback,3,Neutral,Some of the features are not being used by our team.
FDBK0003595,CUST02742,2026-01-15,Survey,4,Positive,Our usage of the platform has decreased recently.
FDBK0003596,CUST02742,2026-03-28,Feature Request,2,Negative,We are finding it difficult to get our team to use the platform regularly.
FDBK0003597,CUST02745,2026-07-07,Feature Request,1,Negative,We need faster responses when technical problems occur.
FDBK0003598,CUST02745,2026-08-03,General Feedback,2,Negative,The product is useful but support needs improvement.
FDBK0003599,CUST02745,2026-07-04,Survey,2,Negative,The product is useful but support needs improvement.
FDBK0003600,CUST02745,2026-05-04,Product Review,3,Neutral,The product is useful but support needs improvement.
FDBK0003601,CUST02745,2026-04-01,General Feedback,4,Positive,Some support requests took too long to resolve.
FDBK0003602,CUST02745,2026-07-10,Survey,1,Negative,We have experienced several issues with customer support.
FDBK0003603,CUST02746,2026-08-22,Product Review,3,Neutral,We are happy with the features available.
FDBK0003604,CUST02748,2026-08-07,Survey,5,Positive,We especially like the reporting features.
FDBK0003605,CUST02748,2026-06-04,Survey,5,Positive,We especially like the reporting features.
FDBK0003606,CUST02749,2026-07-27,Feature Request,5,Positive,Some of the features are not being used by our team.
FDBK0003607,CUST02749,2025-08-04,Feature Request,3,Neutral,We are finding it difficult to get our team to use the platform regularly.
FDBK0003608,CUST02749,2026-01-19,Feature Request,2,Negative,Our usage of the platform has decreased recently.
FDBK0003609,CUST02749,2025-12-09,Survey,2,Negative,We are finding it difficult to get our team to use the platform regularly.
FDBK0003610,CUST02751,2026-05-13,Feature Request,2,Negative,Some support requests took too long to resolve.
FDBK0003611,CUST02751,2026-09-05,General Feedback,2,Negative,The product is useful but support needs improvement.
FDBK0003612,CUST02751,2026-07-15,Survey,3,Neutral,Some support requests took too long to resolve.
FDBK0003613,CUST02752,2026-02-16,Feature Request,3,Neutral,The system has helped our team manage invoices more efficiently.
FDBK0003614,CUST02753,2025-05-13,Cancellation Feedback,4,Positive,The platform is useful but the price is becoming expensive.
FDBK0003615,CUST02753,2025-11-03,General Feedback,5,Positive,The pricing is difficult for our business.
FDBK0003616,CUST02755,2026-07-10,Product Review,1,Negative,We especially like the reporting features.
FDBK0003617,CUST02756,2025-03-05,Cancellation Feedback,5,Positive,The platform is easy to use and useful for our daily operations.
FDBK0003618,CUST02757,2026-09-03,Product Review,2,Negative,Some support requests took too long to resolve.
FDBK0003619,CUST02757,2026-08-26,Product Review,2,Negative,Some support requests took too long to resolve.
FDBK0003620,CUST02757,2026-06-11,General Feedback,1,Negative,The product is useful but support needs improvement.
FDBK0003621,CUST02757,2026-06-16,Feature Request,5,Positive,We have experienced several issues with customer support.
FDBK0003622,CUST02758,2026-07-02,Feature Request,4,Positive,The platform is easy to use and useful for our daily operations.
FDBK0003623,CUST02758,2026-08-27,Survey,1,Negative,The platform has been useful for managing our business.
FDBK0003624,CUST02760,2025-07-08,Product Review,2,Negative,We need faster responses when technical problems occur.
FDBK0003625,CUST02761,2024-10-27,Product Review,5,Positive,The system has helped our team manage invoices more efficiently.
FDBK0003626,CUST02761,2026-06-01,Survey,5,Positive,We especially like the reporting features.
FDBK0003627,CUST02761,2024-11-01,General Feedback,5,Positive,The platform has been useful for managing our business.
FDBK0003628,CUST02762,2024-12-06,Survey,4,Positive,We would like more value for the current subscription price.
FDBK0003629,CUST02762,2024-11-28,Cancellation Feedback,2,Negative,The platform is useful but the price is becoming expensive.
FDBK0003630,CUST02763,2025-01-26,Product Review,3,Neutral,We are finding it difficult to get our team to use the platform regularly.
FDBK0003631,CUST02763,2025-02-07,Survey,3,Neutral,Some of the features are not being used by our team.
FDBK0003632,CUST02764,2026-07-14,Survey,5,Positive,Some of the features are not being used by our team.
FDBK0003633,CUST02766,2025-02-01,Product Review,5,Positive,The platform has been useful for managing our business.
FDBK0003634,CUST02766,2024-11-26,Product Review,5,Positive,The platform has been useful for managing our business.
FDBK0003635,CUST02767,2026-07-19,Product Review,5,Positive,The platform is easy to use and useful for our daily operations.
FDBK0003636,CUST02767,2026-05-30,Survey,3,Neutral,We especially like the reporting features.
FDBK0003637,CUST02768,2026-04-03,Feature Request,1,Negative,The platform is useful but the price is becoming expensive.
FDBK0003638,CUST02769,2025-04-26,Survey,3,Neutral,The platform is useful but the price is becoming expensive.
FDBK0003639,CUST02769,2025-04-13,Survey,4,Positive,The pricing is difficult for our business.
FDBK0003640,CUST02770,2024-07-27,Survey,3,Neutral,The pricing is difficult for our business.
FDBK0003641,CUST02770,2024-09-15,Feature Request,4,Positive,We would like more value for the current subscription price.
FDBK0003642,CUST02770,2024-09-14,Product Review,2,Negative,We would like more value for the current subscription price.
FDBK0003643,CUST02770,2025-11-19,General Feedback,5,Positive,We would like more value for the current subscription price.
FDBK0003644,CUST02771,2026-09-09,Product Review,5,Positive,We especially like the reporting features.
FDBK0003645,CUST02771,2026-09-17,Product Review,3,Neutral,The platform has been useful for managing our business.
FDBK0003646,CUST02772,2026-03-01,General Feedback,3,Neutral,We are finding it difficult to get our team to use the platform regularly.
FDBK0003647,CUST02773,2026-03-05,Survey,1,Negative,The pricing is difficult for our business.
FDBK0003648,CUST02773,2026-01-07,Product Review,3,Neutral,The platform is useful but the price is becoming expensive.
FDBK0003649,CUST02773,2024-07-27,Survey,3,Neutral,The platform is useful but the price is becoming expensive.
FDBK0003650,CUST02773,2024-12-30,Survey,3,Neutral,The platform is useful but the price is becoming expensive.
FDBK0003651,CUST02776,2024-11-30,Product Review,3,Neutral,We especially like the reporting features.
FDBK0003652,CUST02777,2025-06-06,Survey,5,Positive,The platform is easy to use and useful for our daily operations.
FDBK0003653,CUST02779,2026-08-02,Feature Request,2,Negative,Some of the features are not being used by our team.
FDBK0003654,CUST02779,2025-09-18,General Feedback,3,Neutral,We are not using the platform as much as we expected.
FDBK0003655,CUST02780,2026-04-08,Cancellation Feedback,3,Neutral,We are not using the platform as much as we expected.
FDBK0003656,CUST02780,2026-04-14,Survey,1,Negative,We are not using the platform as much as we expected.
FDBK0003657,CUST02782,2026-08-25,Product Review,5,Positive,The platform is easy to use and useful for our daily operations.
FDBK0003658,CUST02782,2025-06-05,Survey,3,Neutral,We are happy with the features available.
FDBK0003659,CUST02783,2026-08-31,Feature Request,4,Positive,Some of the features are not being used by our team.
FDBK0003660,CUST02783,2026-06-21,General Feedback,4,Positive,We are finding it difficult to get our team to use the platform regularly.
FDBK0003661,CUST02784,2024-04-13,Survey,1,Negative,We have experienced several issues with customer support.
FDBK0003662,CUST02784,2025-10-15,Survey,3,Neutral,The product is useful but support needs improvement.
FDBK0003663,CUST02784,2025-01-13,Survey,2,Negative,We need faster responses when technical problems occur.
FDBK0003664,CUST02785,2025-01-02,Survey,5,Positive,The system has helped our team manage invoices more efficiently.
FDBK0003665,CUST02785,2024-12-29,Feature Request,5,Positive,We are happy with the features available.
FDBK0003666,CUST02786,2024-12-09,Product Review,4,Positive,We would like more value for the current subscription price.
FDBK0003667,CUST02786,2024-07-02,Cancellation Feedback,4,Positive,The platform is useful but the price is becoming expensive.
FDBK0003668,CUST02786,2024-04-04,Product Review,2,Negative,We would like more value for the current subscription price.
FDBK0003669,CUST02787,2026-06-04,Survey,2,Negative,We are finding it difficult to get our team to use the platform regularly.
FDBK0003670,CUST02787,2026-06-03,Survey,4,Positive,We are finding it difficult to get our team to use the platform regularly.
FDBK0003671,CUST02788,2025-10-09,Cancellation Feedback,1,Negative,Some support requests took too long to resolve.
FDBK0003672,CUST02789,2025-02-01,Feature Request,3,Neutral,We are not using the platform as much as we expected.
FDBK0003673,CUST02791,2026-02-22,Product Review,5,Positive,The platform has been useful for managing our business.
FDBK0003674,CUST02791,2026-04-25,Feature Request,4,Positive,We especially like the reporting features.
FDBK0003675,CUST02791,2026-05-20,Survey,4,Positive,The system has helped our team manage invoices more efficiently.
FDBK0003676,CUST02791,2026-06-19,Feature Request,5,Positive,The platform is easy to use and useful for our daily operations.
FDBK0003677,CUST02792,2025-12-27,Feature Request,3,Neutral,Some of the features are not being used by our team.
FDBK0003678,CUST02794,2026-01-27,Feature Request,5,Positive,Our usage of the platform has decreased recently.
FDBK0003679,CUST02794,2026-03-20,Survey,3,Neutral,Our usage of the platform has decreased recently.
FDBK0003680,CUST02794,2026-03-17,Feature Request,4,Positive,Some of the features are not being used by our team.
FDBK0003681,CUST02796,2024-10-16,Product Review,4,Positive,We like the product but the monthly cost is high.
FDBK0003682,CUST02796,2025-10-18,Cancellation Feedback,5,Positive,We would like more value for the current subscription price.
FDBK0003683,CUST02796,2024-06-14,Feature Request,3,Neutral,The platform is useful but the price is becoming expensive.
FDBK0003684,CUST02797,2025-10-25,General Feedback,5,Positive,The system has helped our team manage invoices more efficiently.
FDBK0003685,CUST02802,2026-01-05,Feature Request,5,Positive,We are happy with the features available.
FDBK0003686,CUST02804,2026-06-09,Feature Request,3,Neutral,Our usage of the platform has decreased recently.
FDBK0003687,CUST02804,2026-08-08,General Feedback,3,Neutral,We are not using the platform as much as we expected.
FDBK0003688,CUST02805,2025-11-01,Product Review,2,Negative,The platform has been useful for managing our business.
FDBK0003689,CUST02806,2026-04-27,Survey,1,Negative,Our usage of the platform has decreased recently.
FDBK0003690,CUST02807,2026-05-27,Product Review,4,Positive,The platform is easy to use and useful for our daily operations.
FDBK0003691,CUST02807,2025-05-19,Survey,5,Positive,The platform is easy to use and useful for our daily operations.
FDBK0003692,CUST02807,2026-03-12,General Feedback,4,Positive,The system has helped our team manage invoices more efficiently.
FDBK0003693,CUST02809,2025-12-15,Feature Request,1,Negative,We need faster responses when technical problems occur.
FDBK0003694,CUST02809,2026-03-30,Feature Request,2,Negative,The product is useful but support needs improvement.
FDBK0003695,CUST02810,2026-08-16,Feature Request,3,Neutral,The platform is easy to use and useful for our daily operations.
FDBK0003696,CUST02811,2026-07-30,Survey,4,Positive,The platform has been useful for managing our business.
FDBK0003697,CUST02812,2025-06-17,Cancellation Feedback,5,Positive,Some of the features are not being used by our team.
FDBK0003698,CUST02812,2026-04-09,Feature Request,4,Positive,We are not using the platform as much as we expected.
FDBK0003699,CUST02812,2026-08-26,Survey,1,Negative,Some of the features are not being used by our team.
FDBK0003700,CUST02813,2026-08-20,Feature Request,4,Positive,We especially like the reporting features.
FDBK0003701,CUST02813,2026-06-04,Survey,5,Positive,The platform is easy to use and useful for our daily operations.
FDBK0003702,CUST02814,2026-05-10,General Feedback,5,Positive,We are happy with the features available.
FDBK0003703,CUST02814,2026-07-26,Survey,5,Positive,We especially like the reporting features.
FDBK0003704,CUST02817,2025-11-07,Survey,5,Positive,We are happy with the features available.
FDBK0003705,CUST02819,2025-06-06,Cancellation Feedback,4,Positive,We are happy with the features available.
FDBK0003706,CUST02820,2025-12-05,Product Review,1,Negative,We are not using the platform as much as we expected.
FDBK0003707,CUST02820,2025-11-14,Product Review,3,Neutral,Some of the features are not being used by our team.
FDBK0003708,CUST02820,2025-11-06,Product Review,3,Neutral,We are not using the platform as much as we expected.
FDBK0003709,CUST02821,2026-07-02,Survey,3,Neutral,The platform is useful but the price is becoming expensive.
FDBK0003710,CUST02821,2026-04-23,Survey,4,Positive,We would like more value for the current subscription price.
FDBK0003711,CUST02822,2026-08-17,Product Review,4,Positive,We are happy with the features available.
FDBK0003712,CUST02822,2026-08-18,Product Review,5,Positive,We are happy with the features available.
FDBK0003713,CUST02823,2026-03-16,Product Review,2,Negative,Some support requests took too long to resolve.
FDBK0003714,CUST02823,2026-07-25,General Feedback,1,Negative,The product is useful but support needs improvement.
FDBK0003715,CUST02824,2025-05-12,Cancellation Feedback,2,Negative,Our usage of the platform has decreased recently.
FDBK0003716,CUST02827,2026-09-08,Survey,5,Positive,The system has helped our team manage invoices more efficiently.
FDBK0003717,CUST02828,2025-11-11,Product Review,3,Neutral,We are happy with the features available.
FDBK0003718,CUST02829,2026-09-15,Feature Request,5,Positive,The platform is easy to use and useful for our daily operations.
FDBK0003719,CUST02830,2025-11-07,Cancellation Feedback,3,Neutral,The product is useful but support needs improvement.
FDBK0003720,CUST02830,2025-09-19,Cancellation Feedback,2,Negative,We need faster responses when technical problems occur.
FDBK0003721,CUST02830,2026-01-07,Cancellation Feedback,1,Negative,Some support requests took too long to resolve.
FDBK0003722,CUST02833,2025-11-22,Survey,4,Positive,We especially like the reporting features.
FDBK0003723,CUST02834,2025-08-27,Product Review,5,Positive,The platform is easy to use and useful for our daily operations.
FDBK0003724,CUST02837,2026-08-14,Feature Request,5,Positive,We especially like the reporting features.
FDBK0003725,CUST02838,2026-02-22,General Feedback,5,Positive,The system has helped our team manage invoices more efficiently.
FDBK0003726,CUST02839,2024-08-13,Survey,4,Positive,We especially like the reporting features.
FDBK0003727,CUST02840,2026-02-26,Product Review,1,Negative,Some support requests took too long to resolve.
FDBK0003728,CUST02841,2026-02-01,Feature Request,5,Positive,We especially like the reporting features.
FDBK0003729,CUST02841,2026-08-30,General Feedback,5,Positive,The system has helped our team manage invoices more efficiently.
FDBK0003730,CUST02842,2024-10-18,Product Review,3,Neutral,Our usage of the platform has decreased recently.
FDBK0003731,CUST02846,2025-10-30,General Feedback,2,Negative,We are not using the platform as much as we expected.
FDBK0003732,CUST02846,2024-11-06,Product Review,2,Negative,We are not using the platform as much as we expected.
FDBK0003733,CUST02847,2025-12-31,General Feedback,5,Positive,We especially like the reporting features.
FDBK0003734,CUST02847,2026-06-07,Survey,5,Positive,We especially like the reporting features.
FDBK0003735,CUST02848,2026-08-21,Cancellation Feedback,3,Neutral,We like the product but the monthly cost is high.
FDBK0003736,CUST02848,2026-07-18,Cancellation Feedback,4,Positive,The platform is useful but the price is becoming expensive.
FDBK0003737,CUST02849,2026-07-08,General Feedback,4,Positive,The platform has been useful for managing our business.
FDBK0003738,CUST02850,2026-02-21,Product Review,1,Negative,We have experienced several issues with customer support.
FDBK0003739,CUST02851,2026-04-28,Survey,5,Positive,We are happy with the features available.
FDBK0003740,CUST02851,2025-06-26,Product Review,5,Positive,The platform is easy to use and useful for our daily operations.
FDBK0003741,CUST02851,2025-10-10,General Feedback,5,Positive,The platform has been useful for managing our business.
FDBK0003742,CUST02852,2025-07-28,Product Review,3,Neutral,The product is useful but support needs improvement.
FDBK0003743,CUST02853,2025-06-06,Product Review,5,Positive,The pricing is difficult for our business.
FDBK0003744,CUST02853,2025-05-08,Cancellation Feedback,5,Positive,The pricing is difficult for our business.
FDBK0003745,CUST02853,2025-04-26,Cancellation Feedback,5,Positive,The platform is useful but the price is becoming expensive.
FDBK0003746,CUST02853,2026-06-20,General Feedback,3,Neutral,The platform is useful but the price is becoming expensive.
FDBK0003747,CUST02854,2026-06-03,Survey,4,Positive,The platform is useful but the price is becoming expensive.
FDBK0003748,CUST02857,2026-07-30,Product Review,3,Neutral,We are not using the platform as much as we expected.
FDBK0003749,CUST02857,2026-09-17,Cancellation Feedback,2,Negative,Our usage of the platform has decreased recently.
FDBK0003750,CUST02857,2026-09-03,Cancellation Feedback,2,Negative,Our usage of the platform has decreased recently.
FDBK0003751,CUST02861,2026-04-21,Survey,2,Negative,We would like more value for the current subscription price.
FDBK0003752,CUST02861,2026-08-13,Survey,3,Neutral,The platform is useful but the price is becoming expensive.
FDBK0003753,CUST02861,2026-05-11,Feature Request,3,Neutral,The platform is useful but the price is becoming expensive.
FDBK0003754,CUST02862,2025-06-28,Feature Request,3,Neutral,We are not using the platform as much as we expected.
FDBK0003755,CUST02863,2025-02-05,Survey,5,Positive,We especially like the reporting features.
FDBK0003756,CUST02863,2024-11-24,Survey,4,Positive,We especially like the reporting features.
FDBK0003757,CUST02863,2026-07-27,Survey,4,Positive,The system has helped our team manage invoices more efficiently.
FDBK0003758,CUST02866,2026-04-09,Survey,5,Positive,We like the product but the monthly cost is high.
FDBK0003759,CUST02867,2026-06-10,Product Review,3,Neutral,The pricing is difficult for our business.
FDBK0003760,CUST02868,2025-12-13,Cancellation Feedback,1,Negative,We have experienced several issues with customer support.
FDBK0003761,CUST02868,2026-01-15,Survey,1,Negative,We need faster responses when technical problems occur.
FDBK0003762,CUST02868,2026-01-17,Product Review,3,Neutral,We have experienced several issues with customer support.
FDBK0003763,CUST02869,2025-03-27,Product Review,2,Negative,We are happy with the features available.
FDBK0003764,CUST02870,2024-10-27,General Feedback,4,Positive,We are happy with the features available.
FDBK0003765,CUST02870,2026-01-25,General Feedback,5,Positive,We especially like the reporting features.
FDBK0003766,CUST02870,2025-10-08,Feature Request,5,Positive,We are happy with the features available.
FDBK0003767,CUST02871,2025-04-03,Survey,3,Neutral,We would like more value for the current subscription price.
FDBK0003768,CUST02872,2025-12-06,Survey,4,Positive,We especially like the reporting features.
FDBK0003769,CUST02873,2024-02-04,General Feedback,4,Positive,The platform has been useful for managing our business.
FDBK0003770,CUST02873,2025-05-09,Feature Request,4,Positive,The platform is easy to use and useful for our daily operations.
FDBK0003771,CUST02873,2026-02-07,Feature Request,5,Positive,The system has helped our team manage invoices more efficiently.
FDBK0003772,CUST02874,2026-06-01,Feature Request,1,Negative,We need faster responses when technical problems occur.
FDBK0003773,CUST02874,2026-09-17,Survey,4,Positive,We need faster responses when technical problems occur.
FDBK0003774,CUST02879,2025-09-23,General Feedback,3,Neutral,Some support requests took too long to resolve.
FDBK0003775,CUST02880,2026-06-03,Product Review,4,Positive,The platform is easy to use and useful for our daily operations.
FDBK0003776,CUST02880,2026-05-02,Product Review,4,Positive,We especially like the reporting features.
FDBK0003777,CUST02881,2026-07-05,Feature Request,5,Positive,We especially like the reporting features.
FDBK0003778,CUST02881,2026-04-07,Survey,5,Positive,We especially like the reporting features.
FDBK0003779,CUST02881,2026-06-16,Feature Request,3,Neutral,The platform has been useful for managing our business.
FDBK0003780,CUST02883,2025-11-28,Product Review,1,Negative,We would like more value for the current subscription price.
FDBK0003781,CUST02883,2025-12-20,Cancellation Feedback,5,Positive,The pricing is difficult for our business.
FDBK0003782,CUST02886,2026-05-14,General Feedback,4,Positive,The system has helped our team manage invoices more efficiently.
FDBK0003783,CUST02888,2026-06-25,Survey,3,Neutral,The platform is easy to use and useful for our daily operations.
FDBK0003784,CUST02888,2026-02-06,Survey,5,Positive,We especially like the reporting features.
FDBK0003785,CUST02889,2025-06-26,Product Review,5,Positive,The system has helped our team manage invoices more efficiently.
FDBK0003786,CUST02890,2024-11-17,Survey,4,Positive,The system has helped our team manage invoices more efficiently.
FDBK0003787,CUST02891,2025-01-21,General Feedback,4,Positive,We are finding it difficult to get our team to use the platform regularly.
FDBK0003788,CUST02893,2026-03-15,Survey,5,Positive,The system has helped our team manage invoices more efficiently.
FDBK0003789,CUST02894,2026-08-27,Cancellation Feedback,4,Positive,The platform is easy to use and useful for our daily operations.
FDBK0003790,CUST02894,2026-07-20,Product Review,2,Negative,The platform is easy to use and useful for our daily operations.
FDBK0003791,CUST02894,2026-06-25,Survey,5,Positive,The system has helped our team manage invoices more efficiently.
FDBK0003792,CUST02894,2026-06-28,Product Review,3,Neutral,The platform is easy to use and useful for our daily operations.
FDBK0003793,CUST02895,2026-04-22,Cancellation Feedback,2,Negative,Our usage of the platform has decreased recently.
FDBK0003794,CUST02895,2026-05-13,General Feedback,1,Negative,We are finding it difficult to get our team to use the platform regularly.
FDBK0003795,CUST02895,2026-05-22,Cancellation Feedback,4,Positive,Some of the features are not being used by our team.
FDBK0003796,CUST02896,2026-07-21,Feature Request,3,Neutral,We are happy with the features available.
FDBK0003797,CUST02898,2026-08-03,General Feedback,2,Negative,Our usage of the platform has decreased recently.
FDBK0003798,CUST02899,2026-06-09,Feature Request,4,Positive,Our usage of the platform has decreased recently.
FDBK0003799,CUST02899,2026-06-21,Product Review,4,Positive,Some of the features are not being used by our team.
FDBK0003800,CUST02899,2025-05-25,Product Review,5,Positive,Some of the features are not being used by our team.
FDBK0003801,CUST02901,2025-11-23,Cancellation Feedback,2,Negative,We need faster responses when technical problems occur.
FDBK0003802,CUST02901,2026-06-06,Survey,5,Positive,We have experienced several issues with customer support.
FDBK0003803,CUST02901,2025-06-06,Cancellation Feedback,2,Negative,Some support requests took too long to resolve.
FDBK0003804,CUST02903,2025-06-11,Product Review,1,Negative,The product is useful but support needs improvement.
FDBK0003805,CUST02905,2025-03-17,Product Review,5,Positive,We are happy with the features available.
FDBK0003806,CUST02907,2026-09-08,General Feedback,3,Neutral,Our usage of the platform has decreased recently.
FDBK0003807,CUST02909,2025-01-01,Cancellation Feedback,5,Positive,The system has helped our team manage invoices more efficiently.
FDBK0003808,CUST02910,2026-06-18,Survey,4,Positive,We especially like the reporting features.
FDBK0003809,CUST02911,2026-09-16,Product Review,5,Positive,We especially like the reporting features.
FDBK0003810,CUST02913,2026-09-19,Cancellation Feedback,1,Negative,We have experienced several issues with customer support.
FDBK0003811,CUST02913,2026-08-30,Survey,5,Positive,The product is useful but support needs improvement.
FDBK0003812,CUST02913,2026-09-15,Survey,2,Negative,Some support requests took too long to resolve.
FDBK0003813,CUST02913,2026-08-26,Product Review,2,Negative,We have experienced several issues with customer support.
FDBK0003814,CUST02913,2026-09-14,General Feedback,4,Positive,We need faster responses when technical problems occur.
FDBK0003815,CUST02913,2026-09-03,Feature Request,1,Negative,Some support requests took too long to resolve.
FDBK0003816,CUST02914,2026-07-05,Survey,3,Neutral,We are happy with the features available.
FDBK0003817,CUST02920,2024-02-04,Survey,5,Positive,We especially like the reporting features.
FDBK0003818,CUST02921,2026-05-12,General Feedback,3,Neutral,Our usage of the platform has decreased recently.
FDBK0003819,CUST02921,2026-05-16,Feature Request,2,Negative,We are finding it difficult to get our team to use the platform regularly.
FDBK0003820,CUST02922,2026-07-10,Survey,2,Negative,The pricing is difficult for our business.
FDBK0003821,CUST02924,2026-09-14,Feature Request,3,Neutral,We are happy with the features available.
FDBK0003822,CUST02925,2025-10-30,Product Review,5,Positive,The platform is easy to use and useful for our daily operations.
FDBK0003823,CUST02925,2025-08-23,Feature Request,5,Positive,The platform is easy to use and useful for our daily operations.
FDBK0003824,CUST02926,2026-09-11,Product Review,2,Negative,The system has helped our team manage invoices more efficiently.
FDBK0003825,CUST02927,2026-07-22,Feature Request,5,Positive,The system has helped our team manage invoices more efficiently.
FDBK0003826,CUST02927,2024-06-17,Survey,5,Positive,The system has helped our team manage invoices more efficiently.
FDBK0003827,CUST02927,2024-08-12,Product Review,4,Positive,The platform is easy to use and useful for our daily operations.
FDBK0003828,CUST02928,2026-05-28,Product Review,5,Positive,The platform has been useful for managing our business.
FDBK0003829,CUST02930,2025-04-17,Product Review,4,Positive,We especially like the reporting features.
FDBK0003830,CUST02930,2025-12-27,Survey,4,Positive,The platform has been useful for managing our business.
FDBK0003831,CUST02930,2025-11-20,Product Review,5,Positive,The platform is easy to use and useful for our daily operations.
FDBK0003832,CUST02934,2024-12-29,Survey,4,Positive,The pricing is difficult for our business.
FDBK0003833,CUST02935,2026-08-31,Survey,5,Positive,We especially like the reporting features.
FDBK0003834,CUST02940,2026-08-19,Cancellation Feedback,4,Positive,We are happy with the features available.
FDBK0003835,CUST02942,2024-03-10,General Feedback,3,Neutral,The system has helped our team manage invoices more efficiently.
FDBK0003836,CUST02942,2024-06-15,Survey,4,Positive,The platform is easy to use and useful for our daily operations.
FDBK0003837,CUST02943,2025-12-23,Cancellation Feedback,3,Neutral,We are finding it difficult to get our team to use the platform regularly.
FDBK0003838,CUST02943,2025-09-11,Survey,3,Neutral,Some of the features are not being used by our team.
FDBK0003839,CUST02943,2025-08-30,Cancellation Feedback,4,Positive,We are finding it difficult to get our team to use the platform regularly.
FDBK0003840,CUST02943,2025-11-29,Product Review,2,Negative,Some of the features are not being used by our team.
FDBK0003841,CUST02943,2025-09-26,Cancellation Feedback,3,Neutral,We are finding it difficult to get our team to use the platform regularly.
FDBK0003842,CUST02946,2025-02-05,Product Review,3,Neutral,We are happy with the features available.
FDBK0003843,CUST02947,2024-04-06,Survey,1,Negative,The platform is useful but the price is becoming expensive.
FDBK0003844,CUST02947,2026-06-15,Survey,3,Neutral,The pricing is difficult for our business.
FDBK0003845,CUST02947,2024-09-13,Survey,4,Positive,We like the product but the monthly cost is high.
FDBK0003846,CUST02947,2026-07-27,General Feedback,4,Positive,The pricing is difficult for our business.
FDBK0003847,CUST02949,2026-03-21,Product Review,5,Positive,We are not using the platform as much as we expected.
FDBK0003848,CUST02949,2026-09-07,Survey,3,Neutral,Some of the features are not being used by our team.
FDBK0003849,CUST02949,2026-07-16,Feature Request,4,Positive,Our usage of the platform has decreased recently.
FDBK0003850,CUST02949,2025-10-07,General Feedback,5,Positive,Our usage of the platform has decreased recently.
FDBK0003851,CUST02950,2025-04-16,Feature Request,4,Positive,The system has helped our team manage invoices more efficiently.
FDBK0003852,CUST02950,2024-05-09,Product Review,5,Positive,The system has helped our team manage invoices more efficiently.
FDBK0003853,CUST02951,2026-05-02,Product Review,5,Positive,The system has helped our team manage invoices more efficiently.
FDBK0003854,CUST02952,2026-07-07,General Feedback,1,Negative,The product is useful but support needs improvement.
FDBK0003855,CUST02952,2025-11-10,Product Review,2,Negative,We have experienced several issues with customer support.
FDBK0003856,CUST02953,2025-10-17,Survey,3,Neutral,We are happy with the features available.
FDBK0003857,CUST02955,2026-03-18,General Feedback,2,Negative,Some support requests took too long to resolve.
FDBK0003858,CUST02955,2026-04-10,Survey,1,Negative,Some support requests took too long to resolve.
FDBK0003859,CUST02955,2026-04-20,Feature Request,2,Negative,We need faster responses when technical problems occur.
FDBK0003860,CUST02956,2025-07-04,General Feedback,5,Positive,The platform has been useful for managing our business.
FDBK0003861,CUST02959,2026-04-09,Survey,2,Negative,We need faster responses when technical problems occur.
FDBK0003862,CUST02959,2026-04-13,Feature Request,1,Negative,Some support requests took too long to resolve.
FDBK0003863,CUST02959,2026-07-08,Survey,1,Negative,We need faster responses when technical problems occur.
FDBK0003864,CUST02959,2025-08-20,Product Review,1,Negative,The product is useful but support needs improvement.
FDBK0003865,CUST02959,2025-11-17,General Feedback,4,Positive,We have experienced several issues with customer support.
FDBK0003866,CUST02959,2025-07-25,Product Review,2,Negative,We need faster responses when technical problems occur.
FDBK0003867,CUST02959,2025-10-24,Survey,4,Positive,We have experienced several issues with customer support.
FDBK0003868,CUST02961,2025-07-04,Feature Request,4,Positive,The system has helped our team manage invoices more efficiently.
FDBK0003869,CUST02961,2024-05-17,Survey,4,Positive,We are happy with the features available.
FDBK0003870,CUST02961,2025-06-09,General Feedback,5,Positive,We especially like the reporting features.
FDBK0003871,CUST02962,2025-12-09,Survey,1,Negative,Some support requests took too long to resolve.
FDBK0003872,CUST02963,2024-07-21,Product Review,2,Negative,The platform is useful but the price is becoming expensive.
FDBK0003873,CUST02965,2026-03-22,Product Review,4,Positive,The platform is useful but the price is becoming expensive.
FDBK0003874,CUST02967,2025-10-22,Product Review,1,Negative,We have experienced several issues with customer support.
FDBK0003875,CUST02968,2024-09-02,Feature Request,5,Positive,The system has helped our team manage invoices more efficiently.
FDBK0003876,CUST02969,2025-08-13,Product Review,3,Neutral,The platform is easy to use and useful for our daily operations.
FDBK0003877,CUST02969,2026-03-23,Feature Request,3,Neutral,The system has helped our team manage invoices more efficiently.
FDBK0003878,CUST02970,2026-07-26,General Feedback,3,Neutral,Some of the features are not being used by our team.
FDBK0003879,CUST02970,2026-05-12,Cancellation Feedback,3,Neutral,We are not using the platform as much as we expected.
FDBK0003880,CUST02973,2025-04-18,Survey,2,Negative,Some of the features are not being used by our team.
FDBK0003881,CUST02973,2026-06-28,Feature Request,3,Neutral,Our usage of the platform has decreased recently.
FDBK0003882,CUST02974,2025-02-01,Survey,4,Positive,We are happy with the features available.
FDBK0003883,CUST02975,2026-03-14,General Feedback,4,Positive,The system has helped our team manage invoices more efficiently.
FDBK0003884,CUST02976,2026-04-27,Product Review,4,Positive,Our usage of the platform has decreased recently.
FDBK0003885,CUST02977,2026-03-27,Feature Request,2,Negative,Some of the features are not being used by our team.
FDBK0003886,CUST02977,2026-07-21,Product Review,4,Positive,We are not using the platform as much as we expected.
FDBK0003887,CUST02977,2026-06-11,Survey,3,Neutral,We are not using the platform as much as we expected.
FDBK0003888,CUST02978,2024-05-20,Cancellation Feedback,4,Positive,The system has helped our team manage invoices more efficiently.
FDBK0003889,CUST02979,2025-10-19,Feature Request,5,Positive,The system has helped our team manage invoices more efficiently.
FDBK0003890,CUST02980,2025-11-17,Feature Request,4,Positive,We are happy with the features available.
FDBK0003891,CUST02981,2026-06-03,Survey,4,Positive,We need faster responses when technical problems occur.
FDBK0003892,CUST02981,2026-07-20,Cancellation Feedback,1,Negative,Some support requests took too long to resolve.
FDBK0003893,CUST02981,2026-09-18,Product Review,3,Neutral,We need faster responses when technical problems occur.
FDBK0003894,CUST02982,2024-03-23,General Feedback,3,Neutral,We need faster responses when technical problems occur.
FDBK0003895,CUST02982,2025-05-18,Feature Request,1,Negative,The product is useful but support needs improvement.
FDBK0003896,CUST02983,2026-08-18,Feature Request,2,Negative,The system has helped our team manage invoices more efficiently.
FDBK0003897,CUST02984,2026-06-23,General Feedback,4,Positive,Some of the features are not being used by our team.
FDBK0003898,CUST02986,2025-12-29,General Feedback,4,Positive,The platform has been useful for managing our business.
FDBK0003899,CUST02987,2026-04-09,Survey,3,Neutral,The platform has been useful for managing our business.
FDBK0003900,CUST02988,2024-05-09,Product Review,5,Positive,We are happy with the features available.
FDBK0003901,CUST02992,2026-02-08,Feature Request,3,Neutral,The pricing is difficult for our business.
FDBK0003902,CUST02994,2024-11-09,Product Review,2,Negative,The pricing is difficult for our business.
FDBK0003903,CUST02994,2024-06-11,Product Review,3,Neutral,The pricing is difficult for our business.
FDBK0003904,CUST02996,2026-07-31,Survey,2,Negative,Some of the features are not being used by our team.
FDBK0003905,CUST02998,2025-03-29,Product Review,4,Positive,The platform has been useful for managing our business.
FDBK0003906,CUST02999,2026-02-19,Survey,2,Negative,The product is useful but support needs improvement.
FDBK0003907,CUST02999,2024-05-16,Product Review,2,Negative,We need faster responses when technical problems occur.
FDBK0003908,CUST02999,2024-10-03,General Feedback,3,Neutral,We need faster responses when technical problems occur.
FDBK0003909,CUST03001,2026-07-13,Survey,2,Negative,We are finding it difficult to get our team to use the platform regularly.
FDBK0003910,CUST03001,2026-05-24,Survey,2,Negative,Some of the features are not being used by our team.
FDBK0003911,CUST03001,2024-08-16,Product Review,2,Negative,We are not using the platform as much as we expected.
FDBK0003912,CUST03002,2024-11-15,Product Review,4,Positive,The pricing is difficult for our business.
FDBK0003913,CUST03003,2025-12-29,Cancellation Feedback,3,Neutral,We are not using the platform as much as we expected.
FDBK0003914,CUST03003,2026-01-16,Product Review,4,Positive,We are not using the platform as much as we expected.
FDBK0003915,CUST03004,2025-09-14,Feature Request,2,Negative,We would like more value for the current subscription price.
FDBK0003916,CUST03004,2025-04-18,Survey,2,Negative,We would like more value for the current subscription price.
FDBK0003917,CUST03004,2026-04-16,General Feedback,3,Neutral,We would like more value for the current subscription price.
FDBK0003918,CUST03007,2026-07-17,Survey,2,Negative,We have experienced several issues with customer support.
FDBK0003919,CUST03007,2026-02-16,Survey,5,Positive,The product is useful but support needs improvement.
FDBK0003920,CUST03011,2025-09-18,General Feedback,4,Positive,We like the product but the monthly cost is high.
FDBK0003921,CUST03011,2024-11-18,Product Review,4,Positive,The platform is useful but the price is becoming expensive.
FDBK0003922,CUST03011,2026-06-11,General Feedback,3,Neutral,We like the product but the monthly cost is high.
FDBK0003923,CUST03011,2025-11-18,Survey,1,Negative,The platform is useful but the price is becoming expensive.
FDBK0003924,CUST03012,2026-07-19,Product Review,2,Negative,Our usage of the platform has decreased recently.
FDBK0003925,CUST03012,2026-04-12,Survey,2,Negative,Some of the features are not being used by our team.
FDBK0003926,CUST03013,2026-08-05,Product Review,4,Positive,The platform has been useful for managing our business.
FDBK0003927,CUST03013,2026-01-09,Cancellation Feedback,3,Neutral,We especially like the reporting features.
FDBK0003928,CUST03014,2024-08-24,Product Review,4,Positive,We are finding it difficult to get our team to use the platform regularly.
FDBK0003929,CUST03015,2025-04-20,Feature Request,3,Neutral,Our usage of the platform has decreased recently.
FDBK0003930,CUST03016,2026-09-13,General Feedback,2,Negative,Some support requests took too long to resolve.
FDBK0003931,CUST03016,2026-08-08,Survey,1,Negative,We have experienced several issues with customer support.
FDBK0003932,CUST03017,2026-08-17,Survey,5,Positive,The platform has been useful for managing our business.
FDBK0003933,CUST03018,2026-02-16,Product Review,4,Positive,We like the product but the monthly cost is high.
FDBK0003934,CUST03021,2026-01-26,Product Review,5,Positive,We are happy with the features available.
FDBK0003935,CUST03021,2026-03-25,Survey,5,Positive,The platform is easy to use and useful for our daily operations.
FDBK0003936,CUST03022,2025-06-13,General Feedback,2,Negative,We are happy with the features available.
FDBK0003937,CUST03022,2025-07-21,Survey,4,Positive,The system has helped our team manage invoices more efficiently.
FDBK0003938,CUST03022,2026-03-26,Survey,5,Positive,The platform is easy to use and useful for our daily operations.
FDBK0003939,CUST03025,2025-12-07,Cancellation Feedback,2,Negative,We would like more value for the current subscription price.
FDBK0003940,CUST03027,2026-08-08,Survey,4,Positive,We are happy with the features available.
FDBK0003941,CUST03028,2026-02-26,Product Review,5,Positive,We need faster responses when technical problems occur.
FDBK0003942,CUST03028,2025-06-06,Product Review,1,Negative,Some support requests took too long to resolve.
FDBK0003943,CUST03033,2025-07-12,Survey,5,Positive,We are finding it difficult to get our team to use the platform regularly.
FDBK0003944,CUST03034,2024-07-29,Product Review,2,Negative,We like the product but the monthly cost is high.
FDBK0003945,CUST03034,2026-05-18,Cancellation Feedback,3,Neutral,The platform is useful but the price is becoming expensive.
FDBK0003946,CUST03034,2026-04-12,Survey,1,Negative,We would like more value for the current subscription price.
FDBK0003947,CUST03035,2026-01-08,Feature Request,5,Positive,The system has helped our team manage invoices more efficiently.
FDBK0003948,CUST03035,2025-06-18,Survey,4,Positive,The platform is easy to use and useful for our daily operations.
FDBK0003949,CUST03037,2026-02-25,Survey,2,Negative,We are not using the platform as much as we expected.
FDBK0003950,CUST03039,2025-07-09,Cancellation Feedback,1,Negative,The product is useful but support needs improvement.
FDBK0003951,CUST03039,2025-07-24,Cancellation Feedback,3,Neutral,We have experienced several issues with customer support.
FDBK0003952,CUST03039,2025-07-21,Feature Request,3,Neutral,The product is useful but support needs improvement.
FDBK0003953,CUST03040,2026-05-07,Survey,4,Positive,The platform has been useful for managing our business.
FDBK0003954,CUST03040,2026-04-12,Product Review,2,Negative,We especially like the reporting features.
FDBK0003955,CUST03043,2024-03-27,Survey,4,Positive,The platform has been useful for managing our business.
FDBK0003956,CUST03043,2026-08-28,Feature Request,3,Neutral,The platform is easy to use and useful for our daily operations.
FDBK0003957,CUST03044,2024-01-15,Product Review,1,Negative,The system has helped our team manage invoices more efficiently.
FDBK0003958,CUST03044,2026-07-26,Product Review,5,Positive,The platform has been useful for managing our business.
FDBK0003959,CUST03045,2025-07-17,General Feedback,4,Positive,The platform has been useful for managing our business.
FDBK0003960,CUST03046,2026-08-12,Survey,5,Positive,The system has helped our team manage invoices more efficiently.
FDBK0003961,CUST03046,2026-06-03,Feature Request,2,Negative,We are happy with the features available.
FDBK0003962,CUST03046,2026-08-03,Product Review,5,Positive,We especially like the reporting features.
FDBK0003963,CUST03047,2024-08-12,Feature Request,3,Neutral,We are happy with the features available.
FDBK0003964,CUST03047,2024-12-25,Survey,4,Positive,We are happy with the features available.
FDBK0003965,CUST03048,2025-11-03,Product Review,5,Positive,The platform is easy to use and useful for our daily operations.
FDBK0003966,CUST03052,2025-12-01,Product Review,4,Positive,We especially like the reporting features.
FDBK0003967,CUST03053,2026-01-31,Cancellation Feedback,3,Neutral,Our usage of the platform has decreased recently.
FDBK0003968,CUST03053,2025-10-12,Cancellation Feedback,3,Neutral,Some of the features are not being used by our team.
FDBK0003969,CUST03054,2025-06-23,General Feedback,3,Neutral,The platform is easy to use and useful for our daily operations.
FDBK0003970,CUST03055,2025-07-16,Survey,3,Neutral,We like the product but the monthly cost is high.
FDBK0003971,CUST03055,2026-03-26,Cancellation Feedback,4,Positive,We would like more value for the current subscription price.
FDBK0003972,CUST03056,2024-12-18,Cancellation Feedback,4,Positive,We especially like the reporting features.
FDBK0003973,CUST03059,2025-05-05,Cancellation Feedback,4,Positive,The system has helped our team manage invoices more efficiently.
FDBK0003974,CUST03060,2025-11-29,Feature Request,4,Positive,We like the product but the monthly cost is high.
FDBK0003975,CUST03061,2026-07-17,Survey,5,Positive,We especially like the reporting features.
FDBK0003976,CUST03063,2026-01-22,Product Review,5,Positive,The product is useful but support needs improvement.
FDBK0003977,CUST03063,2026-01-23,Survey,3,Neutral,We have experienced several issues with customer support.
FDBK0003978,CUST03063,2025-05-12,Product Review,2,Negative,The product is useful but support needs improvement.
FDBK0003979,CUST03063,2025-05-03,Feature Request,2,Negative,The product is useful but support needs improvement.
FDBK0003980,CUST03064,2026-08-03,Survey,3,Neutral,The pricing is difficult for our business.
FDBK0003981,CUST03065,2026-03-16,Survey,5,Positive,We are happy with the features available.
FDBK0003982,CUST03066,2025-04-23,General Feedback,3,Neutral,The platform is useful but the price is becoming expensive.
FDBK0003983,CUST03067,2025-02-13,Cancellation Feedback,4,Positive,The system has helped our team manage invoices more efficiently.
FDBK0003984,CUST03067,2024-08-15,General Feedback,5,Positive,We especially like the reporting features.
FDBK0003985,CUST03067,2025-04-11,Cancellation Feedback,5,Positive,The system has helped our team manage invoices more efficiently.
FDBK0003986,CUST03069,2026-05-16,Product Review,2,Negative,The platform has been useful for managing our business.
FDBK0003987,CUST03069,2026-09-10,Survey,5,Positive,We especially like the reporting features.
FDBK0003988,CUST03070,2026-08-31,Feature Request,5,Positive,We need faster responses when technical problems occur.
FDBK0003989,CUST03071,2025-07-05,Survey,3,Neutral,Some of the features are not being used by our team.
FDBK0003990,CUST03073,2024-01-03,General Feedback,2,Negative,We have experienced several issues with customer support.
FDBK0003991,CUST03073,2024-05-26,Feature Request,4,Positive,Some support requests took too long to resolve.
FDBK0003992,CUST03073,2025-04-18,Product Review,5,Positive,We have experienced several issues with customer support.
FDBK0003993,CUST03073,2026-01-27,Survey,3,Neutral,The product is useful but support needs improvement.
FDBK0003994,CUST03075,2026-07-09,Product Review,5,Positive,The platform has been useful for managing our business.
FDBK0003995,CUST03075,2026-02-26,Survey,4,Positive,The platform has been useful for managing our business.
FDBK0003996,CUST03075,2026-07-31,Product Review,4,Positive,The system has helped our team manage invoices more efficiently.
FDBK0003997,CUST03076,2025-05-02,General Feedback,2,Negative,We would like more value for the current subscription price.
FDBK0003998,CUST03076,2024-11-01,Product Review,4,Positive,We like the product but the monthly cost is high.
FDBK0003999,CUST03077,2024-02-24,Product Review,4,Positive,The system has helped our team manage invoices more efficiently.
FDBK0004000,CUST03078,2023-12-04,Survey,3,Neutral,The system has helped our team manage invoices more efficiently.
FDBK0004001,CUST03081,2024-01-02,Feature Request,5,Positive,We are happy with the features available.
FDBK0004002,CUST03081,2023-11-16,Product Review,5,Positive,The system has helped our team manage invoices more efficiently.
FDBK0004003,CUST03083,2025-11-09,General Feedback,4,Positive,The platform is easy to use and useful for our daily operations.
FDBK0004004,CUST03084,2026-08-30,Product Review,5,Positive,The platform has been useful for managing our business.
FDBK0004005,CUST03085,2026-02-22,Survey,5,Positive,The platform is easy to use and useful for our daily operations.
FDBK0004006,CUST03087,2026-08-08,Survey,4,Positive,The platform has been useful for managing our business.
FDBK0004007,CUST03088,2026-05-15,Cancellation Feedback,4,Positive,We are happy with the features available.
FDBK0004008,CUST03089,2024-01-28,Survey,5,Positive,We are finding it difficult to get our team to use the platform regularly.
FDBK0004009,CUST03090,2025-03-06,Cancellation Feedback,5,Positive,We would like more value for the current subscription price.
FDBK0004010,CUST03090,2024-05-02,Cancellation Feedback,2,Negative,We would like more value for the current subscription price.
FDBK0004011,CUST03091,2026-07-13,Survey,4,Positive,The system has helped our team manage invoices more efficiently.
FDBK0004012,CUST03091,2025-07-10,Feature Request,4,Positive,The platform is easy to use and useful for our daily operations.
FDBK0004013,CUST03092,2026-06-14,Feature Request,4,Positive,We are happy with the features available.
FDBK0004014,CUST03094,2024-06-21,Feature Request,2,Negative,Some support requests took too long to resolve.
FDBK0004015,CUST03098,2025-11-17,Feature Request,4,Positive,The system has helped our team manage invoices more efficiently.
FDBK0004016,CUST03098,2025-12-10,Feature Request,5,Positive,The platform is easy to use and useful for our daily operations.
FDBK0004017,CUST03098,2026-03-18,Product Review,5,Positive,The platform has been useful for managing our business.
FDBK0004018,CUST03099,2026-03-10,Cancellation Feedback,1,Negative,We need faster responses when technical problems occur.
FDBK0004019,CUST03099,2026-01-21,General Feedback,2,Negative,Some support requests took too long to resolve.
FDBK0004020,CUST03099,2026-03-02,Cancellation Feedback,2,Negative,We need faster responses when technical problems occur.
FDBK0004021,CUST03099,2026-01-23,Cancellation Feedback,1,Negative,We need faster responses when technical problems occur.
FDBK0004022,CUST03100,2026-08-21,Survey,5,Positive,We especially like the reporting features.
FDBK0004023,CUST03102,2026-08-21,Survey,5,Positive,The platform is easy to use and useful for our daily operations.
FDBK0004024,CUST03102,2026-04-06,Feature Request,5,Positive,The platform has been useful for managing our business.
FDBK0004025,CUST03103,2026-09-08,Product Review,4,Positive,We especially like the reporting features.
FDBK0004026,CUST03104,2026-06-25,Product Review,2,Negative,We are finding it difficult to get our team to use the platform regularly.
FDBK0004027,CUST03105,2025-04-17,Product Review,5,Positive,The platform is easy to use and useful for our daily operations.
FDBK0004028,CUST03106,2026-07-02,Product Review,4,Positive,The pricing is difficult for our business.
FDBK0004029,CUST03109,2026-02-24,Survey,1,Negative,We would like more value for the current subscription price.
FDBK0004030,CUST03111,2025-02-25,Feature Request,4,Positive,Some of the features are not being used by our team.
FDBK0004031,CUST03112,2025-06-07,Cancellation Feedback,4,Positive,We have experienced several issues with customer support.
FDBK0004032,CUST03112,2025-03-03,Cancellation Feedback,3,Neutral,We need faster responses when technical problems occur.
FDBK0004033,CUST03113,2026-08-13,General Feedback,5,Positive,The platform has been useful for managing our business.
FDBK0004034,CUST03115,2026-04-07,Survey,3,Neutral,The product is useful but support needs improvement.
FDBK0004035,CUST03118,2024-05-26,Cancellation Feedback,5,Positive,The system has helped our team manage invoices more efficiently.
FDBK0004036,CUST03118,2024-07-12,Feature Request,4,Positive,The system has helped our team manage invoices more efficiently.
FDBK0004037,CUST03118,2024-06-17,Cancellation Feedback,4,Positive,We are happy with the features available.
FDBK0004038,CUST03119,2025-12-17,Survey,3,Neutral,We are not using the platform as much as we expected.
FDBK0004039,CUST03119,2026-02-26,Cancellation Feedback,5,Positive,We are not using the platform as much as we expected.
FDBK0004040,CUST03120,2026-06-09,Product Review,5,Positive,We are happy with the features available.
FDBK0004041,CUST03121,2026-01-08,General Feedback,4,Positive,The platform has been useful for managing our business.
FDBK0004042,CUST03122,2026-06-11,Feature Request,5,Positive,The system has helped our team manage invoices more efficiently.
FDBK0004043,CUST03124,2025-05-24,General Feedback,3,Neutral,We would like more value for the current subscription price.
FDBK0004044,CUST03124,2024-06-30,General Feedback,5,Positive,We would like more value for the current subscription price.
FDBK0004045,CUST03124,2025-10-13,General Feedback,4,Positive,We like the product but the monthly cost is high.
FDBK0004046,CUST03126,2026-04-13,Survey,5,Positive,The system has helped our team manage invoices more efficiently.
FDBK0004047,CUST03127,2024-07-15,Survey,5,Positive,The system has helped our team manage invoices more efficiently.
FDBK0004048,CUST03128,2026-07-25,Product Review,1,Negative,We are finding it difficult to get our team to use the platform regularly.
FDBK0004049,CUST03128,2026-07-29,Cancellation Feedback,4,Positive,We are finding it difficult to get our team to use the platform regularly.
FDBK0004050,CUST03130,2026-03-30,Feature Request,4,Positive,We need faster responses when technical problems occur.
FDBK0004051,CUST03130,2026-07-11,Feature Request,2,Negative,We need faster responses when technical problems occur.
FDBK0004052,CUST03130,2025-02-08,Product Review,1,Negative,We need faster responses when technical problems occur.
FDBK0004053,CUST03133,2026-03-15,Survey,5,Positive,The platform has been useful for managing our business.
FDBK0004054,CUST03134,2026-07-14,Feature Request,4,Positive,We are not using the platform as much as we expected.
FDBK0004055,CUST03134,2026-05-09,General Feedback,3,Neutral,We are not using the platform as much as we expected.
FDBK0004056,CUST03134,2026-05-02,Product Review,2,Negative,We are finding it difficult to get our team to use the platform regularly.
FDBK0004057,CUST03135,2025-04-29,Product Review,5,Positive,The platform is easy to use and useful for our daily operations.
FDBK0004058,CUST03137,2024-11-22,Product Review,5,Positive,The platform is useful but the price is becoming expensive.
FDBK0004059,CUST03137,2024-06-20,Feature Request,3,Neutral,The pricing is difficult for our business.
FDBK0004060,CUST03138,2025-12-02,Product Review,1,Negative,The platform is useful but the price is becoming expensive.
FDBK0004061,CUST03138,2026-04-20,Feature Request,3,Neutral,The platform is useful but the price is becoming expensive.
FDBK0004062,CUST03139,2025-09-06,Survey,3,Neutral,We are finding it difficult to get our team to use the platform regularly.
FDBK0004063,CUST03139,2026-08-21,Survey,3,Neutral,Our usage of the platform has decreased recently.
FDBK0004064,CUST03139,2025-09-12,Feature Request,3,Neutral,We are finding it difficult to get our team to use the platform regularly.
FDBK0004065,CUST03141,2026-08-31,Survey,4,Positive,The platform has been useful for managing our business.
FDBK0004066,CUST03141,2026-09-22,Product Review,5,Positive,The platform is easy to use and useful for our daily operations.
FDBK0004067,CUST03143,2025-11-26,Cancellation Feedback,1,Negative,We need faster responses when technical problems occur.
FDBK0004068,CUST03145,2025-03-29,Survey,1,Negative,Some of the features are not being used by our team.
FDBK0004069,CUST03146,2024-03-14,General Feedback,1,Negative,Some support requests took too long to resolve.
FDBK0004070,CUST03146,2024-05-25,Feature Request,1,Negative,We need faster responses when technical problems occur.
FDBK0004071,CUST03147,2026-07-31,Product Review,4,Positive,Some support requests took too long to resolve.
FDBK0004072,CUST03147,2026-09-17,General Feedback,2,Negative,The product is useful but support needs improvement.
FDBK0004073,CUST03149,2026-07-19,Product Review,4,Positive,The platform has been useful for managing our business.
FDBK0004074,CUST03149,2026-09-03,Cancellation Feedback,4,Positive,The system has helped our team manage invoices more efficiently.
FDBK0004075,CUST03150,2026-05-30,Product Review,5,Positive,We are happy with the features available.
FDBK0004076,CUST03150,2026-05-12,General Feedback,5,Positive,We especially like the reporting features.
FDBK0004077,CUST03150,2026-08-07,Product Review,5,Positive,The platform is easy to use and useful for our daily operations.
FDBK0004078,CUST03153,2025-04-23,Survey,5,Positive,The platform has been useful for managing our business.
FDBK0004079,CUST03153,2025-08-12,Survey,4,Positive,We are happy with the features available.
FDBK0004080,CUST03153,2024-08-02,Survey,5,Positive,The platform is easy to use and useful for our daily operations.
FDBK0004081,CUST03154,2025-12-27,General Feedback,5,Positive,We are finding it difficult to get our team to use the platform regularly.
FDBK0004082,CUST03154,2026-05-10,General Feedback,4,Positive,We are not using the platform as much as we expected.
FDBK0004083,CUST03155,2026-08-04,General Feedback,4,Positive,The system has helped our team manage invoices more efficiently.
FDBK0004084,CUST03156,2025-11-13,Survey,4,Positive,The platform has been useful for managing our business.
FDBK0004085,CUST03156,2026-09-22,Feature Request,4,Positive,The platform has been useful for managing our business.
FDBK0004086,CUST03159,2024-12-30,Feature Request,4,Positive,The pricing is difficult for our business.
FDBK0004087,CUST03160,2026-07-31,Feature Request,4,Positive,We especially like the reporting features.
FDBK0004088,CUST03160,2026-08-26,Survey,5,Positive,The platform is easy to use and useful for our daily operations.
FDBK0004089,CUST03161,2025-05-02,Product Review,5,Positive,We especially like the reporting features.
FDBK0004090,CUST03161,2025-04-04,Feature Request,5,Positive,We are happy with the features available.
FDBK0004091,CUST03163,2026-03-29,Survey,4,Positive,We are happy with the features available.
FDBK0004092,CUST03165,2024-11-25,Product Review,5,Positive,We would like more value for the current subscription price.
FDBK0004093,CUST03166,2025-07-03,General Feedback,4,Positive,We especially like the reporting features.
FDBK0004094,CUST03167,2026-07-30,Survey,5,Positive,The platform has been useful for managing our business.
FDBK0004095,CUST03167,2026-09-23,Survey,5,Positive,We are happy with the features available.
FDBK0004096,CUST03170,2026-03-07,Survey,1,Negative,The product is useful but support needs improvement.
FDBK0004097,CUST03171,2025-11-10,Product Review,5,Positive,The platform is useful but the price is becoming expensive.
FDBK0004098,CUST03173,2024-09-30,Survey,4,Positive,The system has helped our team manage invoices more efficiently.
FDBK0004099,CUST03173,2024-07-22,Survey,4,Positive,We are happy with the features available.
FDBK0004100,CUST03174,2026-08-25,Product Review,5,Positive,The system has helped our team manage invoices more efficiently.
FDBK0004101,CUST03175,2025-10-24,Cancellation Feedback,5,Positive,We especially like the reporting features.
FDBK0004102,CUST03176,2025-09-07,Cancellation Feedback,1,Negative,We have experienced several issues with customer support.
FDBK0004103,CUST03176,2025-03-31,Cancellation Feedback,3,Neutral,We need faster responses when technical problems occur.
FDBK0004104,CUST03176,2025-04-01,Product Review,1,Negative,Some support requests took too long to resolve.
FDBK0004105,CUST03177,2026-05-25,Cancellation Feedback,1,Negative,The platform is useful but the price is becoming expensive.
FDBK0004106,CUST03178,2026-08-02,Feature Request,1,Negative,Some support requests took too long to resolve.
FDBK0004107,CUST03178,2026-05-16,General Feedback,4,Positive,The product is useful but support needs improvement.
FDBK0004108,CUST03178,2026-05-07,General Feedback,3,Neutral,We have experienced several issues with customer support.
FDBK0004109,CUST03178,2026-06-27,Feature Request,1,Negative,The product is useful but support needs improvement.
FDBK0004110,CUST03179,2026-06-04,Survey,4,Positive,The system has helped our team manage invoices more efficiently.
FDBK0004111,CUST03182,2023-11-26,General Feedback,4,Positive,The platform is useful but the price is becoming expensive.
FDBK0004112,CUST03182,2023-12-07,Survey,3,Neutral,The pricing is difficult for our business.
FDBK0004113,CUST03182,2025-08-26,General Feedback,5,Positive,The platform is useful but the price is becoming expensive.
FDBK0004114,CUST03182,2026-09-22,Survey,3,Neutral,We would like more value for the current subscription price.
FDBK0004115,CUST03183,2026-03-01,General Feedback,4,Positive,The system has helped our team manage invoices more efficiently.
FDBK0004116,CUST03183,2024-05-07,Product Review,5,Positive,The platform is easy to use and useful for our daily operations.
FDBK0004117,CUST03183,2024-03-09,Product Review,5,Positive,The platform has been useful for managing our business.
FDBK0004118,CUST03185,2026-04-01,General Feedback,3,Neutral,Our usage of the platform has decreased recently.
FDBK0004119,CUST03185,2025-10-22,General Feedback,2,Negative,We are finding it difficult to get our team to use the platform regularly.
FDBK0004120,CUST03186,2025-03-30,General Feedback,1,Negative,Some support requests took too long to resolve.
FDBK0004121,CUST03186,2025-06-21,General Feedback,1,Negative,We need faster responses when technical problems occur.
FDBK0004122,CUST03186,2026-02-09,Survey,2,Negative,Some support requests took too long to resolve.
FDBK0004123,CUST03187,2025-06-10,Survey,4,Positive,The platform has been useful for managing our business.
FDBK0004124,CUST03189,2025-02-27,General Feedback,1,Negative,Some support requests took too long to resolve.
FDBK0004125,CUST03189,2026-02-19,Product Review,3,Neutral,We have experienced several issues with customer support.
FDBK0004126,CUST03189,2025-03-02,Survey,3,Neutral,The product is useful but support needs improvement.
FDBK0004127,CUST03190,2026-02-26,Feature Request,3,Neutral,We are happy with the features available.
FDBK0004128,CUST03191,2026-05-28,Survey,4,Positive,We need faster responses when technical problems occur.
FDBK0004129,CUST03192,2026-09-20,Feature Request,4,Positive,The platform has been useful for managing our business.
FDBK0004130,CUST03192,2026-09-01,Survey,4,Positive,The platform is easy to use and useful for our daily operations.
FDBK0004131,CUST03193,2025-12-15,General Feedback,1,Negative,Some support requests took too long to resolve.
FDBK0004132,CUST03193,2026-07-31,Product Review,2,Negative,Some support requests took too long to resolve.
FDBK0004133,CUST03193,2026-04-16,Product Review,1,Negative,The product is useful but support needs improvement.
FDBK0004134,CUST03194,2025-02-08,Survey,5,Positive,We are happy with the features available.
FDBK0004135,CUST03195,2024-05-08,Product Review,4,Positive,The system has helped our team manage invoices more efficiently.
FDBK0004136,CUST03196,2026-06-29,General Feedback,1,Negative,We like the product but the monthly cost is high.
FDBK0004137,CUST03196,2026-03-19,Feature Request,3,Neutral,We like the product but the monthly cost is high.
FDBK0004138,CUST03197,2025-09-29,Survey,5,Positive,The system has helped our team manage invoices more efficiently.
FDBK0004139,CUST03197,2025-10-22,Survey,5,Positive,We especially like the reporting features.
FDBK0004140,CUST03198,2026-07-19,Product Review,1,Negative,Some support requests took too long to resolve.
FDBK0004141,CUST03198,2026-03-18,Survey,4,Positive,The product is useful but support needs improvement.
FDBK0004142,CUST03198,2026-05-28,Feature Request,1,Negative,Some support requests took too long to resolve.
FDBK0004143,CUST03198,2024-09-23,Product Review,3,Neutral,Some support requests took too long to resolve.
FDBK0004144,CUST03199,2026-03-02,Cancellation Feedback,3,Neutral,Some support requests took too long to resolve.
FDBK0004145,CUST03200,2026-04-16,Survey,5,Positive,We are happy with the features available.
FDBK0004146,CUST03201,2026-02-03,Survey,5,Positive,We are happy with the features available.
FDBK0004147,CUST03202,2024-12-02,Product Review,5,Positive,We especially like the reporting features.
FDBK0004148,CUST03203,2026-06-28,Feature Request,3,Neutral,We are happy with the features available.
FDBK0004149,CUST03203,2026-04-19,General Feedback,5,Positive,The platform is easy to use and useful for our daily operations.
FDBK0004150,CUST03204,2026-07-28,Survey,4,Positive,We especially like the reporting features.
FDBK0004151,CUST03204,2026-09-13,Product Review,4,Positive,We are happy with the features available.
FDBK0004152,CUST03205,2026-05-27,Product Review,5,Positive,We are happy with the features available.
FDBK0004153,CUST03205,2026-06-21,Survey,4,Positive,The platform is easy to use and useful for our daily operations.
FDBK0004154,CUST03206,2024-10-24,Feature Request,2,Negative,Some support requests took too long to resolve.
FDBK0004155,CUST03207,2026-07-31,Feature Request,5,Positive,We like the product but the monthly cost is high.
FDBK0004156,CUST03207,2025-08-05,Survey,3,Neutral,We like the product but the monthly cost is high.
FDBK0004157,CUST03208,2024-09-03,Product Review,2,Negative,We are finding it difficult to get our team to use the platform regularly.
FDBK0004158,CUST03209,2024-07-20,General Feedback,5,Positive,We are happy with the features available.
FDBK0004159,CUST03210,2026-08-22,Product Review,1,Negative,We would like more value for the current subscription price.
FDBK0004160,CUST03211,2025-07-28,Cancellation Feedback,4,Positive,The pricing is difficult for our business.
FDBK0004161,CUST03213,2026-01-05,Survey,5,Positive,We especially like the reporting features.
FDBK0004162,CUST03215,2026-08-09,General Feedback,4,Positive,The system has helped our team manage invoices more efficiently.
FDBK0004163,CUST03216,2024-08-02,General Feedback,1,Negative,Some of the features are not being used by our team.
FDBK0004164,CUST03217,2024-11-08,Cancellation Feedback,1,Negative,The product is useful but support needs improvement.
FDBK0004165,CUST03220,2026-08-24,Product Review,4,Positive,The platform is useful but the price is becoming expensive.
FDBK0004166,CUST03221,2025-11-08,Product Review,4,Positive,We would like more value for the current subscription price.
FDBK0004167,CUST03222,2025-08-01,Feature Request,2,Negative,The product is useful but support needs improvement.
FDBK0004168,CUST03222,2025-07-13,Cancellation Feedback,4,Positive,We need faster responses when technical problems occur.
FDBK0004169,CUST03223,2026-05-15,Cancellation Feedback,5,Positive,We are happy with the features available.
FDBK0004170,CUST03225,2024-10-23,Cancellation Feedback,4,Positive,We like the product but the monthly cost is high.
FDBK0004171,CUST03225,2024-09-04,Survey,3,Neutral,The platform is useful but the price is becoming expensive.
FDBK0004172,CUST03228,2024-08-29,Product Review,1,Negative,We like the product but the monthly cost is high.
FDBK0004173,CUST03228,2024-11-09,Product Review,4,Positive,The platform is useful but the price is becoming expensive.
FDBK0004174,CUST03228,2024-04-19,Survey,4,Positive,The pricing is difficult for our business.
FDBK0004175,CUST03229,2026-08-29,Feature Request,4,Positive,The system has helped our team manage invoices more efficiently.
FDBK0004176,CUST03232,2025-11-04,Product Review,2,Negative,The product is useful but support needs improvement.
FDBK0004177,CUST03232,2025-06-12,Survey,3,Neutral,Some support requests took too long to resolve.
FDBK0004178,CUST03233,2026-04-09,Cancellation Feedback,4,Positive,The platform is useful but the price is becoming expensive.
FDBK0004179,CUST03233,2026-04-21,Cancellation Feedback,4,Positive,We like the product but the monthly cost is high.
FDBK0004180,CUST03233,2026-05-25,Feature Request,3,Neutral,We like the product but the monthly cost is high.
FDBK0004181,CUST03233,2026-05-14,Cancellation Feedback,4,Positive,We would like more value for the current subscription price.
FDBK0004182,CUST03236,2025-12-12,Product Review,4,Positive,The pricing is difficult for our business.
FDBK0004183,CUST03237,2025-12-25,Product Review,3,Neutral,The platform is easy to use and useful for our daily operations.
FDBK0004184,CUST03238,2024-05-12,Product Review,4,Positive,We like the product but the monthly cost is high.
FDBK0004185,CUST03238,2024-11-06,Product Review,5,Positive,We would like more value for the current subscription price.
FDBK0004186,CUST03238,2025-10-30,Survey,2,Negative,The platform is useful but the price is becoming expensive.
FDBK0004187,CUST03239,2025-03-14,Feature Request,3,Neutral,The platform is useful but the price is becoming expensive.
FDBK0004188,CUST03241,2025-03-19,Product Review,4,Positive,The system has helped our team manage invoices more efficiently.
FDBK0004189,CUST03242,2026-04-15,Feature Request,2,Negative,The product is useful but support needs improvement.
FDBK0004190,CUST03242,2026-05-14,Feature Request,3,Neutral,We need faster responses when technical problems occur.
FDBK0004191,CUST03243,2025-07-16,Survey,3,Neutral,We like the product but the monthly cost is high.
FDBK0004192,CUST03243,2026-07-20,Product Review,1,Negative,We like the product but the monthly cost is high.
FDBK0004193,CUST03243,2025-03-21,Survey,4,Positive,We like the product but the monthly cost is high.
FDBK0004194,CUST03244,2024-10-26,Product Review,5,Positive,The platform is easy to use and useful for our daily operations.
FDBK0004195,CUST03246,2026-07-04,Product Review,4,Positive,We are happy with the features available.
FDBK0004196,CUST03246,2026-06-01,Product Review,5,Positive,The platform is easy to use and useful for our daily operations.
FDBK0004197,CUST03247,2026-01-06,General Feedback,3,Neutral,The pricing is difficult for our business.
FDBK0004198,CUST03247,2025-02-14,Feature Request,5,Positive,We would like more value for the current subscription price.
FDBK0004199,CUST03247,2025-09-05,Product Review,3,Neutral,We would like more value for the current subscription price.
FDBK0004200,CUST03247,2025-05-06,Survey,4,Positive,The pricing is difficult for our business.
FDBK0004201,CUST03249,2026-07-30,General Feedback,5,Positive,We especially like the reporting features.
FDBK0004202,CUST03250,2025-07-11,Survey,5,Positive,The system has helped our team manage invoices more efficiently.
FDBK0004203,CUST03251,2025-08-27,General Feedback,4,Positive,We are finding it difficult to get our team to use the platform regularly.
FDBK0004204,CUST03251,2026-03-21,Feature Request,2,Negative,We are finding it difficult to get our team to use the platform regularly.
FDBK0004205,CUST03252,2025-07-31,Product Review,4,Positive,The platform is easy to use and useful for our daily operations.
FDBK0004206,CUST03253,2025-09-16,Feature Request,3,Neutral,The pricing is difficult for our business.
FDBK0004207,CUST03253,2024-12-16,Survey,3,Neutral,The platform is useful but the price is becoming expensive.
FDBK0004208,CUST03254,2026-07-21,Cancellation Feedback,1,Negative,We need faster responses when technical problems occur.
FDBK0004209,CUST03254,2026-06-09,Cancellation Feedback,1,Negative,We have experienced several issues with customer support.
FDBK0004210,CUST03255,2025-12-11,Survey,3,Neutral,The pricing is difficult for our business.
FDBK0004211,CUST03256,2026-04-08,General Feedback,4,Positive,The platform has been useful for managing our business.
FDBK0004212,CUST03259,2026-08-17,Survey,5,Positive,The platform is easy to use and useful for our daily operations.
FDBK0004213,CUST03259,2026-07-06,General Feedback,4,Positive,We especially like the reporting features.
FDBK0004214,CUST03259,2026-06-12,Cancellation Feedback,4,Positive,We especially like the reporting features.
FDBK0004215,CUST03259,2026-09-21,Feature Request,5,Positive,We are happy with the features available.
FDBK0004216,CUST03260,2026-06-18,Product Review,3,Neutral,Some support requests took too long to resolve.
FDBK0004217,CUST03260,2026-07-19,Product Review,1,Negative,Some support requests took too long to resolve.
FDBK0004218,CUST03261,2026-06-12,Cancellation Feedback,4,Positive,The pricing is difficult for our business.
FDBK0004219,CUST03261,2025-10-23,Cancellation Feedback,3,Neutral,The platform is useful but the price is becoming expensive.
FDBK0004220,CUST03262,2026-01-27,Feature Request,4,Positive,The system has helped our team manage invoices more efficiently.
FDBK0004221,CUST03263,2026-04-25,Product Review,4,Positive,We are happy with the features available.
FDBK0004222,CUST03265,2026-02-08,Product Review,5,Positive,We especially like the reporting features.
FDBK0004223,CUST03266,2026-03-30,Cancellation Feedback,2,Negative,We need faster responses when technical problems occur.
FDBK0004224,CUST03266,2026-07-07,Cancellation Feedback,2,Negative,We have experienced several issues with customer support.
FDBK0004225,CUST03266,2026-03-21,Cancellation Feedback,2,Negative,We have experienced several issues with customer support.
FDBK0004226,CUST03267,2026-02-19,General Feedback,3,Neutral,Some support requests took too long to resolve.
FDBK0004227,CUST03267,2024-09-03,Product Review,1,Negative,We have experienced several issues with customer support.
FDBK0004228,CUST03267,2025-05-30,Survey,3,Neutral,The product is useful but support needs improvement.
FDBK0004229,CUST03268,2026-07-07,Survey,5,Positive,We are happy with the features available.
FDBK0004230,CUST03269,2026-02-05,Feature Request,3,Neutral,The product is useful but support needs improvement.
FDBK0004231,CUST03270,2025-11-08,Product Review,1,Negative,The platform is useful but the price is becoming expensive.
FDBK0004232,CUST03270,2024-09-04,Product Review,4,Positive,The pricing is difficult for our business.
FDBK0004233,CUST03271,2025-06-22,Product Review,2,Negative,We would like more value for the current subscription price.
FDBK0004234,CUST03271,2025-01-22,Cancellation Feedback,3,Neutral,The platform is useful but the price is becoming expensive.
FDBK0004235,CUST03271,2025-08-20,Product Review,4,Positive,The pricing is difficult for our business.
FDBK0004236,CUST03272,2024-12-10,Survey,2,Negative,We are finding it difficult to get our team to use the platform regularly.
FDBK0004237,CUST03273,2026-04-13,Product Review,3,Neutral,We have experienced several issues with customer support.
FDBK0004238,CUST03273,2026-07-24,Feature Request,5,Positive,We need faster responses when technical problems occur.
FDBK0004239,CUST03273,2026-06-15,Feature Request,3,Neutral,We need faster responses when technical problems occur.
FDBK0004240,CUST03273,2026-08-07,Product Review,2,Negative,Some support requests took too long to resolve.
FDBK0004241,CUST03273,2026-06-22,Product Review,1,Negative,We have experienced several issues with customer support.
FDBK0004242,CUST03273,2026-08-17,Survey,1,Negative,We need faster responses when technical problems occur.
FDBK0004243,CUST03273,2026-03-28,Survey,1,Negative,The product is useful but support needs improvement.
FDBK0004244,CUST03273,2026-04-08,Product Review,2,Negative,We need faster responses when technical problems occur.
FDBK0004245,CUST03273,2026-09-07,Product Review,3,Neutral,We have experienced several issues with customer support.
FDBK0004246,CUST03274,2025-08-23,Product Review,5,Positive,We especially like the reporting features.
FDBK0004247,CUST03274,2025-05-13,Feature Request,5,Positive,The system has helped our team manage invoices more efficiently.
FDBK0004248,CUST03277,2026-04-05,General Feedback,4,Positive,We like the product but the monthly cost is high.
FDBK0004249,CUST03277,2025-12-05,Survey,2,Negative,The platform is useful but the price is becoming expensive.
FDBK0004250,CUST03277,2026-08-18,Feature Request,4,Positive,The platform is useful but the price is becoming expensive.
FDBK0004251,CUST03278,2026-08-22,General Feedback,3,Neutral,We like the product but the monthly cost is high.
FDBK0004252,CUST03278,2026-07-26,General Feedback,1,Negative,We would like more value for the current subscription price.
FDBK0004253,CUST03278,2026-01-29,Survey,4,Positive,The platform is useful but the price is becoming expensive.
FDBK0004254,CUST03278,2026-03-19,Survey,5,Positive,The pricing is difficult for our business.
FDBK0004255,CUST03278,2026-03-31,Feature Request,2,Negative,We like the product but the monthly cost is high.
FDBK0004256,CUST03279,2026-07-27,Feature Request,2,Negative,Our usage of the platform has decreased recently.
FDBK0004257,CUST03279,2026-09-02,Product Review,1,Negative,We are finding it difficult to get our team to use the platform regularly.
FDBK0004258,CUST03280,2026-09-10,General Feedback,5,Positive,The platform is easy to use and useful for our daily operations.
FDBK0004259,CUST03280,2025-11-14,Survey,4,Positive,The platform is easy to use and useful for our daily operations.
FDBK0004260,CUST03282,2026-04-22,Cancellation Feedback,3,Neutral,We are not using the platform as much as we expected.
FDBK0004261,CUST03282,2026-05-02,Feature Request,3,Neutral,Our usage of the platform has decreased recently.
FDBK0004262,CUST03284,2026-08-07,Feature Request,5,Positive,The system has helped our team manage invoices more efficiently.
FDBK0004263,CUST03286,2025-02-03,Survey,5,Positive,The platform is easy to use and useful for our daily operations.
FDBK0004264,CUST03286,2025-11-10,Product Review,5,Positive,The system has helped our team manage invoices more efficiently.
FDBK0004265,CUST03287,2025-05-16,Feature Request,3,Neutral,We like the product but the monthly cost is high.
FDBK0004266,CUST03287,2024-07-31,Cancellation Feedback,1,Negative,We would like more value for the current subscription price.
FDBK0004267,CUST03288,2024-09-25,General Feedback,1,Negative,We need faster responses when technical problems occur.
FDBK0004268,CUST03288,2026-04-27,Product Review,1,Negative,We have experienced several issues with customer support.
FDBK0004269,CUST03290,2025-03-07,Survey,5,Positive,We especially like the reporting features.
FDBK0004270,CUST03291,2025-12-13,Cancellation Feedback,5,Positive,The platform is easy to use and useful for our daily operations.
FDBK0004271,CUST03292,2025-08-14,Survey,4,Positive,Our usage of the platform has decreased recently.
FDBK0004272,CUST03293,2026-02-21,Product Review,2,Negative,We are finding it difficult to get our team to use the platform regularly.
FDBK0004273,CUST03294,2026-07-06,Survey,4,Positive,We are not using the platform as much as we expected.
FDBK0004274,CUST03295,2025-12-05,Feature Request,4,Positive,The platform has been useful for managing our business.
FDBK0004275,CUST03298,2024-11-18,Feature Request,4,Positive,We would like more value for the current subscription price.
FDBK0004276,CUST03298,2024-12-28,Cancellation Feedback,2,Negative,We would like more value for the current subscription price.
FDBK0004277,CUST03298,2025-03-17,Product Review,2,Negative,We like the product but the monthly cost is high.
FDBK0004278,CUST03299,2025-06-28,Feature Request,5,Positive,The platform has been useful for managing our business.
FDBK0004279,CUST03301,2025-01-17,Product Review,2,Negative,We are happy with the features available.
FDBK0004280,CUST03301,2026-07-03,Product Review,2,Negative,The platform is easy to use and useful for our daily operations.
FDBK0004281,CUST03302,2024-11-03,Cancellation Feedback,5,Positive,We have experienced several issues with customer support.
FDBK0004282,CUST03303,2026-08-07,Survey,3,Neutral,We are happy with the features available.
FDBK0004283,CUST03304,2024-12-06,Survey,3,Neutral,The platform has been useful for managing our business.
FDBK0004284,CUST03305,2026-04-17,General Feedback,4,Positive,We especially like the reporting features.
FDBK0004285,CUST03308,2024-05-21,Cancellation Feedback,3,Neutral,Some of the features are not being used by our team.
FDBK0004286,CUST03309,2026-09-01,Survey,4,Positive,We are happy with the features available.
FDBK0004287,CUST03310,2026-03-30,Product Review,3,Neutral,We are happy with the features available.
FDBK0004288,CUST03311,2025-09-21,Survey,4,Positive,We are happy with the features available.
FDBK0004289,CUST03313,2026-08-24,Product Review,4,Positive,We are finding it difficult to get our team to use the platform regularly.
FDBK0004290,CUST03313,2026-02-17,General Feedback,2,Negative,Some of the features are not being used by our team.
FDBK0004291,CUST03313,2026-09-05,Product Review,1,Negative,Our usage of the platform has decreased recently.
FDBK0004292,CUST03314,2024-04-15,Cancellation Feedback,5,Positive,We especially like the reporting features.
FDBK0004293,CUST03314,2024-04-29,Survey,5,Positive,We are happy with the features available.
FDBK0004294,CUST03314,2024-02-27,Cancellation Feedback,3,Neutral,We especially like the reporting features.
FDBK0004295,CUST03314,2024-11-02,Cancellation Feedback,5,Positive,The platform has been useful for managing our business.
FDBK0004296,CUST03315,2024-10-06,Cancellation Feedback,2,Negative,The product is useful but support needs improvement.
FDBK0004297,CUST03316,2026-09-17,Feature Request,4,Positive,We are happy with the features available.
FDBK0004298,CUST03317,2026-07-29,Product Review,4,Positive,Some of the features are not being used by our team.
FDBK0004299,CUST03317,2026-05-17,Product Review,4,Positive,We are not using the platform as much as we expected.
FDBK0004300,CUST03318,2025-01-26,General Feedback,5,Positive,We especially like the reporting features.
FDBK0004301,CUST03318,2025-01-31,Cancellation Feedback,2,Negative,The platform is easy to use and useful for our daily operations.
FDBK0004302,CUST03319,2026-05-12,Product Review,2,Negative,The platform has been useful for managing our business.
FDBK0004303,CUST03319,2026-05-16,Survey,5,Positive,The system has helped our team manage invoices more efficiently.
FDBK0004304,CUST03321,2025-04-09,Product Review,4,Positive,We are happy with the features available.
FDBK0004305,CUST03322,2024-03-26,Survey,4,Positive,The platform has been useful for managing our business.
FDBK0004306,CUST03322,2024-07-31,Cancellation Feedback,5,Positive,The system has helped our team manage invoices more efficiently.
FDBK0004307,CUST03324,2026-02-03,General Feedback,4,Positive,We are happy with the features available.
FDBK0004308,CUST03324,2026-07-12,General Feedback,3,Neutral,We especially like the reporting features.
FDBK0004309,CUST03325,2024-12-19,Cancellation Feedback,2,Negative,The platform is easy to use and useful for our daily operations.
FDBK0004310,CUST03325,2026-07-02,Product Review,4,Positive,We especially like the reporting features.
FDBK0004311,CUST03326,2026-05-05,Survey,3,Neutral,We like the product but the monthly cost is high.
FDBK0004312,CUST03327,2026-03-17,Survey,5,Positive,The platform is easy to use and useful for our daily operations.
FDBK0004313,CUST03327,2026-08-31,Feature Request,4,Positive,We especially like the reporting features.
FDBK0004314,CUST03327,2026-09-01,General Feedback,5,Positive,The system has helped our team manage invoices more efficiently.
FDBK0004315,CUST03327,2026-02-15,Feature Request,5,Positive,The platform is easy to use and useful for our daily operations.
FDBK0004316,CUST03329,2026-03-06,Cancellation Feedback,2,Negative,We need faster responses when technical problems occur.
FDBK0004317,CUST03329,2025-10-25,Cancellation Feedback,1,Negative,We need faster responses when technical problems occur.
FDBK0004318,CUST03329,2025-12-09,Cancellation Feedback,3,Neutral,We have experienced several issues with customer support.
FDBK0004319,CUST03330,2025-01-07,Product Review,5,Positive,The platform has been useful for managing our business.
FDBK0004320,CUST03330,2026-04-13,Product Review,5,Positive,We are happy with the features available.
FDBK0004321,CUST03330,2024-10-22,Product Review,5,Positive,The system has helped our team manage invoices more efficiently.
FDBK0004322,CUST03330,2024-10-26,Product Review,5,Positive,We are happy with the features available.
FDBK0004323,CUST03331,2026-03-07,General Feedback,4,Positive,The system has helped our team manage invoices more efficiently.
FDBK0004324,CUST03331,2025-09-20,Feature Request,5,Positive,The platform is easy to use and useful for our daily operations.
FDBK0004325,CUST03333,2026-07-02,Product Review,5,Positive,The platform has been useful for managing our business.
FDBK0004326,CUST03334,2026-01-09,Product Review,2,Negative,The pricing is difficult for our business.
FDBK0004327,CUST03334,2026-01-07,Feature Request,2,Negative,The platform is useful but the price is becoming expensive.
FDBK0004328,CUST03335,2024-02-23,Survey,5,Positive,The platform has been useful for managing our business.
FDBK0004329,CUST03336,2026-08-29,Cancellation Feedback,5,Positive,We are not using the platform as much as we expected.
FDBK0004330,CUST03336,2026-08-17,Product Review,4,Positive,Our usage of the platform has decreased recently.
FDBK0004331,CUST03337,2024-10-04,Product Review,2,Negative,The pricing is difficult for our business.
FDBK0004332,CUST03337,2025-04-14,Product Review,5,Positive,We would like more value for the current subscription price.
FDBK0004333,CUST03338,2024-07-04,Feature Request,2,Negative,We are not using the platform as much as we expected.
FDBK0004334,CUST03340,2024-05-03,Survey,4,Positive,We are happy with the features available.
FDBK0004335,CUST03340,2026-03-30,Product Review,5,Positive,We are happy with the features available.
FDBK0004336,CUST03340,2025-08-29,Product Review,2,Negative,The platform is easy to use and useful for our daily operations.
FDBK0004337,CUST03340,2024-10-11,Cancellation Feedback,3,Neutral,We especially like the reporting features.
FDBK0004338,CUST03341,2026-05-26,Survey,2,Negative,We are not using the platform as much as we expected.
FDBK0004339,CUST03343,2026-01-01,General Feedback,5,Positive,The platform is easy to use and useful for our daily operations.
FDBK0004340,CUST03343,2026-02-17,General Feedback,5,Positive,We especially like the reporting features.
FDBK0004341,CUST03344,2025-10-31,General Feedback,1,Negative,We would like more value for the current subscription price.
FDBK0004342,CUST03344,2025-10-16,Product Review,3,Neutral,The pricing is difficult for our business.
FDBK0004343,CUST03344,2025-11-26,Cancellation Feedback,5,Positive,The platform is useful but the price is becoming expensive.
FDBK0004344,CUST03344,2025-11-19,Cancellation Feedback,3,Neutral,The platform is useful but the price is becoming expensive.
FDBK0004345,CUST03345,2025-10-15,Feature Request,2,Negative,Our usage of the platform has decreased recently.
FDBK0004346,CUST03345,2026-08-12,General Feedback,3,Neutral,Our usage of the platform has decreased recently.
FDBK0004347,CUST03346,2024-06-16,Cancellation Feedback,1,Negative,We need faster responses when technical problems occur.
FDBK0004348,CUST03346,2024-12-04,General Feedback,1,Negative,We have experienced several issues with customer support.
FDBK0004349,CUST03346,2025-06-07,Product Review,3,Neutral,We need faster responses when technical problems occur.
FDBK0004350,CUST03347,2026-04-10,Cancellation Feedback,1,Negative,The product is useful but support needs improvement.
FDBK0004351,CUST03348,2025-10-06,Product Review,1,Negative,We are finding it difficult to get our team to use the platform regularly.
FDBK0004352,CUST03348,2025-07-11,Cancellation Feedback,3,Neutral,Some of the features are not being used by our team.
FDBK0004353,CUST03348,2025-08-27,Feature Request,2,Negative,Some of the features are not being used by our team.
FDBK0004354,CUST03349,2026-06-11,Survey,4,Positive,We need faster responses when technical problems occur.
FDBK0004355,CUST03349,2026-05-12,General Feedback,1,Negative,Some support requests took too long to resolve.
FDBK0004356,CUST03349,2026-06-12,General Feedback,1,Negative,We have experienced several issues with customer support.
FDBK0004357,CUST03351,2026-06-23,Cancellation Feedback,3,Neutral,Some of the features are not being used by our team.
FDBK0004358,CUST03352,2024-03-18,Product Review,3,Neutral,The product is useful but support needs improvement.
FDBK0004359,CUST03353,2026-07-29,Survey,3,Neutral,We have experienced several issues with customer support.
FDBK0004360,CUST03354,2026-09-09,General Feedback,1,Negative,We would like more value for the current subscription price.
FDBK0004361,CUST03354,2026-08-03,General Feedback,4,Positive,We like the product but the monthly cost is high.
FDBK0004362,CUST03354,2026-09-10,Survey,3,Neutral,We would like more value for the current subscription price.
FDBK0004363,CUST03358,2026-07-05,General Feedback,5,Positive,The system has helped our team manage invoices more efficiently.
FDBK0004364,CUST03358,2026-09-10,Feature Request,5,Positive,We especially like the reporting features.
FDBK0004365,CUST03358,2026-06-03,Feature Request,4,Positive,We are happy with the features available.
FDBK0004366,CUST03359,2026-04-18,Survey,3,Neutral,We are happy with the features available.
FDBK0004367,CUST03362,2026-08-13,Feature Request,4,Positive,The system has helped our team manage invoices more efficiently.
FDBK0004368,CUST03362,2025-01-23,Cancellation Feedback,4,Positive,The platform is easy to use and useful for our daily operations.
FDBK0004369,CUST03363,2025-09-08,Survey,3,Neutral,We need faster responses when technical problems occur.
FDBK0004370,CUST03363,2025-08-17,Cancellation Feedback,4,Positive,We need faster responses when technical problems occur.
FDBK0004371,CUST03363,2025-05-04,Survey,2,Negative,We have experienced several issues with customer support.
FDBK0004372,CUST03363,2025-06-11,Feature Request,2,Negative,We need faster responses when technical problems occur.
FDBK0004373,CUST03363,2026-03-12,Cancellation Feedback,2,Negative,The product is useful but support needs improvement.
FDBK0004374,CUST03366,2026-07-23,Feature Request,5,Positive,The platform is easy to use and useful for our daily operations.
FDBK0004375,CUST03367,2026-01-05,Feature Request,5,Positive,The platform is easy to use and useful for our daily operations.
FDBK0004376,CUST03367,2025-12-06,General Feedback,5,Positive,The platform has been useful for managing our business.
FDBK0004377,CUST03367,2026-05-02,Product Review,1,Negative,We are happy with the features available.
FDBK0004378,CUST03370,2026-09-07,Product Review,1,Negative,Some of the features are not being used by our team.
FDBK0004379,CUST03371,2026-06-26,Cancellation Feedback,4,Positive,The pricing is difficult for our business.
FDBK0004380,CUST03371,2026-07-28,Cancellation Feedback,3,Neutral,We like the product but the monthly cost is high.
FDBK0004381,CUST03371,2026-07-26,Cancellation Feedback,4,Positive,We would like more value for the current subscription price.
FDBK0004382,CUST03374,2025-09-15,Product Review,4,Positive,The platform is useful but the price is becoming expensive.
FDBK0004383,CUST03374,2026-07-23,Feature Request,1,Negative,We would like more value for the current subscription price.
FDBK0004384,CUST03374,2025-12-14,Feature Request,3,Neutral,We would like more value for the current subscription price.
FDBK0004385,CUST03375,2024-09-06,General Feedback,4,Positive,We are happy with the features available.
FDBK0004386,CUST03375,2023-11-14,Product Review,5,Positive,The platform has been useful for managing our business.
FDBK0004387,CUST03375,2026-02-05,Survey,2,Negative,We are happy with the features available.
FDBK0004388,CUST03375,2026-02-06,Survey,5,Positive,The platform is easy to use and useful for our daily operations.
FDBK0004389,CUST03376,2026-06-05,General Feedback,5,Positive,The platform is easy to use and useful for our daily operations.
FDBK0004390,CUST03377,2026-05-28,Survey,5,Positive,The platform has been useful for managing our business.
FDBK0004391,CUST03378,2026-02-22,Product Review,5,Positive,We like the product but the monthly cost is high.
FDBK0004392,CUST03380,2026-08-09,Feature Request,2,Negative,The platform has been useful for managing our business.
FDBK0004393,CUST03380,2026-04-12,Survey,5,Positive,The platform has been useful for managing our business.
FDBK0004394,CUST03380,2025-01-03,Product Review,4,Positive,The platform is easy to use and useful for our daily operations.
FDBK0004395,CUST03381,2026-05-24,Feature Request,3,Neutral,The system has helped our team manage invoices more efficiently.
FDBK0004396,CUST03381,2026-01-22,Product Review,5,Positive,The platform is easy to use and useful for our daily operations.
FDBK0004397,CUST03382,2026-08-22,Feature Request,3,Neutral,The platform has been useful for managing our business.
FDBK0004398,CUST03384,2025-09-13,Survey,4,Positive,We are happy with the features available.
FDBK0004399,CUST03384,2025-08-10,Product Review,4,Positive,We especially like the reporting features.
FDBK0004400,CUST03385,2026-08-23,Cancellation Feedback,5,Positive,The platform is easy to use and useful for our daily operations.
FDBK0004401,CUST03386,2026-02-20,Feature Request,5,Positive,We especially like the reporting features.
FDBK0004402,CUST03387,2025-10-19,Survey,4,Positive,We like the product but the monthly cost is high.
FDBK0004403,CUST03387,2024-10-07,Cancellation Feedback,3,Neutral,The pricing is difficult for our business.
FDBK0004404,CUST03387,2025-05-27,Cancellation Feedback,4,Positive,We like the product but the monthly cost is high.
FDBK0004405,CUST03387,2024-11-18,Cancellation Feedback,2,Negative,The platform is useful but the price is becoming expensive.
FDBK0004406,CUST03388,2026-04-06,Product Review,4,Positive,The system has helped our team manage invoices more efficiently.
FDBK0004407,CUST03390,2026-04-12,Survey,2,Negative,The platform is useful but the price is becoming expensive.
FDBK0004408,CUST03390,2025-12-02,Product Review,4,Positive,The pricing is difficult for our business.
FDBK0004409,CUST03390,2026-09-03,Survey,4,Positive,We like the product but the monthly cost is high.
FDBK0004410,CUST03390,2025-12-28,General Feedback,1,Negative,The pricing is difficult for our business.
FDBK0004411,CUST03392,2025-04-21,Survey,4,Positive,We are finding it difficult to get our team to use the platform regularly.
FDBK0004412,CUST03394,2026-05-13,General Feedback,1,Negative,We have experienced several issues with customer support.
FDBK0004413,CUST03394,2026-01-20,Product Review,1,Negative,Some support requests took too long to resolve.
FDBK0004414,CUST03396,2026-06-08,Product Review,2,Negative,We would like more value for the current subscription price.
FDBK0004415,CUST03397,2026-08-08,General Feedback,4,Positive,We are finding it difficult to get our team to use the platform regularly.
FDBK0004416,CUST03397,2025-04-09,General Feedback,5,Positive,Some of the features are not being used by our team.
FDBK0004417,CUST03398,2025-02-09,Cancellation Feedback,3,Neutral,The pricing is difficult for our business.
FDBK0004418,CUST03399,2024-05-31,Survey,4,Positive,We are not using the platform as much as we expected.
FDBK0004419,CUST03400,2025-03-23,Feature Request,1,Negative,The pricing is difficult for our business.
FDBK0004420,CUST03401,2026-07-24,Cancellation Feedback,5,Positive,The system has helped our team manage invoices more efficiently.
FDBK0004421,CUST03403,2024-11-09,General Feedback,4,Positive,Our usage of the platform has decreased recently.
FDBK0004422,CUST03403,2024-10-31,Survey,4,Positive,We are finding it difficult to get our team to use the platform regularly.
FDBK0004423,CUST03403,2025-08-16,Product Review,4,Positive,We are finding it difficult to get our team to use the platform regularly.
FDBK0004424,CUST03403,2025-08-15,General Feedback,2,Negative,We are not using the platform as much as we expected.
FDBK0004425,CUST03403,2024-08-08,Feature Request,3,Neutral,Our usage of the platform has decreased recently.
FDBK0004426,CUST03404,2026-09-21,General Feedback,5,Positive,The platform has been useful for managing our business.
FDBK0004427,CUST03405,2026-06-05,Survey,1,Negative,We have experienced several issues with customer support.
FDBK0004428,CUST03406,2025-11-10,Product Review,3,Neutral,The platform has been useful for managing our business.
FDBK0004429,CUST03406,2026-08-25,Feature Request,4,Positive,The system has helped our team manage invoices more efficiently.
FDBK0004430,CUST03406,2025-09-03,Feature Request,5,Positive,The platform is easy to use and useful for our daily operations.
FDBK0004431,CUST03409,2025-06-03,Product Review,5,Positive,We especially like the reporting features.
FDBK0004432,CUST03409,2025-12-03,Cancellation Feedback,4,Positive,We especially like the reporting features.
FDBK0004433,CUST03410,2025-11-03,Product Review,3,Neutral,We are happy with the features available.
FDBK0004434,CUST03410,2026-01-06,Survey,5,Positive,The platform has been useful for managing our business.
FDBK0004435,CUST03411,2026-05-09,Survey,2,Negative,Our usage of the platform has decreased recently.
FDBK0004436,CUST03412,2026-06-22,Cancellation Feedback,3,Neutral,Some of the features are not being used by our team.
FDBK0004437,CUST03412,2026-07-22,Cancellation Feedback,3,Neutral,Our usage of the platform has decreased recently.
FDBK0004438,CUST03412,2026-01-23,Cancellation Feedback,1,Negative,We are finding it difficult to get our team to use the platform regularly.
FDBK0004439,CUST03413,2026-04-23,Survey,5,Positive,The platform is easy to use and useful for our daily operations.
FDBK0004440,CUST03414,2024-12-18,Product Review,4,Positive,We are happy with the features available.
FDBK0004441,CUST03416,2026-09-17,Survey,3,Neutral,Our usage of the platform has decreased recently.
FDBK0004442,CUST03416,2026-05-16,Product Review,3,Neutral,Some of the features are not being used by our team.
FDBK0004443,CUST03418,2025-07-06,Product Review,1,Negative,We need faster responses when technical problems occur.
FDBK0004444,CUST03418,2025-12-04,General Feedback,4,Positive,The product is useful but support needs improvement.
FDBK0004445,CUST03418,2025-05-13,Feature Request,2,Negative,Some support requests took too long to resolve.
FDBK0004446,CUST03418,2025-07-05,Survey,1,Negative,We have experienced several issues with customer support.
FDBK0004447,CUST03419,2025-08-22,Survey,5,Positive,The platform has been useful for managing our business.
FDBK0004448,CUST03420,2026-08-17,Cancellation Feedback,5,Positive,We are not using the platform as much as we expected.
FDBK0004449,CUST03421,2025-10-09,Feature Request,3,Neutral,The platform is easy to use and useful for our daily operations.
FDBK0004450,CUST03422,2025-09-11,Survey,3,Neutral,We are not using the platform as much as we expected.
FDBK0004451,CUST03422,2024-12-13,Feature Request,1,Negative,We are finding it difficult to get our team to use the platform regularly.
FDBK0004452,CUST03422,2024-06-10,Product Review,3,Neutral,We are not using the platform as much as we expected.
FDBK0004453,CUST03424,2026-06-22,Product Review,4,Positive,The platform is easy to use and useful for our daily operations.
FDBK0004454,CUST03425,2026-07-14,Product Review,3,Neutral,Some of the features are not being used by our team.
FDBK0004455,CUST03425,2026-07-10,Feature Request,1,Negative,We are not using the platform as much as we expected.
FDBK0004456,CUST03425,2026-08-01,Feature Request,3,Neutral,We are not using the platform as much as we expected.
FDBK0004457,CUST03425,2026-08-16,Product Review,2,Negative,We are not using the platform as much as we expected.
FDBK0004458,CUST03426,2026-09-04,Survey,5,Positive,We especially like the reporting features.
FDBK0004459,CUST03426,2026-07-27,Feature Request,5,Positive,We especially like the reporting features.
FDBK0004460,CUST03427,2026-02-02,General Feedback,4,Positive,We need faster responses when technical problems occur.
FDBK0004461,CUST03427,2025-03-08,General Feedback,1,Negative,We need faster responses when technical problems occur.
FDBK0004462,CUST03427,2025-07-31,Feature Request,1,Negative,We have experienced several issues with customer support.
FDBK0004463,CUST03428,2025-05-27,Product Review,2,Negative,We have experienced several issues with customer support.
FDBK0004464,CUST03428,2026-05-06,Survey,2,Negative,The product is useful but support needs improvement.
FDBK0004465,CUST03428,2025-02-25,Survey,1,Negative,We have experienced several issues with customer support.
FDBK0004466,CUST03429,2025-06-28,Feature Request,3,Neutral,We are finding it difficult to get our team to use the platform regularly.
FDBK0004467,CUST03431,2026-03-29,Survey,3,Neutral,We are not using the platform as much as we expected.
FDBK0004468,CUST03433,2026-08-18,Product Review,3,Neutral,We need faster responses when technical problems occur.
FDBK0004469,CUST03434,2026-09-06,Survey,4,Positive,We would like more value for the current subscription price.
FDBK0004470,CUST03434,2026-08-21,Survey,3,Neutral,The platform is useful but the price is becoming expensive.
FDBK0004471,CUST03435,2026-02-20,Feature Request,4,Positive,We especially like the reporting features.
FDBK0004472,CUST03435,2026-06-26,Product Review,5,Positive,We especially like the reporting features.
FDBK0004473,CUST03435,2026-09-22,Product Review,5,Positive,The platform has been useful for managing our business.
FDBK0004474,CUST03436,2025-04-15,Product Review,4,Positive,Some of the features are not being used by our team.
FDBK0004475,CUST03436,2026-01-07,Feature Request,4,Positive,We are not using the platform as much as we expected.
FDBK0004476,CUST03436,2024-07-30,Survey,4,Positive,We are finding it difficult to get our team to use the platform regularly.
FDBK0004477,CUST03437,2026-04-19,Feature Request,4,Positive,We are happy with the features available.
FDBK0004478,CUST03438,2024-12-22,Product Review,5,Positive,We are finding it difficult to get our team to use the platform regularly.
FDBK0004479,CUST03439,2026-07-22,General Feedback,2,Negative,We would like more value for the current subscription price.
FDBK0004480,CUST03440,2025-04-10,Product Review,3,Neutral,The platform is useful but the price is becoming expensive.
FDBK0004481,CUST03440,2026-09-02,Survey,2,Negative,The pricing is difficult for our business.
FDBK0004482,CUST03440,2026-09-12,Product Review,3,Neutral,We would like more value for the current subscription price.
FDBK0004483,CUST03441,2026-02-19,Product Review,3,Neutral,The system has helped our team manage invoices more efficiently.
FDBK0004484,CUST03441,2025-11-05,General Feedback,5,Positive,We especially like the reporting features.
FDBK0004485,CUST03442,2025-11-22,Product Review,2,Negative,We need faster responses when technical problems occur.
FDBK0004486,CUST03442,2025-08-06,General Feedback,4,Positive,The product is useful but support needs improvement.
FDBK0004487,CUST03443,2026-05-22,Product Review,5,Positive,The system has helped our team manage invoices more efficiently.
FDBK0004488,CUST03444,2026-08-14,Product Review,4,Positive,The system has helped our team manage invoices more efficiently.
FDBK0004489,CUST03444,2026-09-22,Survey,3,Neutral,The platform is easy to use and useful for our daily operations.
FDBK0004490,CUST03446,2026-02-23,Survey,3,Neutral,The platform is easy to use and useful for our daily operations.
FDBK0004491,CUST03447,2026-08-23,General Feedback,3,Neutral,The pricing is difficult for our business.
FDBK0004492,CUST03448,2024-04-15,Survey,2,Negative,We like the product but the monthly cost is high.
FDBK0004493,CUST03448,2025-10-17,Survey,5,Positive,We like the product but the monthly cost is high.
FDBK0004494,CUST03448,2024-07-13,Survey,3,Neutral,The pricing is difficult for our business.
FDBK0004495,CUST03451,2025-10-16,Product Review,4,Positive,Our usage of the platform has decreased recently.
FDBK0004496,CUST03451,2026-03-13,General Feedback,1,Negative,We are finding it difficult to get our team to use the platform regularly.
FDBK0004497,CUST03453,2026-08-30,Cancellation Feedback,2,Negative,We would like more value for the current subscription price.
FDBK0004498,CUST03453,2026-07-06,Cancellation Feedback,3,Neutral,The pricing is difficult for our business.
FDBK0004499,CUST03453,2026-06-20,Survey,1,Negative,We would like more value for the current subscription price.
FDBK0004500,CUST03453,2026-06-16,Feature Request,5,Positive,We would like more value for the current subscription price.
FDBK0004501,CUST03453,2026-08-17,Survey,4,Positive,The pricing is difficult for our business.
FDBK0004502,CUST03453,2026-07-22,General Feedback,2,Negative,We like the product but the monthly cost is high.
FDBK0004503,CUST03454,2026-04-09,Survey,5,Positive,The platform has been useful for managing our business.
FDBK0004504,CUST03455,2024-04-03,Product Review,2,Negative,The system has helped our team manage invoices more efficiently.
FDBK0004505,CUST03456,2026-04-28,Cancellation Feedback,4,Positive,We would like more value for the current subscription price.
FDBK0004506,CUST03457,2026-06-24,General Feedback,4,Positive,We need faster responses when technical problems occur.
FDBK0004507,CUST03457,2026-07-10,Survey,2,Negative,The product is useful but support needs improvement.
FDBK0004508,CUST03458,2025-07-11,Cancellation Feedback,5,Positive,We especially like the reporting features.
FDBK0004509,CUST03462,2025-04-17,Cancellation Feedback,1,Negative,Some of the features are not being used by our team.
FDBK0004510,CUST03462,2025-06-07,General Feedback,3,Neutral,Our usage of the platform has decreased recently.
FDBK0004511,CUST03462,2025-05-21,Feature Request,2,Negative,Our usage of the platform has decreased recently.
FDBK0004512,CUST03463,2024-11-30,General Feedback,2,Negative,We are not using the platform as much as we expected.
FDBK0004513,CUST03463,2026-01-11,General Feedback,2,Negative,We are finding it difficult to get our team to use the platform regularly.
FDBK0004514,CUST03463,2026-08-15,General Feedback,2,Negative,We are not using the platform as much as we expected.
FDBK0004515,CUST03464,2026-07-23,Product Review,1,Negative,Some of the features are not being used by our team.
FDBK0004516,CUST03464,2026-02-10,Cancellation Feedback,3,Neutral,We are finding it difficult to get our team to use the platform regularly.
FDBK0004517,CUST03464,2025-08-16,Feature Request,4,Positive,We are not using the platform as much as we expected.
FDBK0004518,CUST03465,2025-02-28,Product Review,3,Neutral,We especially like the reporting features.
FDBK0004519,CUST03467,2025-04-02,General Feedback,3,Neutral,We are not using the platform as much as we expected.
FDBK0004520,CUST03468,2026-08-15,General Feedback,2,Negative,Our usage of the platform has decreased recently.
FDBK0004521,CUST03468,2026-08-12,Product Review,2,Negative,Our usage of the platform has decreased recently.
FDBK0004522,CUST03469,2026-08-06,Survey,2,Negative,The system has helped our team manage invoices more efficiently.
FDBK0004523,CUST03469,2026-03-23,General Feedback,3,Neutral,The platform is easy to use and useful for our daily operations.
FDBK0004524,CUST03471,2025-03-21,General Feedback,5,Positive,The system has helped our team manage invoices more efficiently.
FDBK0004525,CUST03472,2025-02-09,Product Review,5,Positive,We are happy with the features available.
FDBK0004526,CUST03475,2026-06-29,Product Review,2,Negative,We need faster responses when technical problems occur.
FDBK0004527,CUST03475,2026-07-16,General Feedback,5,Positive,Some support requests took too long to resolve.
FDBK0004528,CUST03475,2026-08-01,Survey,1,Negative,We have experienced several issues with customer support.
FDBK0004529,CUST03476,2025-07-12,Survey,3,Neutral,We are finding it difficult to get our team to use the platform regularly.
FDBK0004530,CUST03477,2026-07-29,Survey,2,Negative,The platform is useful but the price is becoming expensive.
FDBK0004531,CUST03477,2026-08-14,Product Review,3,Neutral,The pricing is difficult for our business.
FDBK0004532,CUST03477,2026-09-01,Product Review,4,Positive,We would like more value for the current subscription price.
FDBK0004533,CUST03477,2026-08-26,Product Review,5,Positive,We would like more value for the current subscription price.
FDBK0004534,CUST03478,2026-05-18,General Feedback,5,Positive,We especially like the reporting features.
FDBK0004535,CUST03479,2026-06-02,Product Review,5,Positive,We are happy with the features available.
FDBK0004536,CUST03480,2024-12-11,Survey,3,Neutral,Some of the features are not being used by our team.
FDBK0004537,CUST03480,2025-03-09,Product Review,4,Positive,Our usage of the platform has decreased recently.
FDBK0004538,CUST03481,2026-04-23,General Feedback,1,Negative,The product is useful but support needs improvement.
FDBK0004539,CUST03481,2026-06-20,Cancellation Feedback,1,Negative,We have experienced several issues with customer support.
FDBK0004540,CUST03481,2026-08-02,Cancellation Feedback,3,Neutral,The product is useful but support needs improvement.
FDBK0004541,CUST03481,2026-09-05,Cancellation Feedback,1,Negative,We have experienced several issues with customer support.
FDBK0004542,CUST03482,2026-01-20,Survey,3,Neutral,We would like more value for the current subscription price.
FDBK0004543,CUST03483,2026-02-22,Feature Request,1,Negative,We have experienced several issues with customer support.
FDBK0004544,CUST03484,2025-03-15,Product Review,1,Negative,We need faster responses when technical problems occur.
FDBK0004545,CUST03484,2026-03-22,Survey,1,Negative,We need faster responses when technical problems occur.
FDBK0004546,CUST03484,2025-06-08,General Feedback,3,Neutral,Some support requests took too long to resolve.
FDBK0004547,CUST03485,2025-03-30,Feature Request,3,Neutral,The platform is easy to use and useful for our daily operations.
FDBK0004548,CUST03486,2025-07-15,Product Review,4,Positive,We like the product but the monthly cost is high.
FDBK0004549,CUST03486,2025-07-01,Survey,2,Negative,The platform is useful but the price is becoming expensive.
FDBK0004550,CUST03489,2026-03-25,Cancellation Feedback,3,Neutral,We are happy with the features available.
FDBK0004551,CUST03489,2026-08-25,Cancellation Feedback,5,Positive,We are happy with the features available.
FDBK0004552,CUST03492,2026-02-14,Feature Request,5,Positive,We are happy with the features available.
FDBK0004553,CUST03493,2026-08-23,Survey,5,Positive,The platform has been useful for managing our business.
FDBK0004554,CUST03494,2025-04-15,General Feedback,5,Positive,The platform is easy to use and useful for our daily operations.
FDBK0004555,CUST03495,2024-09-12,Product Review,4,Positive,The system has helped our team manage invoices more efficiently.
FDBK0004556,CUST03497,2026-03-12,Feature Request,3,Neutral,We like the product but the monthly cost is high.
FDBK0004557,CUST03497,2025-10-18,Survey,3,Neutral,We would like more value for the current subscription price.
FDBK0004558,CUST03497,2025-08-31,General Feedback,2,Negative,We like the product but the monthly cost is high.
FDBK0004559,CUST03498,2026-05-16,Product Review,4,Positive,We are happy with the features available.
FDBK0004560,CUST03498,2026-08-06,Survey,5,Positive,The system has helped our team manage invoices more efficiently.
FDBK0004561,CUST03498,2025-03-30,Product Review,4,Positive,The system has helped our team manage invoices more efficiently.
FDBK0004562,CUST03499,2025-10-01,General Feedback,3,Neutral,The pricing is difficult for our business.
FDBK0004563,CUST03499,2025-12-17,Product Review,5,Positive,The pricing is difficult for our business.
FDBK0004564,CUST03499,2025-06-09,General Feedback,4,Positive,We would like more value for the current subscription price.
FDBK0004565,CUST03501,2025-12-27,Product Review,5,Positive,The system has helped our team manage invoices more efficiently.
FDBK0004566,CUST03502,2026-05-31,Survey,5,Positive,The system has helped our team manage invoices more efficiently.
FDBK0004567,CUST03504,2026-04-20,Cancellation Feedback,5,Positive,The system has helped our team manage invoices more efficiently.
FDBK0004568,CUST03505,2024-10-26,Feature Request,5,Positive,The pricing is difficult for our business.
FDBK0004569,CUST03505,2024-09-07,Product Review,2,Negative,We like the product but the monthly cost is high.
FDBK0004570,CUST03505,2026-02-19,Product Review,4,Positive,The pricing is difficult for our business.
FDBK0004571,CUST03506,2026-09-02,Feature Request,5,Positive,The system has helped our team manage invoices more efficiently.
FDBK0004572,CUST03506,2026-01-22,Feature Request,3,Neutral,The platform is easy to use and useful for our daily operations.
FDBK0004573,CUST03506,2026-03-05,Survey,4,Positive,The platform is easy to use and useful for our daily operations.
FDBK0004574,CUST03507,2026-07-03,Feature Request,4,Positive,The platform is easy to use and useful for our daily operations.
FDBK0004575,CUST03508,2024-04-06,Product Review,3,Neutral,We are not using the platform as much as we expected.
FDBK0004576,CUST03508,2025-04-22,Product Review,2,Negative,We are not using the platform as much as we expected.
FDBK0004577,CUST03509,2025-07-05,Product Review,4,Positive,We are happy with the features available.
FDBK0004578,CUST03510,2025-06-29,Product Review,2,Negative,We are happy with the features available.
FDBK0004579,CUST03511,2025-09-14,General Feedback,5,Positive,The platform has been useful for managing our business.
FDBK0004580,CUST03511,2025-10-31,Feature Request,4,Positive,We especially like the reporting features.
FDBK0004581,CUST03512,2026-01-28,Cancellation Feedback,1,Negative,We have experienced several issues with customer support.
FDBK0004582,CUST03513,2024-06-20,Product Review,4,Positive,The system has helped our team manage invoices more efficiently.
FDBK0004583,CUST03514,2025-12-08,Survey,5,Positive,The system has helped our team manage invoices more efficiently.
FDBK0004584,CUST03516,2025-04-08,Feature Request,3,Neutral,The pricing is difficult for our business.
FDBK0004585,CUST03516,2025-08-25,Survey,3,Neutral,The pricing is difficult for our business.
FDBK0004586,CUST03516,2025-11-27,Feature Request,4,Positive,The platform is useful but the price is becoming expensive.
FDBK0004587,CUST03516,2026-08-27,Product Review,1,Negative,The platform is useful but the price is becoming expensive.
FDBK0004588,CUST03517,2025-11-21,Feature Request,2,Negative,We are happy with the features available.
FDBK0004589,CUST03517,2025-10-07,Product Review,5,Positive,The platform is easy to use and useful for our daily operations.
FDBK0004590,CUST03518,2025-11-25,Feature Request,4,Positive,The platform has been useful for managing our business.
FDBK0004591,CUST03519,2026-08-11,General Feedback,1,Negative,Our usage of the platform has decreased recently.
FDBK0004592,CUST03519,2026-06-01,Cancellation Feedback,4,Positive,We are finding it difficult to get our team to use the platform regularly.
FDBK0004593,CUST03519,2026-06-29,Cancellation Feedback,2,Negative,We are finding it difficult to get our team to use the platform regularly.
FDBK0004594,CUST03521,2026-02-22,Cancellation Feedback,4,Positive,We are finding it difficult to get our team to use the platform regularly.
FDBK0004595,CUST03521,2025-12-01,Product Review,2,Negative,Some of the features are not being used by our team.
FDBK0004596,CUST03522,2026-08-26,Product Review,3,Neutral,We especially like the reporting features.
FDBK0004597,CUST03522,2026-07-20,Product Review,4,Positive,The platform has been useful for managing our business.
FDBK0004598,CUST03523,2025-10-27,Survey,1,Negative,We like the product but the monthly cost is high.
FDBK0004599,CUST03524,2026-08-13,Cancellation Feedback,1,Negative,We have experienced several issues with customer support.
FDBK0004600,CUST03524,2026-08-23,Cancellation Feedback,2,Negative,The product is useful but support needs improvement.
FDBK0004601,CUST03524,2026-07-17,Cancellation Feedback,2,Negative,We have experienced several issues with customer support.
FDBK0004602,CUST03525,2026-04-19,Feature Request,5,Positive,We especially like the reporting features.
FDBK0004603,CUST03528,2025-08-27,General Feedback,5,Positive,The platform is easy to use and useful for our daily operations.
FDBK0004604,CUST03528,2026-01-28,Product Review,4,Positive,We are happy with the features available.
FDBK0004605,CUST03529,2026-08-13,Feature Request,1,Negative,We are finding it difficult to get our team to use the platform regularly.
FDBK0004606,CUST03530,2025-01-12,Survey,5,Positive,The system has helped our team manage invoices more efficiently.
FDBK0004607,CUST03531,2025-12-24,Product Review,3,Neutral,We have experienced several issues with customer support.
FDBK0004608,CUST03531,2026-04-10,Feature Request,3,Neutral,We have experienced several issues with customer support.
FDBK0004609,CUST03531,2026-09-10,Product Review,2,Negative,The product is useful but support needs improvement.
FDBK0004610,CUST03532,2026-08-01,Survey,3,Neutral,We are finding it difficult to get our team to use the platform regularly.
FDBK0004611,CUST03532,2026-08-20,General Feedback,1,Negative,We are not using the platform as much as we expected.
FDBK0004612,CUST03532,2026-07-19,General Feedback,2,Negative,We are finding it difficult to get our team to use the platform regularly.
FDBK0004613,CUST03533,2026-02-25,Product Review,5,Positive,We are happy with the features available.
FDBK0004614,CUST03534,2025-04-18,Product Review,4,Positive,The pricing is difficult for our business.
FDBK0004615,CUST03534,2026-04-08,Cancellation Feedback,1,Negative,The platform is useful but the price is becoming expensive.
FDBK0004616,CUST03534,2025-12-01,Cancellation Feedback,2,Negative,The platform is useful but the price is becoming expensive.
FDBK0004617,CUST03536,2026-09-18,Cancellation Feedback,4,Positive,The product is useful but support needs improvement.
FDBK0004618,CUST03536,2026-07-30,Cancellation Feedback,2,Negative,The product is useful but support needs improvement.
FDBK0004619,CUST03537,2026-05-02,Product Review,5,Positive,The platform is easy to use and useful for our daily operations.
FDBK0004620,CUST03537,2025-12-28,General Feedback,5,Positive,The platform has been useful for managing our business.
FDBK0004621,CUST03538,2025-04-23,Product Review,4,Positive,We like the product but the monthly cost is high.
FDBK0004622,CUST03538,2024-08-18,Feature Request,5,Positive,We would like more value for the current subscription price.
FDBK0004623,CUST03542,2025-06-11,Feature Request,5,Positive,The platform has been useful for managing our business.
FDBK0004624,CUST03542,2024-08-08,Product Review,5,Positive,The system has helped our team manage invoices more efficiently.
FDBK0004625,CUST03542,2025-10-20,General Feedback,3,Neutral,The platform is easy to use and useful for our daily operations.
FDBK0004626,CUST03543,2026-06-28,General Feedback,5,Positive,The platform is easy to use and useful for our daily operations.
FDBK0004627,CUST03543,2026-05-27,Survey,4,Positive,The system has helped our team manage invoices more efficiently.
FDBK0004628,CUST03544,2025-09-25,Product Review,5,Positive,The system has helped our team manage invoices more efficiently.
FDBK0004629,CUST03544,2026-02-06,Product Review,5,Positive,The platform has been useful for managing our business.
FDBK0004630,CUST03545,2025-02-11,Feature Request,5,Positive,We especially like the reporting features.
FDBK0004631,CUST03547,2025-07-10,Cancellation Feedback,3,Neutral,We are finding it difficult to get our team to use the platform regularly.
FDBK0004632,CUST03548,2026-08-25,Product Review,5,Positive,The system has helped our team manage invoices more efficiently.
FDBK0004633,CUST03549,2026-04-15,Feature Request,5,Positive,The system has helped our team manage invoices more efficiently.
FDBK0004634,CUST03552,2026-06-06,Feature Request,3,Neutral,The platform is easy to use and useful for our daily operations.
FDBK0004635,CUST03552,2026-03-01,Product Review,4,Positive,We especially like the reporting features.
FDBK0004636,CUST03554,2026-01-29,Product Review,5,Positive,The platform has been useful for managing our business.
FDBK0004637,CUST03554,2024-03-29,Survey,4,Positive,The system has helped our team manage invoices more efficiently.
FDBK0004638,CUST03554,2026-01-04,General Feedback,3,Neutral,The platform is easy to use and useful for our daily operations.
FDBK0004639,CUST03554,2025-07-27,Cancellation Feedback,4,Positive,The platform is easy to use and useful for our daily operations.
FDBK0004640,CUST03555,2025-11-29,Cancellation Feedback,1,Negative,We need faster responses when technical problems occur.
FDBK0004641,CUST03555,2025-06-11,Survey,4,Positive,We need faster responses when technical problems occur.
FDBK0004642,CUST03556,2026-01-26,Cancellation Feedback,5,Positive,The system has helped our team manage invoices more efficiently.
FDBK0004643,CUST03556,2025-12-26,Feature Request,5,Positive,The platform has been useful for managing our business.
FDBK0004644,CUST03557,2025-12-09,Product Review,1,Negative,We especially like the reporting features.
FDBK0004645,CUST03557,2026-07-13,General Feedback,5,Positive,We especially like the reporting features.
FDBK0004646,CUST03557,2026-08-10,Product Review,5,Positive,We especially like the reporting features.
FDBK0004647,CUST03561,2025-10-22,General Feedback,4,Positive,We would like more value for the current subscription price.
FDBK0004648,CUST03562,2024-08-13,Product Review,3,Neutral,Some support requests took too long to resolve.
FDBK0004649,CUST03562,2025-12-25,Product Review,1,Negative,Some support requests took too long to resolve.
FDBK0004650,CUST03563,2025-05-03,Cancellation Feedback,5,Positive,The platform has been useful for managing our business.
FDBK0004651,CUST03563,2025-07-09,Feature Request,5,Positive,We especially like the reporting features.
FDBK0004652,CUST03564,2026-09-05,Survey,4,Positive,The platform is easy to use and useful for our daily operations.
FDBK0004653,CUST03564,2026-01-05,Survey,4,Positive,The platform has been useful for managing our business.
FDBK0004654,CUST03565,2026-07-11,Survey,2,Negative,We especially like the reporting features.
FDBK0004655,CUST03566,2026-05-30,General Feedback,4,Positive,We are happy with the features available.
FDBK0004656,CUST03568,2026-09-16,Survey,1,Negative,Some support requests took too long to resolve.
FDBK0004657,CUST03568,2026-09-17,General Feedback,2,Negative,The product is useful but support needs improvement.
FDBK0004658,CUST03568,2026-09-01,Product Review,1,Negative,The product is useful but support needs improvement.
FDBK0004659,CUST03568,2026-09-16,Product Review,2,Negative,We have experienced several issues with customer support.
FDBK0004660,CUST03568,2026-08-12,General Feedback,3,Neutral,The product is useful but support needs improvement.
FDBK0004661,CUST03568,2026-07-28,Survey,2,Negative,We have experienced several issues with customer support.
FDBK0004662,CUST03568,2026-08-27,Product Review,1,Negative,Some support requests took too long to resolve.
FDBK0004663,CUST03569,2024-09-05,Survey,5,Positive,We are happy with the features available.
FDBK0004664,CUST03570,2026-07-29,Product Review,2,Negative,We like the product but the monthly cost is high.
FDBK0004665,CUST03571,2026-01-31,Survey,5,Positive,We are happy with the features available.
FDBK0004666,CUST03571,2025-12-29,Feature Request,3,Neutral,The platform is easy to use and useful for our daily operations.
FDBK0004667,CUST03572,2025-02-10,Product Review,4,Positive,The system has helped our team manage invoices more efficiently.
FDBK0004668,CUST03572,2025-05-22,Product Review,4,Positive,The platform has been useful for managing our business.
FDBK0004669,CUST03573,2025-06-06,Product Review,2,Negative,The product is useful but support needs improvement.
FDBK0004670,CUST03574,2026-05-19,Survey,4,Positive,Our usage of the platform has decreased recently.
FDBK0004671,CUST03574,2026-09-20,Survey,2,Negative,Our usage of the platform has decreased recently.
FDBK0004672,CUST03575,2025-11-27,Survey,4,Positive,The platform has been useful for managing our business.
FDBK0004673,CUST03575,2025-07-13,Product Review,5,Positive,We especially like the reporting features.
FDBK0004674,CUST03577,2026-01-11,Cancellation Feedback,1,Negative,We are finding it difficult to get our team to use the platform regularly.
FDBK0004675,CUST03577,2026-02-24,Cancellation Feedback,2,Negative,We are finding it difficult to get our team to use the platform regularly.
FDBK0004676,CUST03578,2026-06-10,General Feedback,5,Positive,We especially like the reporting features.
FDBK0004677,CUST03579,2025-11-09,General Feedback,1,Negative,Our usage of the platform has decreased recently.
FDBK0004678,CUST03579,2026-04-14,Survey,4,Positive,We are finding it difficult to get our team to use the platform regularly.
FDBK0004679,CUST03579,2025-10-20,Survey,4,Positive,Some of the features are not being used by our team.
FDBK0004680,CUST03579,2026-09-02,Survey,3,Neutral,Some of the features are not being used by our team.
FDBK0004681,CUST03579,2025-02-03,Survey,4,Positive,We are finding it difficult to get our team to use the platform regularly.
FDBK0004682,CUST03581,2024-08-15,Product Review,4,Positive,We especially like the reporting features.
FDBK0004683,CUST03581,2024-03-20,Survey,4,Positive,The platform is easy to use and useful for our daily operations.
FDBK0004684,CUST03584,2025-12-21,Survey,2,Negative,Some of the features are not being used by our team.
FDBK0004685,CUST03584,2024-05-12,Feature Request,3,Neutral,Some of the features are not being used by our team.
FDBK0004686,CUST03584,2026-03-26,General Feedback,5,Positive,We are finding it difficult to get our team to use the platform regularly.
FDBK0004687,CUST03585,2024-02-28,Product Review,3,Neutral,We especially like the reporting features.
FDBK0004688,CUST03588,2026-07-20,General Feedback,5,Positive,We would like more value for the current subscription price.
FDBK0004689,CUST03588,2026-05-28,Product Review,5,Positive,We like the product but the monthly cost is high.
FDBK0004690,CUST03590,2026-01-29,Product Review,4,Positive,We are happy with the features available.
FDBK0004691,CUST03591,2025-01-09,Survey,5,Positive,The platform has been useful for managing our business.
FDBK0004692,CUST03591,2026-09-23,Feature Request,5,Positive,The system has helped our team manage invoices more efficiently.
FDBK0004693,CUST03591,2026-01-19,Product Review,5,Positive,The system has helped our team manage invoices more efficiently.
FDBK0004694,CUST03592,2026-07-29,Product Review,3,Neutral,The platform is useful but the price is becoming expensive.
FDBK0004695,CUST03593,2025-12-11,Feature Request,3,Neutral,Some support requests took too long to resolve.
FDBK0004696,CUST03594,2025-06-14,Product Review,2,Negative,We need faster responses when technical problems occur.
FDBK0004697,CUST03594,2026-07-10,Feature Request,2,Negative,We have experienced several issues with customer support.
FDBK0004698,CUST03595,2026-05-02,Feature Request,3,Neutral,The platform is easy to use and useful for our daily operations.
FDBK0004699,CUST03598,2025-02-10,Feature Request,4,Positive,Some of the features are not being used by our team.
FDBK0004700,CUST03598,2026-01-22,Feature Request,2,Negative,Our usage of the platform has decreased recently.
FDBK0004701,CUST03599,2025-04-21,Product Review,5,Positive,The system has helped our team manage invoices more efficiently.
FDBK0004702,CUST03599,2026-03-04,General Feedback,1,Negative,The system has helped our team manage invoices more efficiently.
FDBK0004703,CUST03600,2026-07-24,General Feedback,5,Positive,Our usage of the platform has decreased recently.
FDBK0004704,CUST03604,2026-08-21,Cancellation Feedback,3,Neutral,Some of the features are not being used by our team.
FDBK0004705,CUST03606,2025-12-10,Cancellation Feedback,3,Neutral,Some of the features are not being used by our team.
FDBK0004706,CUST03607,2026-06-16,Survey,2,Negative,Some of the features are not being used by our team.
FDBK0004707,CUST03607,2026-06-09,Feature Request,4,Positive,We are not using the platform as much as we expected.
FDBK0004708,CUST03608,2023-11-30,Feature Request,3,Neutral,We especially like the reporting features.
FDBK0004709,CUST03609,2024-09-26,Product Review,1,Negative,We need faster responses when technical problems occur.
FDBK0004710,CUST03609,2025-11-07,Product Review,3,Neutral,Some support requests took too long to resolve.
FDBK0004711,CUST03611,2026-06-03,Feature Request,5,Positive,The platform is easy to use and useful for our daily operations.
FDBK0004712,CUST03611,2026-06-20,Product Review,3,Neutral,We especially like the reporting features.
FDBK0004713,CUST03612,2024-12-02,Cancellation Feedback,4,Positive,We have experienced several issues with customer support.
FDBK0004714,CUST03613,2026-07-02,Survey,4,Positive,We like the product but the monthly cost is high.
FDBK0004715,CUST03613,2025-08-24,Survey,3,Neutral,We would like more value for the current subscription price.
FDBK0004716,CUST03614,2025-11-27,General Feedback,2,Negative,Some support requests took too long to resolve.
FDBK0004717,CUST03615,2026-08-19,Survey,4,Positive,We are happy with the features available.
FDBK0004718,CUST03615,2025-03-29,Feature Request,3,Neutral,The platform is easy to use and useful for our daily operations.
FDBK0004719,CUST03616,2025-11-22,Cancellation Feedback,4,Positive,The platform has been useful for managing our business.
FDBK0004720,CUST03617,2024-04-18,Cancellation Feedback,2,Negative,The platform is easy to use and useful for our daily operations.
FDBK0004721,CUST03619,2026-02-28,Survey,5,Positive,The product is useful but support needs improvement.
FDBK0004722,CUST03620,2026-03-07,Product Review,2,Negative,Some support requests took too long to resolve.
FDBK0004723,CUST03620,2025-12-25,Cancellation Feedback,3,Neutral,We need faster responses when technical problems occur.
FDBK0004724,CUST03620,2026-03-01,Cancellation Feedback,1,Negative,The product is useful but support needs improvement.
FDBK0004725,CUST03620,2026-02-18,Cancellation Feedback,2,Negative,The product is useful but support needs improvement.
FDBK0004726,CUST03620,2025-12-26,Cancellation Feedback,2,Negative,We have experienced several issues with customer support.
FDBK0004727,CUST03622,2024-07-14,Cancellation Feedback,3,Neutral,We need faster responses when technical problems occur.
FDBK0004728,CUST03622,2025-12-17,Cancellation Feedback,2,Negative,We need faster responses when technical problems occur.
FDBK0004729,CUST03622,2025-06-28,General Feedback,1,Negative,We need faster responses when technical problems occur.
FDBK0004730,CUST03622,2025-03-24,Feature Request,2,Negative,We need faster responses when technical problems occur.
FDBK0004731,CUST03623,2025-08-04,Product Review,5,Positive,We are happy with the features available.
FDBK0004732,CUST03625,2026-08-18,Feature Request,4,Positive,We like the product but the monthly cost is high.
FDBK0004733,CUST03625,2026-05-25,Survey,5,Positive,We like the product but the monthly cost is high.
FDBK0004734,CUST03627,2025-05-24,Cancellation Feedback,3,Neutral,We especially like the reporting features.
FDBK0004735,CUST03627,2025-03-12,Cancellation Feedback,3,Neutral,The platform has been useful for managing our business.
FDBK0004736,CUST03628,2025-09-21,Survey,4,Positive,The platform has been useful for managing our business.
FDBK0004737,CUST03630,2025-02-07,Survey,5,Positive,The pricing is difficult for our business.
FDBK0004738,CUST03630,2025-02-25,Product Review,5,Positive,We would like more value for the current subscription price.
FDBK0004739,CUST03634,2026-09-16,Product Review,5,Positive,The system has helped our team manage invoices more efficiently.
FDBK0004740,CUST03634,2026-07-26,Feature Request,4,Positive,The system has helped our team manage invoices more efficiently.
FDBK0004741,CUST03635,2025-05-17,Cancellation Feedback,5,Positive,The system has helped our team manage invoices more efficiently.
FDBK0004742,CUST03635,2025-05-16,Product Review,5,Positive,The system has helped our team manage invoices more efficiently.
FDBK0004743,CUST03636,2026-02-01,Survey,5,Positive,Some of the features are not being used by our team.
FDBK0004744,CUST03636,2026-04-15,General Feedback,4,Positive,We are not using the platform as much as we expected.
FDBK0004745,CUST03636,2026-09-14,General Feedback,4,Positive,We are finding it difficult to get our team to use the platform regularly.
FDBK0004746,CUST03637,2024-10-10,Feature Request,3,Neutral,We especially like the reporting features.
FDBK0004747,CUST03637,2024-12-10,Product Review,4,Positive,The system has helped our team manage invoices more efficiently.
FDBK0004748,CUST03637,2025-07-20,Survey,3,Neutral,We are happy with the features available.
FDBK0004749,CUST03638,2024-12-16,Feature Request,5,Positive,The system has helped our team manage invoices more efficiently.
FDBK0004750,CUST03638,2025-10-02,Cancellation Feedback,5,Positive,The platform has been useful for managing our business.
FDBK0004751,CUST03639,2026-03-11,General Feedback,5,Positive,We especially like the reporting features.
FDBK0004752,CUST03639,2026-09-11,Product Review,3,Neutral,The platform has been useful for managing our business.
FDBK0004753,CUST03639,2026-01-22,Survey,1,Negative,The platform has been useful for managing our business.
FDBK0004754,CUST03641,2026-04-21,Product Review,3,Neutral,The platform is useful but the price is becoming expensive.
FDBK0004755,CUST03641,2025-09-18,Cancellation Feedback,5,Positive,The pricing is difficult for our business.
FDBK0004756,CUST03643,2026-08-18,Product Review,2,Negative,The product is useful but support needs improvement.
FDBK0004757,CUST03643,2026-08-14,Survey,1,Negative,Some support requests took too long to resolve.
FDBK0004758,CUST03643,2026-07-29,Survey,2,Negative,We need faster responses when technical problems occur.
FDBK0004759,CUST03643,2026-07-29,Product Review,1,Negative,We have experienced several issues with customer support.
FDBK0004760,CUST03643,2026-09-11,General Feedback,3,Neutral,The product is useful but support needs improvement.
FDBK0004761,CUST03644,2026-05-03,Survey,4,Positive,We are happy with the features available.
FDBK0004762,CUST03644,2026-09-18,Product Review,5,Positive,The platform is easy to use and useful for our daily operations.
FDBK0004763,CUST03645,2026-08-26,Survey,4,Positive,The product is useful but support needs improvement.
FDBK0004764,CUST03646,2026-03-10,Cancellation Feedback,4,Positive,The pricing is difficult for our business.
FDBK0004765,CUST03646,2025-10-02,Cancellation Feedback,3,Neutral,The platform is useful but the price is becoming expensive.
FDBK0004766,CUST03646,2024-10-14,Cancellation Feedback,1,Negative,The platform is useful but the price is becoming expensive.
FDBK0004767,CUST03647,2026-09-08,General Feedback,2,Negative,We are finding it difficult to get our team to use the platform regularly.
FDBK0004768,CUST03647,2026-05-14,Survey,2,Negative,We are not using the platform as much as we expected.
FDBK0004769,CUST03647,2026-05-19,Product Review,4,Positive,Our usage of the platform has decreased recently.
FDBK0004770,CUST03648,2026-07-29,Product Review,3,Neutral,We are happy with the features available.
FDBK0004771,CUST03648,2026-07-09,Survey,5,Positive,The platform is easy to use and useful for our daily operations.
FDBK0004772,CUST03650,2026-08-23,Feature Request,3,Neutral,Our usage of the platform has decreased recently.
FDBK0004773,CUST03651,2025-03-02,Cancellation Feedback,1,Negative,Some support requests took too long to resolve.
FDBK0004774,CUST03651,2024-08-28,General Feedback,3,Neutral,The product is useful but support needs improvement.
FDBK0004775,CUST03652,2025-08-23,General Feedback,4,Positive,The platform is easy to use and useful for our daily operations.
FDBK0004776,CUST03653,2025-05-16,Product Review,5,Positive,The system has helped our team manage invoices more efficiently.
FDBK0004777,CUST03655,2024-12-20,Cancellation Feedback,5,Positive,The pricing is difficult for our business.
FDBK0004778,CUST03655,2024-12-05,Product Review,1,Negative,The pricing is difficult for our business.
FDBK0004779,CUST03655,2024-10-10,Cancellation Feedback,4,Positive,The pricing is difficult for our business.
FDBK0004780,CUST03656,2025-10-09,Survey,2,Negative,The platform is easy to use and useful for our daily operations.
FDBK0004781,CUST03658,2024-10-19,Product Review,2,Negative,The pricing is difficult for our business.
FDBK0004782,CUST03659,2026-06-28,Product Review,4,Positive,The platform is easy to use and useful for our daily operations.
FDBK0004783,CUST03661,2026-08-13,Product Review,1,Negative,The product is useful but support needs improvement.
FDBK0004784,CUST03661,2026-08-10,Product Review,2,Negative,The product is useful but support needs improvement.
FDBK0004785,CUST03662,2025-07-07,General Feedback,4,Positive,The platform has been useful for managing our business.
FDBK0004786,CUST03662,2024-09-15,Survey,5,Positive,The system has helped our team manage invoices more efficiently.
FDBK0004787,CUST03664,2026-08-14,Cancellation Feedback,2,Negative,The pricing is difficult for our business.
FDBK0004788,CUST03664,2026-09-16,Cancellation Feedback,2,Negative,The platform is useful but the price is becoming expensive.
FDBK0004789,CUST03664,2026-08-11,Feature Request,2,Negative,We like the product but the monthly cost is high.
FDBK0004790,CUST03665,2025-11-06,Product Review,4,Positive,We like the product but the monthly cost is high.
FDBK0004791,CUST03665,2025-11-24,Product Review,4,Positive,The platform is useful but the price is becoming expensive.
FDBK0004792,CUST03666,2026-08-19,Survey,5,Positive,The system has helped our team manage invoices more efficiently.
FDBK0004793,CUST03668,2026-03-31,Product Review,4,Positive,The platform has been useful for managing our business.
FDBK0004794,CUST03671,2025-03-12,Cancellation Feedback,5,Positive,We need faster responses when technical problems occur.
FDBK0004795,CUST03671,2024-12-07,Feature Request,4,Positive,The product is useful but support needs improvement.
FDBK0004796,CUST03674,2026-06-16,Cancellation Feedback,2,Negative,We need faster responses when technical problems occur.
FDBK0004797,CUST03674,2026-05-31,Cancellation Feedback,1,Negative,Some support requests took too long to resolve.
FDBK0004798,CUST03674,2026-05-23,Feature Request,2,Negative,Some support requests took too long to resolve.
FDBK0004799,CUST03677,2026-08-06,Feature Request,4,Positive,The platform has been useful for managing our business.
FDBK0004800,CUST03678,2026-05-01,Survey,2,Negative,We have experienced several issues with customer support.
FDBK0004801,CUST03679,2026-01-12,Product Review,3,Neutral,The system has helped our team manage invoices more efficiently.
FDBK0004802,CUST03680,2025-10-23,Survey,5,Positive,The system has helped our team manage invoices more efficiently.
FDBK0004803,CUST03680,2024-02-11,Feature Request,5,Positive,The system has helped our team manage invoices more efficiently.
FDBK0004804,CUST03680,2025-09-10,Survey,4,Positive,The platform has been useful for managing our business.
FDBK0004805,CUST03681,2025-08-02,Cancellation Feedback,4,Positive,The platform has been useful for managing our business.
FDBK0004806,CUST03681,2025-09-04,Product Review,5,Positive,The system has helped our team manage invoices more efficiently.
FDBK0004807,CUST03684,2026-05-03,Product Review,5,Positive,The platform is easy to use and useful for our daily operations.
FDBK0004808,CUST03685,2026-02-11,Product Review,5,Positive,We are happy with the features available.
FDBK0004809,CUST03686,2026-05-19,Feature Request,2,Negative,The system has helped our team manage invoices more efficiently.
FDBK0004810,CUST03688,2025-10-22,Product Review,4,Positive,The product is useful but support needs improvement.
FDBK0004811,CUST03688,2026-02-05,Product Review,2,Negative,The product is useful but support needs improvement.
FDBK0004812,CUST03689,2026-02-18,Product Review,4,Positive,The system has helped our team manage invoices more efficiently.
FDBK0004813,CUST03690,2025-01-26,General Feedback,5,Positive,We are happy with the features available.
FDBK0004814,CUST03690,2025-01-10,Cancellation Feedback,4,Positive,The platform is easy to use and useful for our daily operations.
FDBK0004815,CUST03694,2026-05-22,Survey,2,Negative,Some support requests took too long to resolve.
FDBK0004816,CUST03694,2025-05-25,Product Review,5,Positive,Some support requests took too long to resolve.
FDBK0004817,CUST03694,2024-11-28,Cancellation Feedback,5,Positive,The product is useful but support needs improvement.
FDBK0004818,CUST03695,2025-05-28,Product Review,4,Positive,The platform has been useful for managing our business.
FDBK0004819,CUST03696,2025-10-20,General Feedback,2,Negative,Some support requests took too long to resolve.
FDBK0004820,CUST03698,2025-01-13,Survey,5,Positive,We are happy with the features available.
FDBK0004821,CUST03700,2026-04-29,Survey,3,Neutral,The system has helped our team manage invoices more efficiently.
FDBK0004822,CUST03701,2025-06-19,Survey,1,Negative,The product is useful but support needs improvement.
FDBK0004823,CUST03701,2024-08-23,Feature Request,2,Negative,We have experienced several issues with customer support.
FDBK0004824,CUST03704,2025-07-06,Survey,4,Positive,Some support requests took too long to resolve.
FDBK0004825,CUST03707,2026-01-08,Cancellation Feedback,3,Neutral,The system has helped our team manage invoices more efficiently.
FDBK0004826,CUST03708,2026-04-20,General Feedback,4,Positive,We are happy with the features available.
FDBK0004827,CUST03709,2025-01-11,Product Review,3,Neutral,We are happy with the features available.
FDBK0004828,CUST03710,2026-08-30,Product Review,4,Positive,The platform is useful but the price is becoming expensive.
FDBK0004829,CUST03710,2025-04-08,Survey,5,Positive,The platform is useful but the price is becoming expensive.
FDBK0004830,CUST03710,2025-11-07,Survey,1,Negative,We would like more value for the current subscription price.
FDBK0004831,CUST03711,2025-01-28,Survey,5,Positive,The platform is easy to use and useful for our daily operations.
FDBK0004832,CUST03711,2025-10-16,Product Review,5,Positive,The platform is easy to use and useful for our daily operations.
FDBK0004833,CUST03711,2025-10-03,Survey,4,Positive,The system has helped our team manage invoices more efficiently.
FDBK0004834,CUST03711,2026-03-19,Product Review,5,Positive,We are happy with the features available.
FDBK0004835,CUST03712,2024-04-26,Survey,5,Positive,The platform is easy to use and useful for our daily operations.
FDBK0004836,CUST03712,2026-09-08,Survey,4,Positive,The platform is easy to use and useful for our daily operations.
FDBK0004837,CUST03715,2025-12-03,Survey,5,Positive,We are happy with the features available.
FDBK0004838,CUST03715,2026-01-11,Survey,4,Positive,The platform has been useful for managing our business.
FDBK0004839,CUST03715,2024-09-05,Product Review,5,Positive,The platform has been useful for managing our business.
FDBK0004840,CUST03717,2025-05-12,Product Review,4,Positive,We are not using the platform as much as we expected.
FDBK0004841,CUST03717,2025-08-29,Feature Request,2,Negative,Our usage of the platform has decreased recently.
FDBK0004842,CUST03718,2025-10-17,Survey,4,Positive,We especially like the reporting features.
FDBK0004843,CUST03721,2026-04-04,Feature Request,4,Positive,We especially like the reporting features.
FDBK0004844,CUST03721,2026-04-26,Feature Request,5,Positive,We are happy with the features available.
FDBK0004845,CUST03721,2026-02-07,Feature Request,5,Positive,The system has helped our team manage invoices more efficiently.
FDBK0004846,CUST03723,2025-08-20,Product Review,5,Positive,We especially like the reporting features.
FDBK0004847,CUST03723,2025-05-19,Product Review,5,Positive,We especially like the reporting features.
FDBK0004848,CUST03723,2025-12-12,Product Review,4,Positive,The platform is easy to use and useful for our daily operations.
FDBK0004849,CUST03723,2025-02-23,Survey,2,Negative,We especially like the reporting features.
FDBK0004850,CUST03724,2026-07-18,Survey,3,Neutral,The system has helped our team manage invoices more efficiently.
FDBK0004851,CUST03724,2026-06-18,Survey,4,Positive,We especially like the reporting features.
FDBK0004852,CUST03725,2024-09-12,Product Review,4,Positive,We are happy with the features available.
FDBK0004853,CUST03727,2026-06-15,Cancellation Feedback,2,Negative,The pricing is difficult for our business.
FDBK0004854,CUST03730,2025-06-07,Product Review,1,Negative,Some of the features are not being used by our team.
FDBK0004855,CUST03732,2025-02-28,Cancellation Feedback,3,Neutral,We are not using the platform as much as we expected.
FDBK0004856,CUST03732,2025-05-18,Product Review,1,Negative,We are finding it difficult to get our team to use the platform regularly.
FDBK0004857,CUST03732,2026-05-30,Survey,4,Positive,We are not using the platform as much as we expected.
FDBK0004858,CUST03732,2026-02-16,Survey,3,Neutral,Our usage of the platform has decreased recently.
FDBK0004859,CUST03734,2026-06-30,Survey,5,Positive,We especially like the reporting features.
FDBK0004860,CUST03734,2026-09-05,Product Review,4,Positive,We are happy with the features available.
FDBK0004861,CUST03735,2025-03-20,Product Review,5,Positive,The platform is easy to use and useful for our daily operations.
FDBK0004862,CUST03735,2026-01-21,Product Review,4,Positive,We especially like the reporting features.
FDBK0004863,CUST03736,2025-10-26,Product Review,1,Negative,We need faster responses when technical problems occur.
FDBK0004864,CUST03737,2026-06-02,Cancellation Feedback,2,Negative,The product is useful but support needs improvement.
FDBK0004865,CUST03737,2026-08-06,Product Review,1,Negative,The product is useful but support needs improvement.
FDBK0004866,CUST03739,2026-09-09,Feature Request,5,Positive,The platform is easy to use and useful for our daily operations.
FDBK0004867,CUST03744,2026-06-07,Cancellation Feedback,4,Positive,The platform has been useful for managing our business.
FDBK0004868,CUST03745,2026-05-27,Feature Request,5,Positive,The system has helped our team manage invoices more efficiently.
FDBK0004869,CUST03745,2026-08-11,Product Review,4,Positive,The system has helped our team manage invoices more efficiently.
FDBK0004870,CUST03745,2026-06-07,Cancellation Feedback,5,Positive,We especially like the reporting features.
FDBK0004871,CUST03746,2024-08-05,Product Review,3,Neutral,The product is useful but support needs improvement.
FDBK0004872,CUST03747,2024-12-30,Product Review,5,Positive,The platform has been useful for managing our business.
FDBK0004873,CUST03747,2026-01-26,Survey,4,Positive,The system has helped our team manage invoices more efficiently.
FDBK0004874,CUST03749,2026-08-21,Product Review,5,Positive,The system has helped our team manage invoices more efficiently.
FDBK0004875,CUST03749,2026-08-10,Survey,1,Negative,The platform has been useful for managing our business.
FDBK0004876,CUST03750,2025-08-27,Survey,4,Positive,Our usage of the platform has decreased recently.
FDBK0004877,CUST03751,2025-05-19,General Feedback,3,Neutral,We like the product but the monthly cost is high.
FDBK0004878,CUST03752,2025-12-04,General Feedback,4,Positive,We especially like the reporting features.
FDBK0004879,CUST03752,2025-09-13,Product Review,4,Positive,The platform is easy to use and useful for our daily operations.
FDBK0004880,CUST03753,2026-09-16,Cancellation Feedback,1,Negative,Some support requests took too long to resolve.
FDBK0004881,CUST03754,2026-05-04,General Feedback,1,Negative,We would like more value for the current subscription price.
FDBK0004882,CUST03756,2025-11-14,Product Review,1,Negative,We are happy with the features available.
FDBK0004883,CUST03757,2026-03-22,Product Review,5,Positive,The platform is easy to use and useful for our daily operations.
FDBK0004884,CUST03759,2025-04-21,Survey,4,Positive,We like the product but the monthly cost is high.
FDBK0004885,CUST03759,2026-02-02,Survey,3,Neutral,We like the product but the monthly cost is high.
FDBK0004886,CUST03760,2025-07-27,Cancellation Feedback,4,Positive,We are happy with the features available.
FDBK0004887,CUST03761,2025-06-27,Feature Request,5,Positive,The platform is easy to use and useful for our daily operations.
FDBK0004888,CUST03763,2025-10-06,Survey,4,Positive,We especially like the reporting features.
FDBK0004889,CUST03763,2024-11-23,General Feedback,5,Positive,The platform has been useful for managing our business.
FDBK0004890,CUST03764,2025-12-08,Survey,4,Positive,We would like more value for the current subscription price.
FDBK0004891,CUST03764,2026-05-16,Cancellation Feedback,5,Positive,The platform is useful but the price is becoming expensive.
FDBK0004892,CUST03764,2025-02-08,Product Review,4,Positive,We would like more value for the current subscription price.
FDBK0004893,CUST03768,2026-05-10,Feature Request,5,Positive,The platform has been useful for managing our business.
FDBK0004894,CUST03769,2026-05-06,Cancellation Feedback,1,Negative,Some support requests took too long to resolve.
FDBK0004895,CUST03769,2026-02-08,Cancellation Feedback,2,Negative,The product is useful but support needs improvement.
FDBK0004896,CUST03770,2025-11-07,Product Review,5,Positive,The platform is easy to use and useful for our daily operations.
FDBK0004897,CUST03771,2025-08-21,Product Review,3,Neutral,We need faster responses when technical problems occur.
FDBK0004898,CUST03771,2026-03-05,Product Review,1,Negative,The product is useful but support needs improvement.
FDBK0004899,CUST03773,2026-02-26,Survey,2,Negative,The system has helped our team manage invoices more efficiently.
FDBK0004900,CUST03776,2026-07-13,Survey,5,Positive,We especially like the reporting features.
FDBK0004901,CUST03777,2025-12-07,Survey,3,Neutral,The platform is useful but the price is becoming expensive.
FDBK0004902,CUST03777,2026-04-05,Feature Request,5,Positive,The pricing is difficult for our business.
FDBK0004903,CUST03777,2026-02-25,Product Review,2,Negative,We would like more value for the current subscription price.
FDBK0004904,CUST03777,2026-02-08,General Feedback,5,Positive,We would like more value for the current subscription price.
FDBK0004905,CUST03778,2026-06-07,Product Review,5,Positive,We have experienced several issues with customer support.
FDBK0004906,CUST03778,2026-02-19,Feature Request,2,Negative,Some support requests took too long to resolve.
FDBK0004907,CUST03779,2026-03-27,Product Review,3,Neutral,We are not using the platform as much as we expected.
FDBK0004908,CUST03779,2026-06-29,Feature Request,4,Positive,We are not using the platform as much as we expected.
FDBK0004909,CUST03780,2025-10-19,Product Review,5,Positive,The platform has been useful for managing our business.
FDBK0004910,CUST03784,2025-05-06,General Feedback,5,Positive,The platform is useful but the price is becoming expensive.
FDBK0004911,CUST03784,2026-09-15,Product Review,4,Positive,The pricing is difficult for our business.
FDBK0004912,CUST03785,2026-08-14,General Feedback,4,Positive,Some support requests took too long to resolve.
FDBK0004913,CUST03786,2025-04-26,Cancellation Feedback,3,Neutral,We are not using the platform as much as we expected.
FDBK0004914,CUST03786,2026-06-02,Cancellation Feedback,4,Positive,Our usage of the platform has decreased recently.
FDBK0004915,CUST03786,2026-03-11,Feature Request,4,Positive,We are finding it difficult to get our team to use the platform regularly.
FDBK0004916,CUST03787,2025-07-28,Survey,2,Negative,We have experienced several issues with customer support.
FDBK0004917,CUST03788,2026-06-28,Survey,5,Positive,The platform has been useful for managing our business.
FDBK0004918,CUST03789,2026-09-11,General Feedback,1,Negative,The system has helped our team manage invoices more efficiently.
FDBK0004919,CUST03789,2026-09-09,Survey,4,Positive,The platform has been useful for managing our business.
FDBK0004920,CUST03789,2026-09-23,Survey,5,Positive,We especially like the reporting features.
FDBK0004921,CUST03790,2026-04-09,Feature Request,2,Negative,We need faster responses when technical problems occur.
FDBK0004922,CUST03791,2025-01-29,Cancellation Feedback,1,Negative,The pricing is difficult for our business.
FDBK0004923,CUST03791,2025-01-26,Feature Request,4,Positive,We would like more value for the current subscription price.
FDBK0004924,CUST03792,2026-02-17,Survey,4,Positive,The platform has been useful for managing our business.
FDBK0004925,CUST03793,2025-05-10,Product Review,5,Positive,The pricing is difficult for our business.
FDBK0004926,CUST03793,2025-10-25,General Feedback,4,Positive,The platform is useful but the price is becoming expensive.
FDBK0004927,CUST03793,2025-12-02,Survey,2,Negative,We like the product but the monthly cost is high.
FDBK0004928,CUST03793,2026-04-23,Survey,2,Negative,The platform is useful but the price is becoming expensive.
FDBK0004929,CUST03793,2026-01-09,Feature Request,1,Negative,We like the product but the monthly cost is high.
FDBK0004930,CUST03795,2025-01-20,Feature Request,3,Neutral,We like the product but the monthly cost is high.
FDBK0004931,CUST03796,2025-12-28,Product Review,5,Positive,The system has helped our team manage invoices more efficiently.
FDBK0004932,CUST03797,2025-12-09,General Feedback,2,Negative,We have experienced several issues with customer support.
FDBK0004933,CUST03797,2025-06-04,Survey,1,Negative,We have experienced several issues with customer support.
FDBK0004934,CUST03799,2026-06-26,Feature Request,4,Positive,We especially like the reporting features.
FDBK0004935,CUST03800,2026-06-09,Product Review,2,Negative,We have experienced several issues with customer support.
FDBK0004936,CUST03801,2026-04-09,Cancellation Feedback,3,Neutral,We are finding it difficult to get our team to use the platform regularly.
FDBK0004937,CUST03802,2026-08-12,Feature Request,4,Positive,The platform has been useful for managing our business.
FDBK0004938,CUST03803,2026-04-30,Survey,4,Positive,We like the product but the monthly cost is high.
FDBK0004939,CUST03803,2024-05-13,Survey,4,Positive,The platform is useful but the price is becoming expensive.
FDBK0004940,CUST03804,2025-12-15,Survey,4,Positive,We are finding it difficult to get our team to use the platform regularly.
FDBK0004941,CUST03804,2025-04-16,Survey,5,Positive,Some of the features are not being used by our team.
FDBK0004942,CUST03806,2025-02-24,Cancellation Feedback,2,Negative,Our usage of the platform has decreased recently.
FDBK0004943,CUST03806,2026-09-13,Product Review,1,Negative,We are finding it difficult to get our team to use the platform regularly.
FDBK0004944,CUST03806,2025-12-15,Product Review,3,Neutral,We are finding it difficult to get our team to use the platform regularly.
FDBK0004945,CUST03806,2026-04-10,General Feedback,4,Positive,Some of the features are not being used by our team.
FDBK0004946,CUST03806,2026-03-25,Feature Request,2,Negative,Some of the features are not being used by our team.
FDBK0004947,CUST03807,2026-07-11,Product Review,5,Positive,The system has helped our team manage invoices more efficiently.
FDBK0004948,CUST03808,2025-04-09,Survey,5,Positive,The platform is easy to use and useful for our daily operations.
FDBK0004949,CUST03808,2025-09-12,General Feedback,2,Negative,The system has helped our team manage invoices more efficiently.
FDBK0004950,CUST03809,2025-02-02,Feature Request,4,Positive,We are not using the platform as much as we expected.
FDBK0004951,CUST03809,2025-07-14,Cancellation Feedback,4,Positive,We are not using the platform as much as we expected.
FDBK0004952,CUST03810,2025-10-17,Product Review,3,Neutral,We have experienced several issues with customer support.
FDBK0004953,CUST03811,2026-06-30,Survey,2,Negative,The pricing is difficult for our business.
FDBK0004954,CUST03811,2026-02-19,General Feedback,3,Neutral,We like the product but the monthly cost is high.
FDBK0004955,CUST03812,2026-08-13,Product Review,5,Positive,The platform has been useful for managing our business.
FDBK0004956,CUST03812,2026-07-18,Survey,5,Positive,We especially like the reporting features.
FDBK0004957,CUST03814,2025-01-29,General Feedback,5,Positive,The platform is easy to use and useful for our daily operations.
FDBK0004958,CUST03814,2025-12-06,Product Review,5,Positive,The platform is easy to use and useful for our daily operations.
FDBK0004959,CUST03816,2026-03-22,Survey,2,Negative,We especially like the reporting features.
FDBK0004960,CUST03821,2025-01-25,Feature Request,5,Positive,The platform is easy to use and useful for our daily operations.
FDBK0004961,CUST03821,2025-06-20,Product Review,4,Positive,We are happy with the features available.
FDBK0004962,CUST03822,2026-07-11,Product Review,4,Positive,We are not using the platform as much as we expected.
FDBK0004963,CUST03823,2026-07-14,Product Review,5,Positive,The platform has been useful for managing our business.
FDBK0004964,CUST03823,2026-03-04,Survey,5,Positive,We are happy with the features available.
FDBK0004965,CUST03824,2025-12-25,Survey,1,Negative,The product is useful but support needs improvement.
FDBK0004966,CUST03826,2026-09-09,Cancellation Feedback,4,Positive,We are finding it difficult to get our team to use the platform regularly.
FDBK0004967,CUST03826,2026-09-05,Cancellation Feedback,3,Neutral,We are not using the platform as much as we expected.
FDBK0004968,CUST03828,2026-08-27,Survey,4,Positive,We are happy with the features available.
FDBK0004969,CUST03828,2026-09-21,General Feedback,5,Positive,The platform is easy to use and useful for our daily operations.
FDBK0004970,CUST03829,2026-06-03,General Feedback,4,Positive,We are happy with the features available.
FDBK0004971,CUST03829,2025-06-01,Product Review,5,Positive,We especially like the reporting features.
FDBK0004972,CUST03830,2024-12-31,General Feedback,1,Negative,Our usage of the platform has decreased recently.
FDBK0004973,CUST03830,2024-06-26,Cancellation Feedback,2,Negative,Some of the features are not being used by our team.
FDBK0004974,CUST03832,2026-01-26,General Feedback,3,Neutral,The pricing is difficult for our business.
FDBK0004975,CUST03832,2025-07-03,Feature Request,3,Neutral,We like the product but the monthly cost is high.
FDBK0004976,CUST03833,2025-04-26,Product Review,4,Positive,The product is useful but support needs improvement.
FDBK0004977,CUST03833,2025-08-07,Feature Request,1,Negative,The product is useful but support needs improvement.
FDBK0004978,CUST03833,2025-06-25,Cancellation Feedback,5,Positive,The product is useful but support needs improvement.
FDBK0004979,CUST03834,2025-03-28,General Feedback,3,Neutral,We are not using the platform as much as we expected.
FDBK0004980,CUST03834,2026-04-14,Product Review,4,Positive,We are finding it difficult to get our team to use the platform regularly.
FDBK0004981,CUST03835,2025-03-01,Product Review,1,Negative,Our usage of the platform has decreased recently.
FDBK0004982,CUST03835,2026-03-09,Survey,2,Negative,We are finding it difficult to get our team to use the platform regularly.
FDBK0004983,CUST03836,2024-01-01,Feature Request,2,Negative,Some support requests took too long to resolve.
FDBK0004984,CUST03836,2026-03-11,Product Review,3,Neutral,We need faster responses when technical problems occur.
FDBK0004985,CUST03836,2025-04-26,Cancellation Feedback,1,Negative,The product is useful but support needs improvement.
FDBK0004986,CUST03836,2024-03-15,General Feedback,1,Negative,We need faster responses when technical problems occur.
FDBK0004987,CUST03838,2024-11-03,Product Review,4,Positive,Some of the features are not being used by our team.
FDBK0004988,CUST03839,2026-02-22,Feature Request,3,Neutral,We are finding it difficult to get our team to use the platform regularly.
FDBK0004989,CUST03839,2025-12-13,Product Review,1,Negative,We are not using the platform as much as we expected.
FDBK0004990,CUST03840,2025-08-06,Survey,4,Positive,We are happy with the features available.
FDBK0004991,CUST03841,2024-10-30,Product Review,4,Positive,Some of the features are not being used by our team.
FDBK0004992,CUST03842,2024-08-04,Cancellation Feedback,3,Neutral,We are not using the platform as much as we expected.
FDBK0004993,CUST03844,2025-04-03,Survey,2,Negative,We are finding it difficult to get our team to use the platform regularly.
FDBK0004994,CUST03846,2025-08-29,General Feedback,2,Negative,We are not using the platform as much as we expected.
FDBK0004995,CUST03846,2025-10-18,Feature Request,3,Neutral,We are not using the platform as much as we expected.
FDBK0004996,CUST03847,2026-05-22,Survey,3,Neutral,We would like more value for the current subscription price.
FDBK0004997,CUST03848,2026-09-22,Survey,4,Positive,Some support requests took too long to resolve.
FDBK0004998,CUST03850,2025-09-27,Survey,3,Neutral,The platform is useful but the price is becoming expensive.
FDBK0004999,CUST03851,2026-08-28,Feature Request,3,Neutral,The system has helped our team manage invoices more efficiently.
FDBK0005000,CUST03853,2026-08-03,Product Review,4,Positive,We are happy with the features available.
FDBK0005001,CUST03853,2026-05-11,General Feedback,4,Positive,The platform has been useful for managing our business.
FDBK0005002,CUST03854,2026-09-22,Product Review,4,Positive,We especially like the reporting features.
FDBK0005003,CUST03854,2026-07-19,Product Review,5,Positive,The system has helped our team manage invoices more efficiently.
FDBK0005004,CUST03855,2026-08-12,General Feedback,2,Negative,We are not using the platform as much as we expected.
FDBK0005005,CUST03855,2025-03-17,Feature Request,3,Neutral,Our usage of the platform has decreased recently.
FDBK0005006,CUST03859,2025-12-03,Cancellation Feedback,2,Negative,We are happy with the features available.
FDBK0005007,CUST03859,2026-05-24,Survey,5,Positive,We especially like the reporting features.
FDBK0005008,CUST03859,2024-10-26,Survey,3,Neutral,The system has helped our team manage invoices more efficiently.
FDBK0005009,CUST03860,2026-01-14,Product Review,3,Neutral,The platform is useful but the price is becoming expensive.
FDBK0005010,CUST03861,2025-03-06,Product Review,2,Negative,The pricing is difficult for our business.
FDBK0005011,CUST03861,2025-02-07,Product Review,3,Neutral,We like the product but the monthly cost is high.
FDBK0005012,CUST03861,2025-08-03,Survey,4,Positive,We like the product but the monthly cost is high.
FDBK0005013,CUST03861,2025-11-06,Product Review,3,Neutral,The platform is useful but the price is becoming expensive.
FDBK0005014,CUST03864,2024-05-17,Survey,1,Negative,Some of the features are not being used by our team.
FDBK0005015,CUST03864,2025-11-03,Cancellation Feedback,4,Positive,Some of the features are not being used by our team.
FDBK0005016,CUST03865,2024-03-29,Product Review,4,Positive,We would like more value for the current subscription price.
FDBK0005017,CUST03866,2026-05-26,Product Review,4,Positive,Some support requests took too long to resolve.
FDBK0005018,CUST03866,2025-05-08,Survey,3,Neutral,We have experienced several issues with customer support.
FDBK0005019,CUST03866,2026-03-29,Product Review,4,Positive,We have experienced several issues with customer support.
FDBK0005020,CUST03867,2025-05-24,General Feedback,5,Positive,We especially like the reporting features.
FDBK0005021,CUST03868,2026-07-18,Feature Request,1,Negative,The product is useful but support needs improvement.
FDBK0005022,CUST03870,2024-06-19,Feature Request,5,Positive,We like the product but the monthly cost is high.
FDBK0005023,CUST03870,2024-09-13,General Feedback,3,Neutral,We like the product but the monthly cost is high.
FDBK0005024,CUST03870,2024-06-20,Feature Request,3,Neutral,We would like more value for the current subscription price.
FDBK0005025,CUST03871,2026-02-21,Product Review,4,Positive,We are happy with the features available.
FDBK0005026,CUST03873,2024-10-07,Cancellation Feedback,5,Positive,We especially like the reporting features.
FDBK0005027,CUST03873,2025-06-29,Feature Request,5,Positive,We are happy with the features available.
FDBK0005028,CUST03875,2025-07-21,Feature Request,2,Negative,The pricing is difficult for our business.
FDBK0005029,CUST03876,2026-09-06,Cancellation Feedback,5,Positive,The platform has been useful for managing our business.
FDBK0005030,CUST03877,2025-10-09,Product Review,3,Neutral,Our usage of the platform has decreased recently.
FDBK0005031,CUST03878,2026-08-13,Survey,4,Positive,The system has helped our team manage invoices more efficiently.
FDBK0005032,CUST03880,2024-12-23,Product Review,4,Positive,We especially like the reporting features.
FDBK0005033,CUST03881,2025-01-02,Survey,1,Negative,Some of the features are not being used by our team.
FDBK0005034,CUST03881,2025-07-20,Survey,1,Negative,We are not using the platform as much as we expected.
FDBK0005035,CUST03881,2026-01-08,Survey,2,Negative,Some of the features are not being used by our team.
FDBK0005036,CUST03881,2025-02-05,Feature Request,3,Neutral,We are finding it difficult to get our team to use the platform regularly.
FDBK0005037,CUST03882,2026-04-29,Survey,3,Neutral,We would like more value for the current subscription price.
FDBK0005038,CUST03882,2026-09-03,Cancellation Feedback,3,Neutral,The platform is useful but the price is becoming expensive.
FDBK0005039,CUST03884,2026-07-07,Survey,2,Negative,We have experienced several issues with customer support.
FDBK0005040,CUST03884,2026-06-28,Feature Request,1,Negative,We have experienced several issues with customer support.
FDBK0005041,CUST03884,2025-07-18,Survey,1,Negative,We need faster responses when technical problems occur.
FDBK0005042,CUST03886,2024-11-23,Survey,1,Negative,Some support requests took too long to resolve.
FDBK0005043,CUST03886,2026-07-18,Product Review,1,Negative,We have experienced several issues with customer support.
FDBK0005044,CUST03886,2025-04-17,Cancellation Feedback,3,Neutral,Some support requests took too long to resolve.
FDBK0005045,CUST03887,2026-07-27,General Feedback,4,Positive,The platform is useful but the price is becoming expensive.
FDBK0005046,CUST03887,2026-09-15,Survey,4,Positive,The platform is useful but the price is becoming expensive.
FDBK0005047,CUST03888,2024-02-04,Survey,4,Positive,The platform has been useful for managing our business.
FDBK0005048,CUST03889,2025-11-17,Survey,5,Positive,The system has helped our team manage invoices more efficiently.
FDBK0005049,CUST03889,2024-10-27,Survey,4,Positive,The platform has been useful for managing our business.
FDBK0005050,CUST03889,2025-07-17,Feature Request,4,Positive,The platform is easy to use and useful for our daily operations.
FDBK0005051,CUST03890,2026-03-23,Product Review,2,Negative,The platform is useful but the price is becoming expensive.
FDBK0005052,CUST03892,2026-08-29,Feature Request,4,Positive,The system has helped our team manage invoices more efficiently.
FDBK0005053,CUST03893,2026-08-31,General Feedback,4,Positive,The platform is easy to use and useful for our daily operations.
FDBK0005054,CUST03895,2026-03-22,General Feedback,4,Positive,The platform is easy to use and useful for our daily operations.
FDBK0005055,CUST03896,2026-09-12,Product Review,2,Negative,We like the product but the monthly cost is high.
FDBK0005056,CUST03897,2025-11-01,Feature Request,5,Positive,We would like more value for the current subscription price.
FDBK0005057,CUST03897,2025-09-13,Cancellation Feedback,3,Neutral,We like the product but the monthly cost is high.
FDBK0005058,CUST03897,2024-07-29,Survey,2,Negative,The pricing is difficult for our business.
FDBK0005059,CUST03899,2026-08-20,General Feedback,3,Neutral,The platform has been useful for managing our business.
FDBK0005060,CUST03900,2026-02-01,Survey,2,Negative,Some of the features are not being used by our team.
FDBK0005061,CUST03901,2024-05-24,General Feedback,3,Neutral,Some of the features are not being used by our team.
FDBK0005062,CUST03901,2025-12-15,Product Review,5,Positive,We are not using the platform as much as we expected.
FDBK0005063,CUST03902,2025-11-24,Product Review,4,Positive,The platform has been useful for managing our business.
FDBK0005064,CUST03903,2026-08-16,Product Review,3,Neutral,The system has helped our team manage invoices more efficiently.
FDBK0005065,CUST03904,2026-07-13,Feature Request,3,Neutral,Our usage of the platform has decreased recently.
FDBK0005066,CUST03904,2026-07-09,General Feedback,3,Neutral,We are not using the platform as much as we expected.
FDBK0005067,CUST03904,2026-08-23,Cancellation Feedback,5,Positive,We are finding it difficult to get our team to use the platform regularly.
FDBK0005068,CUST03905,2025-05-16,Survey,4,Positive,We like the product but the monthly cost is high.
FDBK0005069,CUST03906,2025-04-01,Product Review,4,Positive,Our usage of the platform has decreased recently.
FDBK0005070,CUST03906,2025-05-19,Product Review,4,Positive,We are not using the platform as much as we expected.
FDBK0005071,CUST03906,2025-05-02,Product Review,4,Positive,We are not using the platform as much as we expected.
FDBK0005072,CUST03907,2026-03-08,Survey,3,Neutral,We especially like the reporting features.
FDBK0005073,CUST03908,2026-04-07,Feature Request,4,Positive,The platform is useful but the price is becoming expensive.
FDBK0005074,CUST03908,2025-10-10,Survey,5,Positive,We would like more value for the current subscription price.
FDBK0005075,CUST03909,2025-09-28,Product Review,3,Neutral,The system has helped our team manage invoices more efficiently.
FDBK0005076,CUST03911,2024-07-23,Product Review,4,Positive,The platform is easy to use and useful for our daily operations.
FDBK0005077,CUST03913,2024-12-17,Cancellation Feedback,3,Neutral,The platform has been useful for managing our business.
FDBK0005078,CUST03914,2025-08-13,Feature Request,5,Positive,The system has helped our team manage invoices more efficiently.
FDBK0005079,CUST03914,2024-09-23,Cancellation Feedback,5,Positive,The platform has been useful for managing our business.
FDBK0005080,CUST03915,2026-03-20,Survey,4,Positive,The platform has been useful for managing our business.
FDBK0005081,CUST03915,2026-02-14,Product Review,5,Positive,The system has helped our team manage invoices more efficiently.
FDBK0005082,CUST03917,2026-02-22,General Feedback,3,Neutral,We especially like the reporting features.
FDBK0005083,CUST03918,2026-06-29,Product Review,4,Positive,We are happy with the features available.
FDBK0005084,CUST03920,2026-09-04,Feature Request,2,Negative,We have experienced several issues with customer support.
FDBK0005085,CUST03921,2026-07-25,Feature Request,4,Positive,The system has helped our team manage invoices more efficiently.
FDBK0005086,CUST03923,2025-11-09,Product Review,3,Neutral,Some support requests took too long to resolve.
FDBK0005087,CUST03923,2026-09-09,General Feedback,2,Negative,Some support requests took too long to resolve.
FDBK0005088,CUST03923,2024-05-26,Survey,1,Negative,We have experienced several issues with customer support.
FDBK0005089,CUST03923,2025-02-06,Survey,1,Negative,We need faster responses when technical problems occur.
FDBK0005090,CUST03925,2026-07-13,Product Review,5,Positive,The platform has been useful for managing our business.
FDBK0005091,CUST03926,2026-04-24,Cancellation Feedback,1,Negative,We need faster responses when technical problems occur.
FDBK0005092,CUST03926,2026-03-31,Cancellation Feedback,3,Neutral,The product is useful but support needs improvement.
FDBK0005093,CUST03927,2026-05-01,General Feedback,4,Positive,The platform is easy to use and useful for our daily operations.
FDBK0005094,CUST03928,2025-10-09,Feature Request,5,Positive,The system has helped our team manage invoices more efficiently.
FDBK0005095,CUST03928,2025-12-02,Feature Request,5,Positive,The system has helped our team manage invoices more efficiently.
FDBK0005096,CUST03931,2026-05-28,Product Review,4,Positive,Our usage of the platform has decreased recently.
FDBK0005097,CUST03932,2025-05-09,Feature Request,5,Positive,We especially like the reporting features.
FDBK0005098,CUST03932,2025-11-03,Survey,4,Positive,The platform has been useful for managing our business.
FDBK0005099,CUST03933,2026-08-10,Product Review,5,Positive,The platform is easy to use and useful for our daily operations.
FDBK0005100,CUST03934,2025-07-26,Cancellation Feedback,1,Negative,Some of the features are not being used by our team.
FDBK0005101,CUST03936,2026-08-22,Product Review,5,Positive,We are happy with the features available.
FDBK0005102,CUST03936,2026-09-21,Survey,3,Neutral,We especially like the reporting features.
FDBK0005103,CUST03936,2026-07-08,Survey,5,Positive,The platform is easy to use and useful for our daily operations.
FDBK0005104,CUST03936,2026-04-13,Feature Request,5,Positive,We especially like the reporting features.
FDBK0005105,CUST03937,2025-06-18,Product Review,5,Positive,We like the product but the monthly cost is high.
FDBK0005106,CUST03938,2026-07-02,Survey,5,Positive,We are happy with the features available.
FDBK0005107,CUST03939,2026-05-09,Survey,5,Positive,The system has helped our team manage invoices more efficiently.
FDBK0005108,CUST03939,2026-04-10,Product Review,2,Negative,We are happy with the features available.
FDBK0005109,CUST03940,2026-07-03,General Feedback,1,Negative,We have experienced several issues with customer support.
FDBK0005110,CUST03940,2025-08-05,Feature Request,2,Negative,Some support requests took too long to resolve.
FDBK0005111,CUST03942,2026-03-03,Feature Request,5,Positive,Some of the features are not being used by our team.
FDBK0005112,CUST03942,2026-07-30,General Feedback,5,Positive,We are not using the platform as much as we expected.
FDBK0005113,CUST03942,2026-09-19,Survey,2,Negative,We are not using the platform as much as we expected.
FDBK0005114,CUST03942,2026-04-09,Survey,4,Positive,Our usage of the platform has decreased recently.
FDBK0005115,CUST03942,2026-03-24,Survey,1,Negative,Some of the features are not being used by our team.
FDBK0005116,CUST03944,2024-02-10,Feature Request,4,Positive,The platform has been useful for managing our business.
FDBK0005117,CUST03944,2025-09-19,Survey,5,Positive,We are happy with the features available.
FDBK0005118,CUST03945,2026-08-09,Cancellation Feedback,2,Negative,Some support requests took too long to resolve.
FDBK0005119,CUST03945,2026-07-08,Survey,1,Negative,Some support requests took too long to resolve.
FDBK0005120,CUST03946,2024-09-20,General Feedback,2,Negative,The platform is easy to use and useful for our daily operations.
FDBK0005121,CUST03946,2024-01-12,Cancellation Feedback,3,Neutral,The platform has been useful for managing our business.
FDBK0005122,CUST03946,2026-02-10,Cancellation Feedback,5,Positive,We especially like the reporting features.
FDBK0005123,CUST03946,2025-06-11,Cancellation Feedback,5,Positive,The platform is easy to use and useful for our daily operations.
FDBK0005124,CUST03947,2026-08-29,Product Review,4,Positive,The system has helped our team manage invoices more efficiently.
FDBK0005125,CUST03947,2026-06-30,Survey,4,Positive,The system has helped our team manage invoices more efficiently.
FDBK0005126,CUST03947,2026-05-17,General Feedback,4,Positive,We especially like the reporting features.
FDBK0005127,CUST03949,2025-12-21,General Feedback,2,Negative,Some support requests took too long to resolve.
FDBK0005128,CUST03949,2026-01-18,Cancellation Feedback,2,Negative,We need faster responses when technical problems occur.
FDBK0005129,CUST03951,2025-02-02,Cancellation Feedback,5,Positive,We especially like the reporting features.
FDBK0005130,CUST03951,2025-06-01,Survey,4,Positive,The system has helped our team manage invoices more efficiently.
FDBK0005131,CUST03952,2026-06-28,Feature Request,5,Positive,The platform is easy to use and useful for our daily operations.
FDBK0005132,CUST03953,2024-01-31,Product Review,4,Positive,We like the product but the monthly cost is high.
FDBK0005133,CUST03953,2025-09-24,Product Review,1,Negative,We would like more value for the current subscription price.
FDBK0005134,CUST03953,2024-09-20,Product Review,4,Positive,We like the product but the monthly cost is high.
FDBK0005135,CUST03953,2024-07-30,General Feedback,3,Neutral,We would like more value for the current subscription price.
FDBK0005136,CUST03954,2023-12-03,Feature Request,1,Negative,We need faster responses when technical problems occur.
FDBK0005137,CUST03954,2024-06-20,Cancellation Feedback,2,Negative,Some support requests took too long to resolve.
FDBK0005138,CUST03954,2024-07-15,Feature Request,3,Neutral,Some support requests took too long to resolve.
FDBK0005139,CUST03954,2024-01-16,Product Review,2,Negative,Some support requests took too long to resolve.
FDBK0005140,CUST03960,2025-09-17,Cancellation Feedback,5,Positive,The system has helped our team manage invoices more efficiently.
FDBK0005141,CUST03962,2026-05-10,Survey,2,Negative,We need faster responses when technical problems occur.
FDBK0005142,CUST03962,2026-07-27,Product Review,3,Neutral,We have experienced several issues with customer support.
FDBK0005143,CUST03963,2026-03-02,Cancellation Feedback,4,Positive,We are happy with the features available.
FDBK0005144,CUST03964,2024-08-08,Survey,2,Negative,We like the product but the monthly cost is high.
FDBK0005145,CUST03965,2024-02-05,General Feedback,4,Positive,We are not using the platform as much as we expected.
FDBK0005146,CUST03965,2023-11-21,Product Review,2,Negative,Our usage of the platform has decreased recently.
FDBK0005147,CUST03966,2025-08-08,Product Review,3,Neutral,We like the product but the monthly cost is high.
FDBK0005148,CUST03966,2026-02-15,General Feedback,1,Negative,The pricing is difficult for our business.
FDBK0005149,CUST03966,2025-11-02,Product Review,3,Neutral,We like the product but the monthly cost is high.
FDBK0005150,CUST03967,2026-06-29,General Feedback,3,Neutral,We like the product but the monthly cost is high.
FDBK0005151,CUST03967,2026-05-04,General Feedback,2,Negative,The pricing is difficult for our business.
FDBK0005152,CUST03968,2024-11-28,Cancellation Feedback,2,Negative,The product is useful but support needs improvement.
FDBK0005153,CUST03969,2026-02-20,Survey,3,Neutral,We like the product but the monthly cost is high.
FDBK0005154,CUST03969,2025-12-22,General Feedback,3,Neutral,We would like more value for the current subscription price.
FDBK0005155,CUST03969,2026-07-03,Product Review,5,Positive,The platform is useful but the price is becoming expensive.
FDBK0005156,CUST03971,2026-03-08,Product Review,5,Positive,We are happy with the features available.
FDBK0005157,CUST03971,2025-11-28,Feature Request,5,Positive,The system has helped our team manage invoices more efficiently.
FDBK0005158,CUST03973,2026-06-24,Product Review,4,Positive,We especially like the reporting features.
FDBK0005159,CUST03975,2025-05-14,Feature Request,4,Positive,The pricing is difficult for our business.
FDBK0005160,CUST03977,2026-08-31,General Feedback,2,Negative,The platform is useful but the price is becoming expensive.
FDBK0005161,CUST03978,2025-12-06,Cancellation Feedback,5,Positive,We especially like the reporting features.
FDBK0005162,CUST03978,2025-10-27,Product Review,5,Positive,We are happy with the features available.
FDBK0005163,CUST03979,2026-04-06,Cancellation Feedback,5,Positive,The platform is easy to use and useful for our daily operations.
FDBK0005164,CUST03980,2026-08-04,Product Review,1,Negative,The product is useful but support needs improvement.
FDBK0005165,CUST03981,2026-08-25,Survey,5,Positive,We especially like the reporting features.
FDBK0005166,CUST03982,2025-12-30,General Feedback,3,Neutral,We like the product but the monthly cost is high.
FDBK0005167,CUST03982,2026-06-22,Feature Request,2,Negative,The pricing is difficult for our business.
FDBK0005168,CUST03983,2024-09-25,Cancellation Feedback,4,Positive,We would like more value for the current subscription price.
FDBK0005169,CUST03984,2025-08-03,Survey,4,Positive,We especially like the reporting features.
FDBK0005170,CUST03985,2026-08-27,Survey,4,Positive,We especially like the reporting features.
FDBK0005171,CUST03986,2025-09-10,Product Review,4,Positive,We especially like the reporting features.
FDBK0005172,CUST03987,2026-02-24,Product Review,4,Positive,The platform is easy to use and useful for our daily operations.
FDBK0005173,CUST03988,2025-03-25,Product Review,5,Positive,We like the product but the monthly cost is high.
FDBK0005174,CUST03988,2025-12-13,Survey,2,Negative,We like the product but the monthly cost is high.
FDBK0005175,CUST03989,2025-03-19,General Feedback,3,Neutral,Some support requests took too long to resolve.
FDBK0005176,CUST03989,2026-08-01,Feature Request,2,Negative,We need faster responses when technical problems occur.
FDBK0005177,CUST03990,2025-09-08,Survey,4,Positive,We would like more value for the current subscription price.
FDBK0005178,CUST03990,2024-12-11,Survey,4,Positive,We would like more value for the current subscription price.
FDBK0005179,CUST03991,2025-07-15,General Feedback,5,Positive,The system has helped our team manage invoices more efficiently.
FDBK0005180,CUST03991,2024-01-19,General Feedback,4,Positive,The platform is easy to use and useful for our daily operations.
FDBK0005181,CUST03991,2025-09-28,Product Review,4,Positive,The platform has been useful for managing our business.
FDBK0005182,CUST03992,2026-02-07,Feature Request,5,Positive,The platform has been useful for managing our business.
FDBK0005183,CUST03992,2026-09-10,Product Review,1,Negative,We are happy with the features available.
FDBK0005184,CUST03995,2026-08-30,Product Review,5,Positive,We especially like the reporting features.
FDBK0005185,CUST03996,2026-07-12,Product Review,5,Positive,The system has helped our team manage invoices more efficiently.
FDBK0005186,CUST03996,2026-04-15,Survey,3,Neutral,The platform is easy to use and useful for our daily operations.
FDBK0005187,CUST03997,2026-04-19,Survey,4,Positive,Our usage of the platform has decreased recently.
FDBK0005188,CUST03999,2024-06-01,Feature Request,4,Positive,We have experienced several issues with customer support.
FDBK0005189,CUST04001,2025-11-07,Survey,3,Neutral,We like the product but the monthly cost is high.
FDBK0005190,CUST04002,2025-11-01,Survey,4,Positive,We are happy with the features available.
FDBK0005191,CUST04003,2026-07-07,Product Review,5,Positive,We are happy with the features available.
FDBK0005192,CUST04003,2026-08-15,Survey,4,Positive,The system has helped our team manage invoices more efficiently.
FDBK0005193,CUST04003,2026-07-28,Survey,5,Positive,The platform has been useful for managing our business.
FDBK0005194,CUST04004,2024-11-10,Cancellation Feedback,2,Negative,We have experienced several issues with customer support.
FDBK0005195,CUST04006,2026-08-09,Survey,5,Positive,The platform has been useful for managing our business.
FDBK0005196,CUST04006,2026-02-24,General Feedback,4,Positive,The system has helped our team manage invoices more efficiently.
FDBK0005197,CUST04008,2024-11-26,Survey,1,Negative,The product is useful but support needs improvement.
FDBK0005198,CUST04008,2026-01-08,Product Review,1,Negative,We have experienced several issues with customer support.
FDBK0005199,CUST04011,2026-05-25,Product Review,2,Negative,We need faster responses when technical problems occur.
FDBK0005200,CUST04011,2026-07-13,Cancellation Feedback,1,Negative,The product is useful but support needs improvement.
FDBK0005201,CUST04012,2026-02-10,Feature Request,4,Positive,The platform is easy to use and useful for our daily operations.
FDBK0005202,CUST04012,2026-02-21,Product Review,5,Positive,The platform has been useful for managing our business.
FDBK0005203,CUST04013,2026-07-16,Feature Request,1,Negative,We have experienced several issues with customer support.
FDBK0005204,CUST04013,2024-12-02,Survey,2,Negative,The product is useful but support needs improvement.
FDBK0005205,CUST04014,2026-08-28,Feature Request,2,Negative,The system has helped our team manage invoices more efficiently.
FDBK0005206,CUST04018,2026-04-08,Survey,4,Positive,The platform is useful but the price is becoming expensive.
FDBK0005207,CUST04019,2024-07-04,Survey,4,Positive,The platform is useful but the price is becoming expensive.
FDBK0005208,CUST04020,2026-04-03,Cancellation Feedback,3,Neutral,Our usage of the platform has decreased recently.
FDBK0005209,CUST04020,2026-03-16,Cancellation Feedback,3,Neutral,Our usage of the platform has decreased recently.
FDBK0005210,CUST04022,2025-07-03,General Feedback,4,Positive,Some of the features are not being used by our team.
FDBK0005211,CUST04024,2025-07-05,Survey,1,Negative,We have experienced several issues with customer support.
FDBK0005212,CUST04024,2025-10-05,Product Review,1,Negative,Some support requests took too long to resolve.
FDBK0005213,CUST04024,2025-04-20,Feature Request,3,Neutral,We have experienced several issues with customer support.
FDBK0005214,CUST04025,2024-12-03,General Feedback,5,Positive,We especially like the reporting features.
FDBK0005215,CUST04025,2026-01-18,Survey,4,Positive,The platform is easy to use and useful for our daily operations.
FDBK0005216,CUST04027,2026-08-06,General Feedback,5,Positive,We especially like the reporting features.
FDBK0005217,CUST04029,2026-08-11,General Feedback,4,Positive,We are happy with the features available.
FDBK0005218,CUST04030,2026-01-02,Product Review,5,Positive,The platform is easy to use and useful for our daily operations.
FDBK0005219,CUST04030,2026-04-20,General Feedback,4,Positive,The system has helped our team manage invoices more efficiently.
FDBK0005220,CUST04032,2026-04-04,General Feedback,1,Negative,We need faster responses when technical problems occur.
FDBK0005221,CUST04032,2026-08-13,Survey,2,Negative,We have experienced several issues with customer support.
FDBK0005222,CUST04032,2026-08-12,Survey,3,Neutral,The product is useful but support needs improvement.
FDBK0005223,CUST04034,2025-09-01,Product Review,1,Negative,The platform is useful but the price is becoming expensive.
FDBK0005224,CUST04034,2026-06-04,Product Review,2,Negative,The pricing is difficult for our business.
FDBK0005225,CUST04035,2026-03-12,General Feedback,2,Negative,Some of the features are not being used by our team.
FDBK0005226,CUST04035,2026-04-10,Cancellation Feedback,4,Positive,Our usage of the platform has decreased recently.
FDBK0005227,CUST04037,2026-09-05,Survey,3,Neutral,The pricing is difficult for our business.
FDBK0005228,CUST04037,2026-07-01,Product Review,4,Positive,The pricing is difficult for our business.
FDBK0005229,CUST04040,2026-06-26,Product Review,5,Positive,The platform is easy to use and useful for our daily operations.
FDBK0005230,CUST04040,2026-01-16,Product Review,2,Negative,The system has helped our team manage invoices more efficiently.
FDBK0005231,CUST04042,2026-06-05,Cancellation Feedback,2,Negative,We are finding it difficult to get our team to use the platform regularly.
FDBK0005232,CUST04043,2026-04-26,Survey,4,Positive,The system has helped our team manage invoices more efficiently.
FDBK0005233,CUST04043,2024-12-29,Survey,1,Negative,We are happy with the features available.
FDBK0005234,CUST04044,2026-07-19,Product Review,2,Negative,We need faster responses when technical problems occur.
FDBK0005235,CUST04045,2024-05-29,Feature Request,4,Positive,We like the product but the monthly cost is high.
FDBK0005236,CUST04046,2026-07-17,General Feedback,2,Negative,Our usage of the platform has decreased recently.
FDBK0005237,CUST04048,2025-06-19,Survey,4,Positive,Our usage of the platform has decreased recently.
FDBK0005238,CUST04051,2026-09-23,Product Review,2,Negative,We would like more value for the current subscription price.
FDBK0005239,CUST04051,2025-01-22,Product Review,2,Negative,We would like more value for the current subscription price.
FDBK0005240,CUST04054,2026-04-04,Survey,5,Positive,The platform is easy to use and useful for our daily operations.
FDBK0005241,CUST04055,2026-07-15,Product Review,1,Negative,Some of the features are not being used by our team.
FDBK0005242,CUST04056,2026-02-17,Cancellation Feedback,2,Negative,The product is useful but support needs improvement.
FDBK0005243,CUST04056,2026-03-11,Product Review,4,Positive,The product is useful but support needs improvement.
FDBK0005244,CUST04056,2026-02-06,Product Review,3,Neutral,Some support requests took too long to resolve.
FDBK0005245,CUST04057,2026-02-23,Cancellation Feedback,5,Positive,The platform is easy to use and useful for our daily operations.
FDBK0005246,CUST04057,2025-08-14,Survey,4,Positive,We are happy with the features available.
FDBK0005247,CUST04058,2026-03-18,Cancellation Feedback,3,Neutral,The system has helped our team manage invoices more efficiently.
FDBK0005248,CUST04058,2026-02-20,Cancellation Feedback,4,Positive,The platform has been useful for managing our business.
FDBK0005249,CUST04059,2026-09-20,Cancellation Feedback,5,Positive,The platform is easy to use and useful for our daily operations.
FDBK0005250,CUST04060,2026-09-10,Product Review,5,Positive,The platform is useful but the price is becoming expensive.
FDBK0005251,CUST04060,2024-12-19,Survey,3,Neutral,The pricing is difficult for our business.
FDBK0005252,CUST04061,2026-03-24,Survey,5,Positive,The system has helped our team manage invoices more efficiently.
FDBK0005253,CUST04062,2026-09-06,Survey,4,Positive,We are happy with the features available.
FDBK0005254,CUST04063,2026-09-14,General Feedback,5,Positive,The system has helped our team manage invoices more efficiently.
FDBK0005255,CUST04063,2026-08-10,Product Review,5,Positive,The system has helped our team manage invoices more efficiently.
FDBK0005256,CUST04064,2024-11-08,Product Review,2,Negative,We are finding it difficult to get our team to use the platform regularly.
FDBK0005257,CUST04065,2026-09-04,General Feedback,3,Neutral,Our usage of the platform has decreased recently.
FDBK0005258,CUST04066,2024-12-27,Feature Request,5,Positive,The platform has been useful for managing our business.
FDBK0005259,CUST04066,2025-10-09,Feature Request,5,Positive,We are happy with the features available.
FDBK0005260,CUST04066,2024-09-08,Product Review,3,Neutral,The system has helped our team manage invoices more efficiently.
FDBK0005261,CUST04066,2026-08-19,Product Review,5,Positive,The platform has been useful for managing our business.
FDBK0005262,CUST04068,2025-10-11,Product Review,4,Positive,Our usage of the platform has decreased recently.
FDBK0005263,CUST04068,2025-08-21,General Feedback,4,Positive,We are finding it difficult to get our team to use the platform regularly.
FDBK0005264,CUST04071,2024-12-17,General Feedback,5,Positive,The platform is useful but the price is becoming expensive.
FDBK0005265,CUST04072,2025-08-22,Product Review,4,Positive,We would like more value for the current subscription price.
FDBK0005266,CUST04073,2026-04-14,Cancellation Feedback,4,Positive,We would like more value for the current subscription price.
FDBK0005267,CUST04074,2024-08-24,Survey,3,Neutral,The platform has been useful for managing our business.
FDBK0005268,CUST04075,2025-09-12,Survey,3,Neutral,Some of the features are not being used by our team.
FDBK0005269,CUST04075,2026-02-20,Survey,2,Negative,We are not using the platform as much as we expected.
FDBK0005270,CUST04075,2026-06-29,Survey,2,Negative,Some of the features are not being used by our team.
FDBK0005271,CUST04076,2026-06-25,Survey,1,Negative,Some support requests took too long to resolve.
FDBK0005272,CUST04076,2025-04-19,Survey,2,Negative,We have experienced several issues with customer support.
FDBK0005273,CUST04077,2026-07-21,General Feedback,3,Neutral,We are finding it difficult to get our team to use the platform regularly.
FDBK0005274,CUST04078,2026-04-25,Cancellation Feedback,3,Neutral,The platform is useful but the price is becoming expensive.
FDBK0005275,CUST04078,2026-01-06,Cancellation Feedback,5,Positive,The platform is useful but the price is becoming expensive.
FDBK0005276,CUST04079,2026-08-14,Feature Request,5,Positive,We are not using the platform as much as we expected.
FDBK0005277,CUST04079,2026-09-07,Feature Request,4,Positive,We are not using the platform as much as we expected.
FDBK0005278,CUST04079,2025-12-16,Product Review,1,Negative,Our usage of the platform has decreased recently.
FDBK0005279,CUST04080,2026-04-27,Product Review,3,Neutral,We are happy with the features available.
FDBK0005280,CUST04081,2025-09-28,Survey,4,Positive,The platform is easy to use and useful for our daily operations.
FDBK0005281,CUST04082,2024-09-01,Cancellation Feedback,2,Negative,Some support requests took too long to resolve.
FDBK0005282,CUST04082,2024-11-10,Cancellation Feedback,4,Positive,We need faster responses when technical problems occur.
FDBK0005283,CUST04082,2025-05-15,Product Review,1,Negative,The product is useful but support needs improvement.
FDBK0005284,CUST04083,2024-12-08,Cancellation Feedback,4,Positive,The platform has been useful for managing our business.
FDBK0005285,CUST04084,2026-02-24,Product Review,1,Negative,We have experienced several issues with customer support.
FDBK0005286,CUST04085,2026-05-18,General Feedback,5,Positive,We especially like the reporting features.
FDBK0005287,CUST04087,2026-04-06,Product Review,2,Negative,We would like more value for the current subscription price.
FDBK0005288,CUST04087,2026-03-12,Feature Request,4,Positive,The platform is useful but the price is becoming expensive.
FDBK0005289,CUST04091,2026-09-13,Feature Request,3,Neutral,The product is useful but support needs improvement.
FDBK0005290,CUST04091,2026-07-21,Feature Request,2,Negative,We need faster responses when technical problems occur.
FDBK0005291,CUST04095,2026-01-25,Cancellation Feedback,1,Negative,We are finding it difficult to get our team to use the platform regularly.
FDBK0005292,CUST04095,2026-06-24,Feature Request,2,Negative,Our usage of the platform has decreased recently.
FDBK0005293,CUST04096,2026-03-16,Cancellation Feedback,1,Negative,The platform is useful but the price is becoming expensive.
FDBK0005294,CUST04097,2025-05-10,Product Review,1,Negative,We especially like the reporting features.
FDBK0005295,CUST04098,2024-09-25,General Feedback,5,Positive,We especially like the reporting features.
FDBK0005296,CUST04098,2024-08-19,Feature Request,4,Positive,We are happy with the features available.
FDBK0005297,CUST04098,2024-08-26,Feature Request,4,Positive,The platform is easy to use and useful for our daily operations.
FDBK0005298,CUST04099,2025-11-26,Survey,4,Positive,The system has helped our team manage invoices more efficiently.
FDBK0005299,CUST04099,2026-03-29,General Feedback,5,Positive,The system has helped our team manage invoices more efficiently.
FDBK0005300,CUST04099,2026-01-14,Feature Request,5,Positive,We especially like the reporting features.
FDBK0005301,CUST04102,2026-08-05,Product Review,4,Positive,We are finding it difficult to get our team to use the platform regularly.
FDBK0005302,CUST04104,2026-06-25,Product Review,2,Negative,We would like more value for the current subscription price.
FDBK0005303,CUST04104,2026-06-15,Survey,2,Negative,The platform is useful but the price is becoming expensive.
FDBK0005304,CUST04105,2026-07-18,Survey,4,Positive,We are happy with the features available.
FDBK0005305,CUST04105,2025-11-15,Cancellation Feedback,5,Positive,The platform has been useful for managing our business.
FDBK0005306,CUST04106,2024-03-02,Product Review,2,Negative,The product is useful but support needs improvement.
FDBK0005307,CUST04107,2026-01-23,Survey,4,Positive,We are happy with the features available.
FDBK0005308,CUST04108,2026-08-01,Feature Request,4,Positive,The pricing is difficult for our business.
FDBK0005309,CUST04108,2026-06-24,Cancellation Feedback,4,Positive,The platform is useful but the price is becoming expensive.
FDBK0005310,CUST04109,2026-03-19,General Feedback,4,Positive,The pricing is difficult for our business.
FDBK0005311,CUST04110,2025-08-31,General Feedback,5,Positive,The platform is easy to use and useful for our daily operations.
FDBK0005312,CUST04110,2025-08-13,Survey,5,Positive,We especially like the reporting features.
FDBK0005313,CUST04111,2026-05-19,General Feedback,2,Negative,Some of the features are not being used by our team.
FDBK0005314,CUST04111,2026-07-15,General Feedback,1,Negative,We are finding it difficult to get our team to use the platform regularly.
FDBK0005315,CUST04111,2025-12-29,Feature Request,2,Negative,Some of the features are not being used by our team.
FDBK0005316,CUST04111,2026-04-24,Feature Request,5,Positive,Some of the features are not being used by our team.
FDBK0005317,CUST04112,2026-06-17,Product Review,3,Neutral,We are happy with the features available.
FDBK0005318,CUST04112,2026-02-07,Feature Request,5,Positive,The system has helped our team manage invoices more efficiently.
FDBK0005319,CUST04113,2026-04-13,Product Review,5,Positive,We are happy with the features available.
FDBK0005320,CUST04114,2026-04-13,Cancellation Feedback,4,Positive,We would like more value for the current subscription price.
FDBK0005321,CUST04115,2025-04-19,Product Review,5,Positive,The platform is easy to use and useful for our daily operations.
FDBK0005322,CUST04116,2024-07-26,Survey,5,Positive,We especially like the reporting features.
FDBK0005323,CUST04117,2025-01-05,Survey,4,Positive,The platform is useful but the price is becoming expensive.
FDBK0005324,CUST04118,2026-07-27,General Feedback,4,Positive,We like the product but the monthly cost is high.
FDBK0005325,CUST04119,2025-01-02,Cancellation Feedback,3,Neutral,The pricing is difficult for our business.
FDBK0005326,CUST04119,2024-05-29,Survey,4,Positive,The platform is useful but the price is becoming expensive.
FDBK0005327,CUST04120,2026-09-23,Product Review,5,Positive,The platform has been useful for managing our business.
FDBK0005328,CUST04122,2026-02-17,Survey,4,Positive,The platform is useful but the price is becoming expensive.
FDBK0005329,CUST04123,2026-04-21,Survey,1,Negative,We are finding it difficult to get our team to use the platform regularly.
FDBK0005330,CUST04124,2026-08-24,Product Review,1,Negative,The platform has been useful for managing our business.
FDBK0005331,CUST04124,2026-07-23,General Feedback,4,Positive,We especially like the reporting features.
FDBK0005332,CUST04124,2026-09-01,Product Review,5,Positive,We are happy with the features available.
FDBK0005333,CUST04126,2026-08-28,Survey,5,Positive,The system has helped our team manage invoices more efficiently.
FDBK0005334,CUST04126,2026-08-08,General Feedback,4,Positive,The system has helped our team manage invoices more efficiently.
FDBK0005335,CUST04126,2026-07-29,Cancellation Feedback,3,Neutral,The platform is easy to use and useful for our daily operations.
FDBK0005336,CUST04128,2026-08-01,Feature Request,5,Positive,We are finding it difficult to get our team to use the platform regularly.
FDBK0005337,CUST04128,2026-07-18,Feature Request,2,Negative,Some of the features are not being used by our team.
FDBK0005338,CUST04130,2025-09-15,Feature Request,2,Negative,We need faster responses when technical problems occur.
FDBK0005339,CUST04130,2025-06-26,Cancellation Feedback,2,Negative,The product is useful but support needs improvement.
FDBK0005340,CUST04130,2025-06-22,Cancellation Feedback,1,Negative,We need faster responses when technical problems occur.
FDBK0005341,CUST04130,2025-05-10,Cancellation Feedback,1,Negative,We need faster responses when technical problems occur.
FDBK0005342,CUST04130,2025-04-05,Feature Request,3,Neutral,Some support requests took too long to resolve.
FDBK0005343,CUST04132,2025-09-21,General Feedback,4,Positive,The pricing is difficult for our business.
FDBK0005344,CUST04132,2024-12-21,Cancellation Feedback,4,Positive,The platform is useful but the price is becoming expensive.
FDBK0005345,CUST04133,2025-02-18,Product Review,3,Neutral,We have experienced several issues with customer support.
FDBK0005346,CUST04133,2024-10-14,General Feedback,4,Positive,We have experienced several issues with customer support.
FDBK0005347,CUST04133,2026-03-10,Survey,2,Negative,Some support requests took too long to resolve.
FDBK0005348,CUST04137,2024-11-07,Product Review,5,Positive,The platform has been useful for managing our business.
FDBK0005349,CUST04137,2024-09-14,General Feedback,4,Positive,We especially like the reporting features.
FDBK0005350,CUST04137,2024-10-17,Cancellation Feedback,4,Positive,The system has helped our team manage invoices more efficiently.
FDBK0005351,CUST04139,2026-09-10,General Feedback,2,Negative,Some support requests took too long to resolve.
FDBK0005352,CUST04140,2025-12-08,Product Review,4,Positive,We are finding it difficult to get our team to use the platform regularly.
FDBK0005353,CUST04142,2026-05-04,General Feedback,3,Neutral,We especially like the reporting features.
FDBK0005354,CUST04144,2024-11-24,Feature Request,3,Neutral,The platform has been useful for managing our business.
FDBK0005355,CUST04144,2025-07-03,Survey,5,Positive,The system has helped our team manage invoices more efficiently.
FDBK0005356,CUST04145,2025-04-12,General Feedback,1,Negative,Our usage of the platform has decreased recently.
FDBK0005357,CUST04145,2026-09-11,Product Review,1,Negative,We are not using the platform as much as we expected.
FDBK0005358,CUST04146,2025-11-05,Survey,5,Positive,We especially like the reporting features.
FDBK0005359,CUST04146,2026-07-18,General Feedback,5,Positive,We especially like the reporting features.
FDBK0005360,CUST04146,2025-08-04,Feature Request,4,Positive,We are happy with the features available.
FDBK0005361,CUST04147,2026-07-16,Feature Request,4,Positive,The platform is easy to use and useful for our daily operations.
FDBK0005362,CUST04148,2026-06-02,Cancellation Feedback,1,Negative,We are finding it difficult to get our team to use the platform regularly.
FDBK0005363,CUST04149,2026-04-24,Survey,3,Neutral,We have experienced several issues with customer support.
FDBK0005364,CUST04149,2026-07-01,Product Review,3,Neutral,We have experienced several issues with customer support.
FDBK0005365,CUST04151,2025-11-24,Survey,5,Positive,We especially like the reporting features.
FDBK0005366,CUST04151,2025-03-01,Feature Request,5,Positive,We are happy with the features available.
FDBK0005367,CUST04153,2026-07-27,Product Review,4,Positive,We are finding it difficult to get our team to use the platform regularly.
FDBK0005368,CUST04154,2025-07-01,Survey,4,Positive,The product is useful but support needs improvement.
FDBK0005369,CUST04155,2025-12-25,Feature Request,4,Positive,The platform is easy to use and useful for our daily operations.
FDBK0005370,CUST04156,2026-08-11,General Feedback,2,Negative,The pricing is difficult for our business.
FDBK0005371,CUST04156,2026-09-15,General Feedback,4,Positive,We would like more value for the current subscription price.
FDBK0005372,CUST04156,2026-08-06,Product Review,4,Positive,The platform is useful but the price is becoming expensive.
FDBK0005373,CUST04157,2024-09-08,Survey,4,Positive,We are happy with the features available.
FDBK0005374,CUST04161,2026-02-01,Survey,4,Positive,We like the product but the monthly cost is high.
FDBK0005375,CUST04164,2026-01-08,Cancellation Feedback,4,Positive,We especially like the reporting features.
FDBK0005376,CUST04165,2026-07-12,Product Review,4,Positive,The pricing is difficult for our business.
FDBK0005377,CUST04165,2024-10-31,Product Review,2,Negative,The platform is useful but the price is becoming expensive.
FDBK0005378,CUST04165,2026-01-07,Product Review,3,Neutral,We would like more value for the current subscription price.
FDBK0005379,CUST04166,2025-11-05,Product Review,5,Positive,The platform has been useful for managing our business.
FDBK0005380,CUST04167,2025-08-20,Survey,5,Positive,We are happy with the features available.
FDBK0005381,CUST04167,2025-12-02,Survey,5,Positive,The platform is easy to use and useful for our daily operations.
FDBK0005382,CUST04168,2026-01-10,General Feedback,3,Neutral,We would like more value for the current subscription price.
FDBK0005383,CUST04168,2025-12-03,Survey,2,Negative,We like the product but the monthly cost is high.
FDBK0005384,CUST04168,2025-01-06,Feature Request,2,Negative,The platform is useful but the price is becoming expensive.
FDBK0005385,CUST04169,2025-09-16,Cancellation Feedback,2,Negative,Some of the features are not being used by our team.
FDBK0005386,CUST04169,2026-05-17,Cancellation Feedback,3,Neutral,Some of the features are not being used by our team.
FDBK0005387,CUST04171,2026-03-07,Product Review,3,Neutral,The platform is easy to use and useful for our daily operations.
FDBK0005388,CUST04174,2025-10-19,General Feedback,2,Negative,Our usage of the platform has decreased recently.
FDBK0005389,CUST04174,2026-01-23,Product Review,3,Neutral,Some of the features are not being used by our team.
FDBK0005390,CUST04175,2025-08-31,Product Review,5,Positive,We especially like the reporting features.
FDBK0005391,CUST04176,2025-12-04,Survey,3,Neutral,We need faster responses when technical problems occur.
FDBK0005392,CUST04176,2026-09-20,General Feedback,2,Negative,We have experienced several issues with customer support.
FDBK0005393,CUST04176,2026-06-08,General Feedback,3,Neutral,We have experienced several issues with customer support.
FDBK0005394,CUST04179,2025-02-05,Survey,5,Positive,We would like more value for the current subscription price.
FDBK0005395,CUST04184,2025-10-14,Feature Request,4,Positive,The platform has been useful for managing our business.
FDBK0005396,CUST04185,2026-04-17,Product Review,5,Positive,The system has helped our team manage invoices more efficiently.
FDBK0005397,CUST04186,2026-02-07,Product Review,4,Positive,The platform has been useful for managing our business.
FDBK0005398,CUST04187,2026-09-14,Survey,5,Positive,The platform is easy to use and useful for our daily operations.
FDBK0005399,CUST04189,2026-05-06,Survey,4,Positive,We are happy with the features available.
FDBK0005400,CUST04189,2026-09-08,Feature Request,5,Positive,The platform is easy to use and useful for our daily operations.
FDBK0005401,CUST04189,2026-05-10,Product Review,5,Positive,The system has helped our team manage invoices more efficiently.
FDBK0005402,CUST04190,2026-08-19,General Feedback,1,Negative,The product is useful but support needs improvement.
FDBK0005403,CUST04190,2026-08-19,Feature Request,2,Negative,We have experienced several issues with customer support.
FDBK0005404,CUST04190,2026-09-20,Product Review,2,Negative,Some support requests took too long to resolve.
FDBK0005405,CUST04191,2025-04-04,Feature Request,2,Negative,We need faster responses when technical problems occur.
FDBK0005406,CUST04192,2026-04-10,Survey,3,Neutral,The platform is useful but the price is becoming expensive.
FDBK0005407,CUST04192,2026-04-30,Product Review,1,Negative,We like the product but the monthly cost is high.
FDBK0005408,CUST04193,2024-11-09,General Feedback,1,Negative,The product is useful but support needs improvement.
FDBK0005409,CUST04193,2025-04-24,Feature Request,4,Positive,Some support requests took too long to resolve.
FDBK0005410,CUST04193,2025-01-28,Cancellation Feedback,1,Negative,Some support requests took too long to resolve.
FDBK0005411,CUST04193,2024-02-22,Feature Request,5,Positive,The product is useful but support needs improvement.
FDBK0005412,CUST04193,2025-01-13,Product Review,1,Negative,Some support requests took too long to resolve.
FDBK0005413,CUST04193,2024-06-14,Product Review,1,Negative,Some support requests took too long to resolve.
FDBK0005414,CUST04194,2026-01-21,Product Review,5,Positive,We are happy with the features available.
FDBK0005415,CUST04194,2026-05-10,Product Review,4,Positive,We are happy with the features available.
FDBK0005416,CUST04194,2025-12-21,Feature Request,3,Neutral,The platform is easy to use and useful for our daily operations.
FDBK0005417,CUST04196,2024-10-15,Cancellation Feedback,4,Positive,The product is useful but support needs improvement.
FDBK0005418,CUST04197,2026-03-03,Cancellation Feedback,4,Positive,We are not using the platform as much as we expected.
FDBK0005419,CUST04197,2026-02-07,Survey,2,Negative,We are not using the platform as much as we expected.
FDBK0005420,CUST04199,2025-01-14,General Feedback,5,Positive,We are happy with the features available.
FDBK0005421,CUST04200,2025-10-14,Product Review,1,Negative,We are finding it difficult to get our team to use the platform regularly.
FDBK0005422,CUST04200,2026-05-03,Feature Request,4,Positive,Our usage of the platform has decreased recently.
FDBK0005423,CUST04200,2025-04-12,Product Review,2,Negative,Our usage of the platform has decreased recently.
FDBK0005424,CUST04201,2026-08-10,Survey,3,Neutral,The platform is easy to use and useful for our daily operations.
FDBK0005425,CUST04203,2026-02-26,Product Review,3,Neutral,The system has helped our team manage invoices more efficiently.
FDBK0005426,CUST04204,2025-07-10,Feature Request,4,Positive,We are happy with the features available.
FDBK0005427,CUST04204,2025-06-05,Survey,3,Neutral,We are happy with the features available.
FDBK0005428,CUST04204,2026-01-29,Survey,4,Positive,We especially like the reporting features.
FDBK0005429,CUST04204,2025-01-03,Feature Request,5,Positive,We especially like the reporting features.
FDBK0005430,CUST04205,2025-05-04,Survey,3,Neutral,We especially like the reporting features.
FDBK0005431,CUST04207,2024-11-19,Survey,4,Positive,We are happy with the features available.
FDBK0005432,CUST04210,2025-08-17,General Feedback,5,Positive,Our usage of the platform has decreased recently.
FDBK0005433,CUST04212,2024-10-20,General Feedback,4,Positive,The system has helped our team manage invoices more efficiently.
FDBK0005434,CUST04213,2026-02-28,Product Review,3,Neutral,The pricing is difficult for our business.
FDBK0005435,CUST04213,2024-12-04,Cancellation Feedback,3,Neutral,We like the product but the monthly cost is high.
FDBK0005436,CUST04214,2024-10-22,Product Review,5,Positive,We especially like the reporting features.
FDBK0005437,CUST04214,2026-02-18,Feature Request,3,Neutral,The platform has been useful for managing our business.
FDBK0005438,CUST04214,2026-08-06,Product Review,5,Positive,The platform has been useful for managing our business.
FDBK0005439,CUST04214,2026-02-04,Survey,5,Positive,We are happy with the features available.
FDBK0005440,CUST04217,2025-11-30,Cancellation Feedback,2,Negative,We are finding it difficult to get our team to use the platform regularly.
FDBK0005441,CUST04219,2026-06-22,Survey,5,Positive,We are finding it difficult to get our team to use the platform regularly.
FDBK0005442,CUST04219,2026-05-20,General Feedback,1,Negative,Our usage of the platform has decreased recently.
FDBK0005443,CUST04220,2025-11-04,Feature Request,4,Positive,We are happy with the features available.
FDBK0005444,CUST04223,2025-03-19,Product Review,5,Positive,We are happy with the features available.
FDBK0005445,CUST04223,2024-05-28,Feature Request,4,Positive,The system has helped our team manage invoices more efficiently.
FDBK0005446,CUST04223,2024-07-27,Survey,5,Positive,The platform has been useful for managing our business.
FDBK0005447,CUST04224,2026-07-24,Product Review,2,Negative,The product is useful but support needs improvement.
FDBK0005448,CUST04224,2026-03-04,Product Review,2,Negative,We need faster responses when technical problems occur.
FDBK0005449,CUST04224,2026-06-04,Product Review,4,Positive,The product is useful but support needs improvement.
FDBK0005450,CUST04224,2026-06-13,Product Review,2,Negative,Some support requests took too long to resolve.
FDBK0005451,CUST04225,2026-06-22,General Feedback,1,Negative,We need faster responses when technical problems occur.
FDBK0005452,CUST04225,2025-11-22,Feature Request,3,Neutral,Some support requests took too long to resolve.
FDBK0005453,CUST04225,2025-12-16,Product Review,5,Positive,We need faster responses when technical problems occur.
FDBK0005454,CUST04225,2025-02-25,Survey,1,Negative,We have experienced several issues with customer support.
FDBK0005455,CUST04226,2026-06-13,Feature Request,1,Negative,Some support requests took too long to resolve.
FDBK0005456,CUST04226,2026-07-30,Survey,2,Negative,The product is useful but support needs improvement.
FDBK0005457,CUST04226,2025-07-25,Product Review,1,Negative,Some support requests took too long to resolve.
FDBK0005458,CUST04227,2026-07-22,Cancellation Feedback,4,Positive,We especially like the reporting features.
FDBK0005459,CUST04227,2026-05-21,Survey,4,Positive,The platform is easy to use and useful for our daily operations.
FDBK0005460,CUST04228,2026-07-02,Product Review,3,Neutral,Our usage of the platform has decreased recently.
FDBK0005461,CUST04229,2025-09-18,Survey,4,Positive,We especially like the reporting features.
FDBK0005462,CUST04230,2026-06-06,Product Review,5,Positive,We like the product but the monthly cost is high.
FDBK0005463,CUST04231,2026-06-09,General Feedback,2,Negative,Some support requests took too long to resolve.
FDBK0005464,CUST04233,2026-05-13,General Feedback,4,Positive,The pricing is difficult for our business.
FDBK0005465,CUST04233,2025-08-12,Product Review,3,Neutral,We would like more value for the current subscription price.
FDBK0005466,CUST04233,2025-02-21,Survey,5,Positive,The platform is useful but the price is becoming expensive.
FDBK0005467,CUST04234,2026-07-20,Product Review,3,Neutral,The platform has been useful for managing our business.
FDBK0005468,CUST04234,2025-01-23,General Feedback,5,Positive,The platform has been useful for managing our business.
FDBK0005469,CUST04235,2025-12-06,General Feedback,4,Positive,We especially like the reporting features.
FDBK0005470,CUST04236,2025-02-19,General Feedback,3,Neutral,The product is useful but support needs improvement.
FDBK0005471,CUST04236,2026-05-29,Survey,2,Negative,We need faster responses when technical problems occur.
FDBK0005472,CUST04238,2026-05-17,Product Review,5,Positive,The platform is easy to use and useful for our daily operations.
FDBK0005473,CUST04238,2025-08-30,Product Review,5,Positive,The system has helped our team manage invoices more efficiently.
FDBK0005474,CUST04239,2026-01-13,Feature Request,2,Negative,We need faster responses when technical problems occur.
FDBK0005475,CUST04239,2024-10-16,Survey,1,Negative,We have experienced several issues with customer support.
FDBK0005476,CUST04241,2026-06-07,Cancellation Feedback,4,Positive,We are happy with the features available.
FDBK0005477,CUST04242,2024-12-30,Survey,3,Neutral,The system has helped our team manage invoices more efficiently.
FDBK0005478,CUST04243,2024-07-20,Product Review,4,Positive,The platform has been useful for managing our business.
FDBK0005479,CUST04244,2024-12-24,Product Review,1,Negative,We are finding it difficult to get our team to use the platform regularly.
FDBK0005480,CUST04244,2025-12-19,Survey,1,Negative,We are not using the platform as much as we expected.
FDBK0005481,CUST04245,2026-02-03,Product Review,5,Positive,The platform is easy to use and useful for our daily operations.
FDBK0005482,CUST04245,2026-02-28,Survey,5,Positive,The system has helped our team manage invoices more efficiently.
FDBK0005483,CUST04246,2026-06-30,Feature Request,5,Positive,We are happy with the features available.
FDBK0005484,CUST04246,2026-09-17,Product Review,4,Positive,We are happy with the features available.
FDBK0005485,CUST04247,2024-01-28,Product Review,3,Neutral,We are happy with the features available.
FDBK0005486,CUST04252,2026-04-17,Feature Request,4,Positive,The system has helped our team manage invoices more efficiently.
FDBK0005487,CUST04252,2025-10-11,Feature Request,3,Neutral,The platform is easy to use and useful for our daily operations.
FDBK0005488,CUST04254,2026-08-27,Feature Request,2,Negative,We would like more value for the current subscription price.
FDBK0005489,CUST04255,2025-09-25,Cancellation Feedback,1,Negative,The product is useful but support needs improvement.
FDBK0005490,CUST04255,2026-02-26,Cancellation Feedback,2,Negative,We have experienced several issues with customer support.
FDBK0005491,CUST04255,2025-08-05,Cancellation Feedback,1,Negative,We have experienced several issues with customer support.
FDBK0005492,CUST04256,2026-07-28,Product Review,5,Positive,We especially like the reporting features.
FDBK0005493,CUST04259,2024-09-07,Survey,4,Positive,The system has helped our team manage invoices more efficiently.
FDBK0005494,CUST04260,2026-07-14,General Feedback,5,Positive,We are happy with the features available.
FDBK0005495,CUST04261,2026-02-25,Feature Request,5,Positive,We especially like the reporting features.
FDBK0005496,CUST04261,2026-07-11,Survey,3,Neutral,The system has helped our team manage invoices more efficiently.
FDBK0005497,CUST04262,2026-09-19,Product Review,2,Negative,We are happy with the features available.
FDBK0005498,CUST04263,2025-05-01,Cancellation Feedback,2,Negative,We like the product but the monthly cost is high.
FDBK0005499,CUST04263,2025-11-02,Product Review,5,Positive,We like the product but the monthly cost is high.
FDBK0005500,CUST04264,2026-08-20,General Feedback,5,Positive,We especially like the reporting features.
FDBK0005501,CUST04268,2026-08-30,Survey,3,Neutral,The platform is useful but the price is becoming expensive.
FDBK0005502,CUST04268,2026-09-19,General Feedback,3,Neutral,We would like more value for the current subscription price.
FDBK0005503,CUST04269,2026-06-22,Product Review,5,Positive,We especially like the reporting features.
FDBK0005504,CUST04269,2026-08-19,Feature Request,5,Positive,The platform has been useful for managing our business.
FDBK0005505,CUST04271,2025-03-10,Product Review,3,Neutral,Our usage of the platform has decreased recently.
FDBK0005506,CUST04271,2026-09-09,Product Review,1,Negative,We are finding it difficult to get our team to use the platform regularly.
FDBK0005507,CUST04272,2026-07-18,Cancellation Feedback,4,Positive,The system has helped our team manage invoices more efficiently.
FDBK0005508,CUST04272,2026-08-05,Product Review,5,Positive,We are happy with the features available.
FDBK0005509,CUST04272,2025-04-18,Survey,4,Positive,The platform is easy to use and useful for our daily operations.
FDBK0005510,CUST04272,2025-12-20,General Feedback,4,Positive,The platform is easy to use and useful for our daily operations.
FDBK0005511,CUST04273,2026-07-20,Feature Request,5,Positive,The system has helped our team manage invoices more efficiently.
FDBK0005512,CUST04273,2025-08-16,Product Review,5,Positive,The platform has been useful for managing our business.
FDBK0005513,CUST04273,2026-06-05,Survey,1,Negative,We are happy with the features available.
FDBK0005514,CUST04274,2026-08-22,Cancellation Feedback,5,Positive,We especially like the reporting features.
FDBK0005515,CUST04275,2026-06-04,Feature Request,3,Neutral,The platform is useful but the price is becoming expensive.
FDBK0005516,CUST04275,2025-11-22,Survey,4,Positive,We would like more value for the current subscription price.
FDBK0005517,CUST04278,2025-10-24,General Feedback,2,Negative,Some of the features are not being used by our team.
FDBK0005518,CUST04279,2025-02-01,Cancellation Feedback,2,Negative,We would like more value for the current subscription price.
FDBK0005519,CUST04280,2026-02-16,Product Review,4,Positive,Some of the features are not being used by our team.
FDBK0005520,CUST04282,2026-08-17,Product Review,3,Neutral,We like the product but the monthly cost is high.
FDBK0005521,CUST04282,2025-06-03,General Feedback,1,Negative,We like the product but the monthly cost is high.
FDBK0005522,CUST04283,2026-09-19,Product Review,5,Positive,The system has helped our team manage invoices more efficiently.
FDBK0005523,CUST04285,2026-06-08,Survey,5,Positive,The platform is easy to use and useful for our daily operations.
FDBK0005524,CUST04290,2026-08-06,Survey,3,Neutral,Our usage of the platform has decreased recently.
FDBK0005525,CUST04290,2026-07-05,Product Review,4,Positive,Our usage of the platform has decreased recently.
FDBK0005526,CUST04290,2026-09-06,Product Review,5,Positive,Our usage of the platform has decreased recently.
FDBK0005527,CUST04291,2026-05-29,Feature Request,5,Positive,We like the product but the monthly cost is high.
FDBK0005528,CUST04292,2026-09-08,Survey,5,Positive,The system has helped our team manage invoices more efficiently.
FDBK0005529,CUST04292,2026-08-23,Product Review,5,Positive,The platform has been useful for managing our business.
FDBK0005530,CUST04292,2026-08-23,Survey,4,Positive,We are happy with the features available.
FDBK0005531,CUST04294,2026-08-29,Feature Request,4,Positive,The platform has been useful for managing our business.
FDBK0005532,CUST04295,2025-06-30,General Feedback,4,Positive,We especially like the reporting features.
FDBK0005533,CUST04295,2024-06-05,Survey,2,Negative,We especially like the reporting features.
FDBK0005534,CUST04295,2026-08-19,Product Review,4,Positive,We are happy with the features available.
FDBK0005535,CUST04296,2024-09-26,General Feedback,4,Positive,We are happy with the features available.
FDBK0005536,CUST04299,2026-09-15,General Feedback,4,Positive,We have experienced several issues with customer support.
FDBK0005537,CUST04299,2026-09-07,Product Review,3,Neutral,We have experienced several issues with customer support.
FDBK0005538,CUST04300,2026-08-30,Feature Request,4,Positive,The platform has been useful for managing our business.
FDBK0005539,CUST04301,2026-05-03,Cancellation Feedback,1,Negative,The platform is useful but the price is becoming expensive.
FDBK0005540,CUST04303,2026-02-09,General Feedback,1,Negative,We have experienced several issues with customer support.
FDBK0005541,CUST04303,2025-09-19,Feature Request,1,Negative,The product is useful but support needs improvement.
FDBK0005542,CUST04304,2026-08-29,Survey,5,Positive,We are happy with the features available.
FDBK0005543,CUST04305,2026-07-15,General Feedback,5,Positive,The product is useful but support needs improvement.
FDBK0005544,CUST04305,2025-08-01,Feature Request,1,Negative,We need faster responses when technical problems occur.
FDBK0005545,CUST04306,2025-02-11,Cancellation Feedback,5,Positive,We especially like the reporting features.
FDBK0005546,CUST04306,2024-10-12,Cancellation Feedback,4,Positive,We are happy with the features available.
FDBK0005547,CUST04308,2025-12-22,General Feedback,5,Positive,The platform is easy to use and useful for our daily operations.
FDBK0005548,CUST04309,2026-08-04,Feature Request,5,Positive,We especially like the reporting features.
FDBK0005549,CUST04309,2026-08-19,General Feedback,5,Positive,The platform is easy to use and useful for our daily operations.
FDBK0005550,CUST04309,2026-09-18,General Feedback,4,Positive,We especially like the reporting features.
FDBK0005551,CUST04310,2026-01-15,General Feedback,3,Neutral,We are not using the platform as much as we expected.
FDBK0005552,CUST04311,2025-02-01,Survey,3,Neutral,Some support requests took too long to resolve.
FDBK0005553,CUST04311,2026-03-09,Product Review,2,Negative,The product is useful but support needs improvement.
FDBK0005554,CUST04313,2026-05-18,Survey,3,Neutral,The platform is useful but the price is becoming expensive.
FDBK0005555,CUST04313,2026-08-05,Product Review,2,Negative,We would like more value for the current subscription price.
FDBK0005556,CUST04315,2026-07-04,Product Review,5,Positive,We especially like the reporting features.
FDBK0005557,CUST04315,2026-09-01,General Feedback,5,Positive,The platform is easy to use and useful for our daily operations.
FDBK0005558,CUST04316,2025-01-24,Cancellation Feedback,1,Negative,We have experienced several issues with customer support.
FDBK0005559,CUST04317,2024-06-03,Survey,5,Positive,We are happy with the features available.
FDBK0005560,CUST04317,2024-12-02,Product Review,3,Neutral,The platform has been useful for managing our business.
FDBK0005561,CUST04318,2026-06-08,Product Review,1,Negative,We would like more value for the current subscription price.
FDBK0005562,CUST04318,2026-07-21,Cancellation Feedback,4,Positive,The pricing is difficult for our business.
FDBK0005563,CUST04318,2026-06-15,Cancellation Feedback,3,Neutral,We would like more value for the current subscription price.
FDBK0005564,CUST04319,2025-10-01,Survey,3,Neutral,The pricing is difficult for our business.
FDBK0005565,CUST04319,2026-02-14,Survey,3,Neutral,The pricing is difficult for our business.
FDBK0005566,CUST04322,2026-03-24,Feature Request,5,Positive,We are happy with the features available.
FDBK0005567,CUST04323,2025-09-20,Survey,5,Positive,Some of the features are not being used by our team.
FDBK0005568,CUST04323,2026-04-22,Survey,3,Neutral,Our usage of the platform has decreased recently.
FDBK0005569,CUST04324,2025-05-23,Feature Request,1,Negative,The product is useful but support needs improvement.
FDBK0005570,CUST04324,2026-07-30,Product Review,5,Positive,Some support requests took too long to resolve.
FDBK0005571,CUST04325,2026-07-26,General Feedback,1,Negative,We need faster responses when technical problems occur.
FDBK0005572,CUST04327,2025-06-12,Cancellation Feedback,2,Negative,We are finding it difficult to get our team to use the platform regularly.
FDBK0005573,CUST04327,2024-10-18,General Feedback,3,Neutral,We are not using the platform as much as we expected.
FDBK0005574,CUST04328,2026-06-11,Product Review,5,Positive,We are happy with the features available.
FDBK0005575,CUST04330,2026-05-30,Product Review,5,Positive,The system has helped our team manage invoices more efficiently.
FDBK0005576,CUST04332,2026-02-15,Survey,5,Positive,The platform has been useful for managing our business.
FDBK0005577,CUST04333,2026-04-16,Feature Request,4,Positive,We are happy with the features available.
FDBK0005578,CUST04333,2025-10-28,General Feedback,3,Neutral,The platform has been useful for managing our business.
FDBK0005579,CUST04334,2026-07-04,Survey,4,Positive,We would like more value for the current subscription price.
FDBK0005580,CUST04335,2026-09-21,Feature Request,1,Negative,We have experienced several issues with customer support.
FDBK0005581,CUST04335,2026-07-05,Feature Request,1,Negative,We need faster responses when technical problems occur.
FDBK0005582,CUST04336,2025-11-06,Cancellation Feedback,5,Positive,The platform is easy to use and useful for our daily operations.
FDBK0005583,CUST04337,2025-05-20,Product Review,1,Negative,We would like more value for the current subscription price.
FDBK0005584,CUST04337,2026-07-28,Product Review,3,Neutral,We like the product but the monthly cost is high.
FDBK0005585,CUST04338,2026-02-07,General Feedback,1,Negative,We would like more value for the current subscription price.
FDBK0005586,CUST04339,2026-07-21,Survey,5,Positive,We are happy with the features available.
FDBK0005587,CUST04339,2026-09-05,General Feedback,5,Positive,The platform is easy to use and useful for our daily operations.
FDBK0005588,CUST04342,2026-07-31,Cancellation Feedback,3,Neutral,The pricing is difficult for our business.
FDBK0005589,CUST04342,2026-07-15,Feature Request,4,Positive,The pricing is difficult for our business.
FDBK0005590,CUST04342,2026-09-05,Cancellation Feedback,4,Positive,We would like more value for the current subscription price.
FDBK0005591,CUST04343,2025-08-28,Survey,1,Negative,Some of the features are not being used by our team.
FDBK0005592,CUST04344,2025-06-07,Feature Request,5,Positive,The system has helped our team manage invoices more efficiently.
FDBK0005593,CUST04345,2026-07-15,Survey,4,Positive,The platform is easy to use and useful for our daily operations.
FDBK0005594,CUST04347,2026-06-04,Feature Request,1,Negative,Some support requests took too long to resolve.
FDBK0005595,CUST04348,2026-08-30,Survey,4,Positive,We are happy with the features available.
FDBK0005596,CUST04348,2026-06-28,General Feedback,5,Positive,The platform has been useful for managing our business.
FDBK0005597,CUST04349,2026-07-31,Survey,4,Positive,The platform is useful but the price is becoming expensive.
FDBK0005598,CUST04351,2026-08-16,General Feedback,5,Positive,We are happy with the features available.
FDBK0005599,CUST04352,2025-09-02,Product Review,2,Negative,Some support requests took too long to resolve.
FDBK0005600,CUST04352,2026-09-20,General Feedback,1,Negative,We have experienced several issues with customer support.
FDBK0005601,CUST04352,2025-07-05,Feature Request,2,Negative,We need faster responses when technical problems occur.
FDBK0005602,CUST04352,2025-07-14,Product Review,1,Negative,Some support requests took too long to resolve.
FDBK0005603,CUST04352,2025-06-22,Cancellation Feedback,3,Neutral,We need faster responses when technical problems occur.
FDBK0005604,CUST04352,2025-09-03,Survey,5,Positive,We need faster responses when technical problems occur.
FDBK0005605,CUST04353,2026-09-02,Product Review,2,Negative,The product is useful but support needs improvement.
FDBK0005606,CUST04354,2025-01-16,Feature Request,4,Positive,The system has helped our team manage invoices more efficiently.
FDBK0005607,CUST04354,2024-03-04,Survey,5,Positive,The platform is easy to use and useful for our daily operations.
FDBK0005608,CUST04355,2026-08-31,Survey,4,Positive,We would like more value for the current subscription price.
FDBK0005609,CUST04357,2024-10-03,Product Review,5,Positive,The platform is easy to use and useful for our daily operations.
FDBK0005610,CUST04358,2026-06-25,General Feedback,3,Neutral,The pricing is difficult for our business.
FDBK0005611,CUST04358,2026-08-01,Survey,1,Negative,The pricing is difficult for our business.
FDBK0005612,CUST04358,2026-07-04,Product Review,4,Positive,The platform is useful but the price is becoming expensive.
FDBK0005613,CUST04359,2025-12-08,Feature Request,5,Positive,The platform is easy to use and useful for our daily operations.
FDBK0005614,CUST04360,2025-06-11,Cancellation Feedback,1,Negative,Some support requests took too long to resolve.
FDBK0005615,CUST04361,2025-12-27,Feature Request,5,Positive,The system has helped our team manage invoices more efficiently.
FDBK0005616,CUST04362,2024-11-23,Product Review,5,Positive,The system has helped our team manage invoices more efficiently.
FDBK0005617,CUST04362,2024-09-16,Product Review,5,Positive,We are happy with the features available.
FDBK0005618,CUST04364,2025-12-16,General Feedback,3,Neutral,The platform has been useful for managing our business.
FDBK0005619,CUST04365,2025-05-01,Survey,1,Negative,We are not using the platform as much as we expected.
FDBK0005620,CUST04365,2025-02-18,Cancellation Feedback,4,Positive,We are not using the platform as much as we expected.
FDBK0005621,CUST04366,2026-09-17,Survey,1,Negative,We need faster responses when technical problems occur.
FDBK0005622,CUST04366,2026-09-02,General Feedback,2,Negative,Some support requests took too long to resolve.
FDBK0005623,CUST04367,2024-12-01,Product Review,3,Neutral,We like the product but the monthly cost is high.
FDBK0005624,CUST04367,2026-06-07,Feature Request,2,Negative,We like the product but the monthly cost is high.
FDBK0005625,CUST04367,2025-03-17,Cancellation Feedback,2,Negative,We would like more value for the current subscription price.
FDBK0005626,CUST04368,2026-09-17,Survey,5,Positive,The platform has been useful for managing our business.
FDBK0005627,CUST04368,2026-08-16,Feature Request,4,Positive,The platform is easy to use and useful for our daily operations.
FDBK0005628,CUST04369,2025-05-02,Product Review,5,Positive,The platform has been useful for managing our business.
FDBK0005629,CUST04370,2024-05-25,Product Review,4,Positive,Our usage of the platform has decreased recently.
FDBK0005630,CUST04370,2024-12-13,Cancellation Feedback,2,Negative,We are finding it difficult to get our team to use the platform regularly.
FDBK0005631,CUST04370,2024-04-24,Feature Request,3,Neutral,Our usage of the platform has decreased recently.
FDBK0005632,CUST04370,2024-10-19,Survey,1,Negative,We are not using the platform as much as we expected.
FDBK0005633,CUST04371,2026-01-08,General Feedback,5,Positive,We especially like the reporting features.
FDBK0005634,CUST04373,2026-04-04,Product Review,5,Positive,We especially like the reporting features.
FDBK0005635,CUST04374,2025-10-28,Feature Request,4,Positive,We especially like the reporting features.
FDBK0005636,CUST04374,2024-07-08,Product Review,5,Positive,The platform is easy to use and useful for our daily operations.
FDBK0005637,CUST04375,2026-06-21,Survey,2,Negative,The platform has been useful for managing our business.
FDBK0005638,CUST04376,2026-04-11,Feature Request,3,Neutral,The platform is easy to use and useful for our daily operations.
FDBK0005639,CUST04376,2026-01-19,Survey,5,Positive,The system has helped our team manage invoices more efficiently.
FDBK0005640,CUST04376,2026-04-18,General Feedback,4,Positive,We especially like the reporting features.
FDBK0005641,CUST04377,2026-07-26,General Feedback,4,Positive,The system has helped our team manage invoices more efficiently.
FDBK0005642,CUST04378,2026-06-04,Product Review,4,Positive,We are happy with the features available.
FDBK0005643,CUST04379,2026-02-20,Product Review,4,Positive,We would like more value for the current subscription price.
FDBK0005644,CUST04379,2026-03-19,Cancellation Feedback,4,Positive,We like the product but the monthly cost is high.
FDBK0005645,CUST04379,2026-02-17,Product Review,4,Positive,We would like more value for the current subscription price.
FDBK0005646,CUST04379,2026-01-23,Product Review,2,Negative,We like the product but the monthly cost is high.
FDBK0005647,CUST04379,2026-03-09,Cancellation Feedback,3,Neutral,We would like more value for the current subscription price.
FDBK0005648,CUST04380,2025-11-10,Feature Request,3,Neutral,The platform is easy to use and useful for our daily operations.
FDBK0005649,CUST04380,2025-02-05,General Feedback,4,Positive,The platform is easy to use and useful for our daily operations.
FDBK0005650,CUST04381,2024-03-19,Feature Request,1,Negative,Some support requests took too long to resolve.
FDBK0005651,CUST04381,2025-07-21,Cancellation Feedback,3,Neutral,The product is useful but support needs improvement.
FDBK0005652,CUST04381,2025-06-18,Cancellation Feedback,1,Negative,We need faster responses when technical problems occur.
FDBK0005653,CUST04382,2025-09-04,Cancellation Feedback,4,Positive,We are happy with the features available.
FDBK0005654,CUST04383,2026-05-30,Feature Request,1,Negative,Some support requests took too long to resolve.
FDBK0005655,CUST04383,2026-07-02,Feature Request,1,Negative,The product is useful but support needs improvement.
FDBK0005656,CUST04383,2026-07-27,Product Review,2,Negative,Some support requests took too long to resolve.
FDBK0005657,CUST04383,2025-12-12,Survey,2,Negative,We have experienced several issues with customer support.
FDBK0005658,CUST04383,2025-12-21,Feature Request,2,Negative,We have experienced several issues with customer support.
FDBK0005659,CUST04384,2025-10-23,Survey,2,Negative,Some support requests took too long to resolve.
FDBK0005660,CUST04384,2024-12-21,Survey,1,Negative,Some support requests took too long to resolve.
FDBK0005661,CUST04386,2026-05-21,Product Review,5,Positive,The system has helped our team manage invoices more efficiently.
FDBK0005662,CUST04386,2025-04-28,Survey,5,Positive,We are happy with the features available.
FDBK0005663,CUST04387,2026-05-25,Survey,1,Negative,We have experienced several issues with customer support.
FDBK0005664,CUST04387,2026-05-08,Survey,2,Negative,We have experienced several issues with customer support.
FDBK0005665,CUST04388,2025-03-24,Feature Request,4,Positive,We especially like the reporting features.
FDBK0005666,CUST04390,2025-12-04,Cancellation Feedback,1,Negative,Some support requests took too long to resolve.
FDBK0005667,CUST04392,2026-09-11,Product Review,4,Positive,The system has helped our team manage invoices more efficiently.
FDBK0005668,CUST04394,2025-11-24,General Feedback,5,Positive,We are happy with the features available.
FDBK0005669,CUST04395,2026-07-29,Survey,4,Positive,The pricing is difficult for our business.
FDBK0005670,CUST04395,2024-09-08,Feature Request,4,Positive,The pricing is difficult for our business.
FDBK0005671,CUST04395,2025-08-27,Survey,3,Neutral,The platform is useful but the price is becoming expensive.
FDBK0005672,CUST04396,2026-05-24,Product Review,1,Negative,The pricing is difficult for our business.
FDBK0005673,CUST04397,2026-01-23,General Feedback,2,Negative,We like the product but the monthly cost is high.
FDBK0005674,CUST04397,2026-06-30,Feature Request,3,Neutral,The platform is useful but the price is becoming expensive.
FDBK0005675,CUST04398,2024-08-06,Product Review,2,Negative,The product is useful but support needs improvement.
FDBK0005676,CUST04398,2025-03-01,Cancellation Feedback,3,Neutral,We need faster responses when technical problems occur.
FDBK0005677,CUST04399,2026-02-15,Feature Request,5,Positive,Our usage of the platform has decreased recently.
FDBK0005678,CUST04399,2025-12-25,Cancellation Feedback,1,Negative,Some of the features are not being used by our team.
FDBK0005679,CUST04400,2025-09-11,General Feedback,2,Negative,We have experienced several issues with customer support.
FDBK0005680,CUST04400,2025-11-02,Cancellation Feedback,2,Negative,We need faster responses when technical problems occur.
FDBK0005681,CUST04401,2026-05-31,Cancellation Feedback,1,Negative,We like the product but the monthly cost is high.
FDBK0005682,CUST04401,2026-05-14,Cancellation Feedback,4,Positive,We like the product but the monthly cost is high.
FDBK0005683,CUST04401,2026-05-07,General Feedback,5,Positive,We would like more value for the current subscription price.
FDBK0005684,CUST04402,2026-07-20,Feature Request,4,Positive,The platform is easy to use and useful for our daily operations.
FDBK0005685,CUST04404,2026-09-10,Survey,1,Negative,Some support requests took too long to resolve.
FDBK0005686,CUST04404,2026-04-02,Feature Request,1,Negative,The product is useful but support needs improvement.
FDBK0005687,CUST04404,2026-05-06,Product Review,1,Negative,We have experienced several issues with customer support.
FDBK0005688,CUST04404,2025-12-28,Survey,2,Negative,The product is useful but support needs improvement.
FDBK0005689,CUST04405,2026-08-25,Product Review,5,Positive,We would like more value for the current subscription price.
FDBK0005690,CUST04405,2026-07-08,Feature Request,2,Negative,We would like more value for the current subscription price.
FDBK0005691,CUST04406,2025-10-05,Survey,5,Positive,The platform is easy to use and useful for our daily operations.
FDBK0005692,CUST04406,2025-08-08,Feature Request,4,Positive,We especially like the reporting features.
FDBK0005693,CUST04408,2026-03-24,Survey,5,Positive,The platform is easy to use and useful for our daily operations.
FDBK0005694,CUST04408,2024-07-14,Cancellation Feedback,3,Neutral,We especially like the reporting features.
FDBK0005695,CUST04411,2024-10-20,Cancellation Feedback,5,Positive,The platform is useful but the price is becoming expensive.
FDBK0005696,CUST04411,2025-06-09,Product Review,5,Positive,We like the product but the monthly cost is high.
FDBK0005697,CUST04411,2025-03-26,Cancellation Feedback,3,Neutral,We like the product but the monthly cost is high.
FDBK0005698,CUST04412,2024-08-06,Product Review,5,Positive,The platform has been useful for managing our business.
FDBK0005699,CUST04412,2025-09-30,Cancellation Feedback,5,Positive,We especially like the reporting features.
FDBK0005700,CUST04413,2026-06-07,Survey,4,Positive,The system has helped our team manage invoices more efficiently.
FDBK0005701,CUST04417,2024-04-12,Product Review,3,Neutral,The platform is easy to use and useful for our daily operations.
FDBK0005702,CUST04417,2024-04-04,Survey,4,Positive,The system has helped our team manage invoices more efficiently.
FDBK0005703,CUST04418,2026-08-02,Cancellation Feedback,5,Positive,The platform is useful but the price is becoming expensive.
FDBK0005704,CUST04418,2026-07-20,Cancellation Feedback,3,Neutral,We like the product but the monthly cost is high.
FDBK0005705,CUST04421,2025-12-15,Product Review,4,Positive,The platform is useful but the price is becoming expensive.
FDBK0005706,CUST04422,2026-01-17,General Feedback,4,Positive,The platform has been useful for managing our business.
FDBK0005707,CUST04422,2025-05-04,Survey,5,Positive,We especially like the reporting features.
FDBK0005708,CUST04423,2025-12-11,Survey,2,Negative,The platform is useful but the price is becoming expensive.
FDBK0005709,CUST04424,2026-03-30,Product Review,4,Positive,We are happy with the features available.
FDBK0005710,CUST04424,2026-07-07,Product Review,4,Positive,We especially like the reporting features.
FDBK0005711,CUST04424,2025-08-23,Survey,5,Positive,The platform is easy to use and useful for our daily operations.
FDBK0005712,CUST04425,2025-07-24,General Feedback,5,Positive,We especially like the reporting features.
FDBK0005713,CUST04426,2026-07-31,Survey,5,Positive,We especially like the reporting features.
FDBK0005714,CUST04426,2026-08-25,Survey,5,Positive,The platform has been useful for managing our business.
FDBK0005715,CUST04427,2025-12-16,Product Review,4,Positive,The system has helped our team manage invoices more efficiently.
FDBK0005716,CUST04427,2025-09-04,General Feedback,4,Positive,The platform has been useful for managing our business.
FDBK0005717,CUST04428,2024-12-04,Cancellation Feedback,4,Positive,We need faster responses when technical problems occur.
FDBK0005718,CUST04429,2024-04-02,Cancellation Feedback,4,Positive,We are not using the platform as much as we expected.
FDBK0005719,CUST04430,2026-07-28,General Feedback,3,Neutral,We would like more value for the current subscription price.
FDBK0005720,CUST04431,2026-04-12,General Feedback,5,Positive,The platform is easy to use and useful for our daily operations.
FDBK0005721,CUST04433,2024-08-29,Product Review,5,Positive,The platform is useful but the price is becoming expensive.
FDBK0005722,CUST04434,2026-06-25,Survey,4,Positive,The platform has been useful for managing our business.
FDBK0005723,CUST04435,2024-09-01,Cancellation Feedback,2,Negative,Some of the features are not being used by our team.
FDBK0005724,CUST04435,2024-03-29,Cancellation Feedback,2,Negative,We are not using the platform as much as we expected.
FDBK0005725,CUST04435,2024-06-21,Cancellation Feedback,3,Neutral,We are finding it difficult to get our team to use the platform regularly.
FDBK0005726,CUST04435,2024-06-05,Cancellation Feedback,4,Positive,We are finding it difficult to get our team to use the platform regularly.
FDBK0005727,CUST04435,2024-10-16,Cancellation Feedback,3,Neutral,Some of the features are not being used by our team.
FDBK0005728,CUST04437,2026-05-19,Cancellation Feedback,4,Positive,We are happy with the features available.
FDBK0005729,CUST04438,2025-03-09,General Feedback,2,Negative,We would like more value for the current subscription price.
FDBK0005730,CUST04438,2025-09-05,Survey,3,Neutral,We like the product but the monthly cost is high.
FDBK0005731,CUST04438,2024-07-05,Survey,3,Neutral,We like the product but the monthly cost is high.
FDBK0005732,CUST04439,2026-06-23,General Feedback,2,Negative,The platform has been useful for managing our business.
FDBK0005733,CUST04440,2026-07-16,General Feedback,5,Positive,The platform is easy to use and useful for our daily operations.
FDBK0005734,CUST04442,2026-08-20,Feature Request,3,Neutral,The platform is easy to use and useful for our daily operations.
FDBK0005735,CUST04442,2026-06-26,General Feedback,5,Positive,The platform has been useful for managing our business.
FDBK0005736,CUST04443,2026-04-04,Cancellation Feedback,5,Positive,We are happy with the features available.
FDBK0005737,CUST04444,2026-08-30,Product Review,4,Positive,The platform has been useful for managing our business.
FDBK0005738,CUST04444,2026-08-03,General Feedback,5,Positive,We are happy with the features available.
FDBK0005739,CUST04445,2026-01-01,Feature Request,5,Positive,We are happy with the features available.
FDBK0005740,CUST04445,2024-05-13,Feature Request,4,Positive,The system has helped our team manage invoices more efficiently.
FDBK0005741,CUST04447,2025-07-22,Product Review,2,Negative,Some support requests took too long to resolve.
FDBK0005742,CUST04447,2025-07-20,Feature Request,2,Negative,We have experienced several issues with customer support.
FDBK0005743,CUST04447,2025-08-22,Cancellation Feedback,1,Negative,We have experienced several issues with customer support.
FDBK0005744,CUST04448,2025-02-10,Product Review,1,Negative,The platform is useful but the price is becoming expensive.
FDBK0005745,CUST04448,2025-05-14,Cancellation Feedback,4,Positive,The platform is useful but the price is becoming expensive.
FDBK0005746,CUST04448,2024-03-28,Survey,3,Neutral,The pricing is difficult for our business.
FDBK0005747,CUST04448,2024-05-26,Feature Request,4,Positive,The platform is useful but the price is becoming expensive.
FDBK0005748,CUST04448,2025-04-30,General Feedback,3,Neutral,The platform is useful but the price is becoming expensive.
FDBK0005749,CUST04449,2026-09-18,Product Review,3,Neutral,The pricing is difficult for our business.
FDBK0005750,CUST04449,2026-09-09,Product Review,2,Negative,We like the product but the monthly cost is high.
FDBK0005751,CUST04449,2026-09-11,Survey,4,Positive,The platform is useful but the price is becoming expensive.
FDBK0005752,CUST04449,2026-09-21,Product Review,4,Positive,We would like more value for the current subscription price.
FDBK0005753,CUST04449,2026-08-28,Survey,3,Neutral,The platform is useful but the price is becoming expensive.
FDBK0005754,CUST04451,2025-10-20,Product Review,3,Neutral,We have experienced several issues with customer support.
FDBK0005755,CUST04451,2025-12-12,Survey,2,Negative,The product is useful but support needs improvement.
FDBK0005756,CUST04451,2026-05-05,Feature Request,1,Negative,The product is useful but support needs improvement.
FDBK0005757,CUST04452,2026-08-13,Feature Request,4,Positive,We need faster responses when technical problems occur.
FDBK0005758,CUST04452,2026-09-03,General Feedback,4,Positive,The product is useful but support needs improvement.
FDBK0005759,CUST04452,2026-08-10,Survey,4,Positive,We need faster responses when technical problems occur.
FDBK0005760,CUST04453,2026-07-22,Survey,5,Positive,We especially like the reporting features.
FDBK0005761,CUST04453,2025-06-14,Product Review,3,Neutral,The platform is easy to use and useful for our daily operations.
FDBK0005762,CUST04455,2026-07-27,Survey,2,Negative,We are happy with the features available.
FDBK0005763,CUST04455,2026-09-11,Survey,4,Positive,We especially like the reporting features.
FDBK0005764,CUST04456,2025-02-19,Cancellation Feedback,2,Negative,We need faster responses when technical problems occur.
FDBK0005765,CUST04457,2026-05-27,Survey,2,Negative,The product is useful but support needs improvement.
FDBK0005766,CUST04457,2026-07-28,Survey,3,Neutral,The product is useful but support needs improvement.
FDBK0005767,CUST04457,2026-05-15,Survey,2,Negative,We have experienced several issues with customer support.
FDBK0005768,CUST04458,2025-06-16,Product Review,5,Positive,The platform is easy to use and useful for our daily operations.
FDBK0005769,CUST04459,2026-04-28,Feature Request,3,Neutral,We have experienced several issues with customer support.
FDBK0005770,CUST04459,2026-07-12,Survey,2,Negative,We need faster responses when technical problems occur.
FDBK0005771,CUST04460,2026-09-14,Product Review,5,Positive,We especially like the reporting features.
FDBK0005772,CUST04461,2025-11-21,Feature Request,5,Positive,Our usage of the platform has decreased recently.
FDBK0005773,CUST04463,2025-12-24,Product Review,5,Positive,We are happy with the features available.
FDBK0005774,CUST04464,2025-11-13,Survey,4,Positive,The platform has been useful for managing our business.
FDBK0005775,CUST04466,2025-08-13,General Feedback,2,Negative,We need faster responses when technical problems occur.
FDBK0005776,CUST04466,2026-08-23,Feature Request,4,Positive,We have experienced several issues with customer support.
FDBK0005777,CUST04467,2026-07-19,Feature Request,4,Positive,The platform has been useful for managing our business.
FDBK0005778,CUST04467,2026-08-30,Product Review,5,Positive,The system has helped our team manage invoices more efficiently.
FDBK0005779,CUST04467,2026-07-14,Product Review,4,Positive,The platform is easy to use and useful for our daily operations.
FDBK0005780,CUST04469,2026-06-05,Feature Request,1,Negative,The product is useful but support needs improvement.
FDBK0005781,CUST04471,2026-08-31,Survey,2,Negative,Some support requests took too long to resolve.
FDBK0005782,CUST04473,2026-07-02,Feature Request,2,Negative,The pricing is difficult for our business.
FDBK0005783,CUST04474,2026-08-22,Product Review,3,Neutral,We have experienced several issues with customer support.
FDBK0005784,CUST04474,2026-08-22,Survey,3,Neutral,Some support requests took too long to resolve.
FDBK0005785,CUST04474,2026-09-19,Product Review,5,Positive,The product is useful but support needs improvement.
FDBK0005786,CUST04474,2026-09-23,Product Review,2,Negative,The product is useful but support needs improvement.
FDBK0005787,CUST04475,2026-04-27,Product Review,3,Neutral,We are finding it difficult to get our team to use the platform regularly.
FDBK0005788,CUST04475,2026-01-14,Product Review,4,Positive,We are not using the platform as much as we expected.
FDBK0005789,CUST04476,2024-05-27,Product Review,4,Positive,The platform is useful but the price is becoming expensive.
FDBK0005790,CUST04477,2026-08-16,General Feedback,3,Neutral,Our usage of the platform has decreased recently.
FDBK0005791,CUST04477,2026-07-24,Survey,3,Neutral,Some of the features are not being used by our team.
FDBK0005792,CUST04477,2026-07-20,General Feedback,3,Neutral,We are finding it difficult to get our team to use the platform regularly.
FDBK0005793,CUST04479,2026-06-15,Product Review,2,Negative,The product is useful but support needs improvement.
FDBK0005794,CUST04479,2026-09-18,General Feedback,3,Neutral,We have experienced several issues with customer support.
FDBK0005795,CUST04479,2026-08-13,Survey,2,Negative,We have experienced several issues with customer support.
FDBK0005796,CUST04479,2026-07-25,Cancellation Feedback,1,Negative,We have experienced several issues with customer support.
FDBK0005797,CUST04479,2026-09-05,Product Review,1,Negative,We need faster responses when technical problems occur.
FDBK0005798,CUST04480,2025-12-04,General Feedback,1,Negative,We are not using the platform as much as we expected.
FDBK0005799,CUST04480,2026-05-31,Feature Request,1,Negative,Some of the features are not being used by our team.
FDBK0005800,CUST04481,2026-09-23,Feature Request,3,Neutral,We especially like the reporting features.
FDBK0005801,CUST04483,2026-09-16,Feature Request,2,Negative,Some support requests took too long to resolve.
FDBK0005802,CUST04485,2026-07-31,Cancellation Feedback,3,Neutral,Some of the features are not being used by our team.
FDBK0005803,CUST04485,2026-08-13,Cancellation Feedback,5,Positive,We are finding it difficult to get our team to use the platform regularly.
FDBK0005804,CUST04485,2026-07-28,Cancellation Feedback,4,Positive,We are not using the platform as much as we expected.
FDBK0005805,CUST04486,2024-03-02,Feature Request,4,Positive,The platform has been useful for managing our business.
FDBK0005806,CUST04487,2025-07-26,Cancellation Feedback,5,Positive,We have experienced several issues with customer support.
FDBK0005807,CUST04487,2025-12-23,Cancellation Feedback,3,Neutral,Some support requests took too long to resolve.
FDBK0005808,CUST04489,2026-06-20,Product Review,4,Positive,The platform is easy to use and useful for our daily operations.
FDBK0005809,CUST04490,2026-05-08,General Feedback,5,Positive,We especially like the reporting features.
FDBK0005810,CUST04490,2026-05-16,Feature Request,3,Neutral,The system has helped our team manage invoices more efficiently.
FDBK0005811,CUST04491,2025-10-31,Cancellation Feedback,3,Neutral,The platform is useful but the price is becoming expensive.
FDBK0005812,CUST04491,2026-04-25,Feature Request,2,Negative,We would like more value for the current subscription price.
FDBK0005813,CUST04491,2026-05-06,Product Review,1,Negative,The platform is useful but the price is becoming expensive.
FDBK0005814,CUST04493,2026-07-16,Feature Request,5,Positive,The platform has been useful for managing our business.
FDBK0005815,CUST04496,2025-07-15,Cancellation Feedback,5,Positive,The platform has been useful for managing our business.
FDBK0005816,CUST04497,2024-05-31,Product Review,5,Positive,The system has helped our team manage invoices more efficiently.
FDBK0005817,CUST04498,2026-04-20,Survey,5,Positive,The platform is easy to use and useful for our daily operations.
FDBK0005818,CUST04498,2026-03-05,Feature Request,5,Positive,The platform has been useful for managing our business.
FDBK0005819,CUST04498,2026-03-03,Cancellation Feedback,5,Positive,We are happy with the features available.
FDBK0005820,CUST04498,2026-01-01,Feature Request,3,Neutral,The platform has been useful for managing our business.
FDBK0005821,CUST04499,2026-01-02,Feature Request,1,Negative,Some of the features are not being used by our team.
FDBK0005822,CUST04499,2025-09-28,Survey,4,Positive,Our usage of the platform has decreased recently.
FDBK0005823,CUST04502,2026-09-03,Survey,1,Negative,We need faster responses when technical problems occur.
FDBK0005824,CUST04503,2026-02-13,Feature Request,5,Positive,The platform has been useful for managing our business.
FDBK0005825,CUST04503,2026-04-29,Survey,4,Positive,We are happy with the features available.
FDBK0005826,CUST04505,2026-07-01,Product Review,4,Positive,We are finding it difficult to get our team to use the platform regularly.
FDBK0005827,CUST04506,2025-12-09,Product Review,5,Positive,The platform has been useful for managing our business.
FDBK0005828,CUST04506,2024-04-21,Survey,5,Positive,We especially like the reporting features.
FDBK0005829,CUST04508,2025-08-16,Cancellation Feedback,4,Positive,We are happy with the features available.
FDBK0005830,CUST04510,2026-07-04,General Feedback,5,Positive,We especially like the reporting features.
FDBK0005831,CUST04510,2026-02-16,Survey,5,Positive,We especially like the reporting features.
FDBK0005832,CUST04511,2025-01-03,Product Review,2,Negative,We like the product but the monthly cost is high.
FDBK0005833,CUST04511,2025-03-07,Cancellation Feedback,5,Positive,We would like more value for the current subscription price.
FDBK0005834,CUST04512,2025-02-11,General Feedback,4,Positive,We are not using the platform as much as we expected.
FDBK0005835,CUST04512,2024-05-30,Product Review,3,Neutral,We are finding it difficult to get our team to use the platform regularly.
FDBK0005836,CUST04513,2026-07-28,Product Review,4,Positive,The system has helped our team manage invoices more efficiently.
FDBK0005837,CUST04513,2026-04-27,General Feedback,4,Positive,We especially like the reporting features.
FDBK0005838,CUST04515,2026-08-08,Survey,4,Positive,The platform has been useful for managing our business.
FDBK0005839,CUST04516,2026-06-05,Product Review,1,Negative,The platform is useful but the price is becoming expensive.
FDBK0005840,CUST04517,2025-05-23,Survey,4,Positive,We are finding it difficult to get our team to use the platform regularly.
FDBK0005841,CUST04520,2025-01-04,Cancellation Feedback,1,Negative,We would like more value for the current subscription price.
FDBK0005842,CUST04520,2025-07-06,Cancellation Feedback,4,Positive,The pricing is difficult for our business.
FDBK0005843,CUST04520,2024-12-26,Cancellation Feedback,3,Neutral,The pricing is difficult for our business.
FDBK0005844,CUST04520,2025-09-16,General Feedback,4,Positive,The pricing is difficult for our business.
FDBK0005845,CUST04522,2026-07-19,Feature Request,2,Negative,The system has helped our team manage invoices more efficiently.
FDBK0005846,CUST04522,2026-03-01,Product Review,4,Positive,The system has helped our team manage invoices more efficiently.
FDBK0005847,CUST04524,2026-05-07,Cancellation Feedback,3,Neutral,The product is useful but support needs improvement.
FDBK0005848,CUST04525,2025-02-23,Product Review,5,Positive,We are happy with the features available.
FDBK0005849,CUST04526,2025-08-21,General Feedback,2,Negative,We are finding it difficult to get our team to use the platform regularly.
FDBK0005850,CUST04526,2024-12-11,Product Review,2,Negative,We are not using the platform as much as we expected.
FDBK0005851,CUST04526,2025-07-04,Product Review,2,Negative,We are finding it difficult to get our team to use the platform regularly.
FDBK0005852,CUST04526,2025-07-31,Product Review,4,Positive,We are not using the platform as much as we expected.
FDBK0005853,CUST04526,2025-07-10,Product Review,3,Neutral,We are not using the platform as much as we expected.
FDBK0005854,CUST04527,2026-03-08,Survey,3,Neutral,Our usage of the platform has decreased recently.
FDBK0005855,CUST04528,2026-07-25,Survey,2,Negative,The platform is useful but the price is becoming expensive.
FDBK0005856,CUST04528,2026-05-07,Product Review,5,Positive,The pricing is difficult for our business.
FDBK0005857,CUST04528,2026-03-21,Product Review,3,Neutral,The platform is useful but the price is becoming expensive.
FDBK0005858,CUST04528,2026-04-10,Feature Request,3,Neutral,The pricing is difficult for our business.
FDBK0005859,CUST04528,2025-12-15,Product Review,4,Positive,We would like more value for the current subscription price.
FDBK0005860,CUST04530,2026-08-19,Survey,4,Positive,The system has helped our team manage invoices more efficiently.
FDBK0005861,CUST04530,2026-08-24,Product Review,3,Neutral,The platform is easy to use and useful for our daily operations.
FDBK0005862,CUST04533,2026-01-02,Cancellation Feedback,3,Neutral,The pricing is difficult for our business.
FDBK0005863,CUST04534,2025-10-29,Feature Request,5,Positive,We especially like the reporting features.
FDBK0005864,CUST04534,2026-06-04,General Feedback,4,Positive,We are happy with the features available.
FDBK0005865,CUST04536,2026-02-14,Survey,3,Neutral,The platform is easy to use and useful for our daily operations.
FDBK0005866,CUST04539,2025-03-03,Cancellation Feedback,5,Positive,The platform has been useful for managing our business.
FDBK0005867,CUST04540,2026-08-03,General Feedback,5,Positive,The platform has been useful for managing our business.
FDBK0005868,CUST04540,2026-09-03,Cancellation Feedback,4,Positive,The platform is easy to use and useful for our daily operations.
FDBK0005869,CUST04544,2025-02-27,General Feedback,5,Positive,The platform has been useful for managing our business.
FDBK0005870,CUST04544,2024-12-14,Survey,1,Negative,The system has helped our team manage invoices more efficiently.
FDBK0005871,CUST04546,2026-07-28,Survey,4,Positive,The platform is easy to use and useful for our daily operations.
FDBK0005872,CUST04548,2025-04-03,Feature Request,3,Neutral,We are happy with the features available.
FDBK0005873,CUST04548,2026-04-28,General Feedback,5,Positive,We are happy with the features available.
FDBK0005874,CUST04549,2026-08-11,Product Review,1,Negative,The platform is useful but the price is becoming expensive.
FDBK0005875,CUST04550,2026-07-09,Cancellation Feedback,4,Positive,We have experienced several issues with customer support.
FDBK0005876,CUST04550,2026-08-15,General Feedback,1,Negative,We need faster responses when technical problems occur.
FDBK0005877,CUST04550,2026-05-07,Survey,2,Negative,The product is useful but support needs improvement.
FDBK0005878,CUST04551,2026-04-01,General Feedback,5,Positive,Some of the features are not being used by our team.
FDBK0005879,CUST04552,2026-04-02,Cancellation Feedback,1,Negative,We would like more value for the current subscription price.
FDBK0005880,CUST04552,2026-02-15,Cancellation Feedback,2,Negative,We would like more value for the current subscription price.
FDBK0005881,CUST04553,2026-03-05,Cancellation Feedback,5,Positive,The product is useful but support needs improvement.
FDBK0005882,CUST04554,2025-12-02,Survey,5,Positive,We are happy with the features available.
FDBK0005883,CUST04554,2025-10-27,Survey,4,Positive,We especially like the reporting features.
FDBK0005884,CUST04555,2025-11-27,Product Review,4,Positive,We would like more value for the current subscription price.
FDBK0005885,CUST04556,2025-11-19,Product Review,5,Positive,We are happy with the features available.
FDBK0005886,CUST04557,2024-07-20,Survey,5,Positive,We have experienced several issues with customer support.
FDBK0005887,CUST04557,2026-02-25,Survey,4,Positive,The product is useful but support needs improvement.
FDBK0005888,CUST04558,2026-07-10,Product Review,2,Negative,The product is useful but support needs improvement.
FDBK0005889,CUST04558,2026-09-03,Feature Request,2,Negative,Some support requests took too long to resolve.
FDBK0005890,CUST04560,2026-08-26,Feature Request,5,Positive,We are happy with the features available.
FDBK0005891,CUST04561,2026-06-04,Feature Request,4,Positive,We like the product but the monthly cost is high.
FDBK0005892,CUST04561,2025-10-17,Survey,3,Neutral,The platform is useful but the price is becoming expensive.
FDBK0005893,CUST04563,2023-10-13,Survey,4,Positive,The pricing is difficult for our business.
FDBK0005894,CUST04564,2025-10-15,General Feedback,5,Positive,We are happy with the features available.
FDBK0005895,CUST04566,2024-03-26,Survey,5,Positive,We especially like the reporting features.
FDBK0005896,CUST04567,2024-05-04,Cancellation Feedback,1,Negative,We are finding it difficult to get our team to use the platform regularly.
FDBK0005897,CUST04568,2025-07-27,Product Review,2,Negative,The platform has been useful for managing our business.
FDBK0005898,CUST04569,2024-10-25,General Feedback,5,Positive,The system has helped our team manage invoices more efficiently.
FDBK0005899,CUST04569,2026-02-23,Survey,5,Positive,We especially like the reporting features.
FDBK0005900,CUST04569,2025-07-25,Product Review,4,Positive,We especially like the reporting features.
FDBK0005901,CUST04571,2026-07-24,Product Review,5,Positive,The platform has been useful for managing our business.
FDBK0005902,CUST04571,2025-11-06,Product Review,4,Positive,We especially like the reporting features.
FDBK0005903,CUST04572,2025-07-13,Product Review,5,Positive,We especially like the reporting features.
FDBK0005904,CUST04572,2025-06-22,General Feedback,3,Neutral,The platform is easy to use and useful for our daily operations.
FDBK0005905,CUST04572,2026-03-06,General Feedback,4,Positive,The platform has been useful for managing our business.
FDBK0005906,CUST04572,2026-01-24,Cancellation Feedback,5,Positive,The platform is easy to use and useful for our daily operations.
FDBK0005907,CUST04573,2026-05-03,Survey,5,Positive,The system has helped our team manage invoices more efficiently.
FDBK0005908,CUST04573,2025-09-17,General Feedback,5,Positive,The platform is easy to use and useful for our daily operations.
FDBK0005909,CUST04573,2026-05-18,Product Review,4,Positive,We especially like the reporting features.
FDBK0005910,CUST04573,2026-02-05,Product Review,5,Positive,The platform is easy to use and useful for our daily operations.
FDBK0005911,CUST04575,2026-05-20,Feature Request,3,Neutral,We are happy with the features available.
FDBK0005912,CUST04576,2024-10-14,General Feedback,4,Positive,The platform is easy to use and useful for our daily operations.
FDBK0005913,CUST04576,2025-11-16,Product Review,5,Positive,We especially like the reporting features.
FDBK0005914,CUST04576,2026-03-14,Feature Request,3,Neutral,We are happy with the features available.
FDBK0005915,CUST04577,2026-07-30,Cancellation Feedback,1,Negative,We like the product but the monthly cost is high.
FDBK0005916,CUST04578,2026-06-21,Cancellation Feedback,3,Neutral,We like the product but the monthly cost is high.
FDBK0005917,CUST04579,2026-07-30,General Feedback,2,Negative,We are finding it difficult to get our team to use the platform regularly.
FDBK0005918,CUST04579,2026-09-02,Product Review,3,Neutral,We are finding it difficult to get our team to use the platform regularly.
FDBK0005919,CUST04580,2025-05-07,Survey,5,Positive,We are not using the platform as much as we expected.
FDBK0005920,CUST04581,2026-03-29,Feature Request,4,Positive,The system has helped our team manage invoices more efficiently.
FDBK0005921,CUST04581,2026-05-04,General Feedback,4,Positive,We especially like the reporting features.
FDBK0005922,CUST04582,2026-04-26,Survey,3,Neutral,We especially like the reporting features.
FDBK0005923,CUST04582,2026-03-03,Product Review,3,Neutral,We are happy with the features available.
FDBK0005924,CUST04583,2026-08-12,Feature Request,4,Positive,The system has helped our team manage invoices more efficiently.
FDBK0005925,CUST04583,2026-09-05,General Feedback,5,Positive,We are happy with the features available.
FDBK0005926,CUST04583,2026-09-12,Survey,4,Positive,The system has helped our team manage invoices more efficiently.
FDBK0005927,CUST04584,2026-07-15,Product Review,1,Negative,We have experienced several issues with customer support.
FDBK0005928,CUST04584,2026-06-03,Product Review,2,Negative,The product is useful but support needs improvement.
FDBK0005929,CUST04584,2026-09-11,Survey,1,Negative,We need faster responses when technical problems occur.
FDBK0005930,CUST04585,2026-07-26,Survey,4,Positive,Our usage of the platform has decreased recently.
FDBK0005931,CUST04585,2026-07-11,Feature Request,4,Positive,We are finding it difficult to get our team to use the platform regularly.
FDBK0005932,CUST04585,2026-08-16,General Feedback,1,Negative,We are finding it difficult to get our team to use the platform regularly.
FDBK0005933,CUST04585,2026-09-17,Product Review,5,Positive,We are finding it difficult to get our team to use the platform regularly.
FDBK0005934,CUST04585,2026-07-13,Survey,2,Negative,Some of the features are not being used by our team.
FDBK0005935,CUST04586,2025-06-10,Feature Request,4,Positive,We are finding it difficult to get our team to use the platform regularly.
FDBK0005936,CUST04587,2024-04-01,Feature Request,5,Positive,We are happy with the features available.
FDBK0005937,CUST04588,2024-07-25,General Feedback,3,Neutral,We are finding it difficult to get our team to use the platform regularly.
FDBK0005938,CUST04588,2024-02-03,Cancellation Feedback,3,Neutral,We are not using the platform as much as we expected.
FDBK0005939,CUST04589,2025-08-20,Product Review,4,Positive,We are happy with the features available.
FDBK0005940,CUST04591,2026-03-25,Survey,2,Negative,We have experienced several issues with customer support.
FDBK0005941,CUST04592,2026-08-05,Product Review,4,Positive,The platform has been useful for managing our business.
FDBK0005942,CUST04592,2026-06-25,Cancellation Feedback,5,Positive,We are happy with the features available.
FDBK0005943,CUST04593,2026-08-08,Feature Request,5,Positive,We are happy with the features available.
FDBK0005944,CUST04593,2026-09-13,Cancellation Feedback,2,Negative,The platform has been useful for managing our business.
FDBK0005945,CUST04594,2025-05-24,Cancellation Feedback,4,Positive,Our usage of the platform has decreased recently.
FDBK0005946,CUST04594,2024-09-27,Cancellation Feedback,5,Positive,Some of the features are not being used by our team.
FDBK0005947,CUST04594,2024-09-10,Cancellation Feedback,3,Neutral,Our usage of the platform has decreased recently.
FDBK0005948,CUST04594,2025-04-19,Cancellation Feedback,3,Neutral,Our usage of the platform has decreased recently.
FDBK0005949,CUST04595,2025-01-14,Product Review,2,Negative,We have experienced several issues with customer support.
FDBK0005950,CUST04595,2025-02-20,General Feedback,2,Negative,We have experienced several issues with customer support.
FDBK0005951,CUST04595,2024-12-27,General Feedback,2,Negative,The product is useful but support needs improvement.
FDBK0005952,CUST04595,2026-01-17,Survey,3,Neutral,We need faster responses when technical problems occur.
FDBK0005953,CUST04596,2024-11-25,Cancellation Feedback,5,Positive,The system has helped our team manage invoices more efficiently.
FDBK0005954,CUST04596,2026-06-10,Feature Request,3,Neutral,The platform is easy to use and useful for our daily operations.
FDBK0005955,CUST04597,2026-05-20,General Feedback,5,Positive,The platform has been useful for managing our business.
FDBK0005956,CUST04599,2026-07-12,Survey,4,Positive,The platform is easy to use and useful for our daily operations.
FDBK0005957,CUST04600,2026-05-12,Product Review,2,Negative,The platform is easy to use and useful for our daily operations.
FDBK0005958,CUST04601,2026-05-05,Product Review,3,Neutral,The platform has been useful for managing our business.
FDBK0005959,CUST04601,2026-04-28,Survey,3,Neutral,The platform is easy to use and useful for our daily operations.
FDBK0005960,CUST04602,2026-05-01,Cancellation Feedback,5,Positive,We are happy with the features available.
FDBK0005961,CUST04603,2026-06-15,Feature Request,3,Neutral,We are happy with the features available.
FDBK0005962,CUST04603,2026-08-22,Product Review,5,Positive,We are happy with the features available.
FDBK0005963,CUST04603,2026-04-22,Survey,5,Positive,The platform has been useful for managing our business.
FDBK0005964,CUST04604,2026-07-16,Feature Request,3,Neutral,The platform is useful but the price is becoming expensive.
FDBK0005965,CUST04604,2026-07-07,General Feedback,1,Negative,We like the product but the monthly cost is high.
FDBK0005966,CUST04605,2025-05-28,General Feedback,4,Positive,The platform has been useful for managing our business.
FDBK0005967,CUST04606,2025-10-12,Feature Request,3,Neutral,The platform is useful but the price is becoming expensive.
FDBK0005968,CUST04606,2026-05-22,Product Review,5,Positive,We would like more value for the current subscription price.
FDBK0005969,CUST04607,2024-04-04,Survey,4,Positive,We are not using the platform as much as we expected.
FDBK0005970,CUST04607,2025-12-28,Survey,4,Positive,We are not using the platform as much as we expected.
FDBK0005971,CUST04608,2024-05-21,Survey,5,Positive,We especially like the reporting features.
FDBK0005972,CUST04608,2026-04-29,General Feedback,4,Positive,The platform is easy to use and useful for our daily operations.
FDBK0005973,CUST04608,2024-11-02,Product Review,4,Positive,The system has helped our team manage invoices more efficiently.
FDBK0005974,CUST04609,2026-01-17,Cancellation Feedback,2,Negative,We would like more value for the current subscription price.
FDBK0005975,CUST04610,2026-03-05,Survey,2,Negative,We would like more value for the current subscription price.
FDBK0005976,CUST04610,2026-04-12,Survey,3,Neutral,We would like more value for the current subscription price.
FDBK0005977,CUST04613,2026-07-26,Survey,3,Neutral,We are happy with the features available.
FDBK0005978,CUST04614,2024-11-12,Cancellation Feedback,3,Neutral,We are finding it difficult to get our team to use the platform regularly.
FDBK0005979,CUST04614,2024-10-28,Cancellation Feedback,4,Positive,Some of the features are not being used by our team.
FDBK0005980,CUST04614,2024-10-15,Cancellation Feedback,4,Positive,Our usage of the platform has decreased recently.
FDBK0005981,CUST04614,2024-10-21,Product Review,2,Negative,Our usage of the platform has decreased recently.
FDBK0005982,CUST04614,2024-08-31,Product Review,3,Neutral,We are finding it difficult to get our team to use the platform regularly.
FDBK0005983,CUST04615,2025-10-07,Product Review,5,Positive,We especially like the reporting features.
FDBK0005984,CUST04615,2025-10-08,Product Review,2,Negative,The platform is easy to use and useful for our daily operations.
FDBK0005985,CUST04616,2026-05-17,General Feedback,4,Positive,We especially like the reporting features.
FDBK0005986,CUST04617,2025-04-02,Product Review,3,Neutral,We have experienced several issues with customer support.
FDBK0005987,CUST04617,2026-07-16,Product Review,2,Negative,We have experienced several issues with customer support.
FDBK0005988,CUST04617,2025-01-09,Survey,3,Neutral,We have experienced several issues with customer support.
FDBK0005989,CUST04617,2024-08-03,General Feedback,1,Negative,We have experienced several issues with customer support.
FDBK0005990,CUST04617,2024-06-08,Feature Request,1,Negative,Some support requests took too long to resolve.
FDBK0005991,CUST04617,2026-04-09,Survey,2,Negative,We need faster responses when technical problems occur.
FDBK0005992,CUST04617,2024-07-07,Product Review,3,Neutral,Some support requests took too long to resolve.
FDBK0005993,CUST04618,2024-02-13,Survey,3,Neutral,The pricing is difficult for our business.
FDBK0005994,CUST04618,2025-07-27,Product Review,4,Positive,We would like more value for the current subscription price.
FDBK0005995,CUST04618,2026-06-06,Feature Request,5,Positive,We would like more value for the current subscription price.
FDBK0005996,CUST04620,2025-06-27,Feature Request,4,Positive,The system has helped our team manage invoices more efficiently.
FDBK0005997,CUST04621,2024-11-14,Feature Request,3,Neutral,Our usage of the platform has decreased recently.
FDBK0005998,CUST04621,2026-05-30,Survey,1,Negative,Our usage of the platform has decreased recently.
FDBK0005999,CUST04623,2026-04-15,Survey,3,Neutral,The product is useful but support needs improvement.
FDBK0006000,CUST04623,2026-06-16,Product Review,2,Negative,Some support requests took too long to resolve.
FDBK0006001,CUST04623,2026-06-21,Cancellation Feedback,4,Positive,Some support requests took too long to resolve.
FDBK0006002,CUST04623,2026-08-29,Cancellation Feedback,3,Neutral,We need faster responses when technical problems occur.
FDBK0006003,CUST04624,2024-03-06,Product Review,5,Positive,The platform is useful but the price is becoming expensive.
FDBK0006004,CUST04624,2024-12-19,Cancellation Feedback,4,Positive,We like the product but the monthly cost is high.
FDBK0006005,CUST04625,2024-08-17,General Feedback,5,Positive,We especially like the reporting features.
FDBK0006006,CUST04627,2026-08-04,Product Review,3,Neutral,Some of the features are not being used by our team.
FDBK0006007,CUST04627,2025-04-01,Survey,3,Neutral,We are finding it difficult to get our team to use the platform regularly.
FDBK0006008,CUST04629,2026-01-28,Survey,2,Negative,Some of the features are not being used by our team.
FDBK0006009,CUST04629,2025-11-14,Cancellation Feedback,5,Positive,We are finding it difficult to get our team to use the platform regularly.
FDBK0006010,CUST04629,2025-07-28,Product Review,5,Positive,We are finding it difficult to get our team to use the platform regularly.
FDBK0006011,CUST04630,2026-09-20,Survey,3,Neutral,We need faster responses when technical problems occur.
FDBK0006012,CUST04630,2026-08-11,Product Review,5,Positive,We have experienced several issues with customer support.
FDBK0006013,CUST04630,2026-05-01,Survey,3,Neutral,The product is useful but support needs improvement.
FDBK0006014,CUST04630,2026-06-26,Feature Request,1,Negative,The product is useful but support needs improvement.
FDBK0006015,CUST04632,2024-07-21,General Feedback,5,Positive,We are happy with the features available.
FDBK0006016,CUST04632,2024-03-03,Feature Request,4,Positive,The platform is easy to use and useful for our daily operations.
FDBK0006017,CUST04632,2024-05-14,Product Review,5,Positive,The platform is easy to use and useful for our daily operations.
FDBK0006018,CUST04635,2025-01-08,Feature Request,2,Negative,We would like more value for the current subscription price.
FDBK0006019,CUST04636,2025-07-16,Survey,3,Neutral,We need faster responses when technical problems occur.
FDBK0006020,CUST04639,2025-03-05,Product Review,1,Negative,We have experienced several issues with customer support.
FDBK0006021,CUST04642,2025-09-11,General Feedback,5,Positive,The pricing is difficult for our business.
FDBK0006022,CUST04642,2026-09-04,Product Review,2,Negative,We like the product but the monthly cost is high.
FDBK0006023,CUST04642,2025-12-27,Survey,4,Positive,We would like more value for the current subscription price.
FDBK0006024,CUST04645,2025-11-19,Cancellation Feedback,1,Negative,Some support requests took too long to resolve.
FDBK0006025,CUST04645,2026-07-28,General Feedback,5,Positive,Some support requests took too long to resolve.
FDBK0006026,CUST04646,2026-01-11,Product Review,5,Positive,The platform has been useful for managing our business.
FDBK0006027,CUST04647,2025-02-16,Survey,1,Negative,The system has helped our team manage invoices more efficiently.
FDBK0006028,CUST04647,2025-02-09,Feature Request,3,Neutral,The system has helped our team manage invoices more efficiently.
FDBK0006029,CUST04648,2026-04-07,Product Review,5,Positive,We especially like the reporting features.
FDBK0006030,CUST04648,2026-05-26,Cancellation Feedback,5,Positive,The platform is easy to use and useful for our daily operations.
FDBK0006031,CUST04649,2026-06-19,Survey,4,Positive,Our usage of the platform has decreased recently.
FDBK0006032,CUST04650,2026-03-09,Cancellation Feedback,5,Positive,Some of the features are not being used by our team.
FDBK0006033,CUST04652,2025-07-24,General Feedback,3,Neutral,We are not using the platform as much as we expected.
FDBK0006034,CUST04653,2026-02-08,Product Review,3,Neutral,The system has helped our team manage invoices more efficiently.
FDBK0006035,CUST04655,2026-08-11,Feature Request,4,Positive,The platform is easy to use and useful for our daily operations.
FDBK0006036,CUST04656,2026-01-11,Product Review,1,Negative,Some of the features are not being used by our team.
FDBK0006037,CUST04657,2025-11-10,Survey,3,Neutral,Some of the features are not being used by our team.
FDBK0006038,CUST04657,2025-11-13,Feature Request,4,Positive,Some of the features are not being used by our team.
FDBK0006039,CUST04659,2025-09-17,General Feedback,5,Positive,The platform is useful but the price is becoming expensive.
FDBK0006040,CUST04659,2025-11-22,Cancellation Feedback,4,Positive,The platform is useful but the price is becoming expensive.
FDBK0006041,CUST04659,2026-03-28,Cancellation Feedback,1,Negative,The pricing is difficult for our business.
FDBK0006042,CUST04659,2026-03-22,General Feedback,4,Positive,The platform is useful but the price is becoming expensive.
FDBK0006043,CUST04660,2025-05-15,Product Review,4,Positive,We are happy with the features available.
FDBK0006044,CUST04662,2026-07-06,Feature Request,1,Negative,Our usage of the platform has decreased recently.
FDBK0006045,CUST04662,2026-04-18,General Feedback,1,Negative,We are not using the platform as much as we expected.
FDBK0006046,CUST04663,2026-03-25,Survey,5,Positive,The system has helped our team manage invoices more efficiently.
FDBK0006047,CUST04664,2026-09-18,Product Review,5,Positive,We especially like the reporting features.
FDBK0006048,CUST04664,2026-05-21,Survey,3,Neutral,We especially like the reporting features.
FDBK0006049,CUST04665,2026-03-12,Feature Request,5,Positive,We especially like the reporting features.
FDBK0006050,CUST04666,2026-08-27,Feature Request,2,Negative,The product is useful but support needs improvement.
FDBK0006051,CUST04666,2026-03-20,Product Review,3,Neutral,Some support requests took too long to resolve.
FDBK0006052,CUST04668,2025-11-10,Feature Request,2,Negative,The system has helped our team manage invoices more efficiently.
FDBK0006053,CUST04669,2025-04-14,Feature Request,4,Positive,The pricing is difficult for our business.
FDBK0006054,CUST04669,2026-07-25,Product Review,2,Negative,The pricing is difficult for our business.
FDBK0006055,CUST04671,2025-03-07,Product Review,3,Neutral,The platform is useful but the price is becoming expensive.
FDBK0006056,CUST04672,2025-11-10,General Feedback,2,Negative,We have experienced several issues with customer support.
FDBK0006057,CUST04673,2024-02-24,Survey,5,Positive,We are finding it difficult to get our team to use the platform regularly.
FDBK0006058,CUST04674,2026-09-14,Survey,5,Positive,We have experienced several issues with customer support.
FDBK0006059,CUST04674,2026-08-27,Feature Request,4,Positive,We need faster responses when technical problems occur.
FDBK0006060,CUST04674,2026-09-23,Survey,1,Negative,We need faster responses when technical problems occur.
FDBK0006061,CUST04675,2024-09-02,Product Review,3,Neutral,We need faster responses when technical problems occur.
FDBK0006062,CUST04675,2025-01-02,Product Review,1,Negative,The product is useful but support needs improvement.
FDBK0006063,CUST04677,2025-05-05,General Feedback,2,Negative,We are not using the platform as much as we expected.
FDBK0006064,CUST04677,2025-03-16,Feature Request,4,Positive,Our usage of the platform has decreased recently.
FDBK0006065,CUST04677,2025-05-09,General Feedback,2,Negative,We are finding it difficult to get our team to use the platform regularly.
FDBK0006066,CUST04678,2026-04-05,Feature Request,1,Negative,Our usage of the platform has decreased recently.
FDBK0006067,CUST04679,2024-09-14,Product Review,4,Positive,The platform has been useful for managing our business.
FDBK0006068,CUST04679,2024-08-13,Product Review,2,Negative,The system has helped our team manage invoices more efficiently.
FDBK0006069,CUST04680,2026-07-13,General Feedback,1,Negative,We have experienced several issues with customer support.
FDBK0006070,CUST04680,2026-08-04,Survey,3,Neutral,The product is useful but support needs improvement.
FDBK0006071,CUST04681,2025-04-29,Survey,5,Positive,The platform is easy to use and useful for our daily operations.
FDBK0006072,CUST04682,2026-09-15,Product Review,5,Positive,The platform is easy to use and useful for our daily operations.
FDBK0006073,CUST04683,2026-02-15,Feature Request,1,Negative,The product is useful but support needs improvement.
FDBK0006074,CUST04683,2025-03-10,Feature Request,1,Negative,Some support requests took too long to resolve.
FDBK0006075,CUST04684,2025-04-24,Survey,5,Positive,The platform has been useful for managing our business.
FDBK0006076,CUST04686,2026-02-16,Feature Request,4,Positive,The platform has been useful for managing our business.
FDBK0006077,CUST04688,2024-10-08,Feature Request,5,Positive,The platform has been useful for managing our business.
FDBK0006078,CUST04691,2025-05-24,Survey,4,Positive,The product is useful but support needs improvement.
FDBK0006079,CUST04691,2024-08-02,Product Review,3,Neutral,We need faster responses when technical problems occur.
FDBK0006080,CUST04691,2026-04-02,Product Review,3,Neutral,We have experienced several issues with customer support.
FDBK0006081,CUST04693,2024-02-18,Survey,4,Positive,We are happy with the features available.
FDBK0006082,CUST04693,2024-07-29,Product Review,5,Positive,We are happy with the features available.
FDBK0006083,CUST04695,2025-03-16,Survey,5,Positive,The platform is easy to use and useful for our daily operations.
FDBK0006084,CUST04696,2025-09-20,Survey,4,Positive,The platform has been useful for managing our business.
FDBK0006085,CUST04697,2026-06-11,Feature Request,1,Negative,We especially like the reporting features.
FDBK0006086,CUST04698,2025-10-15,Survey,4,Positive,Our usage of the platform has decreased recently.
FDBK0006087,CUST04698,2026-06-13,Survey,2,Negative,Our usage of the platform has decreased recently.
FDBK0006088,CUST04698,2025-11-24,Feature Request,3,Neutral,We are finding it difficult to get our team to use the platform regularly.
FDBK0006089,CUST04698,2026-04-09,Feature Request,5,Positive,We are not using the platform as much as we expected.
FDBK0006090,CUST04700,2026-08-12,Survey,2,Negative,The platform is useful but the price is becoming expensive.
FDBK0006091,CUST04700,2026-04-05,Survey,2,Negative,We like the product but the monthly cost is high.
FDBK0006092,CUST04701,2026-03-16,Product Review,5,Positive,The system has helped our team manage invoices more efficiently.
FDBK0006093,CUST04701,2025-10-14,Product Review,5,Positive,The system has helped our team manage invoices more efficiently.
FDBK0006094,CUST04702,2024-08-14,Cancellation Feedback,2,Negative,We have experienced several issues with customer support.
FDBK0006095,CUST04702,2024-08-01,Cancellation Feedback,1,Negative,We have experienced several issues with customer support.
FDBK0006096,CUST04702,2024-07-14,Survey,2,Negative,The product is useful but support needs improvement.
FDBK0006097,CUST04704,2026-03-23,Cancellation Feedback,3,Neutral,We would like more value for the current subscription price.
FDBK0006098,CUST04706,2025-02-28,Survey,1,Negative,We are happy with the features available.
FDBK0006099,CUST04706,2025-07-01,Product Review,5,Positive,We especially like the reporting features.
FDBK0006100,CUST04707,2025-10-16,Feature Request,4,Positive,The pricing is difficult for our business.
FDBK0006101,CUST04707,2026-06-21,Cancellation Feedback,4,Positive,We like the product but the monthly cost is high.
FDBK0006102,CUST04708,2026-09-09,Product Review,5,Positive,We especially like the reporting features.
FDBK0006103,CUST04709,2026-03-08,Product Review,1,Negative,We need faster responses when technical problems occur.
FDBK0006104,CUST04709,2024-05-18,Product Review,4,Positive,Some support requests took too long to resolve.
FDBK0006105,CUST04712,2026-01-10,General Feedback,4,Positive,We especially like the reporting features.
FDBK0006106,CUST04715,2026-03-12,Product Review,1,Negative,We have experienced several issues with customer support.
FDBK0006107,CUST04715,2026-09-14,Feature Request,1,Negative,Some support requests took too long to resolve.
FDBK0006108,CUST04715,2026-05-26,Survey,1,Negative,Some support requests took too long to resolve.
FDBK0006109,CUST04715,2026-09-13,Product Review,1,Negative,Some support requests took too long to resolve.
FDBK0006110,CUST04716,2026-06-18,Survey,2,Negative,We would like more value for the current subscription price.
FDBK0006111,CUST04717,2025-12-05,Survey,4,Positive,We are happy with the features available.
FDBK0006112,CUST04717,2025-05-03,Survey,3,Neutral,The system has helped our team manage invoices more efficiently.
FDBK0006113,CUST04718,2026-08-28,General Feedback,5,Positive,The platform is easy to use and useful for our daily operations.
FDBK0006114,CUST04720,2026-02-07,Product Review,2,Negative,The product is useful but support needs improvement.
FDBK0006115,CUST04723,2026-08-26,Product Review,4,Positive,We have experienced several issues with customer support.
FDBK0006116,CUST04723,2026-08-26,Product Review,2,Negative,We need faster responses when technical problems occur.
FDBK0006117,CUST04723,2026-09-08,Feature Request,1,Negative,The product is useful but support needs improvement.
FDBK0006118,CUST04723,2026-09-19,Survey,1,Negative,We have experienced several issues with customer support.
FDBK0006119,CUST04724,2025-12-04,Product Review,4,Positive,The system has helped our team manage invoices more efficiently.
FDBK0006120,CUST04724,2025-12-23,Cancellation Feedback,5,Positive,We especially like the reporting features.
FDBK0006121,CUST04726,2025-01-09,General Feedback,1,Negative,We are happy with the features available.
FDBK0006122,CUST04727,2026-05-24,General Feedback,4,Positive,We are not using the platform as much as we expected.
FDBK0006123,CUST04727,2026-08-09,Survey,3,Neutral,Some of the features are not being used by our team.
FDBK0006124,CUST04730,2026-09-14,General Feedback,5,Positive,We especially like the reporting features.
FDBK0006125,CUST04731,2025-05-13,Product Review,4,Positive,The system has helped our team manage invoices more efficiently.
FDBK0006126,CUST04731,2025-12-21,Feature Request,4,Positive,We are happy with the features available.
FDBK0006127,CUST04733,2025-07-19,Survey,2,Negative,The platform is useful but the price is becoming expensive.
FDBK0006128,CUST04735,2026-08-17,Survey,2,Negative,We like the product but the monthly cost is high.
FDBK0006129,CUST04735,2026-03-03,Feature Request,5,Positive,The platform is useful but the price is becoming expensive.
FDBK0006130,CUST04735,2026-07-21,General Feedback,3,Neutral,The pricing is difficult for our business.
FDBK0006131,CUST04737,2026-07-05,Product Review,4,Positive,We are not using the platform as much as we expected.
FDBK0006132,CUST04738,2026-08-06,General Feedback,2,Negative,The product is useful but support needs improvement.
FDBK0006133,CUST04738,2026-04-02,Feature Request,1,Negative,The product is useful but support needs improvement.
FDBK0006134,CUST04742,2025-07-11,Survey,3,Neutral,The platform is easy to use and useful for our daily operations.
FDBK0006135,CUST04742,2025-08-20,General Feedback,5,Positive,The platform has been useful for managing our business.
FDBK0006136,CUST04744,2026-06-26,Product Review,5,Positive,The platform is easy to use and useful for our daily operations.
FDBK0006137,CUST04744,2026-09-03,Product Review,4,Positive,The system has helped our team manage invoices more efficiently.
FDBK0006138,CUST04744,2026-05-04,Feature Request,5,Positive,The platform has been useful for managing our business.
FDBK0006139,CUST04744,2025-11-10,Feature Request,2,Negative,We are happy with the features available.
FDBK0006140,CUST04747,2025-12-10,Cancellation Feedback,3,Neutral,We need faster responses when technical problems occur.
FDBK0006141,CUST04747,2026-05-05,Cancellation Feedback,3,Neutral,We need faster responses when technical problems occur.
FDBK0006142,CUST04748,2026-08-18,Cancellation Feedback,2,Negative,The product is useful but support needs improvement.
FDBK0006143,CUST04748,2026-06-09,Cancellation Feedback,1,Negative,The product is useful but support needs improvement.
FDBK0006144,CUST04749,2024-06-10,Survey,1,Negative,We have experienced several issues with customer support.
FDBK0006145,CUST04749,2025-02-02,Survey,3,Neutral,Some support requests took too long to resolve.
FDBK0006146,CUST04749,2025-05-03,Cancellation Feedback,2,Negative,We need faster responses when technical problems occur.
FDBK0006147,CUST04749,2025-08-28,Product Review,4,Positive,We have experienced several issues with customer support.
FDBK0006148,CUST04750,2025-12-07,Product Review,5,Positive,We especially like the reporting features.
FDBK0006149,CUST04753,2026-01-14,Feature Request,2,Negative,Some support requests took too long to resolve.
FDBK0006150,CUST04753,2025-11-30,Survey,1,Negative,Some support requests took too long to resolve.
FDBK0006151,CUST04754,2026-08-04,Product Review,5,Positive,The system has helped our team manage invoices more efficiently.
FDBK0006152,CUST04754,2026-09-11,Cancellation Feedback,5,Positive,We are happy with the features available.
FDBK0006153,CUST04754,2026-06-25,General Feedback,5,Positive,The platform has been useful for managing our business.
FDBK0006154,CUST04755,2025-03-15,Survey,5,Positive,We are happy with the features available.
FDBK0006155,CUST04755,2026-01-05,Product Review,5,Positive,The platform is easy to use and useful for our daily operations.
FDBK0006156,CUST04756,2026-06-09,Product Review,5,Positive,We especially like the reporting features.
FDBK0006157,CUST04757,2024-12-28,Cancellation Feedback,5,Positive,Our usage of the platform has decreased recently.
FDBK0006158,CUST04757,2024-10-23,Cancellation Feedback,4,Positive,Some of the features are not being used by our team.
FDBK0006159,CUST04758,2025-09-03,Product Review,3,Neutral,We especially like the reporting features.
FDBK0006160,CUST04759,2026-08-22,Survey,2,Negative,Some support requests took too long to resolve.
FDBK0006161,CUST04760,2026-08-05,Product Review,5,Positive,The platform has been useful for managing our business.
FDBK0006162,CUST04761,2026-01-21,General Feedback,1,Negative,The system has helped our team manage invoices more efficiently.
FDBK0006163,CUST04762,2026-07-10,Survey,3,Neutral,We have experienced several issues with customer support.
FDBK0006164,CUST04764,2025-05-07,Cancellation Feedback,3,Neutral,Our usage of the platform has decreased recently.
FDBK0006165,CUST04765,2025-01-26,General Feedback,5,Positive,The platform is easy to use and useful for our daily operations.
FDBK0006166,CUST04766,2025-09-20,Product Review,3,Neutral,We are not using the platform as much as we expected.
FDBK0006167,CUST04766,2025-10-29,Survey,2,Negative,Our usage of the platform has decreased recently.
FDBK0006168,CUST04766,2024-06-19,Survey,4,Positive,We are finding it difficult to get our team to use the platform regularly.
FDBK0006169,CUST04767,2026-08-21,Feature Request,5,Positive,We are happy with the features available.
FDBK0006170,CUST04767,2026-02-10,Survey,4,Positive,The platform has been useful for managing our business.
FDBK0006171,CUST04769,2026-01-24,Product Review,3,Neutral,We especially like the reporting features.
FDBK0006172,CUST04769,2025-01-26,Product Review,4,Positive,The system has helped our team manage invoices more efficiently.
FDBK0006173,CUST04770,2024-12-17,General Feedback,3,Neutral,The product is useful but support needs improvement.
FDBK0006174,CUST04770,2025-01-03,Survey,1,Negative,We need faster responses when technical problems occur.
FDBK0006175,CUST04770,2025-08-09,Product Review,5,Positive,Some support requests took too long to resolve.
FDBK0006176,CUST04770,2025-12-31,Survey,3,Neutral,We need faster responses when technical problems occur.
FDBK0006177,CUST04771,2025-04-28,General Feedback,5,Positive,We are happy with the features available.
FDBK0006178,CUST04773,2025-04-10,General Feedback,5,Positive,The platform is easy to use and useful for our daily operations.
FDBK0006179,CUST04774,2025-11-23,Feature Request,5,Positive,The platform has been useful for managing our business.
FDBK0006180,CUST04775,2025-02-06,Product Review,1,Negative,Some support requests took too long to resolve.
FDBK0006181,CUST04776,2025-05-26,General Feedback,5,Positive,We are finding it difficult to get our team to use the platform regularly.
FDBK0006182,CUST04777,2026-01-02,Feature Request,1,Negative,The platform is easy to use and useful for our daily operations.
FDBK0006183,CUST04778,2026-02-12,Product Review,3,Neutral,We have experienced several issues with customer support.
FDBK0006184,CUST04778,2026-07-12,Feature Request,2,Negative,We have experienced several issues with customer support.
FDBK0006185,CUST04778,2025-08-02,General Feedback,1,Negative,The product is useful but support needs improvement.
FDBK0006186,CUST04782,2026-02-17,Feature Request,5,Positive,We are not using the platform as much as we expected.
FDBK0006187,CUST04784,2026-08-22,Feature Request,2,Negative,Some support requests took too long to resolve.
FDBK0006188,CUST04784,2026-08-20,Survey,1,Negative,We have experienced several issues with customer support.
FDBK0006189,CUST04784,2026-08-28,Feature Request,2,Negative,The product is useful but support needs improvement.
FDBK0006190,CUST04784,2026-09-04,General Feedback,1,Negative,We have experienced several issues with customer support.
FDBK0006191,CUST04784,2026-09-10,Survey,2,Negative,The product is useful but support needs improvement.
FDBK0006192,CUST04786,2026-01-17,Survey,5,Positive,We especially like the reporting features.
FDBK0006193,CUST04791,2024-07-20,Cancellation Feedback,5,Positive,The platform has been useful for managing our business.
FDBK0006194,CUST04791,2025-09-04,Product Review,4,Positive,The system has helped our team manage invoices more efficiently.
FDBK0006195,CUST04791,2026-09-06,Survey,4,Positive,The platform has been useful for managing our business.
FDBK0006196,CUST04792,2026-07-01,Product Review,5,Positive,The platform has been useful for managing our business.
FDBK0006197,CUST04792,2026-06-18,Product Review,5,Positive,The platform has been useful for managing our business.
FDBK0006198,CUST04797,2026-05-02,Product Review,5,Positive,We are happy with the features available.
FDBK0006199,CUST04797,2025-05-13,General Feedback,4,Positive,The platform has been useful for managing our business.
FDBK0006200,CUST04798,2025-09-14,Product Review,3,Neutral,The pricing is difficult for our business.
FDBK0006201,CUST04798,2025-08-12,Survey,4,Positive,The pricing is difficult for our business.
FDBK0006202,CUST04798,2025-11-25,Feature Request,2,Negative,We like the product but the monthly cost is high.
FDBK0006203,CUST04799,2025-03-11,Survey,4,Positive,The system has helped our team manage invoices more efficiently.
FDBK0006204,CUST04800,2026-04-25,General Feedback,4,Positive,We are not using the platform as much as we expected.
FDBK0006205,CUST04801,2025-12-22,Survey,5,Positive,The system has helped our team manage invoices more efficiently.
FDBK0006206,CUST04802,2025-12-09,General Feedback,3,Neutral,Our usage of the platform has decreased recently.
FDBK0006207,CUST04803,2026-02-10,Survey,2,Negative,We would like more value for the current subscription price.
FDBK0006208,CUST04804,2026-08-16,Feature Request,1,Negative,We need faster responses when technical problems occur.
FDBK0006209,CUST04805,2026-01-20,Feature Request,4,Positive,We especially like the reporting features.
FDBK0006210,CUST04805,2025-04-27,Survey,5,Positive,We are happy with the features available.
FDBK0006211,CUST04806,2025-07-06,Feature Request,3,Neutral,We would like more value for the current subscription price.
FDBK0006212,CUST04809,2026-05-27,Feature Request,4,Positive,The system has helped our team manage invoices more efficiently.
FDBK0006213,CUST04809,2026-03-06,Survey,5,Positive,We are happy with the features available.
FDBK0006214,CUST04810,2026-08-24,General Feedback,3,Neutral,The product is useful but support needs improvement.
FDBK0006215,CUST04810,2026-02-08,Product Review,3,Neutral,Some support requests took too long to resolve.
FDBK0006216,CUST04811,2026-04-25,Feature Request,4,Positive,We like the product but the monthly cost is high.
FDBK0006217,CUST04811,2026-04-27,Cancellation Feedback,3,Neutral,The platform is useful but the price is becoming expensive.
FDBK0006218,CUST04811,2026-06-07,Cancellation Feedback,3,Neutral,We like the product but the monthly cost is high.
FDBK0006219,CUST04813,2024-10-08,Cancellation Feedback,3,Neutral,The platform is useful but the price is becoming expensive.
FDBK0006220,CUST04813,2024-05-24,Cancellation Feedback,3,Neutral,We would like more value for the current subscription price.
FDBK0006221,CUST04813,2025-06-02,Cancellation Feedback,4,Positive,We like the product but the monthly cost is high.
FDBK0006222,CUST04813,2024-05-06,Cancellation Feedback,5,Positive,The platform is useful but the price is becoming expensive.
FDBK0006223,CUST04814,2025-09-21,Survey,5,Positive,We are happy with the features available.
FDBK0006224,CUST04814,2025-10-07,Feature Request,5,Positive,We especially like the reporting features.
FDBK0006225,CUST04815,2025-11-26,General Feedback,5,Positive,The platform has been useful for managing our business.
FDBK0006226,CUST04815,2026-01-09,Survey,5,Positive,The platform has been useful for managing our business.
FDBK0006227,CUST04816,2026-09-16,Feature Request,2,Negative,Some support requests took too long to resolve.
FDBK0006228,CUST04816,2026-07-05,General Feedback,4,Positive,The product is useful but support needs improvement.
FDBK0006229,CUST04816,2026-07-27,General Feedback,1,Negative,We have experienced several issues with customer support.
FDBK0006230,CUST04816,2026-07-16,Feature Request,3,Neutral,The product is useful but support needs improvement.
FDBK0006231,CUST04816,2026-05-18,Product Review,3,Neutral,We need faster responses when technical problems occur.
FDBK0006232,CUST04817,2026-06-01,General Feedback,5,Positive,The platform has been useful for managing our business.
FDBK0006233,CUST04817,2026-05-07,General Feedback,5,Positive,We are happy with the features available.
FDBK0006234,CUST04820,2025-11-23,Cancellation Feedback,2,Negative,The platform is useful but the price is becoming expensive.
FDBK0006235,CUST04821,2026-07-31,Feature Request,1,Negative,We have experienced several issues with customer support.
FDBK0006236,CUST04821,2026-09-10,Survey,3,Neutral,The product is useful but support needs improvement.
FDBK0006237,CUST04823,2026-05-25,Survey,5,Positive,The platform has been useful for managing our business.
FDBK0006238,CUST04824,2025-10-26,Feature Request,4,Positive,The platform is easy to use and useful for our daily operations.
FDBK0006239,CUST04824,2026-05-29,General Feedback,5,Positive,We are happy with the features available.
FDBK0006240,CUST04826,2026-09-21,General Feedback,4,Positive,The platform has been useful for managing our business.
FDBK0006241,CUST04826,2024-11-13,Product Review,3,Neutral,The platform has been useful for managing our business.
FDBK0006242,CUST04826,2024-06-15,Product Review,5,Positive,The platform is easy to use and useful for our daily operations.
FDBK0006243,CUST04827,2026-09-21,Product Review,3,Neutral,Some support requests took too long to resolve.
FDBK0006244,CUST04827,2025-10-30,Survey,3,Neutral,The product is useful but support needs improvement.
FDBK0006245,CUST04829,2026-03-14,Product Review,1,Negative,We are happy with the features available.
FDBK0006246,CUST04830,2026-05-13,Cancellation Feedback,2,Negative,The product is useful but support needs improvement.
FDBK0006247,CUST04830,2026-04-30,Survey,3,Neutral,The product is useful but support needs improvement.
FDBK0006248,CUST04830,2026-07-07,Feature Request,4,Positive,We have experienced several issues with customer support.
FDBK0006249,CUST04830,2026-08-25,General Feedback,2,Negative,We need faster responses when technical problems occur.
FDBK0006250,CUST04830,2026-05-05,Survey,1,Negative,We need faster responses when technical problems occur.
FDBK0006251,CUST04831,2026-05-12,Survey,3,Neutral,The platform is useful but the price is becoming expensive.
FDBK0006252,CUST04834,2026-08-07,Product Review,2,Negative,We especially like the reporting features.
FDBK0006253,CUST04835,2025-05-11,General Feedback,1,Negative,The product is useful but support needs improvement.
FDBK0006254,CUST04835,2025-07-31,Survey,3,Neutral,The product is useful but support needs improvement.
FDBK0006255,CUST04837,2026-09-21,Product Review,3,Neutral,We would like more value for the current subscription price.
FDBK0006256,CUST04837,2026-09-21,Product Review,3,Neutral,The pricing is difficult for our business.
FDBK0006257,CUST04839,2025-05-23,Cancellation Feedback,3,Neutral,We are happy with the features available.
FDBK0006258,CUST04840,2026-08-28,Feature Request,4,Positive,The platform has been useful for managing our business.
FDBK0006259,CUST04841,2026-08-29,Product Review,3,Neutral,The pricing is difficult for our business.
FDBK0006260,CUST04841,2026-06-12,General Feedback,4,Positive,The pricing is difficult for our business.
FDBK0006261,CUST04841,2026-04-28,Survey,2,Negative,The pricing is difficult for our business.
FDBK0006262,CUST04842,2026-08-23,Product Review,5,Positive,The system has helped our team manage invoices more efficiently.
FDBK0006263,CUST04843,2025-12-06,Survey,4,Positive,We are happy with the features available.
FDBK0006264,CUST04844,2026-08-11,Cancellation Feedback,5,Positive,We especially like the reporting features.
FDBK0006265,CUST04845,2026-07-26,Survey,5,Positive,The platform has been useful for managing our business.
FDBK0006266,CUST04848,2025-08-29,Survey,2,Negative,We would like more value for the current subscription price.
FDBK0006267,CUST04849,2025-09-26,Survey,1,Negative,We are finding it difficult to get our team to use the platform regularly.
FDBK0006268,CUST04850,2024-12-05,Feature Request,4,Positive,The system has helped our team manage invoices more efficiently.
FDBK0006269,CUST04852,2026-04-02,Product Review,5,Positive,We especially like the reporting features.
FDBK0006270,CUST04852,2026-05-27,Survey,5,Positive,The platform has been useful for managing our business.
FDBK0006271,CUST04852,2026-07-14,General Feedback,1,Negative,We especially like the reporting features.
FDBK0006272,CUST04852,2026-08-28,Survey,4,Positive,The system has helped our team manage invoices more efficiently.
FDBK0006273,CUST04854,2025-08-17,Cancellation Feedback,5,Positive,We are happy with the features available.
FDBK0006274,CUST04855,2026-01-11,Feature Request,5,Positive,The platform has been useful for managing our business.
FDBK0006275,CUST04855,2025-05-16,Survey,5,Positive,The platform is easy to use and useful for our daily operations.
FDBK0006276,CUST04857,2026-01-11,Cancellation Feedback,2,Negative,Some support requests took too long to resolve.
FDBK0006277,CUST04858,2025-04-03,General Feedback,5,Positive,We are happy with the features available.
FDBK0006278,CUST04859,2026-06-01,Feature Request,1,Negative,The product is useful but support needs improvement.
FDBK0006279,CUST04860,2026-07-20,General Feedback,5,Positive,The platform is easy to use and useful for our daily operations.
FDBK0006280,CUST04860,2026-09-15,General Feedback,4,Positive,We especially like the reporting features.
FDBK0006281,CUST04862,2024-08-16,Survey,5,Positive,We are happy with the features available.
FDBK0006282,CUST04862,2024-08-12,Product Review,3,Neutral,We especially like the reporting features.
FDBK0006283,CUST04863,2025-06-02,Cancellation Feedback,2,Negative,Some support requests took too long to resolve.
FDBK0006284,CUST04863,2025-07-22,Cancellation Feedback,2,Negative,We have experienced several issues with customer support.
FDBK0006285,CUST04865,2024-10-15,Feature Request,3,Neutral,Our usage of the platform has decreased recently.
FDBK0006286,CUST04865,2024-10-08,Survey,4,Positive,Some of the features are not being used by our team.
FDBK0006287,CUST04867,2025-06-06,Cancellation Feedback,3,Neutral,The pricing is difficult for our business.
FDBK0006288,CUST04868,2025-10-23,Survey,3,Neutral,The system has helped our team manage invoices more efficiently.
FDBK0006289,CUST04868,2025-11-04,Feature Request,5,Positive,The platform is easy to use and useful for our daily operations.
FDBK0006290,CUST04870,2025-03-31,Product Review,4,Positive,The platform is easy to use and useful for our daily operations.
FDBK0006291,CUST04870,2026-06-18,Product Review,5,Positive,The platform is easy to use and useful for our daily operations.
FDBK0006292,CUST04871,2025-11-15,General Feedback,4,Positive,The product is useful but support needs improvement.
FDBK0006293,CUST04875,2026-08-13,Survey,1,Negative,Some support requests took too long to resolve.
FDBK0006294,CUST04875,2026-08-04,Survey,3,Neutral,The product is useful but support needs improvement.
FDBK0006295,CUST04876,2026-03-01,Survey,3,Neutral,We would like more value for the current subscription price.
FDBK0006296,CUST04876,2025-05-02,Survey,3,Neutral,We like the product but the monthly cost is high.
FDBK0006297,CUST04877,2025-09-29,Product Review,4,Positive,We are not using the platform as much as we expected.
FDBK0006298,CUST04877,2025-03-27,Feature Request,2,Negative,We are not using the platform as much as we expected.
FDBK0006299,CUST04878,2026-08-30,Feature Request,4,Positive,We are happy with the features available.
FDBK0006300,CUST04879,2026-06-02,Feature Request,1,Negative,We like the product but the monthly cost is high.
FDBK0006301,CUST04881,2026-04-18,Feature Request,5,Positive,We are happy with the features available.
FDBK0006302,CUST04881,2026-06-08,Product Review,4,Positive,The system has helped our team manage invoices more efficiently.
FDBK0006303,CUST04881,2026-01-05,Product Review,3,Neutral,The system has helped our team manage invoices more efficiently.
FDBK0006304,CUST04881,2026-02-01,Feature Request,4,Positive,We especially like the reporting features.
FDBK0006305,CUST04882,2026-06-19,Product Review,3,Neutral,We are not using the platform as much as we expected.
FDBK0006306,CUST04882,2025-05-06,Survey,2,Negative,We are not using the platform as much as we expected.
FDBK0006307,CUST04882,2025-03-12,Product Review,5,Positive,Some of the features are not being used by our team.
FDBK0006308,CUST04883,2025-02-12,Feature Request,5,Positive,We are happy with the features available.
FDBK0006309,CUST04883,2025-01-26,Survey,4,Positive,The platform has been useful for managing our business.
FDBK0006310,CUST04883,2024-08-05,Survey,2,Negative,The system has helped our team manage invoices more efficiently.
FDBK0006311,CUST04883,2025-07-13,Product Review,4,Positive,The platform is easy to use and useful for our daily operations.
FDBK0006312,CUST04884,2026-01-09,General Feedback,3,Neutral,We would like more value for the current subscription price.
FDBK0006313,CUST04884,2026-01-19,Feature Request,1,Negative,We would like more value for the current subscription price.
FDBK0006314,CUST04884,2025-11-20,Product Review,3,Neutral,We would like more value for the current subscription price.
FDBK0006315,CUST04884,2026-01-01,Product Review,4,Positive,We like the product but the monthly cost is high.
FDBK0006316,CUST04886,2024-04-21,Survey,4,Positive,The pricing is difficult for our business.
FDBK0006317,CUST04887,2025-10-13,Feature Request,2,Negative,We need faster responses when technical problems occur.
FDBK0006318,CUST04887,2025-08-22,General Feedback,5,Positive,The product is useful but support needs improvement.
FDBK0006319,CUST04888,2025-01-07,Survey,3,Neutral,We like the product but the monthly cost is high.
FDBK0006320,CUST04888,2025-10-20,General Feedback,2,Negative,We like the product but the monthly cost is high.
FDBK0006321,CUST04888,2024-09-10,Survey,3,Neutral,We like the product but the monthly cost is high.
FDBK0006322,CUST04889,2026-05-07,Cancellation Feedback,1,Negative,Some of the features are not being used by our team.
FDBK0006323,CUST04889,2026-09-18,Feature Request,4,Positive,Our usage of the platform has decreased recently.
FDBK0006324,CUST04889,2026-02-01,Product Review,3,Neutral,We are finding it difficult to get our team to use the platform regularly.
FDBK0006325,CUST04893,2025-03-21,Survey,1,Negative,Some support requests took too long to resolve.
FDBK0006326,CUST04893,2025-06-16,Product Review,3,Neutral,Some support requests took too long to resolve.
FDBK0006327,CUST04893,2024-10-04,General Feedback,1,Negative,We need faster responses when technical problems occur.
FDBK0006328,CUST04893,2025-03-29,General Feedback,1,Negative,Some support requests took too long to resolve.
FDBK0006329,CUST04893,2024-08-25,Survey,2,Negative,The product is useful but support needs improvement.
FDBK0006330,CUST04894,2024-11-10,Product Review,5,Positive,The platform has been useful for managing our business.
FDBK0006331,CUST04895,2026-09-14,Survey,3,Neutral,The system has helped our team manage invoices more efficiently.
FDBK0006332,CUST04895,2026-05-20,Feature Request,5,Positive,The platform has been useful for managing our business.
FDBK0006333,CUST04895,2026-03-06,General Feedback,5,Positive,The system has helped our team manage invoices more efficiently.
FDBK0006334,CUST04895,2026-05-28,Feature Request,5,Positive,The platform has been useful for managing our business.
FDBK0006335,CUST04895,2026-05-24,Product Review,4,Positive,The system has helped our team manage invoices more efficiently.
FDBK0006336,CUST04898,2024-11-19,Product Review,5,Positive,The platform is easy to use and useful for our daily operations.
FDBK0006337,CUST04901,2025-07-28,Cancellation Feedback,4,Positive,The pricing is difficult for our business.
FDBK0006338,CUST04901,2025-07-09,Survey,3,Neutral,We like the product but the monthly cost is high.
FDBK0006339,CUST04901,2025-07-18,Feature Request,3,Neutral,We like the product but the monthly cost is high.
FDBK0006340,CUST04903,2026-05-31,General Feedback,5,Positive,The platform is easy to use and useful for our daily operations.
FDBK0006341,CUST04904,2026-09-16,Feature Request,3,Neutral,The pricing is difficult for our business.
FDBK0006342,CUST04904,2026-09-10,Product Review,3,Neutral,The pricing is difficult for our business.
FDBK0006343,CUST04905,2025-07-10,Product Review,3,Neutral,We are finding it difficult to get our team to use the platform regularly.
FDBK0006344,CUST04905,2025-03-01,Survey,4,Positive,We are not using the platform as much as we expected.
FDBK0006345,CUST04908,2026-06-05,General Feedback,4,Positive,We are happy with the features available.
FDBK0006346,CUST04909,2026-09-22,Product Review,3,Neutral,We have experienced several issues with customer support.
FDBK0006347,CUST04910,2025-12-24,Feature Request,4,Positive,We like the product but the monthly cost is high.
FDBK0006348,CUST04910,2026-03-18,Feature Request,4,Positive,We would like more value for the current subscription price.
FDBK0006349,CUST04910,2026-09-12,Product Review,3,Neutral,The pricing is difficult for our business.
FDBK0006350,CUST04911,2025-05-29,Feature Request,2,Negative,We would like more value for the current subscription price.
FDBK0006351,CUST04911,2026-01-21,Survey,4,Positive,We like the product but the monthly cost is high.
FDBK0006352,CUST04912,2026-04-20,Product Review,5,Positive,We are happy with the features available.
FDBK0006353,CUST04912,2026-01-23,Survey,5,Positive,The system has helped our team manage invoices more efficiently.
FDBK0006354,CUST04913,2025-09-02,Feature Request,1,Negative,The platform is easy to use and useful for our daily operations.
FDBK0006355,CUST04913,2025-10-01,Survey,5,Positive,The platform has been useful for managing our business.
FDBK0006356,CUST04913,2026-07-02,General Feedback,4,Positive,We are happy with the features available.
FDBK0006357,CUST04915,2026-09-02,Feature Request,4,Positive,We are happy with the features available.
FDBK0006358,CUST04915,2026-08-07,General Feedback,5,Positive,We are happy with the features available.
FDBK0006359,CUST04918,2025-07-16,Survey,4,Positive,We especially like the reporting features.
FDBK0006360,CUST04918,2024-07-24,Product Review,5,Positive,We especially like the reporting features.
FDBK0006361,CUST04918,2025-07-08,General Feedback,5,Positive,The platform is easy to use and useful for our daily operations.
FDBK0006362,CUST04918,2025-04-13,Survey,5,Positive,We especially like the reporting features.
FDBK0006363,CUST04920,2026-05-05,Feature Request,2,Negative,Some support requests took too long to resolve.
FDBK0006364,CUST04921,2026-03-14,Feature Request,4,Positive,We are finding it difficult to get our team to use the platform regularly.
FDBK0006365,CUST04922,2024-10-06,General Feedback,4,Positive,We especially like the reporting features.
FDBK0006366,CUST04923,2026-05-19,Product Review,5,Positive,We are finding it difficult to get our team to use the platform regularly.
FDBK0006367,CUST04923,2026-06-19,Feature Request,3,Neutral,Our usage of the platform has decreased recently.
FDBK0006368,CUST04923,2026-09-20,Product Review,5,Positive,We are not using the platform as much as we expected.
FDBK0006369,CUST04924,2024-08-17,Survey,4,Positive,Some of the features are not being used by our team.
FDBK0006370,CUST04926,2026-06-14,Survey,4,Positive,We are happy with the features available.
FDBK0006371,CUST04926,2026-07-08,Product Review,3,Neutral,The platform is easy to use and useful for our daily operations.
FDBK0006372,CUST04927,2024-06-09,Product Review,5,Positive,The platform has been useful for managing our business.
FDBK0006373,CUST04930,2026-08-13,Survey,5,Positive,The platform has been useful for managing our business.
FDBK0006374,CUST04931,2026-06-24,Survey,2,Negative,The product is useful but support needs improvement.
FDBK0006375,CUST04931,2026-07-03,General Feedback,2,Negative,Some support requests took too long to resolve.
FDBK0006376,CUST04931,2026-09-12,Product Review,2,Negative,The product is useful but support needs improvement.
FDBK0006377,CUST04932,2026-08-05,Product Review,2,Negative,The product is useful but support needs improvement.
FDBK0006378,CUST04932,2026-05-27,Product Review,4,Positive,We have experienced several issues with customer support.
FDBK0006379,CUST04932,2026-03-08,Feature Request,2,Negative,Some support requests took too long to resolve.
FDBK0006380,CUST04934,2026-01-10,Product Review,4,Positive,We are not using the platform as much as we expected.
FDBK0006381,CUST04934,2025-11-01,Feature Request,1,Negative,Our usage of the platform has decreased recently.
FDBK0006382,CUST04934,2026-03-30,General Feedback,4,Positive,Our usage of the platform has decreased recently.
FDBK0006383,CUST04934,2026-04-23,Survey,3,Neutral,We are not using the platform as much as we expected.
FDBK0006384,CUST04934,2025-04-28,Survey,3,Neutral,Some of the features are not being used by our team.
FDBK0006385,CUST04934,2025-08-16,Survey,3,Neutral,We are not using the platform as much as we expected.
FDBK0006386,CUST04934,2026-05-04,Survey,3,Neutral,Some of the features are not being used by our team.
FDBK0006387,CUST04935,2026-05-17,Product Review,4,Positive,The product is useful but support needs improvement.
FDBK0006388,CUST04936,2026-01-13,Product Review,3,Neutral,We are finding it difficult to get our team to use the platform regularly.
FDBK0006389,CUST04936,2026-03-27,Product Review,5,Positive,We are finding it difficult to get our team to use the platform regularly.
FDBK0006390,CUST04938,2025-03-15,Product Review,5,Positive,The system has helped our team manage invoices more efficiently.
FDBK0006391,CUST04939,2026-08-08,Product Review,2,Negative,The product is useful but support needs improvement.
FDBK0006392,CUST04939,2026-04-21,Survey,2,Negative,Some support requests took too long to resolve.
FDBK0006393,CUST04940,2024-07-24,General Feedback,5,Positive,The platform is easy to use and useful for our daily operations.
FDBK0006394,CUST04940,2024-10-12,Feature Request,3,Neutral,The platform has been useful for managing our business.
FDBK0006395,CUST04940,2025-01-22,Product Review,5,Positive,We especially like the reporting features.
FDBK0006396,CUST04942,2026-07-22,Survey,5,Positive,The platform is easy to use and useful for our daily operations.
FDBK0006397,CUST04943,2026-09-20,Cancellation Feedback,3,Neutral,We are happy with the features available.
FDBK0006398,CUST04944,2026-02-06,Product Review,5,Positive,We especially like the reporting features.
FDBK0006399,CUST04946,2026-06-08,Product Review,2,Negative,We are finding it difficult to get our team to use the platform regularly.
FDBK0006400,CUST04946,2026-03-25,Product Review,2,Negative,We are finding it difficult to get our team to use the platform regularly.
FDBK0006401,CUST04946,2026-04-07,Feature Request,3,Neutral,We are not using the platform as much as we expected.
FDBK0006402,CUST04950,2026-09-14,Product Review,5,Positive,We are happy with the features available.
FDBK0006403,CUST04952,2026-07-10,Product Review,3,Neutral,The pricing is difficult for our business.
FDBK0006404,CUST04954,2025-01-22,Survey,4,Positive,We like the product but the monthly cost is high.
FDBK0006405,CUST04954,2025-07-14,General Feedback,1,Negative,The platform is useful but the price is becoming expensive.
FDBK0006406,CUST04954,2025-03-12,Product Review,2,Negative,The platform is useful but the price is becoming expensive.
FDBK0006407,CUST04958,2026-09-01,General Feedback,4,Positive,We are finding it difficult to get our team to use the platform regularly.
FDBK0006408,CUST04959,2025-02-16,Survey,3,Neutral,The platform is useful but the price is becoming expensive.
FDBK0006409,CUST04959,2025-03-26,Cancellation Feedback,3,Neutral,The pricing is difficult for our business.
FDBK0006410,CUST04963,2025-09-23,Product Review,4,Positive,The platform is easy to use and useful for our daily operations.
FDBK0006411,CUST04963,2024-11-18,Survey,5,Positive,The platform is easy to use and useful for our daily operations.
FDBK0006412,CUST04964,2026-02-24,Survey,4,Positive,We need faster responses when technical problems occur.
FDBK0006413,CUST04964,2025-10-25,General Feedback,1,Negative,Some support requests took too long to resolve.
FDBK0006414,CUST04966,2026-05-24,Survey,5,Positive,The platform has been useful for managing our business.
FDBK0006415,CUST04967,2026-04-06,Product Review,5,Positive,The platform is easy to use and useful for our daily operations.
FDBK0006416,CUST04968,2026-03-01,Product Review,2,Negative,We are finding it difficult to get our team to use the platform regularly.
FDBK0006417,CUST04968,2026-06-17,Feature Request,5,Positive,Our usage of the platform has decreased recently.
FDBK0006418,CUST04968,2026-02-11,Product Review,3,Neutral,Our usage of the platform has decreased recently.
FDBK0006419,CUST04969,2026-03-22,Product Review,5,Positive,The platform is useful but the price is becoming expensive.
FDBK0006420,CUST04972,2024-04-09,Survey,3,Neutral,The platform has been useful for managing our business.
FDBK0006421,CUST04972,2024-03-31,Survey,5,Positive,We especially like the reporting features.
FDBK0006422,CUST04972,2024-01-24,Feature Request,4,Positive,The system has helped our team manage invoices more efficiently.
FDBK0006423,CUST04974,2024-03-23,Survey,1,Negative,We have experienced several issues with customer support.
FDBK0006424,CUST04974,2025-03-17,Feature Request,2,Negative,We need faster responses when technical problems occur.
FDBK0006425,CUST04974,2026-08-04,Survey,3,Neutral,We need faster responses when technical problems occur.
FDBK0006426,CUST04975,2025-09-12,Cancellation Feedback,2,Negative,We are finding it difficult to get our team to use the platform regularly.
FDBK0006427,CUST04975,2025-09-18,General Feedback,1,Negative,We are finding it difficult to get our team to use the platform regularly.
FDBK0006428,CUST04975,2025-10-10,Cancellation Feedback,5,Positive,Our usage of the platform has decreased recently.
FDBK0006429,CUST04977,2024-03-08,Cancellation Feedback,2,Negative,Some support requests took too long to resolve.
FDBK0006430,CUST04977,2024-05-19,Cancellation Feedback,1,Negative,We need faster responses when technical problems occur.
FDBK0006431,CUST04977,2024-04-27,Survey,1,Negative,We need faster responses when technical problems occur.
FDBK0006432,CUST04979,2026-05-24,General Feedback,5,Positive,We especially like the reporting features.
FDBK0006433,CUST04979,2025-05-24,Product Review,3,Neutral,We are happy with the features available.
FDBK0006434,CUST04980,2026-07-02,Cancellation Feedback,1,Negative,We need faster responses when technical problems occur.
FDBK0006435,CUST04980,2026-08-10,Cancellation Feedback,3,Neutral,We have experienced several issues with customer support.
FDBK0006436,CUST04980,2026-06-23,Cancellation Feedback,2,Negative,We need faster responses when technical problems occur.
FDBK0006437,CUST04981,2026-08-16,Product Review,3,Neutral,The platform is useful but the price is becoming expensive.
FDBK0006438,CUST04982,2026-01-01,General Feedback,2,Negative,We are finding it difficult to get our team to use the platform regularly.
FDBK0006439,CUST04982,2025-04-09,Cancellation Feedback,3,Neutral,Some of the features are not being used by our team.
FDBK0006440,CUST04982,2025-06-15,Cancellation Feedback,2,Negative,We are finding it difficult to get our team to use the platform regularly.
FDBK0006441,CUST04983,2026-09-14,General Feedback,1,Negative,The product is useful but support needs improvement.
FDBK0006442,CUST04986,2025-06-26,Cancellation Feedback,3,Neutral,We need faster responses when technical problems occur.
FDBK0006443,CUST04988,2026-08-08,Survey,2,Negative,We are not using the platform as much as we expected.
FDBK0006444,CUST04989,2025-11-26,General Feedback,3,Neutral,The pricing is difficult for our business.
FDBK0006445,CUST04991,2025-07-03,General Feedback,5,Positive,The platform has been useful for managing our business.
FDBK0006446,CUST04991,2026-09-03,Product Review,4,Positive,The platform has been useful for managing our business.
FDBK0006447,CUST04992,2025-04-02,Product Review,4,Positive,We need faster responses when technical problems occur.
FDBK0006448,CUST04992,2026-01-22,Survey,1,Negative,The product is useful but support needs improvement.
FDBK0006449,CUST04992,2025-05-03,Feature Request,1,Negative,The product is useful but support needs improvement.
FDBK0006450,CUST04994,2026-07-18,General Feedback,1,Negative,Some support requests took too long to resolve.
FDBK0006451,CUST04994,2026-07-18,Survey,3,Neutral,We have experienced several issues with customer support.
FDBK0006452,CUST04994,2026-07-30,Feature Request,1,Negative,The product is useful but support needs improvement.
FDBK0006453,CUST04995,2026-05-19,Product Review,3,Neutral,Some support requests took too long to resolve.
FDBK0006454,CUST04996,2026-04-17,Survey,4,Positive,Some of the features are not being used by our team.
FDBK0006455,CUST04996,2026-09-16,Product Review,1,Negative,We are not using the platform as much as we expected.
FDBK0006456,CUST04999,2026-08-03,Cancellation Feedback,4,Positive,We are happy with the features available.
FDBK0006457,CUST04999,2025-08-06,General Feedback,5,Positive,We are happy with the features available.
FDBK0006458,CUST05000,2025-01-02,Product Review,5,Positive,We especially like the reporting features.
FDBK0006459,CUST05000,2024-10-25,Product Review,5,Positive,The system has helped our team manage invoices more efficiently.
FDBK0006460,CUST05000,2025-03-03,Product Review,5,Positive,The platform is easy to use and useful for our daily operations.
